pos,age,proj_war,comp_tier,exp_salary
SS,27,3.2,A,31828922.440578654
SP,31,4.0,S,32574147.049294543
RP,29,1.2,B,10800000.0
