{
  "year": 2024,
  "teamA": {
    "teamID": "LAN",
    "name": "Los Angeles Dodgers"
  },
  "teamB": {
    "teamID": "ATL",
    "name": "Atlanta Braves"
  },
  "home": "A",
  "league_rs_per_g": 4.393371757925072,
  "mu": {
    "A": 4.553014726784197,
    "B": 4.28976372947832
  },
  "winA": 0.53792,
  "winB": 0.46208,
  "exp_runs_A": 4.62214,
  "exp_runs_B": 4.36738,
  "qA": {
    "p10": 2.0,
    "p50": 5.0,
    "p90": 7.0
  },
  "qB": {
    "p10": 2.0,
    "p50": 4.0,
    "p90": 7.0
  },
  "nsims": 50000
}