player,team,fit
Prospect A,ARI,0.7652521543573649
Prospect A,LAD,0.7869495950277197
Prospect A,PIT,0.9737642099561734
Starter B,ARI,0.6798748392141031
Starter B,LAD,0.6257165848143023
Starter B,PIT,0.7738896444696806
Reliever C,ARI,0.5424995201213949
Reliever C,LAD,0.551953222339934
Reliever C,PIT,0.5024869112673119
