season,pitcher_id,from_pt,to_pt,n,prob
2015.0,112526,SI,SL,18,0.45
2015.0,112526,FF,SI,13,0.325
2015.0,112526,SI,FF,12,0.3
2015.0,112526,CH,CH,12,0.32432432432432434
2015.0,112526,CH,FF,12,0.32432432432432434
2015.0,112526,SL,SI,12,0.34285714285714286
2015.0,112526,FF,CH,10,0.25
2015.0,112526,FF,IN,9,0.225
2015.0,112526,SL,FF,9,0.2571428571428571
2015.0,112526,IN,SI,7,0.5
2015.0,112526,SL,SL,7,0.2
2015.0,112526,SL,CH,6,0.17142857142857143
2015.0,112526,SI,IN,5,0.125
2015.0,112526,CH,SI,5,0.13513513513513514
2015.0,112526,CH,SL,5,0.13513513513513514
2015.0,112526,SI,CH,4,0.1
2015.0,112526,FF,SL,3,0.075
2015.0,112526,FF,FF,3,0.075
2015.0,112526,CH,CU,3,0.08108108108108109
2015.0,112526,IN,CH,3,0.21428571428571427
2015.0,112526,CU,FF,2,0.4
2015.0,112526,CU,CH,2,0.4
2015.0,112526,FF,CU,2,0.05
2015.0,112526,IN,SL,2,0.14285714285714285
2015.0,112526,IN,FF,2,0.14285714285714285
2015.0,112526,CU,SI,1,0.2
2015.0,112526,SI,SI,1,0.025
2015.0,112526,SL,IN,1,0.02857142857142857
2015.0,115629,SL,SI,12,0.4
2015.0,115629,SI,SL,11,0.44
2015.0,115629,SL,SL,11,0.36666666666666664
2015.0,115629,CH,CH,11,0.36666666666666664
2015.0,115629,SI,FF,9,0.36
2015.0,115629,FF,SI,8,0.27586206896551724
2015.0,115629,CH,CU,8,0.26666666666666666
2015.0,115629,FF,CH,7,0.2413793103448276
2015.0,115629,FF,CU,7,0.2413793103448276
2015.0,115629,CU,CH,7,0.4666666666666667
2015.0,115629,CU,FF,7,0.4666666666666667
2015.0,115629,CH,FF,7,0.23333333333333334
2015.0,115629,SL,CH,4,0.13333333333333333
2015.0,115629,CH,SL,4,0.13333333333333333
2015.0,115629,IN,FF,3,0.6
2015.0,115629,FF,SL,3,0.10344827586206896
2015.0,115629,FF,IN,3,0.10344827586206896
2015.0,115629,SL,FF,3,0.1
2015.0,115629,IN,SI,2,0.4
2015.0,115629,SI,IN,2,0.08
2015.0,115629,SI,SI,2,0.08
2015.0,115629,SI,CH,1,0.04
2015.0,115629,FF,FF,1,0.034482758620689655
2015.0,115629,CU,SI,1,0.06666666666666667
2015.0,136600,CH,CU,3,0.75
2015.0,136600,FF,IN,3,0.6
2015.0,136600,SI,SL,3,0.6
2015.0,136600,IN,SI,3,0.6
2015.0,136600,EP,FF,3,0.6
2015.0,136600,CU,EP,3,0.6
2015.0,136600,SL,CH,2,0.4
2015.0,136600,SL,SI,2,0.4
2015.0,136600,FF,EP,2,0.4
2015.0,136600,IN,FF,2,0.4
2015.0,136600,SL,SL,1,0.2
2015.0,136600,CH,CH,1,0.25
2015.0,136600,SI,IN,1,0.2
2015.0,136600,SI,CU,1,0.2
2015.0,136600,EP,CH,1,0.2
2015.0,136600,EP,CU,1,0.2
2015.0,136600,CU,CH,1,0.2
2015.0,136600,CU,IN,1,0.2
2015.0,150116,SI,SL,8,0.5714285714285714
2015.0,150116,CH,CU,8,0.5333333333333333
2015.0,150116,CU,FF,7,0.4666666666666667
2015.0,150116,CU,CH,7,0.4666666666666667
2015.0,150116,SL,SI,6,0.4
2015.0,150116,FF,CU,6,0.4
2015.0,150116,FF,SI,5,0.3333333333333333
2015.0,150116,SL,SL,3,0.2
2015.0,150116,SI,IN,3,0.21428571428571427
2015.0,150116,CH,SI,3,0.2
2015.0,150116,SL,CH,2,0.13333333333333333
2015.0,150116,SL,FF,2,0.13333333333333333
2015.0,150116,SI,FF,2,0.14285714285714285
2015.0,150116,IN,FF,2,0.4
2015.0,150116,FF,CH,2,0.13333333333333333
2015.0,150116,CH,CH,2,0.13333333333333333
2015.0,150116,SL,CU,1,0.06666666666666667
2015.0,150116,SL,IN,1,0.06666666666666667
2015.0,150116,SI,CH,1,0.07142857142857142
2015.0,150116,IN,CH,1,0.2
2015.0,150116,IN,SI,1,0.2
2015.0,150116,IN,SL,1,0.2
2015.0,150116,FF,IN,1,0.06666666666666667
2015.0,150116,FF,FF,1,0.06666666666666667
2015.0,150116,CU,SL,1,0.06666666666666667
2015.0,150116,CH,FF,1,0.06666666666666667
2015.0,150116,CH,SL,1,0.06666666666666667
2015.0,150274,SL,SI,4,1.0
2015.0,150274,SI,SL,4,0.8
2015.0,150274,SI,SI,1,0.2
2015.0,150302,IN,CH,5,0.5
2015.0,150302,SL,SI,5,0.5555555555555556
2015.0,150302,SI,SL,4,0.4
2015.0,150302,CH,IN,4,0.4
2015.0,150302,SI,PO,3,0.3
2015.0,150302,CH,SL,3,0.3
2015.0,150302,SL,CH,3,0.3333333333333333
2015.0,150302,PO,IN,3,0.6
2015.0,150302,IN,SI,2,0.2
2015.0,150302,SI,IN,2,0.2
2015.0,150302,CH,SI,2,0.2
2015.0,150302,IN,SL,1,0.1
2015.0,150302,IN,PO,1,0.1
2015.0,150302,SI,CH,1,0.1
2015.0,150302,IN,IN,1,0.1
2015.0,150302,CH,CH,1,0.1
2015.0,150302,PO,SI,1,0.2
2015.0,150302,SL,SL,1,0.1111111111111111
2015.0,150302,PO,SL,1,0.2
2015.0,150359,KC,SI,17,0.5666666666666667
2015.0,150359,SI,KC,13,0.43333333333333335
2015.0,150359,CH,FF,13,0.43333333333333335
2015.0,150359,CH,CH,11,0.36666666666666664
2015.0,150359,FF,CH,10,0.3448275862068966
2015.0,150359,FF,KC,9,0.3103448275862069
2015.0,150359,SI,SI,7,0.23333333333333334
2015.0,150359,FF,FF,5,0.1724137931034483
2015.0,150359,KC,FF,5,0.16666666666666666
2015.0,150359,IN,KC,4,0.4
2015.0,150359,IN,FF,4,0.4
2015.0,150359,FF,IN,4,0.13793103448275862
2015.0,150359,KC,IN,4,0.13333333333333333
2015.0,150359,SI,FF,3,0.1
2015.0,150359,SI,CH,3,0.1
2015.0,150359,CH,SI,3,0.1
2015.0,150359,IN,CH,2,0.2
2015.0,150359,SI,IN,2,0.06666666666666667
2015.0,150359,SI,PO,2,0.06666666666666667
2015.0,150359,PO,SI,2,0.4
2015.0,150359,PO,KC,2,0.4
2015.0,150359,KC,CH,2,0.06666666666666667
2015.0,150359,CH,PO,2,0.06666666666666667
2015.0,150359,FF,SI,1,0.034482758620689655
2015.0,150359,PO,CH,1,0.2
2015.0,150359,KC,PO,1,0.03333333333333333
2015.0,150359,KC,KC,1,0.03333333333333333
2015.0,150359,CH,KC,1,0.03333333333333333
2015.0,217096,CH,CU,3,0.6
2015.0,217096,CH,SI,2,0.4
2015.0,217096,CU,CH,2,0.4
2015.0,217096,CU,FF,2,0.4
2015.0,217096,SI,SI,2,0.4
2015.0,217096,SI,CH,2,0.4
2015.0,217096,CU,CU,1,0.2
2015.0,217096,FF,SI,1,0.25
2015.0,217096,FF,CU,1,0.25
2015.0,217096,FF,FF,1,0.25
2015.0,217096,FF,CH,1,0.25
2015.0,217096,SI,FF,1,0.2
2015.0,218596,FF,FC,14,0.56
2015.0,218596,SI,FS,14,0.4
2015.0,218596,FC,CU,14,0.4666666666666667
2015.0,218596,FS,SI,12,0.35294117647058826
2015.0,218596,CU,FC,11,0.36666666666666664
2015.0,218596,FS,FF,10,0.29411764705882354
2015.0,218596,CU,CU,10,0.3333333333333333
2015.0,218596,FF,FS,8,0.32
2015.0,218596,SI,SI,8,0.22857142857142856
2015.0,218596,FC,FF,8,0.26666666666666666
2015.0,218596,FS,PO,6,0.17647058823529413
2015.0,218596,PO,SI,6,0.6
2015.0,218596,SI,FF,4,0.11428571428571428
2015.0,218596,SI,PO,4,0.11428571428571428
2015.0,218596,FC,SI,4,0.13333333333333333
2015.0,218596,FC,FS,4,0.13333333333333333
2015.0,218596,CU,SI,4,0.13333333333333333
2015.0,218596,SI,CU,3,0.08571428571428572
2015.0,218596,PO,FS,3,0.3
2015.0,218596,CU,FS,3,0.1
2015.0,218596,FS,FC,2,0.058823529411764705
2015.0,218596,FS,CU,2,0.058823529411764705
2015.0,218596,FS,FS,2,0.058823529411764705
2015.0,218596,SI,FC,2,0.05714285714285714
2015.0,218596,CU,FF,2,0.06666666666666667
2015.0,218596,FF,FF,1,0.04
2015.0,218596,FF,SI,1,0.04
2015.0,218596,FF,CU,1,0.04
2015.0,218596,PO,FC,1,0.1
2015.0,234194,SI,SL,6,0.6
2015.0,234194,SL,SI,4,0.4444444444444444
2015.0,234194,FF,SI,4,0.4
2015.0,234194,SI,FF,3,0.3
2015.0,234194,FF,SL,3,0.3
2015.0,234194,CH,SI,2,0.4
2015.0,234194,CH,FF,2,0.4
2015.0,234194,SL,CH,2,0.2222222222222222
2015.0,234194,SL,FF,2,0.2222222222222222
2015.0,234194,FF,FF,2,0.2
2015.0,234194,CH,CH,1,0.2
2015.0,234194,SL,SL,1,0.1111111111111111
2015.0,234194,SI,CH,1,0.1
2015.0,234194,FF,CH,1,0.1
2015.0,276351,SL,FF,7,0.35
2015.0,276351,SL,SL,7,0.35
2015.0,276351,FF,SL,7,0.3684210526315789
2015.0,276351,SI,SL,6,0.6
2015.0,276351,SL,SI,5,0.25
2015.0,276351,CH,FF,4,0.8
2015.0,276351,FF,FF,4,0.21052631578947367
2015.0,276351,FF,CH,4,0.21052631578947367
2015.0,276351,IN,FF,3,0.6
2015.0,276351,FF,SI,3,0.15789473684210525
2015.0,276351,SI,IN,3,0.3
2015.0,276351,IN,SI,2,0.4
2015.0,276351,SL,CH,1,0.05
2015.0,276351,CH,IN,1,0.2
2015.0,276351,FF,IN,1,0.05263157894736842
2015.0,276351,SI,FF,1,0.1
2015.0,276514,FF,FS,6,0.6
2015.0,276514,CU,FC,6,0.6
2015.0,276514,FC,CU,5,0.5555555555555556
2015.0,276514,FS,FF,5,0.5
2015.0,276514,FS,CU,4,0.4
2015.0,276514,FC,FF,4,0.4444444444444444
2015.0,276514,FF,FC,3,0.3
2015.0,276514,CU,FS,3,0.3
2015.0,276514,FF,FF,1,0.1
2015.0,276514,CU,CU,1,0.1
2015.0,276514,FS,FC,1,0.1
2015.0,276542,CH,FF,15,0.4411764705882353
2015.0,276542,SI,SL,13,0.43333333333333335
2015.0,276542,FF,CH,12,0.34285714285714286
2015.0,276542,FF,SI,12,0.34285714285714286
2015.0,276542,SL,SI,11,0.3142857142857143
2015.0,276542,SL,CH,10,0.2857142857142857
2015.0,276542,SI,FF,9,0.3
2015.0,276542,SL,SL,8,0.22857142857142856
2015.0,276542,CH,SL,7,0.20588235294117646
2015.0,276542,CH,CH,7,0.20588235294117646
2015.0,276542,SL,FF,6,0.17142857142857143
2015.0,276542,FF,SL,6,0.17142857142857143
2015.0,276542,SI,CH,5,0.16666666666666666
2015.0,276542,CH,SI,5,0.14705882352941177
2015.0,276542,FF,FF,3,0.08571428571428572
2015.0,276542,SI,IN,3,0.1
2015.0,276542,IN,FF,2,0.4
2015.0,276542,FF,IN,2,0.05714285714285714
2015.0,276542,IN,SI,2,0.4
2015.0,276542,IN,SL,1,0.2
2015.0,279571,CU,CH,12,0.48
2015.0,279571,FF,CU,10,0.4166666666666667
2015.0,279571,CU,FF,10,0.4
2015.0,279571,SL,SI,10,0.4
2015.0,279571,SI,SL,9,0.45
2015.0,279571,CH,CU,8,0.4
2015.0,279571,SI,PO,6,0.3
2015.0,279571,FF,SI,6,0.25
2015.0,279571,IN,FF,5,0.5
2015.0,279571,PO,IN,5,0.5
2015.0,279571,CH,SL,5,0.25
2015.0,279571,FF,SL,4,0.16666666666666666
2015.0,279571,SI,FF,4,0.2
2015.0,279571,SL,CH,4,0.16
2015.0,279571,FF,IN,3,0.125
2015.0,279571,SL,CU,3,0.12
2015.0,279571,SL,SL,3,0.12
2015.0,279571,SL,FF,3,0.12
2015.0,279571,IN,PO,3,0.3
2015.0,279571,CH,FF,3,0.15
2015.0,279571,CU,CU,2,0.08
2015.0,279571,IN,SL,2,0.2
2015.0,279571,PO,SI,2,0.2
2015.0,279571,CH,CH,2,0.1
2015.0,279571,FF,CH,1,0.041666666666666664
2015.0,279571,SI,CU,1,0.05
2015.0,279571,CU,SI,1,0.04
2015.0,279571,PO,SL,1,0.1
2015.0,279571,PO,CU,1,0.1
2015.0,279571,PO,CH,1,0.1
2015.0,279571,SL,IN,1,0.04
2015.0,279571,SL,PO,1,0.04
2015.0,279571,CH,IN,1,0.05
2015.0,279571,CH,SI,1,0.05
2015.0,279824,CU,CH,17,0.4857142857142857
2015.0,279824,SI,FF,17,0.4857142857142857
2015.0,279824,FC,CU,15,0.42857142857142855
2015.0,279824,CH,CU,14,0.4117647058823529
2015.0,279824,FF,FC,14,0.4
2015.0,279824,FC,FF,13,0.37142857142857144
2015.0,279824,CU,FC,11,0.3142857142857143
2015.0,279824,IN,SI,10,0.6666666666666666
2015.0,279824,FF,IN,9,0.2571428571428571
2015.0,279824,FF,SI,9,0.2571428571428571
2015.0,279824,CH,CH,8,0.23529411764705882
2015.0,279824,CH,SI,6,0.17647058823529413
2015.0,279824,SI,SI,6,0.17142857142857143
2015.0,279824,SI,IN,6,0.17142857142857143
2015.0,279824,SI,CH,5,0.14285714285714285
2015.0,279824,CU,CU,4,0.11428571428571428
2015.0,279824,CH,FC,4,0.11764705882352941
2015.0,279824,FC,CH,3,0.08571428571428572
2015.0,279824,FC,FC,3,0.08571428571428572
2015.0,279824,CU,SI,3,0.08571428571428572
2015.0,279824,IN,FF,3,0.2
2015.0,279824,CH,FF,2,0.058823529411764705
2015.0,279824,FF,CH,2,0.05714285714285714
2015.0,279824,FC,SI,1,0.02857142857142857
2015.0,279824,FF,CU,1,0.02857142857142857
2015.0,279824,IN,CU,1,0.06666666666666667
2015.0,279824,IN,FC,1,0.06666666666666667
2015.0,279824,SI,FC,1,0.02857142857142857
2015.0,282332,FF,CH,17,0.4857142857142857
2015.0,282332,SL,SI,16,0.45714285714285713
2015.0,282332,SI,FF,11,0.3235294117647059
2015.0,282332,SI,SL,11,0.3235294117647059
2015.0,282332,CH,FF,11,0.3142857142857143
2015.0,282332,CH,SL,10,0.2857142857142857
2015.0,282332,CH,CH,9,0.2571428571428571
2015.0,282332,IN,FF,8,0.5333333333333333
2015.0,282332,FF,SI,7,0.2
2015.0,282332,SL,SL,7,0.2
2015.0,282332,FF,SL,6,0.17142857142857143
2015.0,282332,IN,SI,6,0.4
2015.0,282332,SI,IN,6,0.17647058823529413
2015.0,282332,SL,CH,5,0.14285714285714285
2015.0,282332,SL,IN,4,0.11428571428571428
2015.0,282332,SI,CH,3,0.08823529411764706
2015.0,282332,FF,IN,3,0.08571428571428572
2015.0,282332,SI,SI,3,0.08823529411764706
2015.0,282332,SL,FF,3,0.08571428571428572
2015.0,282332,CH,SI,3,0.08571428571428572
2015.0,282332,FF,FF,2,0.05714285714285714
2015.0,282332,CH,IN,2,0.05714285714285714
2015.0,282332,IN,CH,1,0.06666666666666667
2015.0,285064,CH,CU,25,0.7142857142857143
2015.0,285064,SI,SL,19,0.5428571428571428
2015.0,285064,CU,FF,19,0.5588235294117647
2015.0,285064,FF,SI,18,0.5142857142857142
2015.0,285064,SL,SI,13,0.37142857142857144
2015.0,285064,SL,CH,13,0.37142857142857144
2015.0,285064,CU,CH,12,0.35294117647058826
2015.0,285064,SI,FF,10,0.2857142857142857
2015.0,285064,FF,CU,9,0.2571428571428571
2015.0,285064,SL,SL,8,0.22857142857142856
2015.0,285064,CH,CH,6,0.17142857142857143
2015.0,285064,FF,SL,5,0.14285714285714285
2015.0,285064,CU,SL,3,0.08823529411764706
2015.0,285064,SI,CH,2,0.05714285714285714
2015.0,285064,IN,FF,2,0.4
2015.0,285064,IN,SI,2,0.4
2015.0,285064,SI,IN,2,0.05714285714285714
2015.0,285064,FF,IN,2,0.05714285714285714
2015.0,285064,CH,FF,2,0.05714285714285714
2015.0,285064,IN,CH,1,0.2
2015.0,285064,SI,SI,1,0.02857142857142857
2015.0,285064,SI,CU,1,0.02857142857142857
2015.0,285064,FF,CH,1,0.02857142857142857
2015.0,285064,CH,IN,1,0.02857142857142857
2015.0,285064,CH,SI,1,0.02857142857142857
2015.0,285064,SL,FF,1,0.02857142857142857
2015.0,285079,FF,KN,17,0.4857142857142857
2015.0,285079,KN,FF,16,0.45714285714285713
2015.0,285079,EP,FF,14,0.4827586206896552
2015.0,285079,FF,EP,14,0.4
2015.0,285079,KN,KN,10,0.2857142857142857
2015.0,285079,EP,EP,9,0.3103448275862069
2015.0,285079,EP,KN,6,0.20689655172413793
2015.0,285079,KN,EP,6,0.17142857142857143
2015.0,285079,KN,IN,3,0.08571428571428572
2015.0,285079,IN,FF,3,0.6
2015.0,285079,FF,FF,2,0.05714285714285714
2015.0,285079,FF,IN,2,0.05714285714285714
2015.0,285079,IN,KN,1,0.2
2015.0,285079,IN,EP,1,0.2
2015.0,329092,SL,SI,23,0.6764705882352942
2015.0,329092,SI,SL,21,0.6
2015.0,329092,SL,SL,10,0.29411764705882354
2015.0,329092,SI,SI,7,0.2
2015.0,329092,SI,FF,7,0.2
2015.0,329092,FF,SI,4,0.4
2015.0,329092,FF,SL,4,0.4
2015.0,329092,FF,FF,2,0.2
2015.0,329092,SL,FF,1,0.029411764705882353
2015.0,346793,CU,CH,16,0.45714285714285713
2015.0,346793,CH,CU,15,0.5172413793103449
2015.0,346793,CU,SI,14,0.4
2015.0,346793,SI,CU,13,0.37142857142857144
2015.0,346793,SI,SI,12,0.34285714285714286
2015.0,346793,CH,CH,8,0.27586206896551724
2015.0,346793,CH,SI,6,0.20689655172413793
2015.0,346793,SI,IN,6,0.17142857142857143
2015.0,346793,IN,CU,5,0.5
2015.0,346793,SI,CH,4,0.11428571428571428
2015.0,346793,CU,IN,4,0.11428571428571428
2015.0,346793,IN,SI,3,0.3
2015.0,346793,IN,CH,2,0.2
2015.0,346793,CU,CU,1,0.02857142857142857
2015.0,346797,FC,CU,4,0.8
2015.0,346797,CU,CH,3,0.6
2015.0,346797,SI,FF,3,0.6
2015.0,346797,FF,FC,3,0.6
2015.0,346797,CH,SI,2,0.4
2015.0,346797,SL,SI,2,0.5
2015.0,346797,SI,SL,2,0.4
2015.0,346797,CH,FF,1,0.2
2015.0,346797,CH,SL,1,0.2
2015.0,346797,CH,CU,1,0.2
2015.0,346797,SL,FC,1,0.25
2015.0,346797,SL,SL,1,0.25
2015.0,346797,CU,SL,1,0.2
2015.0,346797,CU,FC,1,0.2
2015.0,346797,FC,FF,1,0.2
2015.0,346797,FF,SI,1,0.2
2015.0,346797,FF,CH,1,0.2
2015.0,346798,CH,CU,17,0.4857142857142857
2015.0,346798,CU,CH,16,0.47058823529411764
2015.0,346798,SI,SL,16,0.45714285714285713
2015.0,346798,SL,SI,14,0.4
2015.0,346798,SL,SL,14,0.4
2015.0,346798,CH,CH,13,0.37142857142857144
2015.0,346798,FF,CU,9,0.45
2015.0,346798,IN,SI,8,0.5333333333333333
2015.0,346798,CU,IN,7,0.20588235294117646
2015.0,346798,CU,FF,7,0.20588235294117646
2015.0,346798,FF,SI,6,0.3
2015.0,346798,SI,IN,6,0.17142857142857143
2015.0,346798,SI,FF,5,0.14285714285714285
2015.0,346798,SI,CU,5,0.14285714285714285
2015.0,346798,CU,SI,3,0.08823529411764706
2015.0,346798,IN,FF,3,0.2
2015.0,346798,IN,CU,3,0.2
2015.0,346798,SL,FF,3,0.08571428571428572
2015.0,346798,SL,CH,3,0.08571428571428572
2015.0,346798,CH,SI,2,0.05714285714285714
2015.0,346798,CH,FF,2,0.05714285714285714
2015.0,346798,SI,SI,2,0.05714285714285714
2015.0,346798,FF,CH,2,0.1
2015.0,346798,FF,SL,2,0.1
2015.0,346798,CU,CU,1,0.029411764705882353
2015.0,346798,IN,SL,1,0.06666666666666667
2015.0,346798,CH,SL,1,0.02857142857142857
2015.0,346798,SL,IN,1,0.02857142857142857
2015.0,346798,FF,IN,1,0.05
2015.0,346798,SI,CH,1,0.02857142857142857
2015.0,346847,CU,CH,13,0.43333333333333335
2015.0,346847,CH,CU,11,0.3793103448275862
2015.0,346847,SL,SI,10,0.3333333333333333
2015.0,346847,SI,SL,10,0.3333333333333333
2015.0,346847,FF,CU,10,0.3333333333333333
2015.0,346847,CU,FF,9,0.3
2015.0,346847,FF,SI,9,0.3
2015.0,346847,CH,SL,8,0.27586206896551724
2015.0,346847,SI,FF,8,0.26666666666666666
2015.0,346847,SL,CU,6,0.2
2015.0,346847,SI,IN,6,0.2
2015.0,346847,FF,CH,6,0.2
2015.0,346847,SL,CH,5,0.16666666666666666
2015.0,346847,SL,FF,5,0.16666666666666666
2015.0,346847,IN,FF,5,0.5
2015.0,346847,SL,SL,4,0.13333333333333333
2015.0,346847,CU,SI,4,0.13333333333333333
2015.0,346847,CH,CH,3,0.10344827586206896
2015.0,346847,CH,FF,3,0.10344827586206896
2015.0,346847,CH,SI,3,0.10344827586206896
2015.0,346847,IN,SL,3,0.3
2015.0,346847,SI,SI,3,0.1
2015.0,346847,FF,SL,3,0.1
2015.0,346847,CU,SL,2,0.06666666666666667
2015.0,346847,SI,CH,2,0.06666666666666667
2015.0,346847,FF,IN,2,0.06666666666666667
2015.0,346847,CU,IN,1,0.03333333333333333
2015.0,346847,CU,CU,1,0.03333333333333333
2015.0,346847,CH,IN,1,0.034482758620689655
2015.0,346847,IN,SI,1,0.1
2015.0,346847,SI,CU,1,0.03333333333333333
2015.0,346847,IN,CH,1,0.1
2015.0,400085,CU,FF,3,0.6
2015.0,400085,CH,CU,2,0.4
2015.0,400085,CH,CH,2,0.4
2015.0,400085,FF,CU,2,0.5
2015.0,400085,CH,FF,1,0.2
2015.0,400085,CU,CH,1,0.2
2015.0,400085,CU,CU,1,0.2
2015.0,400085,FF,CH,1,0.25
2015.0,400085,FF,FF,1,0.25
2015.0,400089,CU,FC,3,0.6
2015.0,400089,SI,SL,3,0.75
2015.0,400089,FF,SI,3,0.6
2015.0,400089,FC,FF,3,0.6
2015.0,400089,SL,CU,2,0.4
2015.0,400089,CU,SL,1,0.2
2015.0,400089,CU,SI,1,0.2
2015.0,400089,FF,CU,1,0.2
2015.0,400089,SI,FF,1,0.25
2015.0,400089,FF,FC,1,0.2
2015.0,400089,SL,FF,1,0.2
2015.0,400089,SL,SI,1,0.2
2015.0,400089,FC,CU,1,0.2
2015.0,400089,FC,FC,1,0.2
2015.0,400089,SL,SL,1,0.2
2015.0,407793,FF,FC,16,0.45714285714285713
2015.0,407793,FC,CU,16,0.45714285714285713
2015.0,407793,CU,CH,14,0.4
2015.0,407793,CU,FC,13,0.37142857142857144
2015.0,407793,FC,FF,13,0.37142857142857144
2015.0,407793,CH,CU,12,0.4
2015.0,407793,SI,FF,11,0.3235294117647059
2015.0,407793,FF,SI,11,0.3142857142857143
2015.0,407793,SI,IN,7,0.20588235294117646
2015.0,407793,SI,SI,6,0.17647058823529413
2015.0,407793,CH,SI,6,0.2
2015.0,407793,CH,CH,6,0.2
2015.0,407793,CU,SI,5,0.14285714285714285
2015.0,407793,FC,CH,5,0.14285714285714285
2015.0,407793,IN,FF,5,0.5
2015.0,407793,IN,SI,5,0.5
2015.0,407793,SI,CU,3,0.08823529411764706
2015.0,407793,SI,FC,3,0.08823529411764706
2015.0,407793,CH,FF,3,0.1
2015.0,407793,CU,CU,2,0.05714285714285714
2015.0,407793,FF,CU,2,0.05714285714285714
2015.0,407793,SI,PO,2,0.058823529411764705
2015.0,407793,FF,CH,2,0.05714285714285714
2015.0,407793,FF,IN,2,0.05714285714285714
2015.0,407793,SI,CH,2,0.058823529411764705
2015.0,407793,PO,FC,2,0.4
2015.0,407793,PO,FF,2,0.4
2015.0,407793,CU,PO,1,0.02857142857142857
2015.0,407793,FF,FF,1,0.02857142857142857
2015.0,407793,FF,PO,1,0.02857142857142857
2015.0,407793,CH,FC,1,0.03333333333333333
2015.0,407793,CH,IN,1,0.03333333333333333
2015.0,407793,CH,PO,1,0.03333333333333333
2015.0,407793,FC,SI,1,0.02857142857142857
2015.0,407793,PO,SI,1,0.2
2015.0,407819,SI,SL,14,0.4827586206896552
2015.0,407819,FF,FC,13,0.43333333333333335
2015.0,407819,SL,SI,12,0.4
2015.0,407819,FC,FF,11,0.36666666666666664
2015.0,407819,IN,SI,10,0.5
2015.0,407819,IN,FF,8,0.4
2015.0,407819,FF,IN,8,0.26666666666666666
2015.0,407819,SI,FF,7,0.2413793103448276
2015.0,407819,FC,FC,7,0.23333333333333334
2015.0,407819,SL,SL,7,0.23333333333333334
2015.0,407819,SI,IN,6,0.20689655172413793
2015.0,407819,SL,FC,6,0.2
2015.0,407819,FF,SL,5,0.16666666666666666
2015.0,407819,FC,SI,5,0.16666666666666666
2015.0,407819,FC,SL,4,0.13333333333333333
2015.0,407819,SL,IN,3,0.1
2015.0,407819,FC,IN,3,0.1
2015.0,407819,FF,SI,2,0.06666666666666667
2015.0,407819,IN,FC,2,0.1
2015.0,407819,FF,FF,2,0.06666666666666667
2015.0,407819,SL,FF,2,0.06666666666666667
2015.0,407819,SI,FC,1,0.034482758620689655
2015.0,407819,SI,SI,1,0.034482758620689655
2015.0,407822,FS,FF,16,0.5517241379310345
2015.0,407822,FC,CU,15,0.5
2015.0,407822,FF,FC,13,0.43333333333333335
2015.0,407822,CU,FC,12,0.4
2015.0,407822,FC,FF,11,0.36666666666666664
2015.0,407822,FF,FS,11,0.36666666666666664
2015.0,407822,FS,IN,7,0.2413793103448276
2015.0,407822,IN,FS,7,0.4666666666666667
2015.0,407822,CU,FS,5,0.16666666666666666
2015.0,407822,CU,IN,4,0.13333333333333333
2015.0,407822,CU,CU,4,0.13333333333333333
2015.0,407822,CH,CU,3,0.6
2015.0,407822,CU,CH,3,0.1
2015.0,407822,FS,CU,3,0.10344827586206896
2015.0,407822,FF,CU,3,0.1
2015.0,407822,SI,FS,3,0.6
2015.0,407822,SL,SI,3,0.6
2015.0,407822,FC,CH,2,0.06666666666666667
2015.0,407822,IN,IN,2,0.13333333333333333
2015.0,407822,IN,CU,2,0.13333333333333333
2015.0,407822,FS,SI,2,0.06896551724137931
2015.0,407822,IN,FC,2,0.13333333333333333
2015.0,407822,FF,SL,2,0.06666666666666667
2015.0,407822,CH,FS,1,0.2
2015.0,407822,CH,FC,1,0.2
2015.0,407822,FC,FC,1,0.03333333333333333
2015.0,407822,FC,FS,1,0.03333333333333333
2015.0,407822,CU,FF,1,0.03333333333333333
2015.0,407822,CU,SL,1,0.03333333333333333
2015.0,407822,SI,SL,1,0.2
2015.0,407822,IN,FF,1,0.06666666666666667
2015.0,407822,FS,FC,1,0.034482758620689655
2015.0,407822,IN,SL,1,0.06666666666666667
2015.0,407822,FF,FF,1,0.03333333333333333
2015.0,407822,SI,IN,1,0.2
2015.0,407822,SL,FS,1,0.2
2015.0,407822,SL,IN,1,0.2
2015.0,407845,FF,CH,19,0.5428571428571428
2015.0,407845,CH,FF,16,0.45714285714285713
2015.0,407845,SI,SI,12,0.35294117647058826
2015.0,407845,SI,FF,10,0.29411764705882354
2015.0,407845,CH,CH,10,0.2857142857142857
2015.0,407845,FF,IN,8,0.22857142857142856
2015.0,407845,IN,SI,8,0.5333333333333333
2015.0,407845,CH,SI,8,0.22857142857142856
2015.0,407845,IN,FF,5,0.3333333333333333
2015.0,407845,SI,IN,5,0.14705882352941177
2015.0,407845,SI,CH,4,0.11764705882352941
2015.0,407845,FF,SI,4,0.11428571428571428
2015.0,407845,PO,SI,3,0.6
2015.0,407845,SI,PO,3,0.08823529411764706
2015.0,407845,PO,FF,2,0.4
2015.0,407845,IN,CH,2,0.13333333333333333
2015.0,407845,FF,PO,2,0.05714285714285714
2015.0,407845,FF,FF,2,0.05714285714285714
2015.0,407845,CH,IN,1,0.02857142857142857
2015.0,407890,SL,SI,17,0.4857142857142857
2015.0,407890,SI,SL,16,0.45714285714285713
2015.0,407890,CH,CU,16,0.45714285714285713
2015.0,407890,CU,CH,15,0.42857142857142855
2015.0,407890,FF,CU,14,0.4
2015.0,407890,CU,FF,14,0.4
2015.0,407890,SI,FF,12,0.34285714285714286
2015.0,407890,FF,SI,11,0.3142857142857143
2015.0,407890,CH,CH,10,0.2857142857142857
2015.0,407890,SL,CH,8,0.22857142857142856
2015.0,407890,CH,SL,6,0.17142857142857143
2015.0,407890,SL,SL,5,0.14285714285714285
2015.0,407890,IN,FF,5,0.5555555555555556
2015.0,407890,SI,IN,5,0.14285714285714285
2015.0,407890,FF,IN,4,0.11428571428571428
2015.0,407890,SL,CU,3,0.08571428571428572
2015.0,407890,IN,SI,3,0.3333333333333333
2015.0,407890,FF,SL,3,0.08571428571428572
2015.0,407890,CU,SL,3,0.08571428571428572
2015.0,407890,SL,FF,2,0.05714285714285714
2015.0,407890,FF,CH,2,0.05714285714285714
2015.0,407890,CH,SI,2,0.05714285714285714
2015.0,407890,IN,SL,1,0.1111111111111111
2015.0,407890,SI,SI,1,0.02857142857142857
2015.0,407890,SI,CU,1,0.02857142857142857
2015.0,407890,FF,FF,1,0.02857142857142857
2015.0,407890,CU,IN,1,0.02857142857142857
2015.0,407890,CH,FF,1,0.02857142857142857
2015.0,407890,CU,CU,1,0.02857142857142857
2015.0,407890,CU,SI,1,0.02857142857142857
2015.0,407908,CU,FF,14,0.4827586206896552
2015.0,407908,FF,FS,13,0.43333333333333335
2015.0,407908,FF,CU,12,0.4
2015.0,407908,FS,FF,11,0.36666666666666664
2015.0,407908,FS,CU,10,0.3333333333333333
2015.0,407908,CU,FS,7,0.2413793103448276
2015.0,407908,CU,CU,7,0.2413793103448276
2015.0,407908,FS,FS,7,0.23333333333333334
2015.0,407908,FF,FF,4,0.13333333333333333
2015.0,407908,IN,FS,3,0.6
2015.0,407908,FS,IN,2,0.06666666666666667
2015.0,407908,CU,IN,1,0.034482758620689655
2015.0,407908,FF,IN,1,0.03333333333333333
2015.0,407908,IN,FF,1,0.2
2015.0,407908,IN,IN,1,0.2
2015.0,408061,CH,CU,18,0.5142857142857142
2015.0,408061,FF,SI,16,0.45714285714285713
2015.0,408061,CU,CH,15,0.42857142857142855
2015.0,408061,CU,FF,14,0.4
2015.0,408061,SI,FF,14,0.4117647058823529
2015.0,408061,FF,CU,10,0.2857142857142857
2015.0,408061,CH,SI,9,0.2571428571428571
2015.0,408061,SI,CH,8,0.23529411764705882
2015.0,408061,SI,SI,6,0.17647058823529413
2015.0,408061,FF,CH,5,0.14285714285714285
2015.0,408061,CH,FF,4,0.11428571428571428
2015.0,408061,CH,CH,4,0.11428571428571428
2015.0,408061,SI,CU,4,0.11764705882352941
2015.0,408061,CU,CU,3,0.08571428571428572
2015.0,408061,CU,SI,3,0.08571428571428572
2015.0,408061,FF,IN,3,0.08571428571428572
2015.0,408061,SI,IN,2,0.058823529411764705
2015.0,408061,IN,CH,2,0.4
2015.0,408061,IN,FF,2,0.4
2015.0,408061,FF,FF,1,0.02857142857142857
2015.0,408061,IN,SI,1,0.2
2015.0,408241,SL,SI,13,0.52
2015.0,408241,FF,FC,13,0.52
2015.0,408241,CU,CH,11,0.44
2015.0,408241,SI,FF,10,0.4166666666666667
2015.0,408241,FC,CU,9,0.36
2015.0,408241,CH,CU,9,0.36
2015.0,408241,SI,SL,9,0.375
2015.0,408241,FC,FF,7,0.28
2015.0,408241,FF,SI,7,0.28
2015.0,408241,CU,FC,7,0.28
2015.0,408241,SL,SL,4,0.16
2015.0,408241,FC,SL,4,0.16
2015.0,408241,SL,CU,4,0.16
2015.0,408241,CH,CH,4,0.16
2015.0,408241,CH,FC,4,0.16
2015.0,408241,CH,SL,4,0.16
2015.0,408241,CH,FF,4,0.16
2015.0,408241,FC,CH,3,0.12
2015.0,408241,IN,FF,3,0.6
2015.0,408241,SI,IN,3,0.125
2015.0,408241,SL,CH,2,0.08
2015.0,408241,FC,SI,2,0.08
2015.0,408241,SI,CH,2,0.08333333333333333
2015.0,408241,FF,CH,2,0.08
2015.0,408241,CU,SI,2,0.08
2015.0,408241,CU,CU,2,0.08
2015.0,408241,CU,SL,2,0.08
2015.0,408241,SL,IN,1,0.04
2015.0,408241,SL,FC,1,0.04
2015.0,408241,IN,SL,1,0.2
2015.0,408241,FF,IN,1,0.04
2015.0,408241,FF,SL,1,0.04
2015.0,408241,FF,CU,1,0.04
2015.0,408241,IN,SI,1,0.2
2015.0,408241,CU,FF,1,0.04
2015.0,421685,CH,CU,15,0.42857142857142855
2015.0,421685,SL,SI,15,0.42857142857142855
2015.0,421685,SI,SL,14,0.4117647058823529
2015.0,421685,FF,CU,14,0.4
2015.0,421685,CU,FF,14,0.4
2015.0,421685,FF,SI,11,0.3142857142857143
2015.0,421685,CU,CH,11,0.3142857142857143
2015.0,421685,SI,FF,8,0.23529411764705882
2015.0,421685,SI,CH,8,0.23529411764705882
2015.0,421685,SL,SL,7,0.2
2015.0,421685,CH,CH,6,0.17142857142857143
2015.0,421685,CH,FF,6,0.17142857142857143
2015.0,421685,CH,SL,5,0.14285714285714285
2015.0,421685,SL,CH,5,0.14285714285714285
2015.0,421685,FF,CH,4,0.11428571428571428
2015.0,421685,FF,IN,4,0.11428571428571428
2015.0,421685,CU,SL,4,0.11428571428571428
2015.0,421685,SL,FF,4,0.11428571428571428
2015.0,421685,IN,SL,3,0.3
2015.0,421685,IN,FF,3,0.3
2015.0,421685,CU,SI,3,0.08571428571428572
2015.0,421685,PO,SI,3,0.6
2015.0,421685,FF,SL,2,0.05714285714285714
2015.0,421685,SI,CU,2,0.058823529411764705
2015.0,421685,IN,PO,2,0.2
2015.0,421685,CU,CU,2,0.05714285714285714
2015.0,421685,CH,SI,2,0.05714285714285714
2015.0,421685,SL,CU,2,0.05714285714285714
2015.0,421685,SI,PO,1,0.029411764705882353
2015.0,421685,SI,IN,1,0.029411764705882353
2015.0,421685,IN,IN,1,0.1
2015.0,421685,IN,SI,1,0.1
2015.0,421685,CU,IN,1,0.02857142857142857
2015.0,421685,CH,PO,1,0.02857142857142857
2015.0,421685,PO,CH,1,0.2
2015.0,421685,PO,IN,1,0.2
2015.0,421685,SL,IN,1,0.02857142857142857
2015.0,421685,SL,PO,1,0.02857142857142857
2015.0,424144,SL,SI,15,0.42857142857142855
2015.0,424144,SI,SL,13,0.37142857142857144
2015.0,424144,SI,FF,13,0.37142857142857144
2015.0,424144,FF,SI,12,0.35294117647058826
2015.0,424144,FF,SL,11,0.3235294117647059
2015.0,424144,SL,SL,10,0.2857142857142857
2015.0,424144,SL,FF,8,0.22857142857142856
2015.0,424144,FF,FF,6,0.17647058823529413
2015.0,424144,SI,IN,5,0.14285714285714285
2015.0,424144,IN,FF,5,0.5
2015.0,424144,IN,SI,4,0.4
2015.0,424144,FF,IN,3,0.08823529411764706
2015.0,424144,SI,SI,3,0.08571428571428572
2015.0,424144,CH,FF,3,0.6
2015.0,424144,FF,CH,2,0.058823529411764705
2015.0,424144,SI,CH,1,0.02857142857142857
2015.0,424144,SL,IN,1,0.02857142857142857
2015.0,424144,SL,CH,1,0.02857142857142857
2015.0,424144,IN,IN,1,0.1
2015.0,424144,CH,SI,1,0.2
2015.0,424144,CH,SL,1,0.2
2015.0,424325,CU,CU,9,1.0
2015.0,425386,FC,FF,15,0.5
2015.0,425386,FF,SI,14,0.4827586206896552
2015.0,425386,SI,SL,12,0.4
2015.0,425386,CU,CH,12,0.4
2015.0,425386,CH,CU,11,0.36666666666666664
2015.0,425386,SL,SI,10,0.3333333333333333
2015.0,425386,CH,SL,8,0.26666666666666666
2015.0,425386,FF,FC,8,0.27586206896551724
2015.0,425386,CU,EP,8,0.26666666666666666
2015.0,425386,EP,FC,8,0.5333333333333333
2015.0,425386,SL,CU,7,0.23333333333333334
2015.0,425386,SL,CH,5,0.16666666666666666
2015.0,425386,SL,SL,5,0.16666666666666666
2015.0,425386,FC,CU,5,0.16666666666666666
2015.0,425386,SI,FF,5,0.16666666666666666
2015.0,425386,EP,CU,5,0.3333333333333333
2015.0,425386,CU,FC,5,0.16666666666666666
2015.0,425386,FC,CH,4,0.13333333333333333
2015.0,425386,SI,CH,4,0.13333333333333333
2015.0,425386,CH,FC,3,0.1
2015.0,425386,CH,CH,3,0.1
2015.0,425386,IN,FF,3,0.6
2015.0,425386,SI,IN,3,0.1
2015.0,425386,SL,FC,2,0.06666666666666667
2015.0,425386,CH,EP,2,0.06666666666666667
2015.0,425386,CH,SI,2,0.06666666666666667
2015.0,425386,FC,SL,2,0.06666666666666667
2015.0,425386,FC,FC,2,0.06666666666666667
2015.0,425386,FC,EP,2,0.06666666666666667
2015.0,425386,FF,FF,2,0.06896551724137931
2015.0,425386,SI,SI,2,0.06666666666666667
2015.0,425386,SI,EP,2,0.06666666666666667
2015.0,425386,CU,FF,2,0.06666666666666667
2015.0,425386,CU,SL,2,0.06666666666666667
2015.0,425386,SL,FF,1,0.03333333333333333
2015.0,425386,CH,FF,1,0.03333333333333333
2015.0,425386,IN,SI,1,0.2
2015.0,425386,FF,CU,1,0.034482758620689655
2015.0,425386,FF,SL,1,0.034482758620689655
2015.0,425386,FF,IN,1,0.034482758620689655
2015.0,425386,IN,IN,1,0.2
2015.0,425386,SI,CU,1,0.03333333333333333
2015.0,425386,SI,FC,1,0.03333333333333333
2015.0,425386,FF,CH,1,0.034482758620689655
2015.0,425386,FF,EP,1,0.034482758620689655
2015.0,425386,EP,CH,1,0.06666666666666667
2015.0,425386,CU,SI,1,0.03333333333333333
2015.0,425386,EP,FF,1,0.06666666666666667
2015.0,425492,CH,FC,17,0.4857142857142857
2015.0,425492,FF,FC,15,0.42857142857142855
2015.0,425492,FC,FF,15,0.4411764705882353
2015.0,425492,FC,CH,14,0.4117647058823529
2015.0,425492,FF,CH,9,0.2571428571428571
2015.0,425492,SI,FF,9,0.6
2015.0,425492,CH,CH,8,0.22857142857142856
2015.0,425492,FF,SI,4,0.11428571428571428
2015.0,425492,CH,FF,4,0.11428571428571428
2015.0,425492,FF,IN,3,0.08571428571428572
2015.0,425492,SI,CH,3,0.2
2015.0,425492,CH,SI,3,0.08571428571428572
2015.0,425492,FC,SI,3,0.08823529411764706
2015.0,425492,IN,FF,3,0.6
2015.0,425492,FF,PO,2,0.05714285714285714
2015.0,425492,FF,FF,2,0.05714285714285714
2015.0,425492,SI,PO,2,0.13333333333333333
2015.0,425492,CH,IN,2,0.05714285714285714
2015.0,425492,PO,FF,2,0.4
2015.0,425492,IN,SI,2,0.4
2015.0,425492,FC,FC,2,0.058823529411764705
2015.0,425492,PO,SI,2,0.4
2015.0,425492,SI,SI,1,0.06666666666666667
2015.0,425492,CH,PO,1,0.02857142857142857
2015.0,425492,PO,CH,1,0.2
2015.0,425532,CU,CH,17,0.4857142857142857
2015.0,425532,FF,FC,16,0.45714285714285713
2015.0,425532,FC,FF,16,0.45714285714285713
2015.0,425532,FC,CU,16,0.45714285714285713
2015.0,425532,SI,SL,15,0.42857142857142855
2015.0,425532,SL,SI,14,0.4117647058823529
2015.0,425532,CH,CU,12,0.34285714285714286
2015.0,425532,SL,CH,8,0.23529411764705882
2015.0,425532,SI,PO,8,0.22857142857142856
2015.0,425532,FF,SI,8,0.22857142857142856
2015.0,425532,CU,FC,8,0.22857142857142856
2015.0,425532,PO,SI,7,0.4666666666666667
2015.0,425532,CH,CH,7,0.2
2015.0,425532,IN,FF,7,0.4666666666666667
2015.0,425532,FF,IN,7,0.2
2015.0,425532,CH,SL,6,0.17142857142857143
2015.0,425532,CH,FC,6,0.17142857142857143
2015.0,425532,SI,FF,6,0.17142857142857143
2015.0,425532,SL,SL,5,0.14705882352941177
2015.0,425532,PO,IN,4,0.26666666666666666
2015.0,425532,CU,SL,4,0.11428571428571428
2015.0,425532,SL,FC,3,0.08823529411764706
2015.0,425532,PO,FF,3,0.2
2015.0,425532,SL,CU,3,0.08823529411764706
2015.0,425532,IN,SL,3,0.2
2015.0,425532,IN,PO,3,0.2
2015.0,425532,CU,SI,3,0.08571428571428572
2015.0,425532,CH,PO,2,0.05714285714285714
2015.0,425532,SI,IN,2,0.05714285714285714
2015.0,425532,CU,FF,2,0.05714285714285714
2015.0,425532,PO,CU,1,0.06666666666666667
2015.0,425532,SL,PO,1,0.029411764705882353
2015.0,425532,CH,IN,1,0.02857142857142857
2015.0,425532,CH,SI,1,0.02857142857142857
2015.0,425532,FF,SL,1,0.02857142857142857
2015.0,425532,SI,SI,1,0.02857142857142857
2015.0,425532,FF,CH,1,0.02857142857142857
2015.0,425532,IN,CU,1,0.06666666666666667
2015.0,425532,SI,FC,1,0.02857142857142857
2015.0,425532,SI,CH,1,0.02857142857142857
2015.0,425532,FF,PO,1,0.02857142857142857
2015.0,425532,FF,FF,1,0.02857142857142857
2015.0,425532,IN,SI,1,0.06666666666666667
2015.0,425532,FC,CH,1,0.02857142857142857
2015.0,425532,FC,FC,1,0.02857142857142857
2015.0,425532,FC,SL,1,0.02857142857142857
2015.0,425532,SI,CU,1,0.02857142857142857
2015.0,425532,CU,IN,1,0.02857142857142857
2015.0,425543,SL,CU,3,0.6
2015.0,425543,CU,SL,2,0.5
2015.0,425543,CU,CH,2,0.5
2015.0,425543,CH,CU,2,0.4
2015.0,425543,CH,CH,2,0.4
2015.0,425543,CH,SL,1,0.2
2015.0,425543,SL,CH,1,0.2
2015.0,425543,SL,SL,1,0.2
2015.0,425560,CU,FF,3,0.6
2015.0,425560,FF,CU,2,0.4
2015.0,425560,FF,SL,2,0.4
2015.0,425560,CH,CU,2,0.5
2015.0,425560,SL,FF,2,0.4
2015.0,425560,CU,CH,1,0.2
2015.0,425560,CU,SL,1,0.2
2015.0,425560,FF,CH,1,0.2
2015.0,425560,CH,CH,1,0.25
2015.0,425560,CH,SL,1,0.25
2015.0,425560,SL,SL,1,0.2
2015.0,425560,SL,CU,1,0.2
2015.0,425560,SL,CH,1,0.2
2015.0,425626,SL,SI,14,0.4666666666666667
2015.0,425626,SI,SL,14,0.4666666666666667
2015.0,425626,CH,CU,11,0.4583333333333333
2015.0,425626,CU,CH,9,0.36
2015.0,425626,SL,CH,8,0.26666666666666666
2015.0,425626,SI,CU,8,0.26666666666666666
2015.0,425626,CU,SI,8,0.32
2015.0,425626,CU,SL,6,0.24
2015.0,425626,CH,SI,5,0.20833333333333334
2015.0,425626,SL,CU,4,0.13333333333333333
2015.0,425626,CH,CH,4,0.16666666666666666
2015.0,425626,CH,SL,4,0.16666666666666666
2015.0,425626,SL,SL,3,0.1
2015.0,425626,SI,IN,3,0.1
2015.0,425626,SI,CH,3,0.1
2015.0,425626,IN,SL,3,0.6
2015.0,425626,SI,SI,2,0.06666666666666667
2015.0,425626,CU,CU,2,0.08
2015.0,425626,SL,IN,1,0.03333333333333333
2015.0,425626,IN,SI,1,0.2
2015.0,425626,IN,CH,1,0.2
2015.0,425657,SI,SL,15,0.4411764705882353
2015.0,425657,SL,SI,13,0.37142857142857144
2015.0,425657,CU,CH,12,0.4
2015.0,425657,CH,CU,12,0.48
2015.0,425657,SL,SL,12,0.34285714285714286
2015.0,425657,IN,SI,8,0.5333333333333333
2015.0,425657,IN,CU,6,0.4
2015.0,425657,SI,IN,6,0.17647058823529413
2015.0,425657,SI,CU,6,0.17647058823529413
2015.0,425657,CU,SI,6,0.2
2015.0,425657,CU,IN,6,0.2
2015.0,425657,SL,CH,6,0.17142857142857143
2015.0,425657,SI,SI,4,0.11764705882352941
2015.0,425657,CH,SL,4,0.16
2015.0,425657,CU,SL,4,0.13333333333333333
2015.0,425657,SL,CU,4,0.11428571428571428
2015.0,425657,SI,CH,3,0.08823529411764706
2015.0,425657,CH,SI,3,0.12
2015.0,425657,CH,CH,3,0.12
2015.0,425657,CH,IN,3,0.12
2015.0,425657,CU,CU,2,0.06666666666666667
2015.0,425657,IN,CH,1,0.06666666666666667
2015.0,425786,FF,CU,8,0.5714285714285714
2015.0,425786,SL,FF,7,0.4666666666666667
2015.0,425786,CU,FF,7,0.4666666666666667
2015.0,425786,FF,SL,6,0.42857142857142855
2015.0,425786,SL,SL,5,0.3333333333333333
2015.0,425786,CU,CU,4,0.26666666666666666
2015.0,425786,CU,SL,4,0.26666666666666666
2015.0,425786,SL,CU,3,0.2
2015.0,425794,FF,FC,7,0.4666666666666667
2015.0,425794,SI,FF,7,0.4666666666666667
2015.0,425794,CU,FC,6,0.42857142857142855
2015.0,425794,FC,CU,5,0.3333333333333333
2015.0,425794,FC,FF,5,0.3333333333333333
2015.0,425794,FF,SI,5,0.3333333333333333
2015.0,425794,FC,CH,4,0.26666666666666666
2015.0,425794,CU,SI,4,0.2857142857142857
2015.0,425794,SI,SI,3,0.2
2015.0,425794,SI,CU,3,0.2
2015.0,425794,FF,CU,3,0.2
2015.0,425794,CH,CU,2,0.4
2015.0,425794,CU,FF,2,0.14285714285714285
2015.0,425794,CU,CU,2,0.14285714285714285
2015.0,425794,FC,SI,1,0.06666666666666667
2015.0,425794,CH,SI,1,0.2
2015.0,425794,CH,FC,1,0.2
2015.0,425794,CH,FF,1,0.2
2015.0,425794,SI,CH,1,0.06666666666666667
2015.0,425794,SI,FC,1,0.06666666666666667
2015.0,425796,CU,FF,4,0.8
2015.0,425796,CH,CU,4,0.8
2015.0,425796,FF,SL,3,0.6
2015.0,425796,SL,CH,2,0.5
2015.0,425796,CU,CH,1,0.2
2015.0,425796,FF,CH,1,0.2
2015.0,425796,FF,CU,1,0.2
2015.0,425796,CH,SL,1,0.2
2015.0,425796,SL,SL,1,0.25
2015.0,425796,SL,FF,1,0.25
2015.0,425835,CU,CH,3,0.6
2015.0,425835,SL,SI,2,0.4
2015.0,425835,SL,FF,2,0.4
2015.0,425835,CH,CU,2,0.4
2015.0,425835,SI,IN,2,0.5
2015.0,425835,FF,IN,2,0.4
2015.0,425835,FF,CU,2,0.4
2015.0,425835,IN,SI,2,0.4
2015.0,425835,IN,FF,2,0.4
2015.0,425835,SL,CU,1,0.2
2015.0,425835,CH,IN,1,0.2
2015.0,425835,CH,SL,1,0.2
2015.0,425835,CH,CH,1,0.2
2015.0,425835,SI,CH,1,0.25
2015.0,425835,SI,SL,1,0.25
2015.0,425835,IN,SL,1,0.2
2015.0,425835,FF,SL,1,0.2
2015.0,425835,CU,SL,1,0.2
2015.0,425835,CU,FF,1,0.2
2015.0,425840,SI,SL,18,0.6
2015.0,425840,FF,SI,16,0.47058823529411764
2015.0,425840,SL,SI,11,0.3142857142857143
2015.0,425840,CH,FF,11,0.7333333333333333
2015.0,425840,SL,SL,8,0.22857142857142856
2015.0,425840,SI,FF,8,0.26666666666666666
2015.0,425840,SL,CH,7,0.2
2015.0,425840,SL,FF,6,0.17142857142857143
2015.0,425840,FF,FF,5,0.14705882352941177
2015.0,425840,FF,SL,5,0.14705882352941177
2015.0,425840,FF,CH,5,0.14705882352941177
2015.0,425840,IN,FF,5,0.5
2015.0,425840,SL,IN,3,0.08571428571428572
2015.0,425840,FF,IN,3,0.08823529411764706
2015.0,425840,SI,IN,2,0.06666666666666667
2015.0,425840,IN,SI,2,0.2
2015.0,425840,IN,SL,2,0.2
2015.0,425840,CH,SL,2,0.13333333333333333
2015.0,425840,SI,SI,1,0.03333333333333333
2015.0,425840,IN,CH,1,0.1
2015.0,425840,SI,CH,1,0.03333333333333333
2015.0,425840,CH,IN,1,0.06666666666666667
2015.0,425840,CH,CH,1,0.06666666666666667
2015.0,425844,SL,SI,19,0.5428571428571428
2015.0,425844,CU,CH,17,0.5
2015.0,425844,SI,FF,15,0.42857142857142855
2015.0,425844,FF,CU,13,0.37142857142857144
2015.0,425844,SI,SL,13,0.37142857142857144
2015.0,425844,CH,CU,13,0.37142857142857144
2015.0,425844,FF,SI,12,0.34285714285714286
2015.0,425844,CH,CH,9,0.2571428571428571
2015.0,425844,CH,SL,8,0.22857142857142856
2015.0,425844,FF,EP,6,0.17142857142857143
2015.0,425844,EP,CU,6,0.4
2015.0,425844,CU,SL,5,0.14705882352941177
2015.0,425844,EP,FF,5,0.3333333333333333
2015.0,425844,CU,FF,5,0.14705882352941177
2015.0,425844,CU,EP,5,0.14705882352941177
2015.0,425844,SL,SL,5,0.14285714285714285
2015.0,425844,SL,CH,5,0.14285714285714285
2015.0,425844,IN,FF,4,0.8
2015.0,425844,SI,IN,4,0.11428571428571428
2015.0,425844,SL,FF,4,0.11428571428571428
2015.0,425844,FF,CH,2,0.05714285714285714
2015.0,425844,CU,CU,2,0.058823529411764705
2015.0,425844,EP,SL,2,0.13333333333333333
2015.0,425844,CH,FF,2,0.05714285714285714
2015.0,425844,CH,EP,2,0.05714285714285714
2015.0,425844,IN,SI,1,0.2
2015.0,425844,SI,EP,1,0.02857142857142857
2015.0,425844,FF,SL,1,0.02857142857142857
2015.0,425844,FF,IN,1,0.02857142857142857
2015.0,425844,SI,SI,1,0.02857142857142857
2015.0,425844,SI,CH,1,0.02857142857142857
2015.0,425844,EP,SI,1,0.06666666666666667
2015.0,425844,EP,CH,1,0.06666666666666667
2015.0,425844,SL,CU,1,0.02857142857142857
2015.0,425844,SL,EP,1,0.02857142857142857
2015.0,425844,CH,SI,1,0.02857142857142857
2015.0,425856,FC,FF,3,0.6
2015.0,425856,SI,SL,3,0.6
2015.0,425856,FF,SI,3,0.6
2015.0,425856,CU,FC,3,0.6
2015.0,425856,CH,CU,2,0.4
2015.0,425856,SI,FF,2,0.4
2015.0,425856,CU,CH,2,0.4
2015.0,425856,FC,CH,1,0.2
2015.0,425856,FC,CU,1,0.2
2015.0,425856,CH,SL,1,0.2
2015.0,425856,CH,CH,1,0.2
2015.0,425856,CH,SI,1,0.2
2015.0,425856,SL,CH,1,0.25
2015.0,425856,FF,CU,1,0.2
2015.0,425856,SL,FC,1,0.25
2015.0,425856,FF,FC,1,0.2
2015.0,425856,SL,SI,1,0.25
2015.0,425856,SL,SL,1,0.25
2015.0,429400,CH,CU,12,0.8
2015.0,429400,SI,CH,7,0.4666666666666667
2015.0,429400,CU,CH,6,0.4
2015.0,429400,CU,FF,5,0.3333333333333333
2015.0,429400,FF,SI,4,0.4444444444444444
2015.0,429400,CU,SI,4,0.26666666666666666
2015.0,429400,IN,SI,3,0.6
2015.0,429400,SI,FF,3,0.2
2015.0,429400,SI,IN,2,0.13333333333333333
2015.0,429400,SI,SI,2,0.13333333333333333
2015.0,429400,FF,CU,2,0.2222222222222222
2015.0,429400,FF,IN,2,0.2222222222222222
2015.0,429400,CH,SI,2,0.13333333333333333
2015.0,429400,FF,CH,1,0.1111111111111111
2015.0,429400,SI,CU,1,0.06666666666666667
2015.0,429400,IN,FF,1,0.2
2015.0,429400,IN,CH,1,0.2
2015.0,429400,CH,FF,1,0.06666666666666667
2015.0,429717,SI,KC,19,0.5428571428571428
2015.0,429717,FF,FC,18,0.5294117647058824
2015.0,429717,FC,FF,16,0.45714285714285713
2015.0,429717,KC,SI,16,0.45714285714285713
2015.0,429717,FS,FF,14,0.4
2015.0,429717,FF,FS,14,0.4117647058823529
2015.0,429717,FS,KC,11,0.3142857142857143
2015.0,429717,KC,FS,10,0.2857142857142857
2015.0,429717,FS,IN,6,0.17142857142857143
2015.0,429717,FC,FS,6,0.17142857142857143
2015.0,429717,FC,SI,6,0.17142857142857143
2015.0,429717,SI,SI,6,0.17142857142857143
2015.0,429717,SI,FC,6,0.17142857142857143
2015.0,429717,IN,FS,5,0.5
2015.0,429717,FC,FC,5,0.14285714285714285
2015.0,429717,SI,FF,4,0.11428571428571428
2015.0,429717,FS,SI,3,0.08571428571428572
2015.0,429717,IN,FC,3,0.3
2015.0,429717,KC,IN,3,0.08571428571428572
2015.0,429717,KC,KC,3,0.08571428571428572
2015.0,429717,FF,SI,2,0.058823529411764705
2015.0,429717,KC,FC,2,0.05714285714285714
2015.0,429717,FS,FC,1,0.02857142857142857
2015.0,429717,IN,KC,1,0.1
2015.0,429717,IN,SI,1,0.1
2015.0,429717,FC,IN,1,0.02857142857142857
2015.0,429717,FC,KC,1,0.02857142857142857
2015.0,429717,KC,FF,1,0.02857142857142857
2015.0,429719,CU,CH,15,0.5
2015.0,429719,SI,SL,14,0.4666666666666667
2015.0,429719,CH,CU,14,0.4827586206896552
2015.0,429719,SI,FF,12,0.4
2015.0,429719,SL,SI,12,0.34285714285714286
2015.0,429719,CU,FF,11,0.36666666666666664
2015.0,429719,FF,SI,9,0.2571428571428571
2015.0,429719,FF,CU,8,0.22857142857142856
2015.0,429719,SL,SL,7,0.2
2015.0,429719,SL,FF,7,0.2
2015.0,429719,FF,SL,6,0.17142857142857143
2015.0,429719,IN,SI,5,1.0
2015.0,429719,CH,CH,5,0.1724137931034483
2015.0,429719,CH,SL,5,0.1724137931034483
2015.0,429719,SL,CU,5,0.14285714285714285
2015.0,429719,FF,CH,4,0.11428571428571428
2015.0,429719,FF,FF,4,0.11428571428571428
2015.0,429719,FF,IN,4,0.11428571428571428
2015.0,429719,SL,CH,4,0.11428571428571428
2015.0,429719,CU,SL,3,0.1
2015.0,429719,CH,SI,3,0.10344827586206896
2015.0,429719,SI,CU,2,0.06666666666666667
2015.0,429719,SI,CH,2,0.06666666666666667
2015.0,429719,CH,FF,1,0.034482758620689655
2015.0,429719,CH,IN,1,0.034482758620689655
2015.0,429719,CU,CU,1,0.03333333333333333
2015.0,429722,CH,FF,10,0.5
2015.0,429722,SI,SL,8,0.5333333333333333
2015.0,429722,SL,SI,7,0.35
2015.0,429722,FF,CH,7,0.3684210526315789
2015.0,429722,SL,CH,6,0.3
2015.0,429722,CH,CH,6,0.3
2015.0,429722,FF,SL,5,0.2631578947368421
2015.0,429722,SL,SL,4,0.2
2015.0,429722,FF,SI,4,0.21052631578947367
2015.0,429722,SI,FF,4,0.26666666666666666
2015.0,429722,SL,FF,3,0.15
2015.0,429722,CH,SL,3,0.15
2015.0,429722,IN,SI,3,0.6
2015.0,429722,FF,IN,2,0.10526315789473684
2015.0,429722,SI,IN,2,0.13333333333333333
2015.0,429722,IN,FF,2,0.4
2015.0,429722,CH,IN,1,0.05
2015.0,429722,FF,FF,1,0.05263157894736842
2015.0,429722,SI,SI,1,0.06666666666666667
2015.0,429780,CU,FC,7,0.4666666666666667
2015.0,429780,CU,CH,6,0.4
2015.0,429780,FC,FF,6,0.4
2015.0,429780,FF,FC,5,0.35714285714285715
2015.0,429780,FC,CU,5,0.3333333333333333
2015.0,429780,CH,FF,5,0.3333333333333333
2015.0,429780,CH,CU,5,0.3333333333333333
2015.0,429780,FF,CH,4,0.2857142857142857
2015.0,429780,FF,SI,4,0.2857142857142857
2015.0,429780,SI,FF,3,0.3
2015.0,429780,SI,CU,3,0.3
2015.0,429780,FC,SI,3,0.2
2015.0,429780,CH,CH,3,0.2
2015.0,429780,SI,SI,2,0.2
2015.0,429780,CH,FC,2,0.13333333333333333
2015.0,429780,FF,CU,1,0.07142857142857142
2015.0,429780,SI,FC,1,0.1
2015.0,429780,SI,CH,1,0.1
2015.0,429780,CU,FF,1,0.06666666666666667
2015.0,429780,CU,CU,1,0.06666666666666667
2015.0,429780,FC,CH,1,0.06666666666666667
2015.0,429781,SI,SL,5,0.5
2015.0,429781,FF,SI,5,0.5
2015.0,429781,CU,CH,4,0.4
2015.0,429781,CU,FC,4,0.4
2015.0,429781,FC,CU,4,0.4
2015.0,429781,SI,FF,4,0.4
2015.0,429781,FF,FC,4,0.4
2015.0,429781,CH,SL,3,0.3
2015.0,429781,CH,CU,3,0.3
2015.0,429781,FC,FF,3,0.3
2015.0,429781,CH,SI,2,0.2
2015.0,429781,SL,FF,2,0.2222222222222222
2015.0,429781,SL,CU,2,0.2222222222222222
2015.0,429781,SL,FC,2,0.2222222222222222
2015.0,429781,CU,SI,1,0.1
2015.0,429781,CU,CU,1,0.1
2015.0,429781,CH,FF,1,0.1
2015.0,429781,CH,CH,1,0.1
2015.0,429781,SL,SI,1,0.1111111111111111
2015.0,429781,FC,SI,1,0.1
2015.0,429781,SI,CH,1,0.1
2015.0,429781,FF,CH,1,0.1
2015.0,429781,SL,CH,1,0.1111111111111111
2015.0,429781,SL,SL,1,0.1111111111111111
2015.0,429781,FC,CH,1,0.1
2015.0,429781,FC,SL,1,0.1
2015.0,429783,FF,FC,12,0.48
2015.0,429783,FC,CH,11,0.44
2015.0,429783,CH,FC,9,0.36
2015.0,429783,FC,FF,8,0.32
2015.0,429783,IN,FF,7,0.4666666666666667
2015.0,429783,SL,IN,6,0.25
2015.0,429783,SL,FF,6,0.25
2015.0,429783,SL,SL,6,0.25
2015.0,429783,CH,SL,6,0.24
2015.0,429783,FF,CH,5,0.2
2015.0,429783,IN,SL,5,0.3333333333333333
2015.0,429783,FF,IN,4,0.16
2015.0,429783,FF,SL,4,0.16
2015.0,429783,FC,SL,4,0.16
2015.0,429783,CH,FF,4,0.16
2015.0,429783,SL,FC,3,0.125
2015.0,429783,IN,CH,3,0.2
2015.0,429783,SL,CH,3,0.125
2015.0,429783,CH,IN,3,0.12
2015.0,429783,CH,CH,3,0.12
2015.0,429783,FC,FC,1,0.04
2015.0,429783,FC,IN,1,0.04
2015.0,430404,CU,CU,4,1.0
2015.0,430580,FF,FS,14,0.4117647058823529
2015.0,430580,FS,FF,14,0.4
2015.0,430580,FF,FC,13,0.38235294117647056
2015.0,430580,FS,SI,13,0.37142857142857144
2015.0,430580,FC,EP,12,0.4
2015.0,430580,EP,CU,11,0.44
2015.0,430580,CU,EP,11,0.3142857142857143
2015.0,430580,FC,FF,11,0.36666666666666664
2015.0,430580,SI,FS,10,0.2857142857142857
2015.0,430580,EP,FC,10,0.4
2015.0,430580,CU,CU,9,0.2571428571428571
2015.0,430580,SI,SI,5,0.14285714285714285
2015.0,430580,SI,SL,4,0.11428571428571428
2015.0,430580,SI,CU,4,0.11428571428571428
2015.0,430580,SI,FC,4,0.11428571428571428
2015.0,430580,FF,SI,4,0.11764705882352941
2015.0,430580,CU,CH,4,0.11428571428571428
2015.0,430580,CU,FF,4,0.11428571428571428
2015.0,430580,CU,FS,4,0.11428571428571428
2015.0,430580,IN,SI,3,0.6
2015.0,430580,SI,FF,3,0.08571428571428572
2015.0,430580,FF,CU,3,0.08823529411764706
2015.0,430580,EP,FS,3,0.12
2015.0,430580,FS,PO,3,0.08571428571428572
2015.0,430580,FS,IN,3,0.08571428571428572
2015.0,430580,FC,CU,3,0.1
2015.0,430580,SL,SI,3,0.6
2015.0,430580,PO,SI,3,0.6
2015.0,430580,CH,CU,3,0.6
2015.0,430580,SI,PO,2,0.05714285714285714
2015.0,430580,IN,FS,2,0.4
2015.0,430580,SI,IN,2,0.05714285714285714
2015.0,430580,CU,FC,2,0.05714285714285714
2015.0,430580,FC,SI,2,0.06666666666666667
2015.0,430580,SI,EP,1,0.02857142857142857
2015.0,430580,CU,SI,1,0.02857142857142857
2015.0,430580,EP,SI,1,0.04
2015.0,430580,FS,EP,1,0.02857142857142857
2015.0,430580,FC,FS,1,0.03333333333333333
2015.0,430580,SL,CU,1,0.2
2015.0,430580,SL,FF,1,0.2
2015.0,430580,PO,FS,1,0.2
2015.0,430580,PO,FC,1,0.2
2015.0,430580,FS,CU,1,0.02857142857142857
2015.0,430580,FC,SL,1,0.03333333333333333
2015.0,430580,CH,CH,1,0.2
2015.0,430580,CH,FF,1,0.2
2015.0,430589,SI,SL,21,0.6176470588235294
2015.0,430589,SL,SI,18,0.5142857142857142
2015.0,430589,SL,SL,13,0.37142857142857144
2015.0,430589,SI,SI,10,0.29411764705882354
2015.0,430589,SL,CH,4,0.11428571428571428
2015.0,430589,CH,SI,4,0.4
2015.0,430589,CH,IN,4,0.4
2015.0,430589,IN,SI,2,0.4
2015.0,430589,IN,CH,2,0.4
2015.0,430589,SI,CH,2,0.058823529411764705
2015.0,430589,CH,CH,2,0.2
2015.0,430589,IN,SL,1,0.2
2015.0,430589,SI,IN,1,0.029411764705882353
2015.0,430599,SL,SI,16,0.5333333333333333
2015.0,430599,FF,CU,10,0.3333333333333333
2015.0,430599,SI,SL,10,0.3333333333333333
2015.0,430599,CU,CH,9,0.47368421052631576
2015.0,430599,CH,CU,9,0.3
2015.0,430599,SI,FF,8,0.26666666666666666
2015.0,430599,SI,IN,8,0.26666666666666666
2015.0,430599,SL,SL,8,0.26666666666666666
2015.0,430599,IN,FF,7,0.4666666666666667
2015.0,430599,CH,CH,7,0.23333333333333334
2015.0,430599,CH,FF,7,0.23333333333333334
2015.0,430599,CU,FF,7,0.3684210526315789
2015.0,430599,FF,SI,6,0.2
2015.0,430599,SL,CH,6,0.2
2015.0,430599,FF,SL,5,0.16666666666666666
2015.0,430599,FF,IN,5,0.16666666666666666
2015.0,430599,IN,SI,5,0.3333333333333333
2015.0,430599,CH,SL,5,0.16666666666666666
2015.0,430599,FF,CH,3,0.1
2015.0,430599,SI,CH,3,0.1
2015.0,430599,IN,CH,2,0.13333333333333333
2015.0,430599,FF,FF,1,0.03333333333333333
2015.0,430599,IN,SL,1,0.06666666666666667
2015.0,430599,SI,SI,1,0.03333333333333333
2015.0,430599,CU,SL,1,0.05263157894736842
2015.0,430599,CU,CU,1,0.05263157894736842
2015.0,430599,CU,IN,1,0.05263157894736842
2015.0,430599,CH,SI,1,0.03333333333333333
2015.0,430599,CH,IN,1,0.03333333333333333
2015.0,430605,SL,CU,3,0.6
2015.0,430605,CU,CH,3,0.6
2015.0,430605,SL,SL,2,0.4
2015.0,430605,CH,CU,2,0.5
2015.0,430605,CH,CH,2,0.5
2015.0,430605,CU,SL,2,0.4
2015.0,430613,IN,FF,3,0.6
2015.0,430613,SI,IN,3,0.6
2015.0,430613,FF,IN,2,0.4
2015.0,430613,FF,CH,2,0.4
2015.0,430613,SL,SI,2,0.5
2015.0,430613,SL,SL,2,0.5
2015.0,430613,CH,FF,2,0.4
2015.0,430613,CH,CH,2,0.4
2015.0,430613,IN,SL,1,0.2
2015.0,430613,FF,SL,1,0.2
2015.0,430613,IN,SI,1,0.2
2015.0,430613,SI,SI,1,0.2
2015.0,430613,SI,SL,1,0.2
2015.0,430613,CH,SI,1,0.2
2015.0,430630,FF,CH,10,0.4
2015.0,430630,CH,CH,9,0.36
2015.0,430630,CH,FF,8,0.32
2015.0,430630,FF,IN,8,0.32
2015.0,430630,CH,SL,6,0.24
2015.0,430630,IN,SL,6,0.4
2015.0,430630,SL,FF,5,0.2631578947368421
2015.0,430630,SL,SL,5,0.2631578947368421
2015.0,430630,IN,FF,5,0.3333333333333333
2015.0,430630,SL,IN,4,0.21052631578947367
2015.0,430630,FF,FF,4,0.16
2015.0,430630,SL,SI,3,0.15789473684210525
2015.0,430630,SI,FF,3,0.6
2015.0,430630,IN,CH,3,0.2
2015.0,430630,SL,CH,2,0.10526315789473684
2015.0,430630,FF,SL,2,0.08
2015.0,430630,CH,SI,1,0.04
2015.0,430630,CH,IN,1,0.04
2015.0,430630,FF,SI,1,0.04
2015.0,430630,SI,SL,1,0.2
2015.0,430630,SI,IN,1,0.2
2015.0,430630,IN,IN,1,0.06666666666666667
2015.0,430641,SI,SL,17,0.4857142857142857
2015.0,430641,CU,FF,14,0.4666666666666667
2015.0,430641,SL,SI,14,0.4117647058823529
2015.0,430641,FF,CU,12,0.34285714285714286
2015.0,430641,CU,CH,10,0.3333333333333333
2015.0,430641,FF,SI,10,0.2857142857142857
2015.0,430641,CH,CU,8,0.4
2015.0,430641,SI,FF,8,0.22857142857142856
2015.0,430641,IN,FF,7,0.4666666666666667
2015.0,430641,SL,SL,7,0.20588235294117646
2015.0,430641,FF,IN,7,0.2
2015.0,430641,CH,SL,5,0.25
2015.0,430641,IN,SI,4,0.26666666666666666
2015.0,430641,SL,CU,4,0.11764705882352941
2015.0,430641,SL,FF,4,0.11764705882352941
2015.0,430641,SL,CH,3,0.08823529411764706
2015.0,430641,SI,IN,3,0.08571428571428572
2015.0,430641,FF,CH,3,0.08571428571428572
2015.0,430641,FF,SL,3,0.08571428571428572
2015.0,430641,CU,SL,2,0.06666666666666667
2015.0,430641,IN,CU,2,0.13333333333333333
2015.0,430641,IN,PO,2,0.13333333333333333
2015.0,430641,CH,CH,2,0.1
2015.0,430641,CH,FF,2,0.1
2015.0,430641,CH,SI,2,0.1
2015.0,430641,SL,IN,2,0.058823529411764705
2015.0,430641,PO,IN,2,0.4
2015.0,430641,PO,SI,2,0.4
2015.0,430641,SI,CH,2,0.05714285714285714
2015.0,430641,SI,SI,2,0.05714285714285714
2015.0,430641,SI,CU,2,0.05714285714285714
2015.0,430641,CU,IN,1,0.03333333333333333
2015.0,430641,CU,PO,1,0.03333333333333333
2015.0,430641,CU,CU,1,0.03333333333333333
2015.0,430641,CU,SI,1,0.03333333333333333
2015.0,430641,CH,PO,1,0.05
2015.0,430641,PO,CU,1,0.2
2015.0,430641,SI,PO,1,0.02857142857142857
2015.0,430661,CH,FF,7,0.4666666666666667
2015.0,430661,FF,CH,7,0.4666666666666667
2015.0,430661,SL,SI,6,0.4
2015.0,430661,SI,SL,6,0.42857142857142855
2015.0,430661,SI,FF,5,0.35714285714285715
2015.0,430661,FF,SI,5,0.3333333333333333
2015.0,430661,CH,SL,4,0.26666666666666666
2015.0,430661,SL,SL,4,0.26666666666666666
2015.0,430661,SL,CH,4,0.26666666666666666
2015.0,430661,IN,SI,3,0.6
2015.0,430661,CH,CH,2,0.13333333333333333
2015.0,430661,FF,IN,2,0.13333333333333333
2015.0,430661,SI,IN,2,0.14285714285714285
2015.0,430661,IN,FF,2,0.4
2015.0,430661,CH,SI,1,0.06666666666666667
2015.0,430661,CH,IN,1,0.06666666666666667
2015.0,430661,SI,CH,1,0.07142857142857142
2015.0,430661,SL,FF,1,0.06666666666666667
2015.0,430661,FF,SL,1,0.06666666666666667
2015.0,430911,SL,FF,7,0.4666666666666667
2015.0,430911,FS,IN,6,0.4
2015.0,430911,IN,FS,5,0.3333333333333333
2015.0,430911,IN,SL,5,0.3333333333333333
2015.0,430911,FF,FS,5,0.35714285714285715
2015.0,430911,FS,FF,4,0.26666666666666666
2015.0,430911,FS,SL,3,0.2
2015.0,430911,FF,FF,3,0.21428571428571427
2015.0,430911,PO,IN,3,0.6
2015.0,430911,FF,SL,3,0.21428571428571427
2015.0,430911,SL,FS,3,0.2
2015.0,430911,SL,SL,3,0.2
2015.0,430911,IN,PO,2,0.13333333333333333
2015.0,430911,IN,IN,2,0.13333333333333333
2015.0,430911,FF,IN,2,0.14285714285714285
2015.0,430911,FS,PO,1,0.06666666666666667
2015.0,430911,IN,FF,1,0.06666666666666667
2015.0,430911,FS,FS,1,0.06666666666666667
2015.0,430911,PO,FS,1,0.2
2015.0,430911,FF,PO,1,0.07142857142857142
2015.0,430911,SL,PO,1,0.06666666666666667
2015.0,430911,SL,IN,1,0.06666666666666667
2015.0,430911,PO,SL,1,0.2
2015.0,430912,FF,SI,11,0.55
2015.0,430912,CU,FF,9,0.45
2015.0,430912,SI,SL,8,0.42105263157894735
2015.0,430912,CH,CU,8,0.4
2015.0,430912,SL,CH,6,0.3
2015.0,430912,CU,CH,6,0.3
2015.0,430912,SI,FF,5,0.2631578947368421
2015.0,430912,SL,SI,5,0.25
2015.0,430912,CH,CH,5,0.25
2015.0,430912,FF,CU,4,0.2
2015.0,430912,SL,CU,4,0.2
2015.0,430912,CU,SL,4,0.2
2015.0,430912,FF,SL,3,0.15
2015.0,430912,SI,CU,3,0.15789473684210525
2015.0,430912,SL,FF,3,0.15
2015.0,430912,CH,SL,3,0.15
2015.0,430912,SI,CH,2,0.10526315789473684
2015.0,430912,SL,SL,2,0.1
2015.0,430912,CH,FF,2,0.1
2015.0,430912,CH,SI,2,0.1
2015.0,430912,FF,FF,1,0.05
2015.0,430912,FF,CH,1,0.05
2015.0,430912,SI,SI,1,0.05263157894736842
2015.0,430912,CU,SI,1,0.05
2015.0,430935,CU,FC,18,0.5294117647058824
2015.0,430935,FC,FF,17,0.4857142857142857
2015.0,430935,CU,CH,14,0.4117647058823529
2015.0,430935,CH,CU,14,0.4
2015.0,430935,SI,FF,11,0.3142857142857143
2015.0,430935,FF,IN,11,0.3142857142857143
2015.0,430935,FC,CU,11,0.3142857142857143
2015.0,430935,FF,FC,10,0.2857142857142857
2015.0,430935,SI,SI,9,0.2571428571428571
2015.0,430935,IN,SI,9,0.6
2015.0,430935,FF,SI,8,0.22857142857142856
2015.0,430935,CH,CH,8,0.22857142857142856
2015.0,430935,CH,SI,7,0.2
2015.0,430935,SI,CU,5,0.14285714285714285
2015.0,430935,SI,CH,5,0.14285714285714285
2015.0,430935,FF,CU,4,0.11428571428571428
2015.0,430935,SI,FC,4,0.11428571428571428
2015.0,430935,CH,FF,4,0.11428571428571428
2015.0,430935,FC,CH,4,0.11428571428571428
2015.0,430935,IN,CH,3,0.2
2015.0,430935,CU,IN,2,0.058823529411764705
2015.0,430935,CH,FC,2,0.05714285714285714
2015.0,430935,IN,FF,2,0.13333333333333333
2015.0,430935,SI,IN,1,0.02857142857142857
2015.0,430935,FF,CH,1,0.02857142857142857
2015.0,430935,FF,FF,1,0.02857142857142857
2015.0,430935,IN,CU,1,0.06666666666666667
2015.0,430935,FC,SI,1,0.02857142857142857
2015.0,430935,FC,FC,1,0.02857142857142857
2015.0,430935,FC,IN,1,0.02857142857142857
2015.0,431148,FF,FC,18,0.5142857142857142
2015.0,431148,CU,CH,18,0.5142857142857142
2015.0,431148,FC,CU,17,0.4857142857142857
2015.0,431148,SI,FF,16,0.47058823529411764
2015.0,431148,SI,SL,16,0.47058823529411764
2015.0,431148,FF,SI,16,0.45714285714285713
2015.0,431148,SL,SI,16,0.45714285714285713
2015.0,431148,CU,FC,15,0.42857142857142855
2015.0,431148,CH,CU,14,0.4
2015.0,431148,FC,FF,13,0.37142857142857144
2015.0,431148,CH,CH,13,0.37142857142857144
2015.0,431148,SL,SL,11,0.3142857142857143
2015.0,431148,CH,SL,5,0.14285714285714285
2015.0,431148,FC,SL,3,0.08571428571428572
2015.0,431148,SL,CU,3,0.08571428571428572
2015.0,431148,CH,FF,2,0.05714285714285714
2015.0,431148,SL,CH,2,0.05714285714285714
2015.0,431148,SL,FF,2,0.05714285714285714
2015.0,431148,FC,FC,1,0.02857142857142857
2015.0,431148,FC,CH,1,0.02857142857142857
2015.0,431148,CH,SI,1,0.02857142857142857
2015.0,431148,FF,FF,1,0.02857142857142857
2015.0,431148,SI,SI,1,0.029411764705882353
2015.0,431148,SI,CH,1,0.029411764705882353
2015.0,431148,SL,FC,1,0.02857142857142857
2015.0,431148,CU,SI,1,0.02857142857142857
2015.0,431148,CU,FF,1,0.02857142857142857
2015.0,431162,CH,CU,16,0.64
2015.0,431162,SI,SL,15,0.6
2015.0,431162,CU,SI,9,0.36
2015.0,431162,SL,SI,8,0.3333333333333333
2015.0,431162,CU,CH,7,0.28
2015.0,431162,CU,FF,7,0.28
2015.0,431162,SL,CH,6,0.25
2015.0,431162,FF,CU,5,0.3333333333333333
2015.0,431162,SI,CH,5,0.2
2015.0,431162,FF,SI,4,0.26666666666666666
2015.0,431162,CH,CH,4,0.16
2015.0,431162,SL,SL,4,0.16666666666666666
2015.0,431162,SI,SI,3,0.12
2015.0,431162,SL,FF,3,0.125
2015.0,431162,SL,CU,3,0.125
2015.0,431162,IN,SL,2,0.4
2015.0,431162,IN,FF,2,0.4
2015.0,431162,FF,IN,2,0.13333333333333333
2015.0,431162,FF,CH,2,0.13333333333333333
2015.0,431162,CH,SL,2,0.08
2015.0,431162,SI,FF,1,0.04
2015.0,431162,FF,FF,1,0.06666666666666667
2015.0,431162,FF,SL,1,0.06666666666666667
2015.0,431162,IN,CH,1,0.2
2015.0,431162,SI,IN,1,0.04
2015.0,431162,CH,IN,1,0.04
2015.0,431162,CU,IN,1,0.04
2015.0,431162,CH,FF,1,0.04
2015.0,431162,CH,SI,1,0.04
2015.0,431162,CU,CU,1,0.04
2015.0,432934,CH,FF,20,0.5714285714285714
2015.0,432934,FF,SL,18,0.5294117647058824
2015.0,432934,FF,CH,15,0.4411764705882353
2015.0,432934,SL,FF,13,0.37142857142857144
2015.0,432934,SL,CH,12,0.34285714285714286
2015.0,432934,CH,SL,9,0.2571428571428571
2015.0,432934,CH,CH,6,0.17142857142857143
2015.0,432934,SL,SL,6,0.17142857142857143
2015.0,432934,SL,PO,4,0.11428571428571428
2015.0,432934,PO,FF,2,0.4
2015.0,432934,PO,CH,2,0.4
2015.0,432934,FF,PO,1,0.029411764705882353
2015.0,432934,PO,SL,1,0.2
2015.0,433579,FF,FC,14,0.4117647058823529
2015.0,433579,FC,FF,13,0.37142857142857144
2015.0,433579,CH,CU,13,0.37142857142857144
2015.0,433579,CU,FC,13,0.37142857142857144
2015.0,433579,FC,CU,11,0.3142857142857143
2015.0,433579,CU,CH,11,0.3142857142857143
2015.0,433579,SI,FF,10,0.2857142857142857
2015.0,433579,CH,CH,9,0.2571428571428571
2015.0,433579,FF,SI,8,0.23529411764705882
2015.0,433579,CH,SI,6,0.17142857142857143
2015.0,433579,SI,CH,6,0.17142857142857143
2015.0,433579,FC,CH,5,0.14285714285714285
2015.0,433579,PO,FF,5,0.5
2015.0,433579,PO,SI,5,0.5
2015.0,433579,FF,PO,5,0.14705882352941177
2015.0,433579,SI,CU,5,0.14285714285714285
2015.0,433579,SI,SI,5,0.14285714285714285
2015.0,433579,CU,SI,3,0.08571428571428572
2015.0,433579,CH,FC,3,0.08571428571428572
2015.0,433579,CU,CU,3,0.08571428571428572
2015.0,433579,CU,EP,3,0.08571428571428572
2015.0,433579,IN,FF,3,0.6
2015.0,433579,SI,PO,3,0.08571428571428572
2015.0,433579,FF,CH,3,0.08823529411764706
2015.0,433579,FC,FC,2,0.05714285714285714
2015.0,433579,FC,SI,2,0.05714285714285714
2015.0,433579,SL,SI,2,0.4
2015.0,433579,EP,SI,2,0.4
2015.0,433579,SI,SL,2,0.05714285714285714
2015.0,433579,SI,IN,2,0.05714285714285714
2015.0,433579,SI,FC,2,0.05714285714285714
2015.0,433579,IN,SI,2,0.4
2015.0,433579,SL,EP,1,0.2
2015.0,433579,FC,SL,1,0.02857142857142857
2015.0,433579,SL,CH,1,0.2
2015.0,433579,SL,IN,1,0.2
2015.0,433579,FC,PO,1,0.02857142857142857
2015.0,433579,CH,SL,1,0.02857142857142857
2015.0,433579,EP,CU,1,0.2
2015.0,433579,CH,FF,1,0.02857142857142857
2015.0,433579,CH,EP,1,0.02857142857142857
2015.0,433579,CH,IN,1,0.02857142857142857
2015.0,433579,CU,FF,1,0.02857142857142857
2015.0,433579,CU,PO,1,0.02857142857142857
2015.0,433579,EP,FF,1,0.2
2015.0,433579,EP,FC,1,0.2
2015.0,433579,FF,FF,1,0.029411764705882353
2015.0,433579,FF,CU,1,0.029411764705882353
2015.0,433579,FF,IN,1,0.029411764705882353
2015.0,433579,FF,SL,1,0.029411764705882353
2015.0,433584,SL,SI,9,0.45
2015.0,433584,CH,FF,8,0.42105263157894735
2015.0,433584,SI,SL,7,0.35
2015.0,433584,FF,CH,6,0.3
2015.0,433584,SI,CH,5,0.25
2015.0,433584,FF,IN,5,0.25
2015.0,433584,IN,FF,4,0.4
2015.0,433584,SL,SL,4,0.2
2015.0,433584,SI,IN,4,0.2
2015.0,433584,SL,CH,4,0.2
2015.0,433584,CH,SI,4,0.21052631578947367
2015.0,433584,CH,SL,4,0.21052631578947367
2015.0,433584,IN,SI,3,0.3
2015.0,433584,SI,FF,3,0.15
2015.0,433584,FF,SL,3,0.15
2015.0,433584,FF,SI,3,0.15
2015.0,433584,FF,FF,3,0.15
2015.0,433584,CH,CH,3,0.15789473684210525
2015.0,433584,IN,CH,2,0.2
2015.0,433584,SL,FF,2,0.1
2015.0,433584,IN,SL,1,0.1
2015.0,433584,SL,IN,1,0.05
2015.0,433584,SI,SI,1,0.05
2015.0,433585,SI,SL,11,0.55
2015.0,433585,CU,CH,10,0.5
2015.0,433585,CH,CU,9,0.47368421052631576
2015.0,433585,SL,SI,9,0.45
2015.0,433585,SI,FF,5,0.25
2015.0,433585,FF,CU,5,0.5
2015.0,433585,SL,CH,5,0.25
2015.0,433585,FF,SI,4,0.4
2015.0,433585,SI,CU,4,0.2
2015.0,433585,CU,FF,4,0.2
2015.0,433585,CH,SL,4,0.21052631578947367
2015.0,433585,CH,CH,4,0.21052631578947367
2015.0,433585,CU,SI,4,0.2
2015.0,433585,SL,SL,4,0.2
2015.0,433585,CH,SI,2,0.10526315789473684
2015.0,433585,FF,CH,1,0.1
2015.0,433585,CU,CU,1,0.05
2015.0,433585,CU,SL,1,0.05
2015.0,433585,SL,FF,1,0.05
2015.0,433585,SL,CU,1,0.05
2015.0,433586,CH,FF,18,0.5142857142857142
2015.0,433586,FF,CH,17,0.4857142857142857
2015.0,433586,SI,SL,13,0.37142857142857144
2015.0,433586,FF,KC,12,0.34285714285714286
2015.0,433586,KC,SI,11,0.3235294117647059
2015.0,433586,SI,KC,11,0.3142857142857143
2015.0,433586,SL,SI,10,0.3333333333333333
2015.0,433586,KC,FF,9,0.2647058823529412
2015.0,433586,SL,SL,9,0.3
2015.0,433586,CH,SI,6,0.17142857142857143
2015.0,433586,CH,CH,5,0.14285714285714285
2015.0,433586,KC,CH,5,0.14705882352941177
2015.0,433586,SL,CH,5,0.16666666666666666
2015.0,433586,SI,SI,4,0.11428571428571428
2015.0,433586,IN,KC,4,0.4
2015.0,433586,KC,KC,3,0.08823529411764706
2015.0,433586,KC,IN,3,0.08823529411764706
2015.0,433586,KC,SL,3,0.08823529411764706
2015.0,433586,SL,KC,3,0.1
2015.0,433586,SL,FF,3,0.1
2015.0,433586,SI,CH,3,0.08571428571428572
2015.0,433586,SI,FF,3,0.08571428571428572
2015.0,433586,FF,SI,3,0.08571428571428572
2015.0,433586,CH,SL,2,0.05714285714285714
2015.0,433586,CH,KC,2,0.05714285714285714
2015.0,433586,CH,IN,2,0.05714285714285714
2015.0,433586,FF,IN,2,0.05714285714285714
2015.0,433586,IN,SL,2,0.2
2015.0,433586,IN,FF,2,0.2
2015.0,433586,FF,SL,1,0.02857142857142857
2015.0,433586,SI,IN,1,0.02857142857142857
2015.0,433586,IN,IN,1,0.1
2015.0,433586,IN,SI,1,0.1
2015.0,433587,CH,CU,16,0.5333333333333333
2015.0,433587,SL,SI,12,0.4
2015.0,433587,SI,SL,12,0.4
2015.0,433587,CU,FF,10,0.3333333333333333
2015.0,433587,CU,CH,10,0.3333333333333333
2015.0,433587,PO,SI,9,0.45
2015.0,433587,FF,PO,9,0.3103448275862069
2015.0,433587,FF,CH,8,0.27586206896551724
2015.0,433587,FF,CU,7,0.2413793103448276
2015.0,433587,PO,FF,6,0.3
2015.0,433587,SI,PO,6,0.2
2015.0,433587,CH,SL,5,0.16666666666666666
2015.0,433587,SL,SL,5,0.16666666666666666
2015.0,433587,SI,FF,5,0.16666666666666666
2015.0,433587,CH,FF,4,0.13333333333333333
2015.0,433587,PO,SL,4,0.2
2015.0,433587,SL,FF,4,0.13333333333333333
2015.0,433587,SL,CU,4,0.13333333333333333
2015.0,433587,CU,SL,4,0.13333333333333333
2015.0,433587,SI,CH,4,0.13333333333333333
2015.0,433587,FF,SI,4,0.13793103448275862
2015.0,433587,CH,CH,3,0.1
2015.0,433587,SL,CH,3,0.1
2015.0,433587,SL,PO,2,0.06666666666666667
2015.0,433587,CU,PO,2,0.06666666666666667
2015.0,433587,CU,CU,2,0.06666666666666667
2015.0,433587,CU,SI,2,0.06666666666666667
2015.0,433587,SI,SI,2,0.06666666666666667
2015.0,433587,CH,SI,1,0.03333333333333333
2015.0,433587,CH,PO,1,0.03333333333333333
2015.0,433587,PO,CH,1,0.05
2015.0,433587,SI,CU,1,0.03333333333333333
2015.0,433587,FF,FF,1,0.034482758620689655
2015.0,433589,CH,CU,17,0.5
2015.0,433589,FF,FC,14,0.4
2015.0,433589,FC,CU,13,0.43333333333333335
2015.0,433589,CU,CH,12,0.34285714285714286
2015.0,433589,SL,FF,11,0.3142857142857143
2015.0,433589,FC,FF,10,0.3333333333333333
2015.0,433589,SL,SL,9,0.2571428571428571
2015.0,433589,FF,SL,9,0.2571428571428571
2015.0,433589,SL,CH,8,0.22857142857142856
2015.0,433589,CU,SL,8,0.22857142857142856
2015.0,433589,CU,FC,8,0.22857142857142856
2015.0,433589,FF,IN,6,0.17142857142857143
2015.0,433589,CU,FF,6,0.17142857142857143
2015.0,433589,CH,FC,5,0.14705882352941177
2015.0,433589,CH,CH,5,0.14705882352941177
2015.0,433589,FC,CH,4,0.13333333333333333
2015.0,433589,IN,PO,4,0.4
2015.0,433589,IN,FF,4,0.4
2015.0,433589,CH,SL,4,0.11764705882352941
2015.0,433589,SL,FC,3,0.08571428571428572
2015.0,433589,PO,SL,3,0.6
2015.0,433589,SL,CU,3,0.08571428571428572
2015.0,433589,FF,CH,3,0.08571428571428572
2015.0,433589,CH,FF,3,0.08823529411764706
2015.0,433589,FC,IN,2,0.06666666666666667
2015.0,433589,IN,CH,2,0.2
2015.0,433589,FC,SL,1,0.03333333333333333
2015.0,433589,PO,CH,1,0.2
2015.0,433589,PO,CU,1,0.2
2015.0,433589,SL,IN,1,0.02857142857142857
2015.0,433589,FF,FF,1,0.02857142857142857
2015.0,433589,FF,CU,1,0.02857142857142857
2015.0,433589,FF,PO,1,0.02857142857142857
2015.0,433589,CU,IN,1,0.02857142857142857
2015.0,434137,FF,SI,9,0.6
2015.0,434137,CH,CU,8,0.5714285714285714
2015.0,434137,CU,FF,8,0.5333333333333333
2015.0,434137,SI,CH,6,0.4
2015.0,434137,CU,CH,5,0.3333333333333333
2015.0,434137,SI,FF,4,0.26666666666666666
2015.0,434137,SI,SI,3,0.2
2015.0,434137,FF,CU,3,0.2
2015.0,434137,CH,CH,3,0.21428571428571427
2015.0,434137,FF,FF,2,0.13333333333333333
2015.0,434137,SI,CU,2,0.13333333333333333
2015.0,434137,CH,SI,2,0.14285714285714285
2015.0,434137,FF,CH,1,0.06666666666666667
2015.0,434137,CH,FF,1,0.07142857142857142
2015.0,434137,CU,CU,1,0.06666666666666667
2015.0,434137,CU,SI,1,0.06666666666666667
2015.0,434378,CH,CU,13,0.52
2015.0,434378,CU,FF,11,0.4583333333333333
2015.0,434378,SL,CH,9,0.36
2015.0,434378,FF,CU,9,0.36
2015.0,434378,FF,SL,7,0.28
2015.0,434378,CU,CH,7,0.2916666666666667
2015.0,434378,SL,SL,6,0.24
2015.0,434378,CH,CH,6,0.24
2015.0,434378,PO,SL,5,0.5
2015.0,434378,SL,FF,5,0.2
2015.0,434378,PO,FF,4,0.4
2015.0,434378,SL,PO,4,0.16
2015.0,434378,CH,SL,4,0.16
2015.0,434378,FF,IN,4,0.16
2015.0,434378,FF,CH,3,0.12
2015.0,434378,IN,PO,3,0.6
2015.0,434378,CU,SL,3,0.125
2015.0,434378,CH,FF,2,0.08
2015.0,434378,IN,FF,2,0.4
2015.0,434378,FF,PO,2,0.08
2015.0,434378,CU,CU,2,0.08333333333333333
2015.0,434378,PO,IN,1,0.1
2015.0,434378,SL,CU,1,0.04
2015.0,434378,CU,PO,1,0.041666666666666664
2015.0,434442,SI,KC,16,0.45714285714285713
2015.0,434442,KC,CH,15,0.42857142857142855
2015.0,434442,KC,SI,15,0.42857142857142855
2015.0,434442,CH,KC,12,0.35294117647058826
2015.0,434442,SI,SI,11,0.3142857142857143
2015.0,434442,CH,CH,10,0.29411764705882354
2015.0,434442,CH,SI,8,0.23529411764705882
2015.0,434442,SI,CH,6,0.17142857142857143
2015.0,434442,CH,FF,4,0.11764705882352941
2015.0,434442,FF,KC,4,0.4
2015.0,434442,FF,CH,4,0.4
2015.0,434442,KC,IN,3,0.08571428571428572
2015.0,434442,IN,FF,3,0.6
2015.0,434442,SI,FF,2,0.05714285714285714
2015.0,434442,FF,IN,2,0.2
2015.0,434442,KC,KC,1,0.02857142857142857
2015.0,434442,KC,FF,1,0.02857142857142857
2015.0,434442,IN,KC,1,0.2
2015.0,434442,IN,SI,1,0.2
2015.0,434538,SI,SL,14,0.4
2015.0,434538,SL,SI,14,0.4
2015.0,434538,FF,SI,12,0.4
2015.0,434538,CH,FF,10,0.29411764705882354
2015.0,434538,SL,CH,9,0.2571428571428571
2015.0,434538,CH,SL,9,0.2647058823529412
2015.0,434538,FF,CH,8,0.26666666666666666
2015.0,434538,SI,CH,7,0.2
2015.0,434538,SI,FF,7,0.2
2015.0,434538,SL,SL,7,0.2
2015.0,434538,CU,FF,6,0.6
2015.0,434538,CH,CU,6,0.17647058823529413
2015.0,434538,CH,CH,6,0.17647058823529413
2015.0,434538,FF,SL,4,0.13333333333333333
2015.0,434538,SI,SI,4,0.11428571428571428
2015.0,434538,SL,FF,3,0.08571428571428572
2015.0,434538,CU,CH,3,0.3
2015.0,434538,CH,SI,3,0.08823529411764706
2015.0,434538,FF,IN,2,0.06666666666666667
2015.0,434538,SI,IN,2,0.05714285714285714
2015.0,434538,IN,FF,2,0.4
2015.0,434538,FF,CU,2,0.06666666666666667
2015.0,434538,FF,FF,2,0.06666666666666667
2015.0,434538,IN,SI,2,0.4
2015.0,434538,SI,CU,1,0.02857142857142857
2015.0,434538,IN,CH,1,0.2
2015.0,434538,SL,IN,1,0.02857142857142857
2015.0,434538,SL,CU,1,0.02857142857142857
2015.0,434538,CU,SL,1,0.1
2015.0,434540,CU,CH,3,0.6
2015.0,434540,CH,SL,3,0.6
2015.0,434540,SL,CU,3,0.75
2015.0,434540,CU,SL,1,0.2
2015.0,434540,CH,CH,1,0.2
2015.0,434540,CH,CU,1,0.2
2015.0,434540,CU,CU,1,0.2
2015.0,434540,SL,CH,1,0.25
2015.0,434622,SI,SL,17,0.4857142857142857
2015.0,434622,FS,FF,16,0.45714285714285713
2015.0,434622,FF,FS,15,0.42857142857142855
2015.0,434622,SL,SI,14,0.4
2015.0,434622,SI,FS,11,0.3142857142857143
2015.0,434622,FF,CU,11,0.3142857142857143
2015.0,434622,SL,CU,10,0.2857142857142857
2015.0,434622,FS,SI,10,0.2857142857142857
2015.0,434622,CU,FF,9,0.2571428571428571
2015.0,434622,CU,SL,7,0.2
2015.0,434622,CU,FC,7,0.2
2015.0,434622,CU,CU,7,0.2
2015.0,434622,FS,SL,5,0.14285714285714285
2015.0,434622,FC,FF,5,0.5
2015.0,434622,FC,CU,5,0.5
2015.0,434622,SL,FS,3,0.08571428571428572
2015.0,434622,SL,SL,3,0.08571428571428572
2015.0,434622,PO,SI,3,0.6
2015.0,434622,SL,FF,3,0.08571428571428572
2015.0,434622,IN,SI,3,0.75
2015.0,434622,FF,FC,3,0.08571428571428572
2015.0,434622,FF,SL,3,0.08571428571428572
2015.0,434622,CU,FS,3,0.08571428571428572
2015.0,434622,PO,FS,2,0.4
2015.0,434622,SI,CU,2,0.05714285714285714
2015.0,434622,SI,PO,2,0.05714285714285714
2015.0,434622,FS,IN,2,0.05714285714285714
2015.0,434622,FS,PO,2,0.05714285714285714
2015.0,434622,FF,SI,2,0.05714285714285714
2015.0,434622,SL,PO,1,0.02857142857142857
2015.0,434622,SL,IN,1,0.02857142857142857
2015.0,434622,FF,FF,1,0.02857142857142857
2015.0,434622,SI,SI,1,0.02857142857142857
2015.0,434622,IN,FS,1,0.25
2015.0,434622,SI,FF,1,0.02857142857142857
2015.0,434622,SI,IN,1,0.02857142857142857
2015.0,434622,CU,SI,1,0.02857142857142857
2015.0,434622,CU,IN,1,0.02857142857142857
2015.0,434628,CH,CU,17,0.5
2015.0,434628,CU,CH,14,0.4
2015.0,434628,SI,SL,14,0.4
2015.0,434628,SL,SI,14,0.4
2015.0,434628,CU,FF,13,0.37142857142857144
2015.0,434628,FF,CU,12,0.34285714285714286
2015.0,434628,SI,FF,11,0.3142857142857143
2015.0,434628,FF,IN,7,0.2
2015.0,434628,FF,SI,7,0.2
2015.0,434628,SL,SL,7,0.2
2015.0,434628,IN,SI,7,0.4666666666666667
2015.0,434628,CH,CH,6,0.17647058823529413
2015.0,434628,SI,IN,5,0.14285714285714285
2015.0,434628,SL,CH,5,0.14285714285714285
2015.0,434628,SL,CU,5,0.14285714285714285
2015.0,434628,FF,CH,4,0.11428571428571428
2015.0,434628,CH,SL,4,0.11764705882352941
2015.0,434628,CH,FF,4,0.11764705882352941
2015.0,434628,IN,SL,4,0.26666666666666666
2015.0,434628,CU,SI,3,0.08571428571428572
2015.0,434628,CU,SL,3,0.08571428571428572
2015.0,434628,FF,SL,3,0.08571428571428572
2015.0,434628,SI,CH,3,0.08571428571428572
2015.0,434628,SL,FF,3,0.08571428571428572
2015.0,434628,SI,SI,2,0.05714285714285714
2015.0,434628,FF,FF,2,0.05714285714285714
2015.0,434628,CH,SI,2,0.058823529411764705
2015.0,434628,IN,FF,2,0.13333333333333333
2015.0,434628,IN,CH,2,0.13333333333333333
2015.0,434628,CU,IN,1,0.02857142857142857
2015.0,434628,CU,CU,1,0.02857142857142857
2015.0,434628,CH,IN,1,0.029411764705882353
2015.0,434628,SL,IN,1,0.02857142857142857
2015.0,434643,CU,CH,12,0.6
2015.0,434643,CH,CU,8,0.4
2015.0,434643,FF,CU,8,0.42105263157894735
2015.0,434643,CU,FF,7,0.35
2015.0,434643,SI,FF,6,0.3
2015.0,434643,IN,SI,6,0.6
2015.0,434643,SI,IN,5,0.25
2015.0,434643,SI,SI,5,0.25
2015.0,434643,FF,SI,5,0.2631578947368421
2015.0,434643,CH,SI,4,0.2
2015.0,434643,CH,CH,4,0.2
2015.0,434643,CH,FF,3,0.15
2015.0,434643,FF,CH,3,0.15789473684210525
2015.0,434643,SI,CU,3,0.15
2015.0,434643,IN,FF,3,0.3
2015.0,434643,FF,IN,2,0.10526315789473684
2015.0,434643,CU,CU,1,0.05
2015.0,434643,CH,IN,1,0.05
2015.0,434643,FF,FF,1,0.05263157894736842
2015.0,434643,SI,CH,1,0.05
2015.0,434643,IN,IN,1,0.1
2015.0,434665,FS,FF,10,0.5
2015.0,434665,FF,FC,9,0.45
2015.0,434665,FC,CU,7,0.3684210526315789
2015.0,434665,FF,FS,6,0.3
2015.0,434665,IN,FS,5,0.5
2015.0,434665,SI,IN,5,0.25
2015.0,434665,SI,SI,5,0.25
2015.0,434665,CU,FC,5,0.25
2015.0,434665,FC,SI,4,0.21052631578947367
2015.0,434665,FC,FF,4,0.21052631578947367
2015.0,434665,FF,CU,4,0.2
2015.0,434665,FS,SI,4,0.2
2015.0,434665,SI,FS,4,0.2
2015.0,434665,CU,SI,4,0.2
2015.0,434665,CU,CU,4,0.2
2015.0,434665,IN,SI,3,0.3
2015.0,434665,SI,CU,3,0.15
2015.0,434665,CU,FS,3,0.15
2015.0,434665,CU,FF,3,0.15
2015.0,434665,FC,FC,2,0.10526315789473684
2015.0,434665,FS,IN,2,0.1
2015.0,434665,FS,FC,2,0.1
2015.0,434665,SI,FC,2,0.1
2015.0,434665,FC,IN,1,0.05263157894736842
2015.0,434665,FC,FS,1,0.05263157894736842
2015.0,434665,IN,CU,1,0.1
2015.0,434665,IN,FF,1,0.1
2015.0,434665,SI,FF,1,0.05
2015.0,434665,FF,IN,1,0.05
2015.0,434665,FS,FS,1,0.05
2015.0,434665,FS,CU,1,0.05
2015.0,434665,CU,IN,1,0.05
2015.0,434671,SI,SL,13,0.52
2015.0,434671,FF,FS,12,0.48
2015.0,434671,CH,CU,12,0.48
2015.0,434671,CU,FC,11,0.44
2015.0,434671,CU,CH,11,0.44
2015.0,434671,FC,FF,10,0.4
2015.0,434671,SL,SI,10,0.4166666666666667
2015.0,434671,FS,FF,8,0.32
2015.0,434671,FF,FC,8,0.32
2015.0,434671,FC,CU,8,0.32
2015.0,434671,FS,SI,7,0.28
2015.0,434671,SI,FS,5,0.2
2015.0,434671,SL,SL,5,0.20833333333333334
2015.0,434671,FC,CH,4,0.16
2015.0,434671,CH,CH,4,0.16
2015.0,434671,FS,IN,3,0.12
2015.0,434671,FS,PO,3,0.12
2015.0,434671,SL,FS,3,0.125
2015.0,434671,PO,SI,3,0.6
2015.0,434671,CH,SL,3,0.12
2015.0,434671,CH,FF,3,0.12
2015.0,434671,SI,PO,2,0.08
2015.0,434671,FS,CH,2,0.08
2015.0,434671,SI,FC,2,0.08
2015.0,434671,FA,FC,2,0.4
2015.0,434671,FF,CU,2,0.08
2015.0,434671,IN,SI,2,0.4
2015.0,434671,SL,FF,2,0.08333333333333333
2015.0,434671,IN,FF,1,0.2
2015.0,434671,FF,CH,1,0.04
2015.0,434671,FS,FA,1,0.04
2015.0,434671,FS,FC,1,0.04
2015.0,434671,FA,CU,1,0.2
2015.0,434671,FA,SL,1,0.2
2015.0,434671,FF,SL,1,0.04
2015.0,434671,FF,FA,1,0.04
2015.0,434671,FA,SI,1,0.2
2015.0,434671,IN,FS,1,0.2
2015.0,434671,IN,CH,1,0.2
2015.0,434671,SI,CH,1,0.04
2015.0,434671,SI,CU,1,0.04
2015.0,434671,SI,IN,1,0.04
2015.0,434671,SL,CH,1,0.041666666666666664
2015.0,434671,PO,FS,1,0.2
2015.0,434671,SL,CU,1,0.041666666666666664
2015.0,434671,FC,FA,1,0.04
2015.0,434671,FC,SI,1,0.04
2015.0,434671,FC,FS,1,0.04
2015.0,434671,SL,FA,1,0.041666666666666664
2015.0,434671,PO,FF,1,0.2
2015.0,434671,SL,FC,1,0.041666666666666664
2015.0,434671,CH,IN,1,0.04
2015.0,434671,CU,FA,1,0.04
2015.0,434671,CU,SL,1,0.04
2015.0,434671,CU,FS,1,0.04
2015.0,434671,CH,SI,1,0.04
2015.0,434671,CH,FS,1,0.04
2015.0,434678,CH,CH,2,0.4
2015.0,434678,CH,CU,2,0.4
2015.0,434678,FF,CU,2,0.4
2015.0,434678,FF,FC,2,0.4
2015.0,434678,FC,CH,2,0.4
2015.0,434678,FC,FF,2,0.4
2015.0,434678,CU,FF,2,0.5
2015.0,434678,CU,FC,2,0.5
2015.0,434678,CH,FF,1,0.2
2015.0,434678,FC,FC,1,0.2
2015.0,434678,FF,CH,1,0.2
2015.0,434718,SI,SL,16,0.5333333333333333
2015.0,434718,SL,SI,15,0.5
2015.0,434718,CH,SI,9,0.3103448275862069
2015.0,434718,SI,IN,8,0.26666666666666666
2015.0,434718,CH,CH,8,0.27586206896551724
2015.0,434718,SL,CH,8,0.26666666666666666
2015.0,434718,IN,CH,7,0.4666666666666667
2015.0,434718,CH,IN,7,0.2413793103448276
2015.0,434718,SL,SL,7,0.23333333333333334
2015.0,434718,SI,CH,6,0.2
2015.0,434718,IN,SI,6,0.4
2015.0,434718,CH,SL,5,0.1724137931034483
2015.0,434718,IN,SL,2,0.13333333333333333
2015.0,435043,CH,CU,15,0.5
2015.0,435043,SI,SL,14,0.4
2015.0,435043,CU,FF,13,0.38235294117647056
2015.0,435043,FF,IN,12,0.4
2015.0,435043,IN,SI,12,0.48
2015.0,435043,FF,CU,10,0.3333333333333333
2015.0,435043,CU,CH,9,0.2647058823529412
2015.0,435043,SL,SI,8,0.26666666666666666
2015.0,435043,IN,FF,8,0.32
2015.0,435043,SI,IN,7,0.2
2015.0,435043,SL,CH,7,0.23333333333333334
2015.0,435043,SI,CH,6,0.17142857142857143
2015.0,435043,CU,SI,6,0.17647058823529413
2015.0,435043,FF,SI,5,0.16666666666666666
2015.0,435043,SL,CU,5,0.16666666666666666
2015.0,435043,SL,SL,5,0.16666666666666666
2015.0,435043,CH,CH,5,0.16666666666666666
2015.0,435043,SI,FF,4,0.11428571428571428
2015.0,435043,CU,SL,4,0.11764705882352941
2015.0,435043,SI,CU,3,0.08571428571428572
2015.0,435043,SL,IN,3,0.1
2015.0,435043,CH,SI,3,0.1
2015.0,435043,CH,SL,3,0.1
2015.0,435043,IN,CH,2,0.08
2015.0,435043,IN,SL,2,0.08
2015.0,435043,SL,FF,2,0.06666666666666667
2015.0,435043,CH,FF,2,0.06666666666666667
2015.0,435043,CH,IN,2,0.06666666666666667
2015.0,435043,SI,SI,1,0.02857142857142857
2015.0,435043,FF,FF,1,0.03333333333333333
2015.0,435043,FF,CH,1,0.03333333333333333
2015.0,435043,FF,SL,1,0.03333333333333333
2015.0,435043,CU,CU,1,0.029411764705882353
2015.0,435043,CU,IN,1,0.029411764705882353
2015.0,435043,IN,CU,1,0.04
2015.0,435044,SL,SI,5,0.5
2015.0,435044,CH,FF,5,0.5
2015.0,435044,FF,SI,5,0.5
2015.0,435044,SI,SL,4,0.4444444444444444
2015.0,435044,FF,CH,4,0.4
2015.0,435044,CH,CH,3,0.3
2015.0,435044,SI,FF,3,0.3333333333333333
2015.0,435044,SL,SL,2,0.2
2015.0,435044,SL,FF,2,0.2
2015.0,435044,CH,SL,2,0.2
2015.0,435044,SI,CH,2,0.2222222222222222
2015.0,435044,SL,CH,1,0.1
2015.0,435044,FF,SL,1,0.1
2015.0,435045,SL,FF,6,0.4
2015.0,435045,CH,FF,6,0.6
2015.0,435045,FF,CH,5,0.35714285714285715
2015.0,435045,FF,IN,4,0.2857142857142857
2015.0,435045,FF,SL,4,0.2857142857142857
2015.0,435045,SL,SL,4,0.26666666666666666
2015.0,435045,IN,SL,3,0.6
2015.0,435045,SL,FC,3,0.2
2015.0,435045,FC,FF,2,0.4
2015.0,435045,FC,CH,2,0.4
2015.0,435045,SL,CH,2,0.13333333333333333
2015.0,435045,CH,SL,2,0.2
2015.0,435045,FF,FF,1,0.07142857142857142
2015.0,435045,IN,FC,1,0.2
2015.0,435045,IN,CH,1,0.2
2015.0,435045,FC,SL,1,0.2
2015.0,435045,CH,IN,1,0.1
2015.0,435045,CH,FC,1,0.1
2015.0,435221,FF,SI,4,0.8
2015.0,435221,CU,FF,3,0.6
2015.0,435221,SI,CU,2,0.4
2015.0,435221,SI,FC,2,0.4
2015.0,435221,CU,FC,1,0.2
2015.0,435221,CU,CU,1,0.2
2015.0,435221,SI,FF,1,0.2
2015.0,435221,FF,FC,1,0.2
2015.0,435221,FC,FC,1,0.25
2015.0,435221,FC,CU,1,0.25
2015.0,435221,FC,SI,1,0.25
2015.0,435221,FC,FF,1,0.25
2015.0,435400,FF,FC,9,0.36
2015.0,435400,FC,FF,9,0.36
2015.0,435400,SI,FF,8,0.3333333333333333
2015.0,435400,IN,FF,7,0.4666666666666667
2015.0,435400,SI,IN,7,0.2916666666666667
2015.0,435400,FF,SI,7,0.28
2015.0,435400,IN,SI,6,0.4
2015.0,435400,FF,IN,6,0.24
2015.0,435400,FC,SI,6,0.24
2015.0,435400,CU,FC,5,0.5
2015.0,435400,FC,CU,5,0.2
2015.0,435400,FC,FC,5,0.2
2015.0,435400,SI,FC,5,0.20833333333333334
2015.0,435400,CU,SI,3,0.3
2015.0,435400,SI,SI,3,0.125
2015.0,435400,CU,CU,2,0.2
2015.0,435400,FF,CU,2,0.08
2015.0,435400,IN,IN,1,0.06666666666666667
2015.0,435400,IN,FC,1,0.06666666666666667
2015.0,435400,SI,CU,1,0.041666666666666664
2015.0,435400,FF,FF,1,0.04
2015.0,444436,SL,SL,13,0.43333333333333335
2015.0,444436,SL,SI,13,0.43333333333333335
2015.0,444436,SI,CH,13,0.43333333333333335
2015.0,444436,CH,SI,11,0.36666666666666664
2015.0,444436,SI,SL,9,0.3
2015.0,444436,CH,CH,8,0.26666666666666666
2015.0,444436,CH,SL,7,0.23333333333333334
2015.0,444436,SI,IN,6,0.2
2015.0,444436,IN,CH,5,0.5555555555555556
2015.0,444436,SL,CH,4,0.13333333333333333
2015.0,444436,CH,IN,4,0.13333333333333333
2015.0,444436,IN,SI,3,0.3333333333333333
2015.0,444436,SI,SI,2,0.06666666666666667
2015.0,444436,IN,SL,1,0.1111111111111111
2015.0,444446,CH,CU,9,0.6
2015.0,444446,CU,FF,7,0.4666666666666667
2015.0,444446,CU,CH,6,0.4
2015.0,444446,FF,SI,6,0.4
2015.0,444446,FF,CU,5,0.3333333333333333
2015.0,444446,SI,FF,5,0.5555555555555556
2015.0,444446,CH,CH,5,0.3333333333333333
2015.0,444446,FF,CH,3,0.2
2015.0,444446,SI,SI,3,0.3333333333333333
2015.0,444446,CU,SI,1,0.06666666666666667
2015.0,444446,CU,CU,1,0.06666666666666667
2015.0,444446,FF,FF,1,0.06666666666666667
2015.0,444446,SI,CH,1,0.1111111111111111
2015.0,444446,CH,FF,1,0.06666666666666667
2015.0,444468,SL,SI,18,0.5142857142857142
2015.0,444468,SI,FF,15,0.42857142857142855
2015.0,444468,SI,SL,14,0.4
2015.0,444468,FF,SI,10,0.2857142857142857
2015.0,444468,FF,FC,10,0.2857142857142857
2015.0,444468,SL,FF,6,0.17142857142857143
2015.0,444468,FC,SL,6,0.3157894736842105
2015.0,444468,FF,CH,6,0.17142857142857143
2015.0,444468,CH,FF,6,0.2
2015.0,444468,CH,CH,6,0.2
2015.0,444468,CH,SL,6,0.2
2015.0,444468,SL,CH,5,0.14285714285714285
2015.0,444468,CH,FC,5,0.16666666666666666
2015.0,444468,FC,CH,4,0.21052631578947367
2015.0,444468,FC,FF,4,0.21052631578947367
2015.0,444468,FF,SL,4,0.11428571428571428
2015.0,444468,SL,SL,4,0.11428571428571428
2015.0,444468,SI,CH,4,0.11428571428571428
2015.0,444468,CU,CH,3,0.6
2015.0,444468,CH,SI,3,0.1
2015.0,444468,PO,SI,2,0.4
2015.0,444468,FC,CU,2,0.10526315789473684
2015.0,444468,FC,SI,2,0.10526315789473684
2015.0,444468,FF,PO,2,0.05714285714285714
2015.0,444468,FF,FF,2,0.05714285714285714
2015.0,444468,SL,FC,2,0.05714285714285714
2015.0,444468,CH,CU,2,0.06666666666666667
2015.0,444468,CH,PO,2,0.06666666666666667
2015.0,444468,CU,FF,1,0.2
2015.0,444468,CU,FC,1,0.2
2015.0,444468,FC,FC,1,0.05263157894736842
2015.0,444468,FF,CU,1,0.02857142857142857
2015.0,444468,SI,PO,1,0.02857142857142857
2015.0,444468,SI,FC,1,0.02857142857142857
2015.0,444468,PO,SL,1,0.2
2015.0,444468,PO,CH,1,0.2
2015.0,444468,PO,FF,1,0.2
2015.0,444520,CU,CH,14,0.4117647058823529
2015.0,444520,SI,SL,14,0.4
2015.0,444520,SL,SI,13,0.37142857142857144
2015.0,444520,CH,CU,13,0.37142857142857144
2015.0,444520,FF,CU,13,0.37142857142857144
2015.0,444520,CU,FF,12,0.35294117647058826
2015.0,444520,SL,SL,9,0.2571428571428571
2015.0,444520,SI,IN,8,0.22857142857142856
2015.0,444520,SL,CH,7,0.2
2015.0,444520,SI,FF,7,0.2
2015.0,444520,FF,IN,7,0.2
2015.0,444520,CH,SL,6,0.17142857142857143
2015.0,444520,CH,SI,6,0.17142857142857143
2015.0,444520,IN,FF,6,0.3
2015.0,444520,FF,SI,6,0.17142857142857143
2015.0,444520,IN,SI,6,0.3
2015.0,444520,CH,FF,5,0.14285714285714285
2015.0,444520,SI,CH,4,0.11428571428571428
2015.0,444520,FF,CH,4,0.11428571428571428
2015.0,444520,SL,FF,3,0.08571428571428572
2015.0,444520,CH,CH,3,0.08571428571428572
2015.0,444520,CU,SI,3,0.08823529411764706
2015.0,444520,CU,CU,3,0.08823529411764706
2015.0,444520,FF,SL,3,0.08571428571428572
2015.0,444520,IN,CH,3,0.15
2015.0,444520,IN,CU,3,0.15
2015.0,444520,SL,CU,2,0.05714285714285714
2015.0,444520,CH,IN,2,0.05714285714285714
2015.0,444520,IN,SL,2,0.1
2015.0,444520,FF,FF,2,0.05714285714285714
2015.0,444520,SL,IN,1,0.02857142857142857
2015.0,444520,CU,IN,1,0.029411764705882353
2015.0,444520,CU,SL,1,0.029411764705882353
2015.0,444520,SI,SI,1,0.02857142857142857
2015.0,444520,SI,CU,1,0.02857142857142857
2015.0,444836,IN,SL,2,0.5
2015.0,444836,CH,FC,2,0.4
2015.0,444836,SI,FF,2,0.4
2015.0,444836,FF,FC,2,0.4
2015.0,444836,FC,CH,2,0.4
2015.0,444836,SL,IN,2,0.4
2015.0,444836,IN,SI,1,0.25
2015.0,444836,IN,FF,1,0.25
2015.0,444836,CH,CH,1,0.2
2015.0,444836,CH,SL,1,0.2
2015.0,444836,CH,IN,1,0.2
2015.0,444836,SI,CH,1,0.2
2015.0,444836,FF,CH,1,0.2
2015.0,444836,FF,IN,1,0.2
2015.0,444836,FF,SI,1,0.2
2015.0,444836,SI,SL,1,0.2
2015.0,444836,SI,SI,1,0.2
2015.0,444836,FC,SI,1,0.2
2015.0,444836,FC,FF,1,0.2
2015.0,444836,FC,IN,1,0.2
2015.0,444836,SL,SI,1,0.2
2015.0,444836,SL,SL,1,0.2
2015.0,444836,SL,FF,1,0.2
2015.0,444857,CH,CU,12,0.6
2015.0,444857,CU,FC,10,0.4166666666666667
2015.0,444857,FF,SI,10,0.4
2015.0,444857,FC,CU,9,0.36
2015.0,444857,FC,FF,9,0.36
2015.0,444857,CU,CH,8,0.3333333333333333
2015.0,444857,FF,FC,8,0.32
2015.0,444857,SI,FF,8,0.32
2015.0,444857,SI,CH,5,0.2
2015.0,444857,SI,FC,4,0.16
2015.0,444857,SI,SI,4,0.16
2015.0,444857,FC,SI,4,0.16
2015.0,444857,FF,CH,3,0.12
2015.0,444857,CH,SI,3,0.15
2015.0,444857,CH,CH,3,0.15
2015.0,444857,PO,FF,3,0.6
2015.0,444857,CU,CU,2,0.08333333333333333
2015.0,444857,CU,SI,2,0.08333333333333333
2015.0,444857,FF,FF,2,0.08
2015.0,444857,FF,PO,2,0.08
2015.0,444857,SI,PO,2,0.08
2015.0,444857,SI,CU,2,0.08
2015.0,444857,PO,SI,2,0.4
2015.0,444857,FC,FC,2,0.08
2015.0,444857,CU,PO,1,0.041666666666666664
2015.0,444857,CU,FF,1,0.041666666666666664
2015.0,444857,CH,FF,1,0.05
2015.0,444857,CH,FC,1,0.05
2015.0,444857,FC,CH,1,0.04
2015.0,444935,FF,FC,9,0.45
2015.0,444935,FC,FF,8,0.42105263157894735
2015.0,444935,SL,FF,8,0.4
2015.0,444935,FF,SL,8,0.4
2015.0,444935,FC,FC,6,0.3157894736842105
2015.0,444935,SL,SL,6,0.3
2015.0,444935,FC,SL,5,0.2631578947368421
2015.0,444935,SL,IN,3,0.15
2015.0,444935,SL,FC,3,0.15
2015.0,444935,IN,FF,3,0.6
2015.0,444935,FF,IN,2,0.1
2015.0,444935,FF,FF,1,0.05
2015.0,444935,IN,SL,1,0.2
2015.0,444935,IN,FC,1,0.2
2015.0,445060,SL,SI,11,0.55
2015.0,445060,FF,CU,7,0.35
2015.0,445060,SI,SL,7,0.3684210526315789
2015.0,445060,FS,FF,6,0.4
2015.0,445060,CU,FF,6,0.3
2015.0,445060,SI,FS,5,0.2631578947368421
2015.0,445060,IN,FF,4,0.4
2015.0,445060,FF,SL,4,0.2
2015.0,445060,FF,FS,4,0.2
2015.0,445060,CU,CU,4,0.2
2015.0,445060,SI,IN,3,0.15789473684210525
2015.0,445060,SI,CU,3,0.15789473684210525
2015.0,445060,FF,IN,3,0.15
2015.0,445060,IN,SI,3,0.3
2015.0,445060,CU,SL,3,0.15
2015.0,445060,CU,FS,3,0.15
2015.0,445060,SL,CU,3,0.15
2015.0,445060,SL,FF,3,0.15
2015.0,445060,FF,SI,2,0.1
2015.0,445060,IN,SL,2,0.2
2015.0,445060,FS,SI,2,0.13333333333333333
2015.0,445060,FS,CU,2,0.13333333333333333
2015.0,445060,FS,SL,2,0.13333333333333333
2015.0,445060,FS,IN,2,0.13333333333333333
2015.0,445060,CU,SI,2,0.1
2015.0,445060,CU,IN,2,0.1
2015.0,445060,SL,SL,2,0.1
2015.0,445060,FS,FS,1,0.06666666666666667
2015.0,445060,IN,FS,1,0.1
2015.0,445060,SI,FF,1,0.05263157894736842
2015.0,445060,SL,FS,1,0.05
2015.0,445163,FC,CU,14,0.4666666666666667
2015.0,445163,FF,FC,11,0.36666666666666664
2015.0,445163,CU,FC,10,0.3333333333333333
2015.0,445163,FF,IN,9,0.3
2015.0,445163,CU,CH,9,0.3
2015.0,445163,FC,FF,8,0.26666666666666666
2015.0,445163,SL,SI,7,0.28
2015.0,445163,FC,SL,6,0.2
2015.0,445163,CH,FF,6,0.3
2015.0,445163,IN,FF,6,0.3157894736842105
2015.0,445163,SL,CU,6,0.24
2015.0,445163,SI,IN,6,0.3
2015.0,445163,IN,SL,5,0.2631578947368421
2015.0,445163,SI,SL,5,0.25
2015.0,445163,CH,CU,4,0.2
2015.0,445163,CH,SL,4,0.2
2015.0,445163,IN,SI,4,0.21052631578947367
2015.0,445163,FF,FF,4,0.13333333333333333
2015.0,445163,CH,CH,3,0.15
2015.0,445163,FF,SI,3,0.1
2015.0,445163,SI,FC,3,0.15
2015.0,445163,SL,FC,3,0.12
2015.0,445163,SL,IN,3,0.12
2015.0,445163,CU,SI,3,0.1
2015.0,445163,CU,FF,3,0.1
2015.0,445163,IN,CH,2,0.10526315789473684
2015.0,445163,SL,FF,2,0.08
2015.0,445163,SL,SL,2,0.08
2015.0,445163,SL,CH,2,0.08
2015.0,445163,SI,CH,2,0.1
2015.0,445163,SI,CU,2,0.1
2015.0,445163,CU,SL,2,0.06666666666666667
2015.0,445163,CU,CU,2,0.06666666666666667
2015.0,445163,FC,CH,1,0.03333333333333333
2015.0,445163,FC,SI,1,0.03333333333333333
2015.0,445163,CH,IN,1,0.05
2015.0,445163,CH,SI,1,0.05
2015.0,445163,CH,FC,1,0.05
2015.0,445163,SI,FF,1,0.05
2015.0,445163,FF,CH,1,0.03333333333333333
2015.0,445163,IN,FC,1,0.05263157894736842
2015.0,445163,IN,CU,1,0.05263157894736842
2015.0,445163,SI,SI,1,0.05
2015.0,445163,FF,SL,1,0.03333333333333333
2015.0,445163,FF,CU,1,0.03333333333333333
2015.0,445163,CU,IN,1,0.03333333333333333
2015.0,445170,SI,SL,11,0.55
2015.0,445170,SL,SI,8,0.42105263157894735
2015.0,445170,FF,SI,5,0.5
2015.0,445170,SL,CH,5,0.2631578947368421
2015.0,445170,SI,FF,4,0.2
2015.0,445170,SI,SI,4,0.2
2015.0,445170,SL,SL,4,0.21052631578947367
2015.0,445170,CH,FF,4,0.4
2015.0,445170,FF,SL,3,0.3
2015.0,445170,CH,SI,3,0.3
2015.0,445170,FF,CH,2,0.2
2015.0,445170,SL,FF,2,0.10526315789473684
2015.0,445170,CH,SL,2,0.2
2015.0,445170,SI,CH,1,0.05
2015.0,445170,CH,CH,1,0.1
2015.0,445197,SL,SI,12,0.35294117647058826
2015.0,445197,FF,SL,12,0.34285714285714286
2015.0,445197,SI,FF,11,0.55
2015.0,445197,SL,FF,9,0.2647058823529412
2015.0,445197,SI,SL,9,0.45
2015.0,445197,FF,FF,8,0.22857142857142856
2015.0,445197,SL,SL,7,0.20588235294117646
2015.0,445197,FF,SI,7,0.2
2015.0,445197,FF,CU,6,0.17142857142857143
2015.0,445197,CU,SL,5,0.5
2015.0,445197,SL,IN,3,0.08823529411764706
2015.0,445197,SL,CU,3,0.08823529411764706
2015.0,445197,IN,FF,3,0.6
2015.0,445197,CU,FF,3,0.3
2015.0,445197,FF,IN,2,0.05714285714285714
2015.0,445197,IN,SL,2,0.4
2015.0,445197,CU,CU,1,0.1
2015.0,445197,CU,SI,1,0.1
2015.0,445213,SI,FF,3,0.6
2015.0,445213,FF,CH,3,0.6
2015.0,445213,CH,FF,2,0.4
2015.0,445213,SI,SL,2,0.4
2015.0,445213,FF,SI,2,0.4
2015.0,445213,SL,SL,2,0.5
2015.0,445213,CH,SL,1,0.2
2015.0,445213,CH,SI,1,0.2
2015.0,445213,CH,CH,1,0.2
2015.0,445213,SL,CH,1,0.25
2015.0,445213,SL,SI,1,0.25
2015.0,445276,FF,SL,15,0.5
2015.0,445276,FC,FF,14,0.4666666666666667
2015.0,445276,SL,FC,11,0.3793103448275862
2015.0,445276,FC,FC,9,0.3
2015.0,445276,FF,FC,7,0.23333333333333334
2015.0,445276,SL,FF,7,0.2413793103448276
2015.0,445276,SL,SL,6,0.20689655172413793
2015.0,445276,FF,FF,5,0.16666666666666666
2015.0,445276,FC,SL,5,0.16666666666666666
2015.0,445276,PO,FF,3,0.6
2015.0,445276,SL,PO,3,0.10344827586206896
2015.0,445276,IN,FC,3,0.6
2015.0,445276,FF,IN,2,0.06666666666666667
2015.0,445276,PO,SL,2,0.4
2015.0,445276,SL,IN,2,0.06896551724137931
2015.0,445276,FF,PO,1,0.03333333333333333
2015.0,445276,IN,SL,1,0.2
2015.0,445276,FC,IN,1,0.03333333333333333
2015.0,445276,FC,PO,1,0.03333333333333333
2015.0,445276,IN,FF,1,0.2
2015.0,445590,CH,CU,5,0.5
2015.0,445590,CU,CH,5,0.5
2015.0,445590,SL,SI,4,0.4
2015.0,445590,CU,FF,4,0.4
2015.0,445590,SI,SL,4,0.4
2015.0,445590,FF,CU,4,0.4
2015.0,445590,SL,SL,3,0.3
2015.0,445590,FF,SI,3,0.3
2015.0,445590,CH,CH,2,0.2
2015.0,445590,SL,FF,2,0.2
2015.0,445590,SI,FF,2,0.2
2015.0,445590,FF,IN,2,0.2
2015.0,445590,CH,IN,1,0.1
2015.0,445590,CH,FF,1,0.1
2015.0,445590,CH,SI,1,0.1
2015.0,445590,SL,CH,1,0.1
2015.0,445590,CU,SL,1,0.1
2015.0,445590,IN,SI,1,0.25
2015.0,445590,IN,IN,1,0.25
2015.0,445590,IN,CH,1,0.25
2015.0,445590,IN,FF,1,0.25
2015.0,445590,SI,SI,1,0.1
2015.0,445590,SI,CU,1,0.1
2015.0,445590,SI,IN,1,0.1
2015.0,445590,SI,CH,1,0.1
2015.0,445590,FF,SL,1,0.1
2015.0,445612,FF,CH,13,0.52
2015.0,445612,CH,FF,11,0.44
2015.0,445612,IN,FF,10,0.5263157894736842
2015.0,445612,SI,IN,9,0.6
2015.0,445612,SL,SI,9,0.36
2015.0,445612,CH,SL,6,0.24
2015.0,445612,FF,SL,5,0.2
2015.0,445612,SI,SL,5,0.3333333333333333
2015.0,445612,SL,CH,5,0.2
2015.0,445612,SL,SL,5,0.2
2015.0,445612,FF,IN,4,0.16
2015.0,445612,IN,SL,4,0.21052631578947367
2015.0,445612,CH,IN,4,0.16
2015.0,445612,IN,SI,3,0.15789473684210525
2015.0,445612,SL,IN,3,0.12
2015.0,445612,SL,FF,3,0.12
2015.0,445612,CH,CH,3,0.12
2015.0,445612,FF,SI,2,0.08
2015.0,445612,IN,CH,2,0.10526315789473684
2015.0,445612,FF,FF,1,0.04
2015.0,445612,SI,CH,1,0.06666666666666667
2015.0,445612,CH,SI,1,0.04
2015.0,445926,FF,FC,12,0.41379310344827586
2015.0,445926,CU,CH,11,0.55
2015.0,445926,FF,SI,11,0.3793103448275862
2015.0,445926,SL,SI,11,0.55
2015.0,445926,FC,CU,10,0.3333333333333333
2015.0,445926,FC,FF,10,0.3333333333333333
2015.0,445926,SI,FF,8,0.26666666666666666
2015.0,445926,CH,FC,8,0.26666666666666666
2015.0,445926,SI,SL,7,0.23333333333333334
2015.0,445926,CH,CU,6,0.2
2015.0,445926,CH,CH,6,0.2
2015.0,445926,IN,FF,6,0.6
2015.0,445926,PO,IN,6,0.6
2015.0,445926,CU,FC,5,0.25
2015.0,445926,SI,PO,5,0.16666666666666666
2015.0,445926,CH,SL,4,0.13333333333333333
2015.0,445926,FC,CH,4,0.13333333333333333
2015.0,445926,SI,SI,3,0.1
2015.0,445926,FF,CH,3,0.10344827586206896
2015.0,445926,SI,CU,3,0.1
2015.0,445926,CH,FF,3,0.1
2015.0,445926,SL,FF,3,0.15
2015.0,445926,FC,SL,3,0.1
2015.0,445926,CU,SL,2,0.1
2015.0,445926,SI,CH,2,0.06666666666666667
2015.0,445926,CH,SI,2,0.06666666666666667
2015.0,445926,PO,CH,2,0.2
2015.0,445926,SL,SL,2,0.1
2015.0,445926,SL,CH,2,0.1
2015.0,445926,SL,FC,2,0.1
2015.0,445926,FC,PO,2,0.06666666666666667
2015.0,445926,CU,SI,1,0.05
2015.0,445926,CU,IN,1,0.05
2015.0,445926,SI,IN,1,0.03333333333333333
2015.0,445926,SI,FC,1,0.03333333333333333
2015.0,445926,FF,SL,1,0.034482758620689655
2015.0,445926,FF,PO,1,0.034482758620689655
2015.0,445926,FF,IN,1,0.034482758620689655
2015.0,445926,CH,PO,1,0.03333333333333333
2015.0,445926,PO,SI,1,0.1
2015.0,445926,IN,SL,1,0.1
2015.0,445926,IN,FC,1,0.1
2015.0,445926,IN,PO,1,0.1
2015.0,445926,IN,SI,1,0.1
2015.0,445926,FC,IN,1,0.03333333333333333
2015.0,445926,PO,FC,1,0.1
2015.0,445968,SL,SI,4,0.4
2015.0,445968,CH,SL,3,0.6
2015.0,445968,SI,IN,3,0.75
2015.0,445968,CU,CH,2,0.4
2015.0,445968,CU,FF,2,0.4
2015.0,445968,SL,SL,2,0.2
2015.0,445968,FF,CU,2,0.4
2015.0,445968,IN,SL,2,0.4
2015.0,445968,IN,FF,2,0.4
2015.0,445968,CH,CU,1,0.2
2015.0,445968,CH,CH,1,0.2
2015.0,445968,CU,SL,1,0.2
2015.0,445968,SL,CH,1,0.1
2015.0,445968,SL,CU,1,0.1
2015.0,445968,SL,FF,1,0.1
2015.0,445968,FF,SI,1,0.2
2015.0,445968,FF,IN,1,0.2
2015.0,445968,FF,SL,1,0.2
2015.0,445968,SL,IN,1,0.1
2015.0,445968,IN,CH,1,0.2
2015.0,445968,SI,CU,1,0.25
2015.0,446099,FF,CU,16,0.45714285714285713
2015.0,446099,SL,FF,15,0.42857142857142855
2015.0,446099,CU,FF,15,0.42857142857142855
2015.0,446099,FF,SL,13,0.37142857142857144
2015.0,446099,CU,SL,11,0.3142857142857143
2015.0,446099,SL,CU,10,0.2857142857142857
2015.0,446099,SL,SL,7,0.2
2015.0,446099,CU,CU,5,0.14285714285714285
2015.0,446099,PO,SL,3,0.6
2015.0,446099,FF,PO,2,0.05714285714285714
2015.0,446099,SI,FF,2,0.4
2015.0,446099,IN,SI,2,0.5
2015.0,446099,FF,IN,2,0.05714285714285714
2015.0,446099,CU,PO,2,0.05714285714285714
2015.0,446099,FF,SI,1,0.02857142857142857
2015.0,446099,FF,FF,1,0.02857142857142857
2015.0,446099,SI,CU,1,0.2
2015.0,446099,SI,SL,1,0.2
2015.0,446099,SI,IN,1,0.2
2015.0,446099,IN,CU,1,0.25
2015.0,446099,IN,FF,1,0.25
2015.0,446099,PO,FF,1,0.2
2015.0,446099,PO,CU,1,0.2
2015.0,446099,SL,IN,1,0.02857142857142857
2015.0,446099,SL,PO,1,0.02857142857142857
2015.0,446099,SL,SI,1,0.02857142857142857
2015.0,446099,CU,SI,1,0.02857142857142857
2015.0,446099,CU,IN,1,0.02857142857142857
2015.0,446321,SL,SI,13,0.43333333333333335
2015.0,446321,CH,FF,11,0.36666666666666664
2015.0,446321,SI,FF,11,0.36666666666666664
2015.0,446321,SL,SL,10,0.3333333333333333
2015.0,446321,FF,SI,10,0.3448275862068966
2015.0,446321,FF,CH,9,0.3103448275862069
2015.0,446321,CH,SL,8,0.26666666666666666
2015.0,446321,CH,CH,7,0.23333333333333334
2015.0,446321,SI,CH,7,0.23333333333333334
2015.0,446321,SI,SL,7,0.23333333333333334
2015.0,446321,CU,CH,4,0.8
2015.0,446321,SL,CH,3,0.1
2015.0,446321,SI,SI,3,0.1
2015.0,446321,FF,SL,3,0.10344827586206896
2015.0,446321,FF,FF,3,0.10344827586206896
2015.0,446321,SL,IN,2,0.06666666666666667
2015.0,446321,SL,FF,2,0.06666666666666667
2015.0,446321,CH,CU,2,0.06666666666666667
2015.0,446321,CH,SI,2,0.06666666666666667
2015.0,446321,IN,FF,2,0.4
2015.0,446321,FF,CU,2,0.06896551724137931
2015.0,446321,FF,IN,2,0.06896551724137931
2015.0,446321,IN,SI,2,0.4
2015.0,446321,CU,FF,1,0.2
2015.0,446321,IN,SL,1,0.2
2015.0,446321,SI,CU,1,0.03333333333333333
2015.0,446321,SI,IN,1,0.03333333333333333
2015.0,446372,CH,CU,19,0.5428571428571428
2015.0,446372,CU,FF,19,0.5428571428571428
2015.0,446372,SI,SL,15,0.4411764705882353
2015.0,446372,FF,SI,13,0.37142857142857144
2015.0,446372,CU,CH,12,0.34285714285714286
2015.0,446372,SL,SL,11,0.3142857142857143
2015.0,446372,SL,SI,10,0.2857142857142857
2015.0,446372,SI,FF,8,0.23529411764705882
2015.0,446372,FF,CU,8,0.22857142857142856
2015.0,446372,FF,IN,7,0.2
2015.0,446372,SL,CU,6,0.17142857142857143
2015.0,446372,IN,SI,6,0.6
2015.0,446372,SI,CH,6,0.17647058823529413
2015.0,446372,CH,CH,5,0.14285714285714285
2015.0,446372,FF,CH,5,0.14285714285714285
2015.0,446372,SL,CH,5,0.14285714285714285
2015.0,446372,CH,SL,4,0.11428571428571428
2015.0,446372,CH,FF,3,0.08571428571428572
2015.0,446372,SL,FF,3,0.08571428571428572
2015.0,446372,CH,SI,2,0.05714285714285714
2015.0,446372,CH,IN,2,0.05714285714285714
2015.0,446372,IN,CH,2,0.2
2015.0,446372,SI,SI,2,0.058823529411764705
2015.0,446372,SI,CU,2,0.058823529411764705
2015.0,446372,CU,SI,2,0.05714285714285714
2015.0,446372,CU,SL,2,0.05714285714285714
2015.0,446372,IN,FF,1,0.1
2015.0,446372,FF,SL,1,0.02857142857142857
2015.0,446372,IN,SL,1,0.1
2015.0,446372,SI,IN,1,0.029411764705882353
2015.0,446372,FF,FF,1,0.02857142857142857
2015.0,446399,FC,CU,17,0.4857142857142857
2015.0,446399,FF,FC,15,0.42857142857142855
2015.0,446399,CU,CH,14,0.4117647058823529
2015.0,446399,FC,FF,13,0.37142857142857144
2015.0,446399,SI,IN,12,0.34285714285714286
2015.0,446399,CU,FC,12,0.35294117647058826
2015.0,446399,SI,FF,9,0.2571428571428571
2015.0,446399,SI,SI,9,0.2571428571428571
2015.0,446399,IN,FF,9,0.45
2015.0,446399,CH,CU,9,0.36
2015.0,446399,IN,SI,8,0.4
2015.0,446399,FF,SI,6,0.17142857142857143
2015.0,446399,FF,IN,6,0.17142857142857143
2015.0,446399,CH,SI,5,0.2
2015.0,446399,CH,FC,5,0.2
2015.0,446399,CH,CH,4,0.16
2015.0,446399,FF,CU,3,0.08571428571428572
2015.0,446399,FF,CH,3,0.08571428571428572
2015.0,446399,CU,CU,3,0.08823529411764706
2015.0,446399,CU,SI,3,0.08823529411764706
2015.0,446399,FC,SI,3,0.08571428571428572
2015.0,446399,SI,FC,2,0.05714285714285714
2015.0,446399,FF,FF,2,0.05714285714285714
2015.0,446399,SI,CU,2,0.05714285714285714
2015.0,446399,CH,IN,2,0.08
2015.0,446399,CU,FF,2,0.058823529411764705
2015.0,446399,FC,CH,2,0.05714285714285714
2015.0,446399,SI,CH,1,0.02857142857142857
2015.0,446399,IN,CU,1,0.05
2015.0,446399,IN,FC,1,0.05
2015.0,446399,IN,CH,1,0.05
2015.0,446899,CU,CH,16,0.47058823529411764
2015.0,446899,SI,CU,14,0.4
2015.0,446899,CH,CU,13,0.37142857142857144
2015.0,446899,CU,SI,13,0.38235294117647056
2015.0,446899,CH,SI,9,0.2571428571428571
2015.0,446899,CH,CH,8,0.22857142857142856
2015.0,446899,SI,SI,8,0.22857142857142856
2015.0,446899,SI,CH,8,0.22857142857142856
2015.0,446899,IN,CU,5,0.5
2015.0,446899,CH,IN,4,0.11428571428571428
2015.0,446899,CU,CU,3,0.08823529411764706
2015.0,446899,SI,PO,3,0.08571428571428572
2015.0,446899,IN,SI,3,0.3
2015.0,446899,CU,IN,2,0.058823529411764705
2015.0,446899,PO,CH,2,0.4
2015.0,446899,PO,SI,2,0.4
2015.0,446899,SI,IN,2,0.05714285714285714
2015.0,446899,CH,PO,1,0.02857142857142857
2015.0,446899,PO,IN,1,0.2
2015.0,446899,IN,PO,1,0.1
2015.0,446899,IN,IN,1,0.1
2015.0,447714,SI,SL,12,0.48
2015.0,447714,FF,CH,11,0.44
2015.0,447714,SL,SI,11,0.4583333333333333
2015.0,447714,CH,FF,8,0.32
2015.0,447714,CH,SL,7,0.28
2015.0,447714,SI,FF,7,0.28
2015.0,447714,CH,CH,6,0.24
2015.0,447714,FF,IN,6,0.24
2015.0,447714,FF,SI,5,0.2
2015.0,447714,SL,SL,5,0.20833333333333334
2015.0,447714,CH,SI,4,0.16
2015.0,447714,IN,FF,4,0.4
2015.0,447714,SI,IN,4,0.16
2015.0,447714,IN,SI,4,0.4
2015.0,447714,SL,FF,4,0.16666666666666666
2015.0,447714,SL,CH,4,0.16666666666666666
2015.0,447714,FF,FF,2,0.08
2015.0,447714,IN,CH,2,0.2
2015.0,447714,FF,SL,1,0.04
2015.0,447714,SI,SI,1,0.04
2015.0,447714,SI,CH,1,0.04
2015.0,447755,FF,CH,8,0.4
2015.0,447755,SI,SL,8,0.5333333333333333
2015.0,447755,FF,SI,7,0.35
2015.0,447755,SI,FF,7,0.4666666666666667
2015.0,447755,CH,FF,7,0.3684210526315789
2015.0,447755,SL,CH,6,0.3
2015.0,447755,SL,FF,5,0.25
2015.0,447755,SL,SI,4,0.2
2015.0,447755,CH,SI,4,0.21052631578947367
2015.0,447755,CH,SL,4,0.21052631578947367
2015.0,447755,IN,CH,3,0.6
2015.0,447755,FF,SL,3,0.15
2015.0,447755,SL,SL,3,0.15
2015.0,447755,CH,CH,3,0.15789473684210525
2015.0,447755,IN,SL,2,0.4
2015.0,447755,FF,IN,2,0.1
2015.0,447755,SL,IN,2,0.1
2015.0,447755,CH,IN,1,0.05263157894736842
2015.0,448159,SL,SI,14,0.4117647058823529
2015.0,448159,FS,FF,12,0.48
2015.0,448159,FF,FS,11,0.3142857142857143
2015.0,448159,SI,SL,11,0.44
2015.0,448159,FF,SL,10,0.2857142857142857
2015.0,448159,FF,FF,9,0.2571428571428571
2015.0,448159,SI,FS,9,0.36
2015.0,448159,SL,FF,9,0.2647058823529412
2015.0,448159,SL,SL,7,0.20588235294117646
2015.0,448159,FS,SI,7,0.28
2015.0,448159,SI,FF,5,0.2
2015.0,448159,IN,SL,4,0.8
2015.0,448159,FF,SI,4,0.11428571428571428
2015.0,448159,FS,IN,3,0.12
2015.0,448159,SL,FS,3,0.08823529411764706
2015.0,448159,FS,SL,2,0.08
2015.0,448159,IN,FS,1,0.2
2015.0,448159,FF,IN,1,0.02857142857142857
2015.0,448159,FS,FS,1,0.04
2015.0,448159,SL,IN,1,0.029411764705882353
2015.0,448178,CH,CU,18,0.5142857142857142
2015.0,448178,CU,FF,16,0.45714285714285713
2015.0,448178,CU,CH,16,0.45714285714285713
2015.0,448178,FF,CU,13,0.38235294117647056
2015.0,448178,FF,SI,10,0.29411764705882354
2015.0,448178,CH,CH,9,0.2571428571428571
2015.0,448178,SI,FF,9,0.36
2015.0,448178,SI,SI,7,0.28
2015.0,448178,CH,FF,5,0.14285714285714285
2015.0,448178,FF,FF,5,0.14705882352941177
2015.0,448178,FF,CH,5,0.14705882352941177
2015.0,448178,CH,SI,3,0.08571428571428572
2015.0,448178,IN,SI,3,0.6
2015.0,448178,SI,CH,3,0.12
2015.0,448178,SI,IN,3,0.12
2015.0,448178,SI,CU,3,0.12
2015.0,448178,CU,SI,2,0.05714285714285714
2015.0,448178,IN,CH,1,0.2
2015.0,448178,IN,CU,1,0.2
2015.0,448178,FF,IN,1,0.029411764705882353
2015.0,448178,CU,IN,1,0.02857142857142857
2015.0,448179,SI,FF,6,0.6
2015.0,448179,CU,CS,5,0.5
2015.0,448179,FF,CU,4,0.4
2015.0,448179,FF,SI,4,0.4
2015.0,448179,SI,CU,3,0.3
2015.0,448179,CU,CH,3,0.3
2015.0,448179,SL,SI,3,0.6
2015.0,448179,CH,CU,3,0.3333333333333333
2015.0,448179,CU,FF,2,0.2
2015.0,448179,CS,CH,2,0.4
2015.0,448179,CH,CH,2,0.2222222222222222
2015.0,448179,CH,SL,2,0.2222222222222222
2015.0,448179,FF,SL,1,0.1
2015.0,448179,FF,CH,1,0.1
2015.0,448179,SI,CH,1,0.1
2015.0,448179,SL,SL,1,0.2
2015.0,448179,SL,CH,1,0.2
2015.0,448179,CS,SL,1,0.2
2015.0,448179,CH,SI,1,0.1111111111111111
2015.0,448179,CH,FF,1,0.1111111111111111
2015.0,448179,CS,SI,1,0.2
2015.0,448179,CS,FF,1,0.2
2015.0,448281,CH,CU,9,0.45
2015.0,448281,CU,CH,8,0.42105263157894735
2015.0,448281,FF,SI,7,0.4666666666666667
2015.0,448281,CU,FF,6,0.3157894736842105
2015.0,448281,CH,CH,5,0.25
2015.0,448281,FF,CU,5,0.3333333333333333
2015.0,448281,CH,FF,4,0.2
2015.0,448281,SI,CH,4,0.26666666666666666
2015.0,448281,SI,CU,4,0.26666666666666666
2015.0,448281,SI,FF,4,0.26666666666666666
2015.0,448281,SI,SI,3,0.2
2015.0,448281,CU,SI,3,0.15789473684210525
2015.0,448281,CH,SI,2,0.1
2015.0,448281,FF,CH,2,0.13333333333333333
2015.0,448281,CU,CU,2,0.10526315789473684
2015.0,448281,FF,FF,1,0.06666666666666667
2015.0,448306,CH,FC,15,0.5
2015.0,448306,KC,SI,13,0.43333333333333335
2015.0,448306,FC,FF,13,0.43333333333333335
2015.0,448306,SI,KC,12,0.4
2015.0,448306,FC,CH,10,0.3333333333333333
2015.0,448306,FF,IN,9,0.3103448275862069
2015.0,448306,SI,CH,8,0.26666666666666666
2015.0,448306,FF,FC,8,0.27586206896551724
2015.0,448306,IN,KC,8,0.5333333333333333
2015.0,448306,FF,KC,6,0.20689655172413793
2015.0,448306,CH,FF,5,0.16666666666666666
2015.0,448306,KC,IN,5,0.16666666666666666
2015.0,448306,KC,FF,5,0.16666666666666666
2015.0,448306,CH,CH,5,0.16666666666666666
2015.0,448306,FC,SI,5,0.16666666666666666
2015.0,448306,IN,FF,4,0.26666666666666666
2015.0,448306,SI,SI,4,0.13333333333333333
2015.0,448306,SI,FC,4,0.13333333333333333
2015.0,448306,KC,CH,4,0.13333333333333333
2015.0,448306,FF,SI,3,0.10344827586206896
2015.0,448306,CH,SI,3,0.1
2015.0,448306,IN,SI,2,0.13333333333333333
2015.0,448306,SI,FF,2,0.06666666666666667
2015.0,448306,FF,CH,2,0.06896551724137931
2015.0,448306,KC,FC,2,0.06666666666666667
2015.0,448306,FC,KC,2,0.06666666666666667
2015.0,448306,IN,FC,1,0.06666666666666667
2015.0,448306,FF,FF,1,0.034482758620689655
2015.0,448306,KC,KC,1,0.03333333333333333
2015.0,448306,CH,IN,1,0.03333333333333333
2015.0,448306,CH,KC,1,0.03333333333333333
2015.0,448609,CH,FF,16,0.45714285714285713
2015.0,448609,FF,CH,16,0.45714285714285713
2015.0,448609,SI,SL,14,0.56
2015.0,448609,SL,SI,13,0.38235294117647056
2015.0,448609,CH,CH,10,0.2857142857142857
2015.0,448609,SI,FF,9,0.36
2015.0,448609,SL,FF,8,0.23529411764705882
2015.0,448609,FF,SL,8,0.22857142857142856
2015.0,448609,SL,SL,7,0.20588235294117646
2015.0,448609,SL,CH,6,0.17647058823529413
2015.0,448609,CH,SL,6,0.17142857142857143
2015.0,448609,FF,SI,6,0.17142857142857143
2015.0,448609,FF,IN,4,0.11428571428571428
2015.0,448609,CH,SI,3,0.08571428571428572
2015.0,448609,IN,SI,2,0.4
2015.0,448609,IN,CH,2,0.4
2015.0,448609,SI,SI,1,0.04
2015.0,448609,SI,IN,1,0.04
2015.0,448609,FF,FF,1,0.02857142857142857
2015.0,448609,IN,FF,1,0.2
2015.0,448614,FF,FC,16,0.47058823529411764
2015.0,448614,FC,CU,16,0.45714285714285713
2015.0,448614,FC,FF,14,0.4
2015.0,448614,SI,IN,12,0.4
2015.0,448614,CU,FC,10,0.2857142857142857
2015.0,448614,IN,FF,9,0.45
2015.0,448614,CU,CH,9,0.2571428571428571
2015.0,448614,SI,SI,7,0.23333333333333334
2015.0,448614,IN,SI,7,0.35
2015.0,448614,FF,SI,6,0.17647058823529413
2015.0,448614,FF,CU,6,0.17647058823529413
2015.0,448614,SI,FF,6,0.2
2015.0,448614,CU,SI,6,0.17142857142857143
2015.0,448614,CH,CU,6,0.4
2015.0,448614,CU,FF,5,0.14285714285714285
2015.0,448614,CH,FC,5,0.3333333333333333
2015.0,448614,FF,IN,4,0.11764705882352941
2015.0,448614,CU,CU,3,0.08571428571428572
2015.0,448614,CH,SI,3,0.2
2015.0,448614,IN,CU,2,0.1
2015.0,448614,SI,CU,2,0.06666666666666667
2015.0,448614,SI,FC,2,0.06666666666666667
2015.0,448614,FC,CH,2,0.05714285714285714
2015.0,448614,CU,IN,2,0.05714285714285714
2015.0,448614,FF,FF,1,0.029411764705882353
2015.0,448614,IN,CH,1,0.05
2015.0,448614,IN,IN,1,0.05
2015.0,448614,FF,CH,1,0.029411764705882353
2015.0,448614,SI,CH,1,0.03333333333333333
2015.0,448614,FC,FC,1,0.02857142857142857
2015.0,448614,FC,IN,1,0.02857142857142857
2015.0,448614,FC,SI,1,0.02857142857142857
2015.0,448614,CH,CH,1,0.06666666666666667
2015.0,448802,SI,SL,15,0.5172413793103449
2015.0,448802,CU,CH,14,0.4666666666666667
2015.0,448802,SL,SI,13,0.43333333333333335
2015.0,448802,CU,FC,12,0.4
2015.0,448802,FF,SI,10,0.3333333333333333
2015.0,448802,FC,CU,9,0.36
2015.0,448802,CH,CU,8,0.26666666666666666
2015.0,448802,FC,FF,7,0.28
2015.0,448802,SI,FF,7,0.2413793103448276
2015.0,448802,FF,CU,7,0.23333333333333334
2015.0,448802,FC,CH,6,0.24
2015.0,448802,CH,SL,6,0.2
2015.0,448802,CH,FC,5,0.16666666666666666
2015.0,448802,FF,FC,5,0.16666666666666666
2015.0,448802,CH,FF,4,0.13333333333333333
2015.0,448802,SL,CU,4,0.13333333333333333
2015.0,448802,PO,FF,4,0.4
2015.0,448802,PO,SI,4,0.4
2015.0,448802,SL,FF,4,0.13333333333333333
2015.0,448802,CH,CH,3,0.1
2015.0,448802,SI,PO,3,0.10344827586206896
2015.0,448802,SI,CH,3,0.10344827586206896
2015.0,448802,FF,SL,3,0.1
2015.0,448802,SL,SL,3,0.1
2015.0,448802,CH,PO,2,0.06666666666666667
2015.0,448802,CH,SI,2,0.06666666666666667
2015.0,448802,SL,FC,2,0.06666666666666667
2015.0,448802,FF,PO,2,0.06666666666666667
2015.0,448802,FF,FF,2,0.06666666666666667
2015.0,448802,SL,PO,2,0.06666666666666667
2015.0,448802,SL,CH,2,0.06666666666666667
2015.0,448802,FC,FC,1,0.04
2015.0,448802,FC,PO,1,0.04
2015.0,448802,FC,SL,1,0.04
2015.0,448802,SI,CU,1,0.034482758620689655
2015.0,448802,FF,CH,1,0.03333333333333333
2015.0,448802,PO,SL,1,0.1
2015.0,448802,PO,CH,1,0.1
2015.0,448802,CU,CU,1,0.03333333333333333
2015.0,448802,CU,FF,1,0.03333333333333333
2015.0,448802,CU,SI,1,0.03333333333333333
2015.0,448802,CU,SL,1,0.03333333333333333
2015.0,448855,FF,FS,3,0.6
2015.0,448855,IN,SI,2,0.5
2015.0,448855,FF,CU,2,0.4
2015.0,448855,SI,FF,2,0.4
2015.0,448855,SI,SL,2,0.4
2015.0,448855,CU,IN,2,0.4
2015.0,448855,SL,CU,2,0.4
2015.0,448855,FS,SI,2,0.4
2015.0,448855,FS,IN,2,0.4
2015.0,448855,SL,FF,2,0.4
2015.0,448855,SI,FS,1,0.2
2015.0,448855,IN,IN,1,0.25
2015.0,448855,IN,SL,1,0.25
2015.0,448855,CU,FF,1,0.2
2015.0,448855,CU,CU,1,0.2
2015.0,448855,CU,SL,1,0.2
2015.0,448855,FS,SL,1,0.2
2015.0,448855,SL,SI,1,0.2
2015.0,449079,FF,KC,5,0.35714285714285715
2015.0,449079,KC,FF,4,0.26666666666666666
2015.0,449079,CH,FF,4,0.4
2015.0,449079,KC,KC,4,0.26666666666666666
2015.0,449079,FF,CH,4,0.2857142857142857
2015.0,449079,CH,KC,3,0.3
2015.0,449079,KC,SI,3,0.2
2015.0,449079,FF,IN,3,0.21428571428571427
2015.0,449079,CH,SL,2,0.2
2015.0,449079,KC,CH,2,0.13333333333333333
2015.0,449079,KC,IN,2,0.13333333333333333
2015.0,449079,FF,FF,2,0.14285714285714285
2015.0,449079,SL,FF,2,0.4
2015.0,449079,SI,SI,2,0.4
2015.0,449079,SI,KC,2,0.4
2015.0,449079,IN,FF,2,0.4
2015.0,449079,SL,SL,2,0.4
2015.0,449079,CH,CH,1,0.1
2015.0,449079,SI,FF,1,0.2
2015.0,449079,IN,CH,1,0.2
2015.0,449079,IN,SL,1,0.2
2015.0,449079,SL,CH,1,0.2
2015.0,449079,IN,KC,1,0.2
2015.0,449097,SL,SI,12,0.4
2015.0,449097,FF,FS,12,0.4
2015.0,449097,FS,FF,11,0.3793103448275862
2015.0,449097,FF,SL,9,0.3
2015.0,449097,SI,FS,9,0.36
2015.0,449097,FF,FF,8,0.26666666666666666
2015.0,449097,SL,FF,7,0.23333333333333334
2015.0,449097,FS,SL,7,0.2413793103448276
2015.0,449097,FS,SI,7,0.2413793103448276
2015.0,449097,SI,SL,6,0.24
2015.0,449097,SL,SL,5,0.16666666666666666
2015.0,449097,SI,IN,5,0.2
2015.0,449097,SL,FS,4,0.13333333333333333
2015.0,449097,IN,SL,3,0.3
2015.0,449097,FS,IN,3,0.10344827586206896
2015.0,449097,IN,SI,3,0.3
2015.0,449097,IN,FS,3,0.3
2015.0,449097,SI,FF,3,0.12
2015.0,449097,SL,IN,2,0.06666666666666667
2015.0,449097,SI,SI,2,0.08
2015.0,449097,FS,FS,1,0.034482758620689655
2015.0,449097,IN,FF,1,0.1
2015.0,449097,FF,SI,1,0.03333333333333333
2015.0,449170,SI,SL,6,0.6
2015.0,449170,FF,SI,5,0.5
2015.0,449170,FF,FF,3,0.3
2015.0,449170,SL,FF,3,0.3333333333333333
2015.0,449170,IN,FF,3,0.6
2015.0,449170,SI,IN,2,0.2
2015.0,449170,SL,SL,2,0.2222222222222222
2015.0,449170,SL,SI,2,0.2222222222222222
2015.0,449170,SL,IN,2,0.2222222222222222
2015.0,449170,IN,SI,2,0.4
2015.0,449170,SI,SI,1,0.1
2015.0,449170,FF,SL,1,0.1
2015.0,449170,SI,FF,1,0.1
2015.0,449170,FF,IN,1,0.1
2015.0,450172,KC,SI,23,0.575
2015.0,450172,CH,FF,21,0.525
2015.0,450172,FF,CH,17,0.425
2015.0,450172,FF,KC,14,0.35
2015.0,450172,SI,KC,14,0.358974358974359
2015.0,450172,KC,FF,11,0.275
2015.0,450172,SI,CH,11,0.28205128205128205
2015.0,450172,CH,CH,8,0.2
2015.0,450172,SI,SI,8,0.20512820512820512
2015.0,450172,IN,KC,7,0.7
2015.0,450172,SI,FF,6,0.15384615384615385
2015.0,450172,FF,IN,6,0.15
2015.0,450172,CH,SI,4,0.1
2015.0,450172,KC,CH,4,0.1
2015.0,450172,CH,KC,4,0.1
2015.0,450172,CH,IN,3,0.075
2015.0,450172,IN,SI,3,0.3
2015.0,450172,FF,SI,2,0.05
2015.0,450172,KC,KC,1,0.025
2015.0,450172,KC,IN,1,0.025
2015.0,450172,FF,FF,1,0.025
2015.0,450203,CU,FF,10,0.4
2015.0,450203,FF,CU,9,0.36
2015.0,450203,FS,IN,8,0.3333333333333333
2015.0,450203,FS,FF,8,0.3333333333333333
2015.0,450203,FF,FS,7,0.28
2015.0,450203,IN,SI,6,0.4
2015.0,450203,FF,SI,6,0.24
2015.0,450203,SI,CU,6,0.24
2015.0,450203,SI,FS,6,0.24
2015.0,450203,SI,SI,5,0.2
2015.0,450203,CU,CU,5,0.2
2015.0,450203,CU,FS,5,0.2
2015.0,450203,IN,FS,4,0.26666666666666666
2015.0,450203,FS,SI,4,0.16666666666666666
2015.0,450203,SI,IN,4,0.16
2015.0,450203,CU,SI,4,0.16
2015.0,450203,SI,FF,3,0.12
2015.0,450203,IN,CU,2,0.13333333333333333
2015.0,450203,FS,FS,2,0.08333333333333333
2015.0,450203,FS,CU,2,0.08333333333333333
2015.0,450203,IN,PO,2,0.13333333333333333
2015.0,450203,FF,FF,2,0.08
2015.0,450203,PO,IN,2,0.4
2015.0,450203,IN,FF,1,0.06666666666666667
2015.0,450203,FF,IN,1,0.04
2015.0,450203,SI,PO,1,0.04
2015.0,450203,CU,PO,1,0.04
2015.0,450203,PO,FF,1,0.2
2015.0,450203,PO,CU,1,0.2
2015.0,450203,PO,PO,1,0.2
2015.0,450212,SI,SL,18,0.5142857142857142
2015.0,450212,SL,SI,16,0.47058823529411764
2015.0,450212,SL,CH,13,0.38235294117647056
2015.0,450212,SI,CH,13,0.37142857142857144
2015.0,450212,CH,SI,13,0.37142857142857144
2015.0,450212,CH,SL,11,0.3142857142857143
2015.0,450212,CH,CH,8,0.22857142857142856
2015.0,450212,SL,SL,5,0.14705882352941177
2015.0,450212,IN,SI,3,0.6
2015.0,450212,SI,SI,3,0.08571428571428572
2015.0,450212,CH,IN,3,0.08571428571428572
2015.0,450212,IN,CH,1,0.2
2015.0,450212,IN,SL,1,0.2
2015.0,450212,SI,IN,1,0.02857142857142857
2015.0,450275,SI,SL,12,0.4
2015.0,450275,SL,FF,9,0.3
2015.0,450275,SL,SI,9,0.3
2015.0,450275,SL,SL,8,0.26666666666666666
2015.0,450275,SI,FF,8,0.26666666666666666
2015.0,450275,FF,SI,8,0.27586206896551724
2015.0,450275,PO,SI,7,0.4666666666666667
2015.0,450275,FF,FF,7,0.2413793103448276
2015.0,450275,FF,SL,7,0.2413793103448276
2015.0,450275,SI,SI,5,0.16666666666666666
2015.0,450275,FF,PO,5,0.1724137931034483
2015.0,450275,SI,PO,5,0.16666666666666666
2015.0,450275,PO,FF,4,0.26666666666666666
2015.0,450275,SL,PO,3,0.1
2015.0,450275,PO,SL,2,0.13333333333333333
2015.0,450275,PO,IN,2,0.13333333333333333
2015.0,450275,FF,IN,2,0.06896551724137931
2015.0,450275,IN,PO,2,0.4
2015.0,450275,IN,FF,2,0.4
2015.0,450275,SL,IN,1,0.03333333333333333
2015.0,450275,IN,SL,1,0.2
2015.0,450282,SI,FF,16,0.47058823529411764
2015.0,450282,SL,SI,15,0.42857142857142855
2015.0,450282,FF,SI,12,0.34285714285714286
2015.0,450282,SL,SL,11,0.3142857142857143
2015.0,450282,FF,SL,10,0.2857142857142857
2015.0,450282,SI,SL,9,0.2647058823529412
2015.0,450282,SL,FF,8,0.22857142857142856
2015.0,450282,FF,FF,8,0.22857142857142856
2015.0,450282,FF,IN,5,0.14285714285714285
2015.0,450282,SI,SI,5,0.14705882352941177
2015.0,450282,IN,SL,4,0.4
2015.0,450282,SI,IN,4,0.11764705882352941
2015.0,450282,IN,FF,3,0.3
2015.0,450282,IN,SI,3,0.3
2015.0,450282,SL,IN,1,0.02857142857142857
2015.0,450306,FF,KC,9,0.45
2015.0,450306,FF,CH,7,0.35
2015.0,450306,CH,FF,7,0.35
2015.0,450306,KC,SI,7,0.3684210526315789
2015.0,450306,KC,FF,6,0.3157894736842105
2015.0,450306,CH,CH,6,0.3
2015.0,450306,SI,KC,5,0.3333333333333333
2015.0,450306,SI,CH,4,0.26666666666666666
2015.0,450306,SI,FF,3,0.2
2015.0,450306,SI,SI,3,0.2
2015.0,450306,CH,SI,3,0.15
2015.0,450306,FF,SI,2,0.1
2015.0,450306,FC,KC,2,0.4
2015.0,450306,FC,FF,2,0.4
2015.0,450306,KC,KC,2,0.10526315789473684
2015.0,450306,KC,CH,2,0.10526315789473684
2015.0,450306,CH,FC,2,0.1
2015.0,450306,CH,KC,2,0.1
2015.0,450306,KC,FC,2,0.10526315789473684
2015.0,450306,FF,FF,1,0.05
2015.0,450306,FF,FC,1,0.05
2015.0,450306,FC,CH,1,0.2
2015.0,450308,SI,SL,15,0.5
2015.0,450308,SL,SI,14,0.4666666666666667
2015.0,450308,FC,CU,13,0.52
2015.0,450308,CH,CU,13,0.43333333333333335
2015.0,450308,CU,CH,13,0.4482758620689655
2015.0,450308,CU,FC,12,0.41379310344827586
2015.0,450308,FC,FF,10,0.4
2015.0,450308,FF,FC,10,0.3333333333333333
2015.0,450308,SL,SL,8,0.26666666666666666
2015.0,450308,SI,FF,7,0.23333333333333334
2015.0,450308,CH,CH,6,0.2
2015.0,450308,CH,SL,5,0.16666666666666666
2015.0,450308,FF,SI,5,0.16666666666666666
2015.0,450308,IN,FF,5,0.5
2015.0,450308,FF,IN,5,0.16666666666666666
2015.0,450308,SL,CH,5,0.16666666666666666
2015.0,450308,PO,SI,5,0.5
2015.0,450308,CH,PO,3,0.1
2015.0,450308,FF,CU,3,0.1
2015.0,450308,SI,PO,3,0.1
2015.0,450308,PO,IN,3,0.3
2015.0,450308,CU,FF,3,0.10344827586206896
2015.0,450308,CH,SI,2,0.06666666666666667
2015.0,450308,PO,FF,2,0.2
2015.0,450308,IN,PO,2,0.2
2015.0,450308,FF,PO,2,0.06666666666666667
2015.0,450308,IN,SI,2,0.2
2015.0,450308,SI,IN,2,0.06666666666666667
2015.0,450308,FF,CH,2,0.06666666666666667
2015.0,450308,SL,FF,2,0.06666666666666667
2015.0,450308,FF,SL,2,0.06666666666666667
2015.0,450308,FC,CH,1,0.04
2015.0,450308,FC,SI,1,0.04
2015.0,450308,CH,FC,1,0.03333333333333333
2015.0,450308,IN,CH,1,0.1
2015.0,450308,SI,FC,1,0.03333333333333333
2015.0,450308,SI,CH,1,0.03333333333333333
2015.0,450308,FF,FF,1,0.03333333333333333
2015.0,450308,SI,CU,1,0.03333333333333333
2015.0,450308,SL,FC,1,0.03333333333333333
2015.0,450308,CU,SI,1,0.034482758620689655
2015.0,450351,SI,SL,9,0.45
2015.0,450351,CH,CU,9,0.45
2015.0,450351,FF,SI,8,0.4
2015.0,450351,CU,FC,7,0.35
2015.0,450351,FC,CU,7,0.35
2015.0,450351,CU,CH,6,0.3
2015.0,450351,FC,FF,5,0.25
2015.0,450351,SI,IN,4,0.2
2015.0,450351,IN,FF,4,0.4
2015.0,450351,IN,SI,4,0.4
2015.0,450351,FF,IN,4,0.2
2015.0,450351,SL,FF,4,0.21052631578947367
2015.0,450351,SL,SI,4,0.21052631578947367
2015.0,450351,CH,FC,4,0.2
2015.0,450351,FF,FC,3,0.15
2015.0,450351,SI,CH,3,0.15
2015.0,450351,SI,FF,3,0.15
2015.0,450351,CU,SL,3,0.15
2015.0,450351,FC,CH,3,0.15
2015.0,450351,SL,SL,3,0.15789473684210525
2015.0,450351,SL,FC,3,0.15789473684210525
2015.0,450351,SL,CH,3,0.15789473684210525
2015.0,450351,FF,CH,2,0.1
2015.0,450351,CU,FF,2,0.1
2015.0,450351,FC,FC,2,0.1
2015.0,450351,FC,SL,2,0.1
2015.0,450351,SL,CU,2,0.10526315789473684
2015.0,450351,CH,CH,2,0.1
2015.0,450351,CH,SI,2,0.1
2015.0,450351,IN,CH,1,0.1
2015.0,450351,IN,SL,1,0.1
2015.0,450351,FF,SL,1,0.05
2015.0,450351,FF,FF,1,0.05
2015.0,450351,FF,CU,1,0.05
2015.0,450351,SI,SI,1,0.05
2015.0,450351,CU,SI,1,0.05
2015.0,450351,CU,CU,1,0.05
2015.0,450351,FC,IN,1,0.05
2015.0,450351,CH,FF,1,0.05
2015.0,450351,CH,IN,1,0.05
2015.0,450351,CH,SL,1,0.05
2015.0,450665,SI,FF,12,0.6
2015.0,450665,CU,CH,11,0.55
2015.0,450665,FF,CU,10,0.5
2015.0,450665,FF,SI,8,0.4
2015.0,450665,CU,FF,7,0.35
2015.0,450665,CH,CU,7,0.3684210526315789
2015.0,450665,SI,SI,6,0.3
2015.0,450665,CH,CH,6,0.3157894736842105
2015.0,450665,CH,SI,5,0.2631578947368421
2015.0,450665,FF,CH,2,0.1
2015.0,450665,CU,CU,2,0.1
2015.0,450665,SI,CU,1,0.05
2015.0,450665,SI,CH,1,0.05
2015.0,450665,CH,FF,1,0.05263157894736842
2015.0,450729,CU,CH,12,0.4
2015.0,450729,FF,FC,11,0.36666666666666664
2015.0,450729,CU,FC,11,0.36666666666666664
2015.0,450729,FC,FF,11,0.36666666666666664
2015.0,450729,CH,CU,11,0.3793103448275862
2015.0,450729,FC,CU,10,0.3333333333333333
2015.0,450729,FF,SI,8,0.26666666666666666
2015.0,450729,SI,FF,8,0.26666666666666666
2015.0,450729,IN,SI,7,0.4666666666666667
2015.0,450729,CH,CH,7,0.2413793103448276
2015.0,450729,FF,IN,6,0.2
2015.0,450729,SI,IN,6,0.2
2015.0,450729,SI,CU,5,0.16666666666666666
2015.0,450729,SI,SI,4,0.13333333333333333
2015.0,450729,SI,CH,4,0.13333333333333333
2015.0,450729,IN,FF,4,0.26666666666666666
2015.0,450729,FC,SI,4,0.13333333333333333
2015.0,450729,CH,SI,4,0.13793103448275862
2015.0,450729,IN,CH,3,0.2
2015.0,450729,SI,FC,3,0.1
2015.0,450729,CU,SI,3,0.1
2015.0,450729,CH,FF,3,0.10344827586206896
2015.0,450729,CH,FC,3,0.10344827586206896
2015.0,450729,FF,FF,2,0.06666666666666667
2015.0,450729,FF,CH,2,0.06666666666666667
2015.0,450729,CU,CU,2,0.06666666666666667
2015.0,450729,FC,CH,2,0.06666666666666667
2015.0,450729,FC,FC,2,0.06666666666666667
2015.0,450729,IN,CU,1,0.06666666666666667
2015.0,450729,FF,CU,1,0.03333333333333333
2015.0,450729,CU,FF,1,0.03333333333333333
2015.0,450729,CU,IN,1,0.03333333333333333
2015.0,450729,FC,IN,1,0.03333333333333333
2015.0,450729,CH,IN,1,0.034482758620689655
2015.0,451085,SI,SL,11,0.44
2015.0,451085,CH,CU,11,0.36666666666666664
2015.0,451085,FF,SI,9,0.2571428571428571
2015.0,451085,CU,FF,9,0.375
2015.0,451085,SL,CH,8,0.26666666666666666
2015.0,451085,FF,CU,8,0.22857142857142856
2015.0,451085,CH,FF,8,0.26666666666666666
2015.0,451085,CU,CH,8,0.3333333333333333
2015.0,451085,SL,SI,7,0.23333333333333334
2015.0,451085,SL,SL,6,0.2
2015.0,451085,SL,FF,6,0.2
2015.0,451085,FF,CH,6,0.17142857142857143
2015.0,451085,FF,FF,6,0.17142857142857143
2015.0,451085,CH,SL,6,0.2
2015.0,451085,SI,SI,5,0.2
2015.0,451085,FF,IN,4,0.11428571428571428
2015.0,451085,SI,CH,4,0.16
2015.0,451085,CU,SL,4,0.16666666666666666
2015.0,451085,SI,FF,3,0.12
2015.0,451085,IN,FF,3,0.3
2015.0,451085,SL,CU,2,0.06666666666666667
2015.0,451085,FF,SL,2,0.05714285714285714
2015.0,451085,IN,SI,2,0.2
2015.0,451085,IN,CU,2,0.2
2015.0,451085,IN,CH,2,0.2
2015.0,451085,SI,IN,2,0.08
2015.0,451085,CH,IN,2,0.06666666666666667
2015.0,451085,CH,SI,2,0.06666666666666667
2015.0,451085,CU,CU,2,0.08333333333333333
2015.0,451085,SL,IN,1,0.03333333333333333
2015.0,451085,IN,SL,1,0.1
2015.0,451085,CU,IN,1,0.041666666666666664
2015.0,451085,CH,CH,1,0.03333333333333333
2015.0,451532,CH,CU,6,0.6
2015.0,451532,SL,SI,5,0.5
2015.0,451532,FC,FF,5,0.5
2015.0,451532,SI,SL,5,0.5555555555555556
2015.0,451532,CU,CH,5,0.5
2015.0,451532,FC,CU,4,0.4
2015.0,451532,FF,SI,4,0.4
2015.0,451532,CU,FC,4,0.4
2015.0,451532,SI,FF,3,0.3333333333333333
2015.0,451532,SL,FC,2,0.2
2015.0,451532,FF,FC,2,0.2
2015.0,451532,FF,SL,2,0.2
2015.0,451532,FF,CH,2,0.2
2015.0,451532,SL,FF,1,0.1
2015.0,451532,SL,CH,1,0.1
2015.0,451532,SL,SL,1,0.1
2015.0,451532,FC,FC,1,0.1
2015.0,451532,SI,CH,1,0.1111111111111111
2015.0,451532,CH,CH,1,0.1
2015.0,451532,CH,FF,1,0.1
2015.0,451532,CH,FC,1,0.1
2015.0,451532,CH,SL,1,0.1
2015.0,451532,CU,SI,1,0.1
2015.0,451584,FF,FC,18,0.45
2015.0,451584,FC,FF,16,0.4
2015.0,451584,KC,SI,16,0.4
2015.0,451584,FC,FC,15,0.375
2015.0,451584,KC,FF,14,0.35
2015.0,451584,FF,KC,13,0.325
2015.0,451584,SI,KC,11,0.4583333333333333
2015.0,451584,FC,KC,6,0.15
2015.0,451584,SI,FC,5,0.20833333333333334
2015.0,451584,KC,KC,5,0.125
2015.0,451584,FF,FF,4,0.1
2015.0,451584,SI,FF,3,0.125
2015.0,451584,FF,SI,3,0.075
2015.0,451584,IN,KC,3,0.6
2015.0,451584,KC,PO,3,0.075
2015.0,451584,FF,IN,2,0.05
2015.0,451584,SI,PO,2,0.08333333333333333
2015.0,451584,SI,SI,2,0.08333333333333333
2015.0,451584,IN,FF,2,0.4
2015.0,451584,FC,SI,2,0.05
2015.0,451584,PO,SI,2,0.4
2015.0,451584,PO,KC,2,0.4
2015.0,451584,SI,IN,1,0.041666666666666664
2015.0,451584,PO,FC,1,0.2
2015.0,451584,FC,IN,1,0.025
2015.0,451584,KC,IN,1,0.025
2015.0,451584,KC,FC,1,0.025
2015.0,451596,SL,SI,16,0.45714285714285713
2015.0,451596,SI,SL,16,0.45714285714285713
2015.0,451596,FF,SI,14,0.4
2015.0,451596,CH,CU,14,0.4117647058823529
2015.0,451596,CU,CH,13,0.37142857142857144
2015.0,451596,CU,FF,11,0.3142857142857143
2015.0,451596,FF,CU,10,0.2857142857142857
2015.0,451596,SI,FF,8,0.22857142857142856
2015.0,451596,SL,SL,7,0.2
2015.0,451596,CH,FF,6,0.17647058823529413
2015.0,451596,SL,CH,5,0.14285714285714285
2015.0,451596,SI,CH,5,0.14285714285714285
2015.0,451596,CH,CH,5,0.14705882352941177
2015.0,451596,CH,SL,5,0.14705882352941177
2015.0,451596,CU,FC,4,0.11428571428571428
2015.0,451596,SI,CU,4,0.11428571428571428
2015.0,451596,FC,FF,4,0.8
2015.0,451596,SL,CU,4,0.11428571428571428
2015.0,451596,FF,CH,4,0.11428571428571428
2015.0,451596,CU,SL,3,0.08571428571428572
2015.0,451596,FF,SL,3,0.08571428571428572
2015.0,451596,SL,FF,3,0.08571428571428572
2015.0,451596,CH,SI,3,0.08823529411764706
2015.0,451596,CU,CU,2,0.05714285714285714
2015.0,451596,FF,PO,2,0.05714285714285714
2015.0,451596,PO,CH,2,0.4
2015.0,451596,FF,FF,2,0.05714285714285714
2015.0,451596,CU,SI,1,0.02857142857142857
2015.0,451596,CU,PO,1,0.02857142857142857
2015.0,451596,FC,CH,1,0.2
2015.0,451596,PO,CU,1,0.2
2015.0,451596,PO,SI,1,0.2
2015.0,451596,PO,SL,1,0.2
2015.0,451596,SI,PO,1,0.02857142857142857
2015.0,451596,SI,FC,1,0.02857142857142857
2015.0,451596,CH,PO,1,0.029411764705882353
2015.0,451661,CH,FF,18,0.5142857142857142
2015.0,451661,KC,SL,17,0.4857142857142857
2015.0,451661,SL,KC,12,0.34285714285714286
2015.0,451661,FF,KC,12,0.34285714285714286
2015.0,451661,FF,CH,12,0.34285714285714286
2015.0,451661,SL,SL,9,0.2571428571428571
2015.0,451661,SL,CH,7,0.2
2015.0,451661,KC,CH,7,0.2
2015.0,451661,CH,CH,7,0.2
2015.0,451661,IN,KC,7,0.5
2015.0,451661,SL,FF,5,0.14285714285714285
2015.0,451661,KC,FF,5,0.14285714285714285
2015.0,451661,KC,IN,5,0.14285714285714285
2015.0,451661,FF,IN,5,0.14285714285714285
2015.0,451661,CH,SL,4,0.11428571428571428
2015.0,451661,IN,FF,4,0.2857142857142857
2015.0,451661,CH,IN,3,0.08571428571428572
2015.0,451661,CH,KC,3,0.08571428571428572
2015.0,451661,FF,FF,3,0.08571428571428572
2015.0,451661,FF,SL,3,0.08571428571428572
2015.0,451661,SL,IN,2,0.05714285714285714
2015.0,451661,IN,SL,2,0.14285714285714285
2015.0,451661,KC,KC,1,0.02857142857142857
2015.0,451661,IN,CH,1,0.07142857142857142
2015.0,451775,CU,FC,15,0.5172413793103449
2015.0,451775,CH,CU,15,0.6
2015.0,451775,FF,FC,13,0.43333333333333335
2015.0,451775,FC,FF,13,0.43333333333333335
2015.0,451775,FC,CU,10,0.3333333333333333
2015.0,451775,CU,CH,8,0.27586206896551724
2015.0,451775,FF,CH,6,0.2
2015.0,451775,FF,FF,5,0.16666666666666666
2015.0,451775,CH,CH,5,0.2
2015.0,451775,FC,CH,4,0.13333333333333333
2015.0,451775,CU,FF,3,0.10344827586206896
2015.0,451775,PO,FF,3,0.6
2015.0,451775,IN,FF,3,0.6
2015.0,451775,FF,PO,2,0.06666666666666667
2015.0,451775,FF,IN,2,0.06666666666666667
2015.0,451775,FF,CU,2,0.06666666666666667
2015.0,451775,FC,PO,2,0.06666666666666667
2015.0,451775,CH,IN,2,0.08
2015.0,451775,CH,FF,2,0.08
2015.0,451775,CU,PO,1,0.034482758620689655
2015.0,451775,CU,CU,1,0.034482758620689655
2015.0,451775,CU,IN,1,0.034482758620689655
2015.0,451775,FC,FC,1,0.03333333333333333
2015.0,451775,PO,CU,1,0.2
2015.0,451775,PO,CH,1,0.2
2015.0,451775,IN,CH,1,0.2
2015.0,451775,IN,CU,1,0.2
2015.0,451775,CH,FC,1,0.04
2015.0,451788,FC,FF,8,0.5333333333333333
2015.0,451788,CH,CU,7,0.4666666666666667
2015.0,451788,SL,CH,5,0.5
2015.0,451788,CU,FC,5,0.3333333333333333
2015.0,451788,FF,IN,5,0.3333333333333333
2015.0,451788,CU,CH,4,0.26666666666666666
2015.0,451788,IN,SI,4,0.4
2015.0,451788,CH,FC,3,0.2
2015.0,451788,IN,FF,3,0.3
2015.0,451788,SI,FC,3,0.21428571428571427
2015.0,451788,SI,SL,3,0.21428571428571427
2015.0,451788,FC,SI,3,0.2
2015.0,451788,FC,CU,3,0.2
2015.0,451788,SI,IN,3,0.21428571428571427
2015.0,451788,FF,SI,3,0.2
2015.0,451788,FF,CH,3,0.2
2015.0,451788,SL,SI,2,0.2
2015.0,451788,CU,SL,2,0.13333333333333333
2015.0,451788,FF,FC,2,0.13333333333333333
2015.0,451788,SI,FF,2,0.14285714285714285
2015.0,451788,SI,CU,2,0.14285714285714285
2015.0,451788,CH,SL,1,0.06666666666666667
2015.0,451788,CH,IN,1,0.06666666666666667
2015.0,451788,CH,CH,1,0.06666666666666667
2015.0,451788,CH,SI,1,0.06666666666666667
2015.0,451788,CH,FF,1,0.06666666666666667
2015.0,451788,SL,SL,1,0.1
2015.0,451788,SL,FC,1,0.1
2015.0,451788,SL,CU,1,0.1
2015.0,451788,CU,IN,1,0.06666666666666667
2015.0,451788,CU,SI,1,0.06666666666666667
2015.0,451788,CU,CU,1,0.06666666666666667
2015.0,451788,CU,FF,1,0.06666666666666667
2015.0,451788,IN,FC,1,0.1
2015.0,451788,IN,CH,1,0.1
2015.0,451788,IN,SL,1,0.1
2015.0,451788,FF,CU,1,0.06666666666666667
2015.0,451788,SI,SI,1,0.07142857142857142
2015.0,451788,FC,CH,1,0.06666666666666667
2015.0,451788,FF,SL,1,0.06666666666666667
2015.0,452027,SI,SL,6,0.6
2015.0,452027,CU,CH,5,0.5
2015.0,452027,SL,SI,4,0.4
2015.0,452027,FF,CU,4,0.4444444444444444
2015.0,452027,SL,SL,3,0.3
2015.0,452027,CH,CU,3,0.3
2015.0,452027,CH,FF,3,0.3
2015.0,452027,CU,FF,3,0.3
2015.0,452027,FF,SI,3,0.3333333333333333
2015.0,452027,SL,FF,2,0.2
2015.0,452027,CH,CH,2,0.2
2015.0,452027,CH,SI,2,0.2
2015.0,452027,SI,FF,2,0.2
2015.0,452027,FF,CH,2,0.2222222222222222
2015.0,452027,SL,CU,1,0.1
2015.0,452027,CU,SL,1,0.1
2015.0,452027,CU,CU,1,0.1
2015.0,452027,SI,SI,1,0.1
2015.0,452027,SI,CH,1,0.1
2015.0,452657,FF,SI,18,0.5142857142857142
2015.0,452657,CU,FC,17,0.4857142857142857
2015.0,452657,FC,FF,16,0.47058823529411764
2015.0,452657,CH,CU,13,0.37142857142857144
2015.0,452657,SI,CH,11,0.3142857142857143
2015.0,452657,CU,CH,9,0.2571428571428571
2015.0,452657,SI,FF,9,0.2571428571428571
2015.0,452657,FC,CU,8,0.23529411764705882
2015.0,452657,FF,FC,7,0.2
2015.0,452657,CH,SI,6,0.17142857142857143
2015.0,452657,CH,CH,6,0.17142857142857143
2015.0,452657,SI,CU,6,0.17142857142857143
2015.0,452657,CH,FF,5,0.14285714285714285
2015.0,452657,CH,FC,5,0.14285714285714285
2015.0,452657,FC,CH,5,0.14705882352941177
2015.0,452657,SI,FC,5,0.14285714285714285
2015.0,452657,FC,SI,4,0.11764705882352941
2015.0,452657,CU,CU,4,0.11428571428571428
2015.0,452657,SI,SI,4,0.11428571428571428
2015.0,452657,FF,CU,4,0.11428571428571428
2015.0,452657,CU,SI,3,0.08571428571428572
2015.0,452657,FF,FF,3,0.08571428571428572
2015.0,452657,FF,CH,3,0.08571428571428572
2015.0,452657,CU,FF,2,0.05714285714285714
2015.0,452657,FC,FC,1,0.029411764705882353
2015.0,452666,CU,CH,17,0.4857142857142857
2015.0,452666,SL,SI,17,0.4857142857142857
2015.0,452666,SI,SL,16,0.45714285714285713
2015.0,452666,CU,FF,15,0.42857142857142855
2015.0,452666,FF,CU,15,0.4411764705882353
2015.0,452666,CH,CU,14,0.4
2015.0,452666,CH,SL,8,0.22857142857142856
2015.0,452666,SL,SL,7,0.2
2015.0,452666,CH,FF,6,0.17142857142857143
2015.0,452666,SI,IN,6,0.17142857142857143
2015.0,452666,SI,FF,6,0.17142857142857143
2015.0,452666,FF,SI,6,0.17647058823529413
2015.0,452666,IN,FF,6,0.4
2015.0,452666,IN,SI,6,0.4
2015.0,452666,CH,CH,5,0.14285714285714285
2015.0,452666,SL,CH,5,0.14285714285714285
2015.0,452666,FF,IN,4,0.11764705882352941
2015.0,452666,FF,PO,4,0.11764705882352941
2015.0,452666,FF,CH,3,0.08823529411764706
2015.0,452666,SI,CH,3,0.08571428571428572
2015.0,452666,PO,SI,3,0.6
2015.0,452666,SL,IN,3,0.08571428571428572
2015.0,452666,CU,SL,2,0.05714285714285714
2015.0,452666,SL,CU,2,0.05714285714285714
2015.0,452666,SI,CU,2,0.05714285714285714
2015.0,452666,IN,CU,2,0.13333333333333333
2015.0,452666,CH,IN,1,0.02857142857142857
2015.0,452666,CH,SI,1,0.02857142857142857
2015.0,452666,CU,IN,1,0.02857142857142857
2015.0,452666,FF,SL,1,0.029411764705882353
2015.0,452666,SI,PO,1,0.02857142857142857
2015.0,452666,SI,SI,1,0.02857142857142857
2015.0,452666,PO,CH,1,0.2
2015.0,452666,FF,FF,1,0.029411764705882353
2015.0,452666,IN,CH,1,0.06666666666666667
2015.0,452666,PO,SL,1,0.2
2015.0,452666,SL,FF,1,0.02857142857142857
2015.0,452718,FC,CH,15,0.42857142857142855
2015.0,452718,SL,SI,14,0.4
2015.0,452718,CH,FC,14,0.4117647058823529
2015.0,452718,SI,SL,13,0.37142857142857144
2015.0,452718,CH,SL,8,0.23529411764705882
2015.0,452718,SI,PO,7,0.2
2015.0,452718,SL,SL,7,0.2
2015.0,452718,SI,FC,6,0.17142857142857143
2015.0,452718,FC,SI,6,0.17142857142857143
2015.0,452718,PO,SI,6,0.4
2015.0,452718,CH,CH,6,0.17647058823529413
2015.0,452718,FC,SL,5,0.14285714285714285
2015.0,452718,SL,CH,5,0.14285714285714285
2015.0,452718,FC,IN,5,0.14285714285714285
2015.0,452718,CH,SI,5,0.14705882352941177
2015.0,452718,IN,PO,4,0.26666666666666666
2015.0,452718,SI,CH,4,0.11428571428571428
2015.0,452718,IN,FC,4,0.26666666666666666
2015.0,452718,PO,FC,4,0.26666666666666666
2015.0,452718,FC,FC,4,0.11428571428571428
2015.0,452718,PO,IN,4,0.26666666666666666
2015.0,452718,IN,CH,3,0.2
2015.0,452718,SI,IN,3,0.08571428571428572
2015.0,452718,SL,FC,3,0.08571428571428572
2015.0,452718,SL,IN,3,0.08571428571428572
2015.0,452718,SL,PO,3,0.08571428571428572
2015.0,452718,IN,SI,2,0.13333333333333333
2015.0,452718,IN,SL,2,0.13333333333333333
2015.0,452718,SI,SI,2,0.05714285714285714
2015.0,452718,PO,CH,1,0.06666666666666667
2015.0,452718,CH,PO,1,0.029411764705882353
2015.0,452733,SL,SI,15,0.5
2015.0,452733,SI,SL,11,0.36666666666666664
2015.0,452733,FF,CH,10,0.6666666666666666
2015.0,452733,CH,SL,10,0.3448275862068966
2015.0,452733,SI,CH,7,0.23333333333333334
2015.0,452733,CH,SI,7,0.2413793103448276
2015.0,452733,SL,SL,7,0.23333333333333334
2015.0,452733,SI,IN,6,0.2
2015.0,452733,CH,CH,6,0.20689655172413793
2015.0,452733,SL,CH,6,0.2
2015.0,452733,SI,FF,5,0.16666666666666666
2015.0,452733,CH,FF,5,0.1724137931034483
2015.0,452733,IN,FF,4,0.4
2015.0,452733,FF,SI,3,0.2
2015.0,452733,IN,SI,3,0.3
2015.0,452733,FF,IN,2,0.13333333333333333
2015.0,452733,IN,SL,2,0.2
2015.0,452733,SI,SI,1,0.03333333333333333
2015.0,452733,CH,IN,1,0.034482758620689655
2015.0,452733,SL,IN,1,0.03333333333333333
2015.0,452733,IN,CH,1,0.1
2015.0,452733,SL,FF,1,0.03333333333333333
2015.0,453156,SI,SL,11,0.44
2015.0,453156,CH,CU,9,0.36
2015.0,453156,CU,SI,8,0.32
2015.0,453156,SL,CH,7,0.2916666666666667
2015.0,453156,SL,SL,7,0.2916666666666667
2015.0,453156,SL,SI,7,0.2916666666666667
2015.0,453156,CU,CU,6,0.24
2015.0,453156,CU,CH,6,0.24
2015.0,453156,SI,CH,6,0.24
2015.0,453156,CH,SI,5,0.2
2015.0,453156,CH,CH,5,0.2
2015.0,453156,SI,CU,4,0.16
2015.0,453156,SI,SI,4,0.16
2015.0,453156,CH,PO,3,0.12
2015.0,453156,CH,SL,3,0.12
2015.0,453156,SL,CU,3,0.125
2015.0,453156,CU,SL,3,0.12
2015.0,453156,PO,CU,2,0.4
2015.0,453156,CU,PO,2,0.08
2015.0,453156,PO,CH,1,0.2
2015.0,453156,PO,SL,1,0.2
2015.0,453156,PO,SI,1,0.2
2015.0,453172,CH,FF,13,0.52
2015.0,453172,SI,SL,12,0.34285714285714286
2015.0,453172,FF,SI,11,0.3235294117647059
2015.0,453172,SI,FF,10,0.2857142857142857
2015.0,453172,SL,SI,10,0.2857142857142857
2015.0,453172,FF,CH,9,0.2647058823529412
2015.0,453172,SL,SL,9,0.2571428571428571
2015.0,453172,SL,CH,8,0.22857142857142856
2015.0,453172,FF,SL,7,0.20588235294117646
2015.0,453172,SL,FF,7,0.2
2015.0,453172,SI,SI,6,0.17142857142857143
2015.0,453172,FF,IN,5,0.14705882352941177
2015.0,453172,SI,CH,4,0.11428571428571428
2015.0,453172,IN,FF,4,0.4
2015.0,453172,CH,SL,4,0.16
2015.0,453172,CH,SI,4,0.16
2015.0,453172,CH,CH,3,0.12
2015.0,453172,SI,IN,2,0.05714285714285714
2015.0,453172,IN,SL,2,0.2
2015.0,453172,IN,PO,2,0.2
2015.0,453172,PO,SI,2,0.4
2015.0,453172,PO,IN,2,0.4
2015.0,453172,SI,PO,1,0.02857142857142857
2015.0,453172,FF,FF,1,0.029411764705882353
2015.0,453172,FF,PO,1,0.029411764705882353
2015.0,453172,IN,CH,1,0.1
2015.0,453172,IN,SI,1,0.1
2015.0,453172,PO,SL,1,0.2
2015.0,453172,SL,PO,1,0.02857142857142857
2015.0,453172,CH,IN,1,0.04
2015.0,453178,CH,FF,17,0.4857142857142857
2015.0,453178,FF,CH,13,0.38235294117647056
2015.0,453178,SL,SI,10,0.2857142857142857
2015.0,453178,SL,SL,10,0.2857142857142857
2015.0,453178,KC,CH,9,0.2571428571428571
2015.0,453178,SI,SL,9,0.36
2015.0,453178,IN,KC,8,0.5333333333333333
2015.0,453178,KC,FF,8,0.22857142857142856
2015.0,453178,SI,KC,8,0.32
2015.0,453178,CH,SL,7,0.2
2015.0,453178,PO,SI,7,0.7
2015.0,453178,FF,KC,7,0.20588235294117646
2015.0,453178,CH,CH,6,0.17142857142857143
2015.0,453178,FF,IN,6,0.17647058823529413
2015.0,453178,IN,FF,5,0.3333333333333333
2015.0,453178,KC,PO,5,0.14285714285714285
2015.0,453178,SL,KC,5,0.14285714285714285
2015.0,453178,SL,CH,5,0.14285714285714285
2015.0,453178,KC,IN,4,0.11428571428571428
2015.0,453178,KC,SI,4,0.11428571428571428
2015.0,453178,KC,SL,4,0.11428571428571428
2015.0,453178,FF,SL,4,0.11764705882352941
2015.0,453178,FF,SI,3,0.08823529411764706
2015.0,453178,PO,KC,3,0.3
2015.0,453178,SI,FF,3,0.12
2015.0,453178,CH,KC,2,0.05714285714285714
2015.0,453178,CH,IN,2,0.05714285714285714
2015.0,453178,SL,PO,2,0.05714285714285714
2015.0,453178,SL,IN,2,0.05714285714285714
2015.0,453178,SI,CH,2,0.08
2015.0,453178,SI,PO,2,0.08
2015.0,453178,IN,SI,1,0.06666666666666667
2015.0,453178,IN,SL,1,0.06666666666666667
2015.0,453178,CH,PO,1,0.02857142857142857
2015.0,453178,KC,KC,1,0.02857142857142857
2015.0,453178,SI,IN,1,0.04
2015.0,453178,SL,FF,1,0.02857142857142857
2015.0,453178,FF,FF,1,0.029411764705882353
2015.0,453192,FF,SL,15,0.42857142857142855
2015.0,453192,SL,FF,13,0.38235294117647056
2015.0,453192,SL,SL,11,0.3235294117647059
2015.0,453192,FF,FF,9,0.2571428571428571
2015.0,453192,FF,SI,9,0.2571428571428571
2015.0,453192,SL,SI,9,0.2647058823529412
2015.0,453192,SI,SL,8,0.4
2015.0,453192,SI,FF,8,0.4
2015.0,453192,IN,FF,5,1.0
2015.0,453192,FF,IN,2,0.05714285714285714
2015.0,453192,SI,SI,2,0.1
2015.0,453192,SI,IN,2,0.1
2015.0,453192,SL,IN,1,0.029411764705882353
2015.0,453203,SL,CU,4,0.8
2015.0,453203,CU,CH,4,0.8
2015.0,453203,CH,SL,3,0.75
2015.0,453203,SL,CH,1,0.2
2015.0,453203,CU,SL,1,0.2
2015.0,453203,CH,CU,1,0.25
2015.0,453214,KN,FF,15,0.6
2015.0,453214,FF,CU,12,0.48
2015.0,453214,FF,KN,11,0.44
2015.0,453214,CU,CU,8,0.3333333333333333
2015.0,453214,CU,FF,8,0.3333333333333333
2015.0,453214,CU,KN,8,0.3333333333333333
2015.0,453214,KN,CU,5,0.2
2015.0,453214,KN,KN,5,0.2
2015.0,453214,FF,FF,2,0.08
2015.0,453222,SI,SL,16,0.45714285714285713
2015.0,453222,SL,SI,15,0.42857142857142855
2015.0,453222,CU,CH,13,0.43333333333333335
2015.0,453222,CH,CU,12,0.34285714285714286
2015.0,453222,CH,CH,10,0.2857142857142857
2015.0,453222,FF,SI,9,0.3
2015.0,453222,SI,FF,9,0.2571428571428571
2015.0,453222,FC,FF,8,0.32
2015.0,453222,CU,FC,8,0.26666666666666666
2015.0,453222,FF,FC,7,0.23333333333333334
2015.0,453222,SL,CU,6,0.17142857142857143
2015.0,453222,FF,IN,5,0.16666666666666666
2015.0,453222,SL,FF,5,0.14285714285714285
2015.0,453222,FC,SL,5,0.2
2015.0,453222,FC,CU,5,0.2
2015.0,453222,CH,FC,5,0.14285714285714285
2015.0,453222,SI,CU,4,0.11428571428571428
2015.0,453222,SL,CH,4,0.11428571428571428
2015.0,453222,CH,SL,4,0.11428571428571428
2015.0,453222,CU,SL,4,0.13333333333333333
2015.0,453222,IN,FF,3,0.3333333333333333
2015.0,453222,FF,SL,3,0.1
2015.0,453222,FF,CU,3,0.1
2015.0,453222,IN,SI,3,0.3333333333333333
2015.0,453222,FC,CH,3,0.12
2015.0,453222,SL,SL,3,0.08571428571428572
2015.0,453222,CU,FF,3,0.1
2015.0,453222,IN,PO,2,0.2222222222222222
2015.0,453222,SI,PO,2,0.05714285714285714
2015.0,453222,FF,CH,2,0.06666666666666667
2015.0,453222,SI,FC,2,0.05714285714285714
2015.0,453222,PO,SI,2,0.4
2015.0,453222,PO,IN,2,0.4
2015.0,453222,SL,FC,2,0.05714285714285714
2015.0,453222,FC,SI,2,0.08
2015.0,453222,CH,SI,2,0.05714285714285714
2015.0,453222,SI,IN,1,0.02857142857142857
2015.0,453222,IN,CH,1,0.1111111111111111
2015.0,453222,SI,CH,1,0.02857142857142857
2015.0,453222,FF,FF,1,0.03333333333333333
2015.0,453222,FC,PO,1,0.04
2015.0,453222,FC,FC,1,0.04
2015.0,453222,PO,CH,1,0.2
2015.0,453222,CU,SI,1,0.03333333333333333
2015.0,453222,CU,IN,1,0.03333333333333333
2015.0,453222,CH,IN,1,0.02857142857142857
2015.0,453222,CH,FF,1,0.02857142857142857
2015.0,453249,SI,CU,11,0.44
2015.0,453249,CU,FF,11,0.44
2015.0,453249,FF,SI,10,0.5263157894736842
2015.0,453249,CU,SI,7,0.28
2015.0,453249,SI,FF,6,0.24
2015.0,453249,CU,CU,6,0.24
2015.0,453249,SI,SI,5,0.2
2015.0,453249,FF,CU,5,0.2631578947368421
2015.0,453249,FF,FF,3,0.15789473684210525
2015.0,453249,SI,CH,3,0.12
2015.0,453249,CH,CU,3,0.6
2015.0,453249,CH,SI,2,0.4
2015.0,453249,FF,CH,1,0.05263157894736842
2015.0,453249,CU,CH,1,0.04
2015.0,453264,CH,CU,5,0.5
2015.0,453264,CH,SI,4,0.4
2015.0,453264,CU,CH,4,0.4
2015.0,453264,FF,CU,3,0.3
2015.0,453264,FF,CH,3,0.3
2015.0,453264,SI,FF,3,0.3333333333333333
2015.0,453264,SI,CH,3,0.3333333333333333
2015.0,453264,CU,FF,3,0.3
2015.0,453264,FF,FF,2,0.2
2015.0,453264,SI,SI,2,0.2222222222222222
2015.0,453264,FF,SI,2,0.2
2015.0,453264,CU,SI,2,0.2
2015.0,453264,CH,FF,1,0.1
2015.0,453264,SI,CU,1,0.1111111111111111
2015.0,453264,CU,CU,1,0.1
2015.0,453265,SL,SI,15,0.42857142857142855
2015.0,453265,SI,SL,14,0.4117647058823529
2015.0,453265,SI,CH,14,0.4117647058823529
2015.0,453265,CH,SI,14,0.4
2015.0,453265,CH,CH,12,0.34285714285714286
2015.0,453265,SL,SL,12,0.34285714285714286
2015.0,453265,CH,SL,7,0.2
2015.0,453265,SL,CH,7,0.2
2015.0,453265,SI,SI,4,0.11764705882352941
2015.0,453265,SI,IN,2,0.058823529411764705
2015.0,453265,CH,IN,2,0.05714285714285714
2015.0,453265,IN,CH,2,0.4
2015.0,453265,IN,SI,2,0.4
2015.0,453265,SL,IN,1,0.02857142857142857
2015.0,453265,IN,SL,1,0.2
2015.0,453286,FF,SL,15,0.42857142857142855
2015.0,453286,SL,FF,15,0.42857142857142855
2015.0,453286,FF,FC,14,0.4
2015.0,453286,CH,CU,12,0.34285714285714286
2015.0,453286,CU,FC,12,0.34285714285714286
2015.0,453286,FC,CH,11,0.3235294117647059
2015.0,453286,FC,CU,11,0.3235294117647059
2015.0,453286,FC,FF,9,0.2647058823529412
2015.0,453286,CH,SL,9,0.2571428571428571
2015.0,453286,CU,CH,9,0.2571428571428571
2015.0,453286,CH,CH,7,0.2
2015.0,453286,SL,CH,7,0.2
2015.0,453286,CH,FF,5,0.14285714285714285
2015.0,453286,SL,FC,5,0.14285714285714285
2015.0,453286,CU,SL,5,0.14285714285714285
2015.0,453286,CU,FF,5,0.14285714285714285
2015.0,453286,SL,CU,4,0.11428571428571428
2015.0,453286,SL,SL,4,0.11428571428571428
2015.0,453286,FF,CU,4,0.11428571428571428
2015.0,453286,CU,CU,4,0.11428571428571428
2015.0,453286,FC,SL,2,0.058823529411764705
2015.0,453286,CH,FC,2,0.05714285714285714
2015.0,453286,FC,FC,1,0.029411764705882353
2015.0,453286,FF,CH,1,0.02857142857142857
2015.0,453286,FF,FF,1,0.02857142857142857
2015.0,453307,CH,FC,7,0.5
2015.0,453307,FF,CH,5,0.3333333333333333
2015.0,453307,FC,FF,5,0.5
2015.0,453307,CH,CH,4,0.2857142857142857
2015.0,453307,FF,FF,4,0.26666666666666666
2015.0,453307,CH,FF,3,0.21428571428571427
2015.0,453307,SL,FF,3,0.6
2015.0,453307,FF,SL,3,0.2
2015.0,453307,FC,CH,3,0.3
2015.0,453307,FF,FC,3,0.2
2015.0,453307,SL,CH,2,0.4
2015.0,453307,FC,SL,2,0.2
2015.0,453311,CH,CU,6,0.4
2015.0,453311,CU,CH,5,0.3333333333333333
2015.0,453311,FF,CU,5,0.3333333333333333
2015.0,453311,SI,FF,5,0.3333333333333333
2015.0,453311,SI,SL,5,0.3333333333333333
2015.0,453311,SL,SI,5,0.35714285714285715
2015.0,453311,CU,SI,3,0.2
2015.0,453311,FF,SI,3,0.2
2015.0,453311,FF,SL,3,0.2
2015.0,453311,SI,CH,3,0.2
2015.0,453311,CH,FF,3,0.2
2015.0,453311,CH,CH,3,0.2
2015.0,453311,SL,SL,3,0.21428571428571427
2015.0,453311,SL,CU,3,0.21428571428571427
2015.0,453311,CU,IN,2,0.13333333333333333
2015.0,453311,CU,SL,2,0.13333333333333333
2015.0,453311,CU,FF,2,0.13333333333333333
2015.0,453311,FF,CH,2,0.13333333333333333
2015.0,453311,SI,IN,2,0.13333333333333333
2015.0,453311,CH,SI,2,0.13333333333333333
2015.0,453311,SL,FF,2,0.14285714285714285
2015.0,453311,IN,SI,2,0.4
2015.0,453311,CU,CU,1,0.06666666666666667
2015.0,453311,FF,IN,1,0.06666666666666667
2015.0,453311,FF,FF,1,0.06666666666666667
2015.0,453311,CH,SL,1,0.06666666666666667
2015.0,453311,SL,CH,1,0.07142857142857142
2015.0,453311,IN,CH,1,0.2
2015.0,453311,IN,SL,1,0.2
2015.0,453311,IN,FF,1,0.2
2015.0,453329,FF,FC,10,0.5
2015.0,453329,SI,FS,9,0.45
2015.0,453329,CH,CU,8,0.4
2015.0,453329,CU,CH,8,0.4
2015.0,453329,FC,CU,7,0.35
2015.0,453329,FS,FF,7,0.3684210526315789
2015.0,453329,FC,FF,6,0.3
2015.0,453329,CU,FC,5,0.25
2015.0,453329,FS,SI,5,0.2631578947368421
2015.0,453329,CH,SI,4,0.2
2015.0,453329,FC,SI,4,0.2
2015.0,453329,SI,SI,4,0.2
2015.0,453329,SI,CH,4,0.2
2015.0,453329,CH,CH,3,0.15
2015.0,453329,CU,FS,3,0.15
2015.0,453329,CU,FF,3,0.15
2015.0,453329,FS,FS,3,0.15789473684210525
2015.0,453329,FF,FS,3,0.15
2015.0,453329,CH,FC,2,0.1
2015.0,453329,CH,FS,2,0.1
2015.0,453329,FC,CH,2,0.1
2015.0,453329,SI,FF,2,0.1
2015.0,453329,FF,SI,2,0.1
2015.0,453329,FS,CU,2,0.10526315789473684
2015.0,453329,FF,CH,2,0.1
2015.0,453329,FF,CU,2,0.1
2015.0,453329,CH,FF,1,0.05
2015.0,453329,FC,FC,1,0.05
2015.0,453329,CU,SI,1,0.05
2015.0,453329,FS,FC,1,0.05263157894736842
2015.0,453329,FF,FF,1,0.05
2015.0,453329,FS,CH,1,0.05263157894736842
2015.0,453329,SI,FC,1,0.05
2015.0,453343,FF,FC,20,0.5714285714285714
2015.0,453343,FC,FF,15,0.4411764705882353
2015.0,453343,KC,KC,13,0.37142857142857144
2015.0,453343,KC,FF,12,0.34285714285714286
2015.0,453343,FC,FC,10,0.29411764705882354
2015.0,453343,FF,KC,9,0.2571428571428571
2015.0,453343,FC,KC,8,0.23529411764705882
2015.0,453343,KC,IN,5,0.14285714285714285
2015.0,453343,IN,KC,5,0.5
2015.0,453343,KC,FC,4,0.11428571428571428
2015.0,453343,FS,FF,3,0.6
2015.0,453343,IN,FF,3,0.3
2015.0,453343,FF,IN,2,0.05714285714285714
2015.0,453343,IN,FS,2,0.2
2015.0,453343,FF,FS,2,0.05714285714285714
2015.0,453343,FF,FF,2,0.05714285714285714
2015.0,453343,KC,FS,1,0.02857142857142857
2015.0,453343,FS,FC,1,0.2
2015.0,453343,FC,IN,1,0.029411764705882353
2015.0,453343,FS,IN,1,0.2
2015.0,453344,FS,KC,6,0.6
2015.0,453344,FF,FS,6,0.6
2015.0,453344,SL,KC,4,0.4444444444444444
2015.0,453344,KC,SI,4,0.4
2015.0,453344,SI,SL,4,0.8
2015.0,453344,KC,FS,3,0.3
2015.0,453344,FS,SL,3,0.3
2015.0,453344,EP,FF,3,0.6
2015.0,453344,SL,EP,2,0.2222222222222222
2015.0,453344,KC,FF,2,0.2
2015.0,453344,FF,FF,2,0.2
2015.0,453344,SL,FF,1,0.1111111111111111
2015.0,453344,SL,FS,1,0.1111111111111111
2015.0,453344,SL,SI,1,0.1111111111111111
2015.0,453344,KC,SL,1,0.1
2015.0,453344,SI,EP,1,0.2
2015.0,453344,FS,FF,1,0.1
2015.0,453344,FF,EP,1,0.1
2015.0,453344,FF,SL,1,0.1
2015.0,453344,EP,SL,1,0.2
2015.0,453344,EP,EP,1,0.2
2015.0,453385,CU,FF,10,0.5
2015.0,453385,CH,CU,10,0.5
2015.0,453385,SL,SI,8,0.42105263157894735
2015.0,453385,SI,SL,8,0.4
2015.0,453385,FF,CU,7,0.35
2015.0,453385,CU,CH,7,0.35
2015.0,453385,FF,SI,6,0.3
2015.0,453385,CH,CH,6,0.3
2015.0,453385,SI,FF,5,0.25
2015.0,453385,SL,SL,4,0.21052631578947367
2015.0,453385,CH,SL,4,0.2
2015.0,453385,SL,CH,3,0.15789473684210525
2015.0,453385,FF,IN,3,0.15
2015.0,453385,SL,FF,2,0.10526315789473684
2015.0,453385,SI,SI,2,0.1
2015.0,453385,IN,SI,2,0.4
2015.0,453385,SI,CU,2,0.1
2015.0,453385,IN,FF,2,0.4
2015.0,453385,SI,CH,2,0.1
2015.0,453385,FF,CH,2,0.1
2015.0,453385,CU,SL,2,0.1
2015.0,453385,SL,IN,1,0.05263157894736842
2015.0,453385,SL,CU,1,0.05263157894736842
2015.0,453385,FF,SL,1,0.05
2015.0,453385,SI,IN,1,0.05
2015.0,453385,FF,FF,1,0.05
2015.0,453385,IN,SL,1,0.2
2015.0,453385,CU,SI,1,0.05
2015.0,453562,CH,CU,17,0.4857142857142857
2015.0,453562,SI,SL,15,0.42857142857142855
2015.0,453562,CU,FF,14,0.4117647058823529
2015.0,453562,CU,CH,13,0.38235294117647056
2015.0,453562,FF,CU,12,0.34285714285714286
2015.0,453562,SL,SI,9,0.2571428571428571
2015.0,453562,SL,CH,9,0.2571428571428571
2015.0,453562,SI,FF,9,0.2571428571428571
2015.0,453562,FF,SI,8,0.22857142857142856
2015.0,453562,SL,SL,8,0.22857142857142856
2015.0,453562,CH,SI,7,0.2
2015.0,453562,FF,IN,7,0.2
2015.0,453562,IN,SI,5,0.3333333333333333
2015.0,453562,CH,SL,5,0.14285714285714285
2015.0,453562,CH,CH,5,0.14285714285714285
2015.0,453562,SL,CU,5,0.14285714285714285
2015.0,453562,IN,FF,4,0.26666666666666666
2015.0,453562,FF,FF,4,0.11428571428571428
2015.0,453562,SI,SI,4,0.11428571428571428
2015.0,453562,SI,CH,4,0.11428571428571428
2015.0,453562,CU,SL,3,0.08823529411764706
2015.0,453562,IN,SL,3,0.2
2015.0,453562,FF,CH,3,0.08571428571428572
2015.0,453562,SI,IN,3,0.08571428571428572
2015.0,453562,CU,IN,2,0.058823529411764705
2015.0,453562,CU,SI,2,0.058823529411764705
2015.0,453562,SL,IN,2,0.05714285714285714
2015.0,453562,SL,FF,2,0.05714285714285714
2015.0,453562,IN,IN,1,0.06666666666666667
2015.0,453562,IN,CH,1,0.06666666666666667
2015.0,453562,IN,CU,1,0.06666666666666667
2015.0,453562,CH,FF,1,0.02857142857142857
2015.0,453562,FF,SL,1,0.02857142857142857
2015.0,453646,CH,CU,15,0.42857142857142855
2015.0,453646,SI,SL,14,0.4
2015.0,453646,SL,SI,12,0.34285714285714286
2015.0,453646,SI,FF,11,0.3142857142857143
2015.0,453646,CU,CH,10,0.29411764705882354
2015.0,453646,FF,SI,9,0.2571428571428571
2015.0,453646,SL,CH,8,0.22857142857142856
2015.0,453646,CU,FF,7,0.20588235294117646
2015.0,453646,FF,CU,7,0.2
2015.0,453646,SL,SL,7,0.2
2015.0,453646,EP,FF,6,0.4
2015.0,453646,CU,SI,6,0.17647058823529413
2015.0,453646,FF,CH,6,0.17142857142857143
2015.0,453646,CH,SL,6,0.17142857142857143
2015.0,453646,SL,CU,6,0.17142857142857143
2015.0,453646,CU,EP,5,0.14705882352941177
2015.0,453646,SI,IN,5,0.14285714285714285
2015.0,453646,IN,FF,5,0.5
2015.0,453646,FF,EP,5,0.14285714285714285
2015.0,453646,CH,CH,5,0.14285714285714285
2015.0,453646,CH,FF,5,0.14285714285714285
2015.0,453646,CU,SL,4,0.11764705882352941
2015.0,453646,FF,IN,4,0.11428571428571428
2015.0,453646,EP,CH,3,0.2
2015.0,453646,EP,CU,3,0.2
2015.0,453646,IN,CH,3,0.3
2015.0,453646,FF,SL,3,0.08571428571428572
2015.0,453646,CH,SI,3,0.08571428571428572
2015.0,453646,SI,SI,2,0.05714285714285714
2015.0,453646,IN,SI,2,0.2
2015.0,453646,SI,CU,2,0.05714285714285714
2015.0,453646,SL,EP,2,0.05714285714285714
2015.0,453646,EP,SL,1,0.06666666666666667
2015.0,453646,EP,SI,1,0.06666666666666667
2015.0,453646,EP,EP,1,0.06666666666666667
2015.0,453646,CU,IN,1,0.029411764705882353
2015.0,453646,CU,CU,1,0.029411764705882353
2015.0,453646,SI,EP,1,0.02857142857142857
2015.0,453646,FF,FF,1,0.02857142857142857
2015.0,453646,CH,EP,1,0.02857142857142857
2015.0,453895,CU,CH,3,0.75
2015.0,453895,CH,CU,3,0.6
2015.0,453895,CH,CH,2,0.4
2015.0,453895,CU,CU,1,0.25
2015.0,455009,FF,CU,13,0.38235294117647056
2015.0,455009,SI,FF,12,0.34285714285714286
2015.0,455009,SL,SI,12,0.34285714285714286
2015.0,455009,SI,SL,10,0.2857142857142857
2015.0,455009,FF,SI,9,0.2647058823529412
2015.0,455009,FF,SL,8,0.23529411764705882
2015.0,455009,SL,CU,8,0.22857142857142856
2015.0,455009,SL,SL,8,0.22857142857142856
2015.0,455009,CU,SL,8,0.26666666666666666
2015.0,455009,CU,SI,7,0.23333333333333334
2015.0,455009,CU,FF,7,0.23333333333333334
2015.0,455009,CU,CU,7,0.23333333333333334
2015.0,455009,SI,SI,5,0.14285714285714285
2015.0,455009,SL,FF,5,0.14285714285714285
2015.0,455009,SI,IN,4,0.11428571428571428
2015.0,455009,FF,FF,4,0.11764705882352941
2015.0,455009,PO,FF,4,0.8
2015.0,455009,IN,FF,3,0.6
2015.0,455009,SI,PO,2,0.05714285714285714
2015.0,455009,SI,CU,2,0.05714285714285714
2015.0,455009,SL,PO,2,0.05714285714285714
2015.0,455009,IN,IN,1,0.2
2015.0,455009,IN,SI,1,0.2
2015.0,455009,PO,SL,1,0.2
2015.0,455009,CU,PO,1,0.03333333333333333
2015.0,455119,CU,FC,13,0.52
2015.0,455119,FC,CU,9,0.36
2015.0,455119,FC,FF,9,0.36
2015.0,455119,SI,FF,9,0.45
2015.0,455119,FF,SI,9,0.375
2015.0,455119,CU,CU,6,0.24
2015.0,455119,FF,CU,6,0.25
2015.0,455119,FC,FC,4,0.16
2015.0,455119,FF,FC,4,0.16666666666666666
2015.0,455119,FC,SI,3,0.12
2015.0,455119,CU,FF,3,0.12
2015.0,455119,SI,CU,3,0.15
2015.0,455119,FF,FF,3,0.125
2015.0,455119,SI,FC,3,0.15
2015.0,455119,IN,SI,3,0.6
2015.0,455119,SI,SI,3,0.15
2015.0,455119,CU,SI,2,0.08
2015.0,455119,SI,IN,2,0.1
2015.0,455119,FF,IN,2,0.08333333333333333
2015.0,455119,CU,IN,1,0.04
2015.0,455119,IN,CU,1,0.2
2015.0,455119,IN,FF,1,0.2
2015.0,455374,FF,CH,19,0.5428571428571428
2015.0,455374,SL,FF,14,0.4
2015.0,455374,CH,CH,11,0.3235294117647059
2015.0,455374,SL,SL,10,0.2857142857142857
2015.0,455374,FF,SL,10,0.2857142857142857
2015.0,455374,CH,SL,10,0.29411764705882354
2015.0,455374,CH,FF,9,0.2647058823529412
2015.0,455374,IN,FF,6,0.6
2015.0,455374,SL,IN,5,0.14285714285714285
2015.0,455374,SL,SI,3,0.08571428571428572
2015.0,455374,SL,CH,3,0.08571428571428572
2015.0,455374,FF,FF,3,0.08571428571428572
2015.0,455374,FF,IN,3,0.08571428571428572
2015.0,455374,SI,FF,3,0.6
2015.0,455374,SI,SL,2,0.4
2015.0,455374,IN,SL,2,0.2
2015.0,455374,IN,CH,2,0.2
2015.0,455374,CH,SI,2,0.058823529411764705
2015.0,455374,CH,IN,2,0.058823529411764705
2015.0,456027,FF,CH,10,0.4166666666666667
2015.0,456027,SL,FF,10,0.4
2015.0,456027,SL,SL,8,0.32
2015.0,456027,CH,FF,8,0.4
2015.0,456027,FF,SL,7,0.2916666666666667
2015.0,456027,IN,SL,7,0.7
2015.0,456027,CH,CH,5,0.25
2015.0,456027,FF,FF,4,0.16666666666666666
2015.0,456027,SL,CH,4,0.16
2015.0,456027,CH,IN,4,0.2
2015.0,456027,FF,IN,3,0.125
2015.0,456027,SL,IN,3,0.12
2015.0,456027,CH,SL,3,0.15
2015.0,456027,IN,FF,2,0.2
2015.0,456027,IN,CH,1,0.1
2015.0,456034,SI,KC,15,0.42857142857142855
2015.0,456034,CH,FC,15,0.42857142857142855
2015.0,456034,FF,FC,14,0.4
2015.0,456034,KC,SI,13,0.37142857142857144
2015.0,456034,FC,CH,12,0.35294117647058826
2015.0,456034,KC,FF,12,0.34285714285714286
2015.0,456034,FC,FF,11,0.3235294117647059
2015.0,456034,FF,KC,11,0.3142857142857143
2015.0,456034,CH,CH,10,0.2857142857142857
2015.0,456034,SI,SI,7,0.2
2015.0,456034,CH,SI,6,0.17142857142857143
2015.0,456034,FC,SI,5,0.14705882352941177
2015.0,456034,SI,CH,5,0.14285714285714285
2015.0,456034,IN,KC,5,0.5
2015.0,456034,SI,FF,5,0.14285714285714285
2015.0,456034,KC,CH,5,0.14285714285714285
2015.0,456034,IN,FF,4,0.4
2015.0,456034,FC,IN,3,0.08823529411764706
2015.0,456034,FF,SI,3,0.08571428571428572
2015.0,456034,FF,IN,3,0.08571428571428572
2015.0,456034,SI,FC,3,0.08571428571428572
2015.0,456034,FC,FC,2,0.058823529411764705
2015.0,456034,FF,FF,2,0.05714285714285714
2015.0,456034,FF,CH,2,0.05714285714285714
2015.0,456034,CH,IN,2,0.05714285714285714
2015.0,456034,KC,IN,2,0.05714285714285714
2015.0,456034,KC,KC,2,0.05714285714285714
2015.0,456034,FC,KC,1,0.029411764705882353
2015.0,456034,IN,CH,1,0.1
2015.0,456034,CH,KC,1,0.02857142857142857
2015.0,456034,CH,FF,1,0.02857142857142857
2015.0,456034,KC,FC,1,0.02857142857142857
2015.0,456051,CH,CU,9,0.6
2015.0,456051,CU,FF,8,0.5714285714285714
2015.0,456051,SL,CH,7,0.4666666666666667
2015.0,456051,SI,SL,5,0.5
2015.0,456051,FF,SL,5,0.3333333333333333
2015.0,456051,FF,SI,4,0.26666666666666666
2015.0,456051,CU,CH,3,0.21428571428571427
2015.0,456051,IN,FF,3,0.6
2015.0,456051,FF,CU,3,0.2
2015.0,456051,CH,FF,2,0.13333333333333333
2015.0,456051,CH,CH,2,0.13333333333333333
2015.0,456051,SL,CU,2,0.13333333333333333
2015.0,456051,SL,SL,2,0.13333333333333333
2015.0,456051,SL,SI,2,0.13333333333333333
2015.0,456051,IN,SI,2,0.4
2015.0,456051,FF,CH,2,0.13333333333333333
2015.0,456051,CH,SL,1,0.06666666666666667
2015.0,456051,CH,IN,1,0.06666666666666667
2015.0,456051,SL,FF,1,0.06666666666666667
2015.0,456051,SL,IN,1,0.06666666666666667
2015.0,456051,CU,SI,1,0.07142857142857142
2015.0,456051,CU,IN,1,0.07142857142857142
2015.0,456051,CU,SL,1,0.07142857142857142
2015.0,456051,SI,CH,1,0.1
2015.0,456051,FF,IN,1,0.06666666666666667
2015.0,456051,SI,FF,1,0.1
2015.0,456051,SI,SI,1,0.1
2015.0,456051,SI,IN,1,0.1
2015.0,456051,SI,CU,1,0.1
2015.0,456068,CH,CU,17,0.5862068965517241
2015.0,456068,CU,CH,13,0.43333333333333335
2015.0,456068,CU,FF,13,0.43333333333333335
2015.0,456068,SL,SI,13,0.43333333333333335
2015.0,456068,SI,SL,12,0.4
2015.0,456068,FF,SI,11,0.36666666666666664
2015.0,456068,FF,CU,9,0.3
2015.0,456068,SI,PO,7,0.23333333333333334
2015.0,456068,SL,CH,7,0.23333333333333334
2015.0,456068,SI,FF,6,0.2
2015.0,456068,SL,SL,6,0.2
2015.0,456068,CH,CH,5,0.1724137931034483
2015.0,456068,CH,SL,5,0.1724137931034483
2015.0,456068,FF,CH,4,0.13333333333333333
2015.0,456068,PO,FF,4,0.4
2015.0,456068,IN,FF,3,0.6
2015.0,456068,FF,SL,3,0.1
2015.0,456068,SL,FF,3,0.1
2015.0,456068,PO,SI,3,0.3
2015.0,456068,CU,SL,2,0.06666666666666667
2015.0,456068,SI,CU,2,0.06666666666666667
2015.0,456068,SI,SI,2,0.06666666666666667
2015.0,456068,IN,PO,2,0.4
2015.0,456068,FF,IN,2,0.06666666666666667
2015.0,456068,PO,IN,2,0.2
2015.0,456068,CU,CU,1,0.03333333333333333
2015.0,456068,CU,IN,1,0.03333333333333333
2015.0,456068,FF,PO,1,0.03333333333333333
2015.0,456068,SI,CH,1,0.03333333333333333
2015.0,456068,CH,FF,1,0.034482758620689655
2015.0,456068,CH,SI,1,0.034482758620689655
2015.0,456068,PO,SL,1,0.1
2015.0,456068,SL,CU,1,0.03333333333333333
2015.0,456071,CH,FF,10,0.4166666666666667
2015.0,456071,SI,SL,10,0.4
2015.0,456071,SL,SI,9,0.36
2015.0,456071,SL,SL,7,0.28
2015.0,456071,SI,CH,7,0.28
2015.0,456071,FF,CH,7,0.35
2015.0,456071,SL,CH,6,0.24
2015.0,456071,CH,SI,5,0.20833333333333334
2015.0,456071,FF,SI,5,0.25
2015.0,456071,IN,SI,5,0.5
2015.0,456071,CH,CH,4,0.16666666666666666
2015.0,456071,FF,SL,4,0.2
2015.0,456071,SI,FF,4,0.16
2015.0,456071,CH,SL,3,0.125
2015.0,456071,FF,IN,3,0.15
2015.0,456071,SI,IN,3,0.12
2015.0,456071,CH,IN,2,0.08333333333333333
2015.0,456071,IN,FF,2,0.2
2015.0,456071,SL,FF,2,0.08
2015.0,456071,SL,IN,1,0.04
2015.0,456071,IN,CH,1,0.1
2015.0,456071,FF,FF,1,0.05
2015.0,456071,SI,SI,1,0.04
2015.0,456071,IN,SL,1,0.1
2015.0,456071,IN,IN,1,0.1
2015.0,456121,CU,CU,4,1.0
2015.0,456379,FF,SI,13,0.43333333333333335
2015.0,456379,SI,SL,11,0.3793103448275862
2015.0,456379,SL,SI,10,0.3333333333333333
2015.0,456379,SL,SL,10,0.3333333333333333
2015.0,456379,SI,FF,9,0.3103448275862069
2015.0,456379,SL,FF,8,0.26666666666666666
2015.0,456379,IN,FF,7,0.4666666666666667
2015.0,456379,FF,IN,7,0.23333333333333334
2015.0,456379,FF,FF,6,0.2
2015.0,456379,SI,IN,6,0.20689655172413793
2015.0,456379,IN,SL,4,0.26666666666666666
2015.0,456379,IN,SI,4,0.26666666666666666
2015.0,456379,FF,SL,4,0.13333333333333333
2015.0,456379,SI,SI,3,0.10344827586206896
2015.0,456379,SL,IN,2,0.06666666666666667
2015.0,456496,SL,SI,12,0.5
2015.0,456496,SI,FF,11,0.44
2015.0,456496,FF,SI,10,0.4
2015.0,456496,SI,SL,9,0.36
2015.0,456496,FF,FF,7,0.28
2015.0,456496,SL,SL,7,0.2916666666666667
2015.0,456496,FF,SL,7,0.28
2015.0,456496,SL,FF,4,0.16666666666666666
2015.0,456496,SI,IN,3,0.12
2015.0,456496,IN,FF,3,0.6
2015.0,456496,IN,SL,2,0.4
2015.0,456496,SI,SI,2,0.08
2015.0,456496,FF,IN,1,0.04
2015.0,456496,SL,IN,1,0.041666666666666664
2015.0,456501,FF,FC,14,0.4
2015.0,456501,SI,SL,14,0.4
2015.0,456501,FC,FF,14,0.4117647058823529
2015.0,456501,SL,SI,14,0.4
2015.0,456501,CU,FC,14,0.56
2015.0,456501,FF,SI,11,0.3142857142857143
2015.0,456501,SI,FF,11,0.3142857142857143
2015.0,456501,CH,CH,10,0.2857142857142857
2015.0,456501,CH,CU,10,0.2857142857142857
2015.0,456501,FC,CU,9,0.2647058823529412
2015.0,456501,SL,SL,8,0.22857142857142856
2015.0,456501,FC,CH,6,0.17647058823529413
2015.0,456501,SL,CH,6,0.17142857142857143
2015.0,456501,CU,CH,6,0.24
2015.0,456501,CH,FC,5,0.14285714285714285
2015.0,456501,SI,CH,4,0.11428571428571428
2015.0,456501,CH,FF,4,0.11428571428571428
2015.0,456501,CH,SL,4,0.11428571428571428
2015.0,456501,FF,IN,3,0.08571428571428572
2015.0,456501,FF,SL,3,0.08571428571428572
2015.0,456501,SI,SI,3,0.08571428571428572
2015.0,456501,SL,CU,3,0.08571428571428572
2015.0,456501,SL,FF,3,0.08571428571428572
2015.0,456501,FC,SL,3,0.08823529411764706
2015.0,456501,CU,SL,3,0.12
2015.0,456501,IN,SI,2,0.4
2015.0,456501,FF,CH,2,0.05714285714285714
2015.0,456501,FF,CU,2,0.05714285714285714
2015.0,456501,SI,IN,2,0.05714285714285714
2015.0,456501,IN,FF,2,0.4
2015.0,456501,FC,SI,2,0.058823529411764705
2015.0,456501,CH,SI,2,0.05714285714285714
2015.0,456501,SI,FC,1,0.02857142857142857
2015.0,456501,IN,CH,1,0.2
2015.0,456501,SL,FC,1,0.02857142857142857
2015.0,456501,CU,CU,1,0.04
2015.0,456501,CU,SI,1,0.04
2015.0,456696,CH,CU,12,0.6
2015.0,456696,CU,FF,11,0.44
2015.0,456696,FF,SI,11,0.44
2015.0,456696,SI,FF,9,0.375
2015.0,456696,CU,CH,6,0.24
2015.0,456696,CU,SI,6,0.24
2015.0,456696,SI,CU,6,0.25
2015.0,456696,FF,CU,5,0.2
2015.0,456696,SI,CH,5,0.20833333333333334
2015.0,456696,FF,CH,5,0.2
2015.0,456696,CH,CH,4,0.2
2015.0,456696,SI,SI,4,0.16666666666666666
2015.0,456696,FF,FF,4,0.16
2015.0,456696,CH,SI,3,0.15
2015.0,456696,CU,CU,2,0.08
2015.0,456696,CH,FF,1,0.05
2015.0,456701,SL,IN,2,0.4
2015.0,456701,SL,CH,2,0.4
2015.0,456701,SI,SL,2,0.4
2015.0,456701,IN,SI,2,0.4
2015.0,456701,KC,FF,2,0.4
2015.0,456701,CH,IN,2,0.4
2015.0,456701,KC,SL,2,0.4
2015.0,456701,SL,SL,1,0.2
2015.0,456701,FF,KC,1,0.25
2015.0,456701,FF,FF,1,0.25
2015.0,456701,FF,CH,1,0.25
2015.0,456701,SI,SI,1,0.2
2015.0,456701,SI,FF,1,0.2
2015.0,456701,SI,CH,1,0.2
2015.0,456701,FF,SI,1,0.25
2015.0,456701,IN,KC,1,0.2
2015.0,456701,IN,CH,1,0.2
2015.0,456701,IN,IN,1,0.2
2015.0,456701,CH,KC,1,0.2
2015.0,456701,CH,SI,1,0.2
2015.0,456701,KC,KC,1,0.2
2015.0,456701,CH,FF,1,0.2
2015.0,456776,SI,FF,8,0.4
2015.0,456776,FC,CH,7,0.35
2015.0,456776,FC,CU,7,0.35
2015.0,456776,FF,FC,7,0.35
2015.0,456776,FF,SI,7,0.35
2015.0,456776,CH,FC,7,0.35
2015.0,456776,FC,FF,6,0.3
2015.0,456776,SI,SI,6,0.3
2015.0,456776,CH,FF,5,0.25
2015.0,456776,CU,SI,4,0.2857142857142857
2015.0,456776,CU,CH,4,0.2857142857142857
2015.0,456776,CU,FC,4,0.2857142857142857
2015.0,456776,SI,CH,3,0.15
2015.0,456776,FF,CH,3,0.15
2015.0,456776,CH,CU,3,0.15
2015.0,456776,CH,SI,3,0.15
2015.0,456776,SI,FC,2,0.1
2015.0,456776,FF,CU,2,0.1
2015.0,456776,CH,CH,2,0.1
2015.0,456776,CU,CU,2,0.14285714285714285
2015.0,456776,SI,CU,1,0.05
2015.0,456776,FF,FF,1,0.05
2015.0,457117,FF,CH,6,0.4
2015.0,457117,CH,SL,6,0.4
2015.0,457117,FF,SI,5,0.3333333333333333
2015.0,457117,SI,CH,5,0.3333333333333333
2015.0,457117,SL,SI,5,0.35714285714285715
2015.0,457117,SI,SL,4,0.26666666666666666
2015.0,457117,SI,FF,4,0.26666666666666666
2015.0,457117,SL,FF,4,0.2857142857142857
2015.0,457117,SL,SL,4,0.2857142857142857
2015.0,457117,CU,FF,3,0.6
2015.0,457117,CH,SI,3,0.2
2015.0,457117,CH,CU,3,0.2
2015.0,457117,FF,FF,2,0.13333333333333333
2015.0,457117,CH,CH,2,0.13333333333333333
2015.0,457117,FF,CU,1,0.06666666666666667
2015.0,457117,FF,SL,1,0.06666666666666667
2015.0,457117,SI,SI,1,0.06666666666666667
2015.0,457117,SI,CU,1,0.06666666666666667
2015.0,457117,SL,CH,1,0.07142857142857142
2015.0,457117,CU,CH,1,0.2
2015.0,457117,CU,SI,1,0.2
2015.0,457117,CH,FF,1,0.06666666666666667
2015.0,457429,SL,SI,16,0.47058823529411764
2015.0,457429,SI,FF,15,0.5
2015.0,457429,FF,SL,13,0.37142857142857144
2015.0,457429,FF,SI,12,0.34285714285714286
2015.0,457429,SI,SL,12,0.4
2015.0,457429,SL,FF,9,0.2647058823529412
2015.0,457429,SL,SL,8,0.23529411764705882
2015.0,457429,FF,FF,8,0.22857142857142856
2015.0,457429,IN,SL,2,0.4
2015.0,457429,IN,FF,2,0.4
2015.0,457429,SI,IN,2,0.06666666666666667
2015.0,457429,FF,IN,2,0.05714285714285714
2015.0,457429,IN,SI,1,0.2
2015.0,457429,SL,IN,1,0.029411764705882353
2015.0,457429,SI,SI,1,0.03333333333333333
2015.0,457435,FF,SL,5,0.3333333333333333
2015.0,457435,SL,FF,4,0.26666666666666666
2015.0,457435,SL,CH,4,0.26666666666666666
2015.0,457435,CH,FF,4,0.26666666666666666
2015.0,457435,CH,SI,4,0.26666666666666666
2015.0,457435,CH,SL,4,0.26666666666666666
2015.0,457435,FF,CH,4,0.26666666666666666
2015.0,457435,SI,SI,4,0.2857142857142857
2015.0,457435,SL,SL,3,0.2
2015.0,457435,SL,SI,3,0.2
2015.0,457435,CH,CH,3,0.2
2015.0,457435,SI,CH,3,0.21428571428571427
2015.0,457435,IN,FF,3,0.6
2015.0,457435,FF,SI,3,0.2
2015.0,457435,SI,SL,3,0.21428571428571427
2015.0,457435,FF,FF,2,0.13333333333333333
2015.0,457435,SI,FF,2,0.14285714285714285
2015.0,457435,SI,IN,2,0.14285714285714285
2015.0,457435,SL,IN,1,0.06666666666666667
2015.0,457435,IN,IN,1,0.2
2015.0,457435,FF,IN,1,0.06666666666666667
2015.0,457435,IN,CH,1,0.2
2015.0,457448,CU,FC,3,0.6
2015.0,457448,FF,SI,3,0.6
2015.0,457448,CU,CH,2,0.4
2015.0,457448,CH,CU,2,0.4
2015.0,457448,FC,CU,2,0.4
2015.0,457448,FC,FF,2,0.4
2015.0,457448,SI,FF,2,0.5
2015.0,457448,SI,CH,2,0.5
2015.0,457448,FF,FC,2,0.4
2015.0,457448,CH,SI,1,0.2
2015.0,457448,CH,FF,1,0.2
2015.0,457448,CH,CH,1,0.2
2015.0,457448,FC,SI,1,0.2
2015.0,457456,FF,FF,4,1.0
2015.0,457711,CU,FF,10,0.5
2015.0,457711,CH,CU,10,0.5
2015.0,457711,FF,IN,8,0.4
2015.0,457711,SL,SL,6,0.3157894736842105
2015.0,457711,IN,SI,6,0.4
2015.0,457711,IN,FF,6,0.4
2015.0,457711,SI,SL,6,0.3
2015.0,457711,SL,SI,5,0.2631578947368421
2015.0,457711,SI,CH,5,0.25
2015.0,457711,FF,CU,5,0.25
2015.0,457711,CH,CH,5,0.25
2015.0,457711,SI,IN,4,0.2
2015.0,457711,CU,CH,4,0.2
2015.0,457711,SL,CH,3,0.15789473684210525
2015.0,457711,FF,SI,3,0.15
2015.0,457711,SI,SI,3,0.15
2015.0,457711,SL,CU,2,0.10526315789473684
2015.0,457711,SL,IN,2,0.10526315789473684
2015.0,457711,SI,FF,2,0.1
2015.0,457711,FF,SL,2,0.1
2015.0,457711,FF,CH,2,0.1
2015.0,457711,CH,SI,2,0.1
2015.0,457711,CU,SL,2,0.1
2015.0,457711,CU,CU,2,0.1
2015.0,457711,CH,SL,2,0.1
2015.0,457711,SL,FF,1,0.05263157894736842
2015.0,457711,IN,CH,1,0.06666666666666667
2015.0,457711,IN,CU,1,0.06666666666666667
2015.0,457711,IN,SL,1,0.06666666666666667
2015.0,457711,CU,IN,1,0.05
2015.0,457711,CU,SI,1,0.05
2015.0,457711,CH,FF,1,0.05
2015.0,457732,CU,FC,4,0.4444444444444444
2015.0,457732,FC,FF,4,0.4
2015.0,457732,FF,IN,3,0.3
2015.0,457732,FF,FC,3,0.3
2015.0,457732,FC,CU,3,0.3
2015.0,457732,CU,CU,2,0.2222222222222222
2015.0,457732,CU,CH,2,0.2222222222222222
2015.0,457732,FF,CH,2,0.2
2015.0,457732,CH,CU,2,0.4
2015.0,457732,CH,FF,2,0.4
2015.0,457732,FC,IN,2,0.2
2015.0,457732,IN,FC,2,0.4
2015.0,457732,IN,FF,2,0.4
2015.0,457732,CU,FF,1,0.1111111111111111
2015.0,457732,FF,CU,1,0.1
2015.0,457732,FF,FF,1,0.1
2015.0,457732,CH,FC,1,0.2
2015.0,457732,FC,CH,1,0.1
2015.0,457732,IN,CU,1,0.2
2015.0,457744,FF,SL,9,0.45
2015.0,457744,SL,CU,6,0.3157894736842105
2015.0,457744,IN,FF,5,0.5
2015.0,457744,CH,FF,5,0.3333333333333333
2015.0,457744,CH,CH,5,0.3333333333333333
2015.0,457744,SL,IN,4,0.21052631578947367
2015.0,457744,SL,FF,4,0.21052631578947367
2015.0,457744,IN,CH,3,0.3
2015.0,457744,CU,CH,3,0.3
2015.0,457744,CU,FF,3,0.3
2015.0,457744,FF,FF,3,0.15
2015.0,457744,SL,SL,3,0.15789473684210525
2015.0,457744,FF,IN,3,0.15
2015.0,457744,FF,CU,3,0.15
2015.0,457744,CH,SL,3,0.2
2015.0,457744,IN,SL,2,0.2
2015.0,457744,CU,SL,2,0.2
2015.0,457744,CU,IN,2,0.2
2015.0,457744,FF,CH,2,0.1
2015.0,457744,SL,CH,2,0.10526315789473684
2015.0,457744,CH,IN,1,0.06666666666666667
2015.0,457744,CH,CU,1,0.06666666666666667
2015.0,457754,SL,FF,16,0.64
2015.0,457754,FF,SL,15,0.625
2015.0,457754,FF,FF,9,0.375
2015.0,457754,SL,SL,9,0.36
2015.0,457768,FF,FC,16,0.47058823529411764
2015.0,457768,SI,FF,15,0.42857142857142855
2015.0,457768,FC,CU,14,0.4
2015.0,457768,FF,SI,13,0.38235294117647056
2015.0,457768,FC,FF,13,0.37142857142857144
2015.0,457768,CU,FC,11,0.3142857142857143
2015.0,457768,CU,SI,9,0.2571428571428571
2015.0,457768,CU,CU,9,0.2571428571428571
2015.0,457768,SI,SI,8,0.22857142857142856
2015.0,457768,SI,CU,8,0.22857142857142856
2015.0,457768,CU,FF,6,0.17142857142857143
2015.0,457768,FC,SI,5,0.14285714285714285
2015.0,457768,SI,FC,4,0.11428571428571428
2015.0,457768,FF,CU,4,0.11764705882352941
2015.0,457768,FC,FC,3,0.08571428571428572
2015.0,457768,FF,FF,1,0.029411764705882353
2015.0,457915,CU,FC,3,0.6
2015.0,457915,FC,FF,2,0.5
2015.0,457915,SL,FF,2,0.4
2015.0,457915,FF,SL,2,0.4
2015.0,457915,FF,CU,2,0.4
2015.0,457915,FC,SL,1,0.25
2015.0,457915,FC,CU,1,0.25
2015.0,457915,FF,FC,1,0.2
2015.0,457915,SL,SL,1,0.2
2015.0,457915,SL,FC,1,0.2
2015.0,457915,SL,CU,1,0.2
2015.0,457915,CU,CU,1,0.2
2015.0,457915,CU,SL,1,0.2
2015.0,457918,CU,CH,17,0.4857142857142857
2015.0,457918,SI,SL,17,0.4857142857142857
2015.0,457918,FF,CU,17,0.4857142857142857
2015.0,457918,SL,SI,14,0.4
2015.0,457918,CU,FF,12,0.34285714285714286
2015.0,457918,SI,FF,10,0.2857142857142857
2015.0,457918,SL,CH,10,0.2857142857142857
2015.0,457918,CH,CU,9,0.2647058823529412
2015.0,457918,CH,SL,9,0.2647058823529412
2015.0,457918,FF,IN,8,0.22857142857142856
2015.0,457918,FF,SI,7,0.2
2015.0,457918,IN,SI,7,0.4666666666666667
2015.0,457918,CH,CH,6,0.17647058823529413
2015.0,457918,IN,FF,5,0.3333333333333333
2015.0,457918,CH,SI,4,0.11764705882352941
2015.0,457918,CH,FF,4,0.11764705882352941
2015.0,457918,SL,SL,4,0.11428571428571428
2015.0,457918,CU,CU,3,0.08571428571428572
2015.0,457918,FF,SL,3,0.08571428571428572
2015.0,457918,SI,IN,3,0.08571428571428572
2015.0,457918,SL,FF,3,0.08571428571428572
2015.0,457918,SL,CU,3,0.08571428571428572
2015.0,457918,CU,SI,2,0.05714285714285714
2015.0,457918,SI,CU,2,0.05714285714285714
2015.0,457918,SI,CH,2,0.05714285714285714
2015.0,457918,CH,IN,2,0.058823529411764705
2015.0,457918,CU,SL,1,0.02857142857142857
2015.0,457918,IN,SL,1,0.06666666666666667
2015.0,457918,IN,IN,1,0.06666666666666667
2015.0,457918,IN,CU,1,0.06666666666666667
2015.0,457918,SI,SI,1,0.02857142857142857
2015.0,457918,SL,IN,1,0.02857142857142857
2015.0,458006,SL,SI,9,0.45
2015.0,458006,SI,SL,8,0.32
2015.0,458006,SL,CH,5,0.25
2015.0,458006,CH,SI,5,0.20833333333333334
2015.0,458006,CH,SL,5,0.20833333333333334
2015.0,458006,CU,CH,5,0.5
2015.0,458006,IN,CH,5,0.5
2015.0,458006,SI,CH,5,0.2
2015.0,458006,PO,SI,4,0.8
2015.0,458006,CH,CU,4,0.16666666666666666
2015.0,458006,CH,FF,4,0.16666666666666666
2015.0,458006,FF,SI,4,0.4
2015.0,458006,SL,SL,3,0.15
2015.0,458006,CU,IN,3,0.3
2015.0,458006,CH,CH,3,0.125
2015.0,458006,SI,IN,3,0.12
2015.0,458006,SI,FF,3,0.12
2015.0,458006,FF,CU,3,0.3
2015.0,458006,SL,IN,2,0.1
2015.0,458006,CH,IN,2,0.08333333333333333
2015.0,458006,CU,SL,2,0.2
2015.0,458006,FF,CH,2,0.2
2015.0,458006,IN,FF,2,0.2
2015.0,458006,IN,PO,2,0.2
2015.0,458006,SI,PO,2,0.08
2015.0,458006,SI,SI,2,0.08
2015.0,458006,SI,CU,2,0.08
2015.0,458006,SL,FF,1,0.05
2015.0,458006,PO,CU,1,0.2
2015.0,458006,CH,PO,1,0.041666666666666664
2015.0,458006,FF,SL,1,0.1
2015.0,458006,IN,SL,1,0.1
2015.0,458584,FF,CU,18,0.5142857142857142
2015.0,458584,CU,FF,14,0.4117647058823529
2015.0,458584,SI,FF,10,0.6666666666666666
2015.0,458584,CH,CU,8,0.8
2015.0,458584,FF,SI,7,0.2
2015.0,458584,FF,FF,7,0.2
2015.0,458584,CU,IN,7,0.20588235294117646
2015.0,458584,CU,CH,5,0.14705882352941177
2015.0,458584,CU,SI,4,0.11764705882352941
2015.0,458584,CU,CU,4,0.11764705882352941
2015.0,458584,IN,SI,3,0.3
2015.0,458584,IN,CU,3,0.3
2015.0,458584,CH,FF,2,0.2
2015.0,458584,FF,CH,2,0.05714285714285714
2015.0,458584,IN,CH,2,0.2
2015.0,458584,IN,FF,2,0.2
2015.0,458584,SI,IN,2,0.13333333333333333
2015.0,458584,FF,IN,1,0.02857142857142857
2015.0,458584,SI,CH,1,0.06666666666666667
2015.0,458584,SI,CU,1,0.06666666666666667
2015.0,458584,SI,SI,1,0.06666666666666667
2015.0,458677,FF,FC,16,0.45714285714285713
2015.0,458677,FC,FF,14,0.4
2015.0,458677,CU,FC,13,0.4482758620689655
2015.0,458677,SI,FF,13,0.37142857142857144
2015.0,458677,FF,SI,12,0.34285714285714286
2015.0,458677,FC,CU,9,0.2571428571428571
2015.0,458677,SI,CU,9,0.2571428571428571
2015.0,458677,FC,SI,8,0.22857142857142856
2015.0,458677,SI,SL,7,0.2
2015.0,458677,CU,SI,6,0.20689655172413793
2015.0,458677,CU,CU,6,0.20689655172413793
2015.0,458677,SL,SI,5,0.5
2015.0,458677,FC,FC,4,0.11428571428571428
2015.0,458677,CU,FF,4,0.13793103448275862
2015.0,458677,FF,CU,4,0.11428571428571428
2015.0,458677,SI,SI,4,0.11428571428571428
2015.0,458677,SL,FF,2,0.2
2015.0,458677,SL,CU,2,0.2
2015.0,458677,SI,FC,2,0.05714285714285714
2015.0,458677,FF,SL,2,0.05714285714285714
2015.0,458677,SL,SL,1,0.1
2015.0,458677,FF,FF,1,0.02857142857142857
2015.0,458678,FF,SL,13,0.52
2015.0,458678,SL,FF,13,0.5416666666666666
2015.0,458678,SL,SL,7,0.2916666666666667
2015.0,458678,FF,FF,6,0.24
2015.0,458678,IN,FF,5,1.0
2015.0,458678,FF,PO,4,0.16
2015.0,458678,PO,SL,4,0.8
2015.0,458678,SL,IN,3,0.125
2015.0,458678,FF,IN,2,0.08
2015.0,458678,SL,PO,1,0.041666666666666664
2015.0,458678,PO,FF,1,0.2
2015.0,458681,SI,SL,16,0.45714285714285713
2015.0,458681,CH,CU,15,0.42857142857142855
2015.0,458681,SL,SI,13,0.38235294117647056
2015.0,458681,CU,CH,12,0.34285714285714286
2015.0,458681,FF,CU,10,0.2857142857142857
2015.0,458681,CU,FF,10,0.2857142857142857
2015.0,458681,FF,SI,9,0.2571428571428571
2015.0,458681,IN,FF,9,0.45
2015.0,458681,FF,IN,6,0.17142857142857143
2015.0,458681,CH,CH,6,0.17142857142857143
2015.0,458681,CH,SL,6,0.17142857142857143
2015.0,458681,SL,CH,6,0.17647058823529413
2015.0,458681,SI,IN,5,0.14285714285714285
2015.0,458681,SL,FF,5,0.14705882352941177
2015.0,458681,IN,SI,4,0.2
2015.0,458681,FF,CH,4,0.11428571428571428
2015.0,458681,SI,FF,4,0.11428571428571428
2015.0,458681,SI,PO,4,0.11428571428571428
2015.0,458681,IN,CH,4,0.2
2015.0,458681,CU,SL,4,0.11428571428571428
2015.0,458681,SL,SL,4,0.11764705882352941
2015.0,458681,SI,CH,3,0.08571428571428572
2015.0,458681,CU,SI,3,0.08571428571428572
2015.0,458681,CU,IN,3,0.08571428571428572
2015.0,458681,CH,IN,3,0.08571428571428572
2015.0,458681,CH,FF,3,0.08571428571428572
2015.0,458681,SL,CU,3,0.08823529411764706
2015.0,458681,SI,CU,2,0.05714285714285714
2015.0,458681,FF,SL,2,0.05714285714285714
2015.0,458681,FF,FF,2,0.05714285714285714
2015.0,458681,FA,FF,2,0.4
2015.0,458681,FF,FA,2,0.05714285714285714
2015.0,458681,FA,CU,2,0.4
2015.0,458681,IN,SL,2,0.1
2015.0,458681,CU,FA,2,0.05714285714285714
2015.0,458681,CH,SI,2,0.05714285714285714
2015.0,458681,PO,SI,2,0.4
2015.0,458681,SL,IN,2,0.058823529411764705
2015.0,458681,SI,SI,1,0.02857142857142857
2015.0,458681,FA,SI,1,0.2
2015.0,458681,IN,PO,1,0.05
2015.0,458681,CU,CU,1,0.02857142857142857
2015.0,458681,PO,CU,1,0.2
2015.0,458681,PO,SL,1,0.2
2015.0,458681,SL,FA,1,0.029411764705882353
2015.0,458681,PO,IN,1,0.2
2015.0,458690,SL,SI,3,0.75
2015.0,458690,CU,SL,2,0.4
2015.0,458690,CU,CU,2,0.4
2015.0,458690,SI,FF,2,0.4
2015.0,458690,FF,SI,2,0.4
2015.0,458690,SI,CU,2,0.4
2015.0,458690,FF,SL,2,0.4
2015.0,458690,CU,FF,1,0.2
2015.0,458690,SL,FF,1,0.25
2015.0,458690,SI,SL,1,0.2
2015.0,458690,FF,CU,1,0.2
2015.0,458708,FF,FC,8,0.5333333333333333
2015.0,458708,FC,CU,7,0.5
2015.0,458708,FF,SI,6,0.4
2015.0,458708,CH,CU,5,0.3333333333333333
2015.0,458708,CU,CH,5,0.3333333333333333
2015.0,458708,CU,FC,5,0.3333333333333333
2015.0,458708,SI,CH,5,0.3333333333333333
2015.0,458708,CH,CH,4,0.26666666666666666
2015.0,458708,FC,FF,4,0.2857142857142857
2015.0,458708,SI,FF,4,0.26666666666666666
2015.0,458708,SL,SI,3,0.6
2015.0,458708,SI,SL,3,0.2
2015.0,458708,CH,FF,2,0.13333333333333333
2015.0,458708,CH,SI,2,0.13333333333333333
2015.0,458708,SL,FF,2,0.4
2015.0,458708,CU,FF,2,0.13333333333333333
2015.0,458708,CU,SI,2,0.13333333333333333
2015.0,458708,SI,CU,2,0.13333333333333333
2015.0,458708,CH,FC,1,0.06666666666666667
2015.0,458708,CH,SL,1,0.06666666666666667
2015.0,458708,FC,FC,1,0.07142857142857142
2015.0,458708,FC,SI,1,0.07142857142857142
2015.0,458708,FC,SL,1,0.07142857142857142
2015.0,458708,CU,CU,1,0.06666666666666667
2015.0,458708,SI,SI,1,0.06666666666666667
2015.0,458708,FF,FF,1,0.06666666666666667
2015.0,458730,KC,SI,8,0.4
2015.0,458730,SI,KC,7,0.35
2015.0,458730,FF,KC,6,0.3
2015.0,458730,FF,FF,6,0.3
2015.0,458730,FS,KC,5,0.5555555555555556
2015.0,458730,SI,SI,5,0.25
2015.0,458730,SI,FF,5,0.25
2015.0,458730,FF,SI,4,0.2
2015.0,458730,FF,FS,4,0.2
2015.0,458730,KC,FS,4,0.2
2015.0,458730,KC,IN,4,0.2
2015.0,458730,IN,FF,3,0.6
2015.0,458730,FS,FF,3,0.3333333333333333
2015.0,458730,IN,SI,2,0.4
2015.0,458730,SI,FS,2,0.1
2015.0,458730,KC,FF,2,0.1
2015.0,458730,KC,KC,2,0.1
2015.0,458730,FS,SI,1,0.1111111111111111
2015.0,458730,SI,IN,1,0.05
2015.0,458919,SL,SI,16,0.5333333333333333
2015.0,458919,FC,FF,14,0.4666666666666667
2015.0,458919,FF,FS,14,0.4666666666666667
2015.0,458919,FC,FC,10,0.3333333333333333
2015.0,458919,FF,FC,10,0.3333333333333333
2015.0,458919,SI,FS,10,0.3333333333333333
2015.0,458919,SI,SL,10,0.3333333333333333
2015.0,458919,FS,FF,9,0.3103448275862069
2015.0,458919,FS,SI,9,0.3103448275862069
2015.0,458919,SL,SL,8,0.26666666666666666
2015.0,458919,SI,FC,5,0.16666666666666666
2015.0,458919,IN,FS,5,0.5
2015.0,458919,FC,SL,4,0.13333333333333333
2015.0,458919,FF,SL,4,0.13333333333333333
2015.0,458919,FS,IN,4,0.13793103448275862
2015.0,458919,SL,FF,3,0.1
2015.0,458919,SI,IN,3,0.1
2015.0,458919,FS,FC,3,0.10344827586206896
2015.0,458919,FS,SL,3,0.10344827586206896
2015.0,458919,IN,SI,3,0.3
2015.0,458919,SL,IN,2,0.06666666666666667
2015.0,458919,FF,FF,2,0.06666666666666667
2015.0,458919,FC,SI,1,0.03333333333333333
2015.0,458919,FC,IN,1,0.03333333333333333
2015.0,458919,SL,FC,1,0.03333333333333333
2015.0,458919,FS,FS,1,0.034482758620689655
2015.0,458919,SI,FF,1,0.03333333333333333
2015.0,458919,SI,SI,1,0.03333333333333333
2015.0,458919,IN,SL,1,0.1
2015.0,458919,IN,FC,1,0.1
2015.0,459429,FF,CU,15,0.5172413793103449
2015.0,459429,CU,FF,14,0.4666666666666667
2015.0,459429,SI,SI,12,0.4
2015.0,459429,SI,FF,11,0.36666666666666664
2015.0,459429,FF,SI,10,0.3448275862068966
2015.0,459429,CU,CU,8,0.26666666666666666
2015.0,459429,CU,SI,8,0.26666666666666666
2015.0,459429,SI,CU,7,0.23333333333333334
2015.0,459429,FF,FF,4,0.13793103448275862
2015.0,459967,FF,CH,8,0.5333333333333333
2015.0,459967,CH,FF,8,0.5333333333333333
2015.0,459967,KC,SI,7,0.4666666666666667
2015.0,459967,FF,KC,6,0.4
2015.0,459967,SI,SL,5,0.35714285714285715
2015.0,459967,SI,SI,3,0.21428571428571427
2015.0,459967,SI,KC,3,0.21428571428571427
2015.0,459967,CH,KC,3,0.2
2015.0,459967,SL,CH,3,0.3
2015.0,459967,SL,FF,3,0.3
2015.0,459967,SI,FF,2,0.14285714285714285
2015.0,459967,KC,SL,2,0.13333333333333333
2015.0,459967,CH,SI,2,0.13333333333333333
2015.0,459967,KC,KC,2,0.13333333333333333
2015.0,459967,KC,CH,2,0.13333333333333333
2015.0,459967,KC,FF,2,0.13333333333333333
2015.0,459967,SL,SI,2,0.2
2015.0,459967,FF,SI,1,0.06666666666666667
2015.0,459967,SI,CH,1,0.07142857142857142
2015.0,459967,CH,SL,1,0.06666666666666667
2015.0,459967,CH,CH,1,0.06666666666666667
2015.0,459967,SL,KC,1,0.1
2015.0,459967,SL,SL,1,0.1
2015.0,459987,FF,SL,16,0.45714285714285713
2015.0,459987,CU,FF,15,0.42857142857142855
2015.0,459987,CH,CU,13,0.43333333333333335
2015.0,459987,FF,CU,12,0.34285714285714286
2015.0,459987,CU,CH,11,0.3142857142857143
2015.0,459987,SL,SL,9,0.2647058823529412
2015.0,459987,SL,CH,9,0.2647058823529412
2015.0,459987,CH,FF,8,0.26666666666666666
2015.0,459987,SL,FF,7,0.20588235294117646
2015.0,459987,SL,CU,7,0.20588235294117646
2015.0,459987,CH,CH,6,0.2
2015.0,459987,CU,SL,5,0.14285714285714285
2015.0,459987,CU,CU,3,0.08571428571428572
2015.0,459987,SI,SL,3,0.6
2015.0,459987,FF,CH,3,0.08571428571428572
2015.0,459987,FF,FF,3,0.08571428571428572
2015.0,459987,SL,SI,2,0.058823529411764705
2015.0,459987,SI,FF,2,0.4
2015.0,459987,CH,SL,2,0.06666666666666667
2015.0,459987,CU,SI,1,0.02857142857142857
2015.0,459987,FF,SI,1,0.02857142857142857
2015.0,459987,CH,SI,1,0.03333333333333333
2015.0,460008,CH,CU,4,0.8
2015.0,460008,CU,FF,3,0.75
2015.0,460008,IN,CH,2,0.4
2015.0,460008,FF,CH,2,0.4
2015.0,460008,IN,FF,2,0.4
2015.0,460008,FF,IN,2,0.4
2015.0,460008,CH,IN,1,0.2
2015.0,460008,IN,IN,1,0.2
2015.0,460008,FF,CU,1,0.2
2015.0,460008,CU,CH,1,0.25
2015.0,460024,FF,KC,15,0.42857142857142855
2015.0,460024,KC,SI,15,0.42857142857142855
2015.0,460024,SI,KC,14,0.4117647058823529
2015.0,460024,KC,FF,14,0.4
2015.0,460024,FF,FC,12,0.34285714285714286
2015.0,460024,FC,FF,12,0.34285714285714286
2015.0,460024,FC,FC,10,0.2857142857142857
2015.0,460024,SI,FF,8,0.23529411764705882
2015.0,460024,SI,FC,8,0.23529411764705882
2015.0,460024,FC,SI,8,0.22857142857142856
2015.0,460024,FF,SI,7,0.2
2015.0,460024,FC,KC,5,0.14285714285714285
2015.0,460024,KC,FC,5,0.14285714285714285
2015.0,460024,SI,SI,4,0.11764705882352941
2015.0,460024,FF,FF,1,0.02857142857142857
2015.0,460024,KC,KC,1,0.02857142857142857
2015.0,460059,FS,FF,14,0.4666666666666667
2015.0,460059,FF,CU,14,0.4827586206896552
2015.0,460059,SL,SI,12,0.4
2015.0,460059,SI,SL,12,0.4
2015.0,460059,CU,FF,8,0.26666666666666666
2015.0,460059,SI,FS,7,0.23333333333333334
2015.0,460059,FS,SI,7,0.23333333333333334
2015.0,460059,SL,CU,6,0.2
2015.0,460059,CU,CU,6,0.2
2015.0,460059,CU,SL,6,0.2
2015.0,460059,SL,FS,5,0.16666666666666666
2015.0,460059,FF,FS,5,0.1724137931034483
2015.0,460059,FF,SL,5,0.1724137931034483
2015.0,460059,CU,FS,5,0.16666666666666666
2015.0,460059,SI,PO,4,0.13333333333333333
2015.0,460059,SL,SL,3,0.1
2015.0,460059,PO,SI,3,0.3
2015.0,460059,SL,FF,3,0.1
2015.0,460059,PO,FS,3,0.3
2015.0,460059,FS,SL,3,0.1
2015.0,460059,SI,IN,3,0.1
2015.0,460059,IN,FS,3,0.6
2015.0,460059,CU,SI,3,0.1
2015.0,460059,PO,CU,2,0.2
2015.0,460059,FS,FS,2,0.06666666666666667
2015.0,460059,FS,PO,2,0.06666666666666667
2015.0,460059,SI,FF,2,0.06666666666666667
2015.0,460059,FF,SI,2,0.06896551724137931
2015.0,460059,IN,SI,2,0.4
2015.0,460059,CU,PO,2,0.06666666666666667
2015.0,460059,SL,PO,1,0.03333333333333333
2015.0,460059,PO,FF,1,0.1
2015.0,460059,PO,SL,1,0.1
2015.0,460059,FS,IN,1,0.03333333333333333
2015.0,460059,FS,CU,1,0.03333333333333333
2015.0,460059,SI,CU,1,0.03333333333333333
2015.0,460059,SI,SI,1,0.03333333333333333
2015.0,460059,FF,FF,1,0.034482758620689655
2015.0,460059,FF,IN,1,0.034482758620689655
2015.0,460059,FF,PO,1,0.034482758620689655
2015.0,460060,CU,SI,3,0.6
2015.0,460060,CU,CU,2,0.4
2015.0,460060,SI,CU,2,0.5
2015.0,460060,SI,SI,2,0.5
2015.0,460156,FF,FS,17,0.4857142857142857
2015.0,460156,SL,SI,17,0.4857142857142857
2015.0,460156,CU,FF,15,0.42857142857142855
2015.0,460156,SI,SL,15,0.4411764705882353
2015.0,460156,FF,CU,14,0.4
2015.0,460156,FS,FF,14,0.4
2015.0,460156,FS,SI,9,0.2571428571428571
2015.0,460156,CU,SL,8,0.22857142857142856
2015.0,460156,SI,FS,8,0.23529411764705882
2015.0,460156,FS,CU,7,0.2
2015.0,460156,SL,SL,7,0.2
2015.0,460156,CU,CU,6,0.17142857142857143
2015.0,460156,SL,CU,6,0.17142857142857143
2015.0,460156,SI,IN,5,0.14705882352941177
2015.0,460156,IN,FS,5,0.5
2015.0,460156,CU,IN,3,0.08571428571428572
2015.0,460156,FF,SL,3,0.08571428571428572
2015.0,460156,IN,SI,3,0.3
2015.0,460156,SI,SI,3,0.08823529411764706
2015.0,460156,SL,FF,3,0.08571428571428572
2015.0,460156,CU,SI,2,0.05714285714285714
2015.0,460156,SI,FF,2,0.058823529411764705
2015.0,460156,SL,FS,2,0.05714285714285714
2015.0,460156,FS,IN,2,0.05714285714285714
2015.0,460156,FS,SL,2,0.05714285714285714
2015.0,460156,CU,FS,1,0.02857142857142857
2015.0,460156,SI,CU,1,0.029411764705882353
2015.0,460156,FF,SI,1,0.02857142857142857
2015.0,460156,IN,FF,1,0.1
2015.0,460156,IN,CU,1,0.1
2015.0,460156,FS,FS,1,0.02857142857142857
2015.0,460283,CH,CU,3,0.75
2015.0,460283,CU,CH,3,0.6
2015.0,460283,SI,SI,3,0.6
2015.0,460283,CU,SI,2,0.4
2015.0,460283,SI,CU,2,0.4
2015.0,460283,CH,CH,1,0.25
2015.0,460701,FF,FC,13,0.65
2015.0,460701,FC,CU,12,0.6
2015.0,460701,SL,SI,10,0.5263157894736842
2015.0,460701,CU,CH,8,0.4
2015.0,460701,SI,FF,6,0.3
2015.0,460701,IN,FF,6,0.6
2015.0,460701,CU,SL,5,0.25
2015.0,460701,SI,SL,5,0.25
2015.0,460701,CH,SI,5,0.25
2015.0,460701,CH,CH,5,0.25
2015.0,460701,SI,IN,4,0.2
2015.0,460701,CU,FF,3,0.15
2015.0,460701,IN,SI,3,0.3
2015.0,460701,CH,CU,3,0.15
2015.0,460701,CH,SL,3,0.15
2015.0,460701,CH,FF,3,0.15
2015.0,460701,FC,SL,3,0.15
2015.0,460701,CU,CU,2,0.1
2015.0,460701,SI,FC,2,0.1
2015.0,460701,FF,SI,2,0.1
2015.0,460701,FF,IN,2,0.1
2015.0,460701,SI,CH,2,0.1
2015.0,460701,SL,SL,2,0.10526315789473684
2015.0,460701,SL,IN,2,0.10526315789473684
2015.0,460701,SL,CH,2,0.10526315789473684
2015.0,460701,FC,FC,2,0.1
2015.0,460701,FC,FF,2,0.1
2015.0,460701,SL,FC,2,0.10526315789473684
2015.0,460701,CU,IN,1,0.05
2015.0,460701,CU,FC,1,0.05
2015.0,460701,FF,SL,1,0.05
2015.0,460701,FF,CH,1,0.05
2015.0,460701,IN,SL,1,0.1
2015.0,460701,SI,CU,1,0.05
2015.0,460701,FF,CU,1,0.05
2015.0,460701,CH,IN,1,0.05
2015.0,460701,SL,CU,1,0.05263157894736842
2015.0,460701,FC,CH,1,0.05
2015.0,461325,FS,FF,16,0.47058823529411764
2015.0,461325,FF,CH,14,0.4
2015.0,461325,FF,FS,12,0.34285714285714286
2015.0,461325,CH,CU,9,0.2571428571428571
2015.0,461325,CH,FS,9,0.2571428571428571
2015.0,461325,CU,FF,8,0.5333333333333333
2015.0,461325,FS,CH,8,0.23529411764705882
2015.0,461325,IN,FS,7,0.7
2015.0,461325,CH,CH,7,0.2
2015.0,461325,CH,FF,6,0.17142857142857143
2015.0,461325,FS,FS,6,0.17647058823529413
2015.0,461325,CU,CH,5,0.3333333333333333
2015.0,461325,FF,IN,4,0.11428571428571428
2015.0,461325,CH,IN,4,0.11428571428571428
2015.0,461325,FF,CU,3,0.08571428571428572
2015.0,461325,IN,FF,3,0.3
2015.0,461325,FF,FF,2,0.05714285714285714
2015.0,461325,FS,CU,2,0.058823529411764705
2015.0,461325,FS,IN,2,0.058823529411764705
2015.0,461325,CU,CU,1,0.06666666666666667
2015.0,461325,CU,FS,1,0.06666666666666667
2015.0,461815,CU,SL,3,0.6
2015.0,461815,CH,CU,3,0.6
2015.0,461815,CU,CH,2,0.4
2015.0,461815,SL,CH,2,0.5
2015.0,461815,SL,CU,2,0.5
2015.0,461815,CH,SL,1,0.2
2015.0,461815,CH,CH,1,0.2
2015.0,461829,CU,FF,18,0.5142857142857142
2015.0,461829,CH,CU,16,0.47058823529411764
2015.0,461829,FF,CU,13,0.37142857142857144
2015.0,461829,SI,CH,12,0.34285714285714286
2015.0,461829,FF,SI,11,0.3142857142857143
2015.0,461829,CU,CH,10,0.2857142857142857
2015.0,461829,SI,SI,9,0.2571428571428571
2015.0,461829,CH,CH,7,0.20588235294117646
2015.0,461829,IN,SI,7,0.4666666666666667
2015.0,461829,SI,FF,7,0.2
2015.0,461829,FF,IN,6,0.17142857142857143
2015.0,461829,CH,SI,5,0.14705882352941177
2015.0,461829,CH,FF,5,0.14705882352941177
2015.0,461829,FF,CH,5,0.14285714285714285
2015.0,461829,IN,FF,5,0.3333333333333333
2015.0,461829,SI,IN,4,0.11428571428571428
2015.0,461829,CU,IN,3,0.08571428571428572
2015.0,461829,CU,SI,3,0.08571428571428572
2015.0,461829,SI,CU,3,0.08571428571428572
2015.0,461829,CH,IN,1,0.029411764705882353
2015.0,461829,CU,CU,1,0.02857142857142857
2015.0,461829,IN,CU,1,0.06666666666666667
2015.0,461829,IN,IN,1,0.06666666666666667
2015.0,461829,IN,CH,1,0.06666666666666667
2015.0,461833,FF,KC,12,0.4
2015.0,461833,KC,FF,12,0.4
2015.0,461833,SI,KC,10,0.3333333333333333
2015.0,461833,FC,FF,10,0.3333333333333333
2015.0,461833,FC,CH,10,0.3333333333333333
2015.0,461833,FF,FC,9,0.3
2015.0,461833,KC,SI,9,0.3
2015.0,461833,SI,SI,8,0.26666666666666666
2015.0,461833,CH,FC,8,0.27586206896551724
2015.0,461833,SI,CH,7,0.23333333333333334
2015.0,461833,CH,CH,7,0.2413793103448276
2015.0,461833,FF,SI,6,0.2
2015.0,461833,CH,FF,5,0.1724137931034483
2015.0,461833,CU,FC,4,0.8
2015.0,461833,FC,SI,4,0.13333333333333333
2015.0,461833,CH,KC,4,0.13793103448275862
2015.0,461833,KC,FC,4,0.13333333333333333
2015.0,461833,SI,FF,3,0.1
2015.0,461833,FC,FC,3,0.1
2015.0,461833,CH,CU,3,0.10344827586206896
2015.0,461833,FF,CH,2,0.06666666666666667
2015.0,461833,SL,CH,2,0.4
2015.0,461833,SL,SI,2,0.4
2015.0,461833,KC,KC,2,0.06666666666666667
2015.0,461833,CU,CH,1,0.2
2015.0,461833,FC,CU,1,0.03333333333333333
2015.0,461833,SI,SL,1,0.03333333333333333
2015.0,461833,FF,SL,1,0.03333333333333333
2015.0,461833,FC,SL,1,0.03333333333333333
2015.0,461833,SI,FC,1,0.03333333333333333
2015.0,461833,FC,KC,1,0.03333333333333333
2015.0,461833,SL,FC,1,0.2
2015.0,461833,KC,CU,1,0.03333333333333333
2015.0,461833,KC,SL,1,0.03333333333333333
2015.0,461833,KC,CH,1,0.03333333333333333
2015.0,461833,CH,SL,1,0.034482758620689655
2015.0,461833,CH,SI,1,0.034482758620689655
2015.0,461872,FF,FF,6,0.6
2015.0,461872,SL,IN,4,0.4444444444444444
2015.0,461872,SL,SL,4,0.4444444444444444
2015.0,461872,IN,FF,3,0.6
2015.0,461872,FF,SL,3,0.3
2015.0,461872,IN,SL,2,0.4
2015.0,461872,FF,IN,1,0.1
2015.0,461872,SL,FF,1,0.1111111111111111
2015.0,462089,CH,FF,3,0.6
2015.0,462089,FF,IN,3,0.6
2015.0,462089,CH,IN,2,0.4
2015.0,462089,FF,CH,2,0.4
2015.0,462089,IN,FF,2,0.5
2015.0,462089,IN,CH,2,0.5
2015.0,462136,CU,FC,18,0.5142857142857142
2015.0,462136,CH,CU,18,0.5142857142857142
2015.0,462136,FC,FF,16,0.45714285714285713
2015.0,462136,FF,FC,12,0.35294117647058826
2015.0,462136,CU,CH,12,0.34285714285714286
2015.0,462136,FC,CU,12,0.34285714285714286
2015.0,462136,CH,CH,9,0.2571428571428571
2015.0,462136,FF,FF,7,0.20588235294117646
2015.0,462136,FF,CH,6,0.17647058823529413
2015.0,462136,FC,CH,6,0.17142857142857143
2015.0,462136,CH,FF,6,0.17142857142857143
2015.0,462136,FF,IN,5,0.14705882352941177
2015.0,462136,FF,CU,4,0.11764705882352941
2015.0,462136,CU,FF,4,0.11428571428571428
2015.0,462136,IN,FF,2,0.4
2015.0,462136,IN,CH,2,0.4
2015.0,462136,CH,FC,2,0.05714285714285714
2015.0,462136,CU,CU,1,0.02857142857142857
2015.0,462136,IN,FC,1,0.2
2015.0,462136,FC,FC,1,0.02857142857142857
2015.0,462382,CH,CU,15,0.5172413793103449
2015.0,462382,CU,CH,15,0.5
2015.0,462382,FF,SI,11,0.36666666666666664
2015.0,462382,SI,FF,11,0.36666666666666664
2015.0,462382,CU,FF,11,0.36666666666666664
2015.0,462382,FF,CU,8,0.26666666666666666
2015.0,462382,SI,SI,7,0.23333333333333334
2015.0,462382,FF,CH,5,0.16666666666666666
2015.0,462382,IN,SI,5,0.5
2015.0,462382,SI,CH,5,0.16666666666666666
2015.0,462382,CH,CH,4,0.13793103448275862
2015.0,462382,CH,FF,4,0.13793103448275862
2015.0,462382,CH,SI,4,0.13793103448275862
2015.0,462382,FF,IN,4,0.13333333333333333
2015.0,462382,SI,IN,4,0.13333333333333333
2015.0,462382,SI,CU,3,0.1
2015.0,462382,CH,IN,2,0.06896551724137931
2015.0,462382,FF,FF,2,0.06666666666666667
2015.0,462382,IN,FF,2,0.2
2015.0,462382,IN,CU,2,0.2
2015.0,462382,CU,SI,2,0.06666666666666667
2015.0,462382,CU,CU,2,0.06666666666666667
2015.0,462382,IN,CH,1,0.1
2015.0,462515,FF,CH,11,0.5789473684210527
2015.0,462515,CH,FF,8,0.4
2015.0,462515,SL,FF,7,0.35
2015.0,462515,FF,SL,7,0.3684210526315789
2015.0,462515,CH,CH,6,0.3
2015.0,462515,CH,SL,5,0.25
2015.0,462515,SL,SL,5,0.25
2015.0,462515,SL,PO,5,0.25
2015.0,462515,PO,IN,4,0.8
2015.0,462515,SL,CH,3,0.15
2015.0,462515,IN,FF,3,0.6
2015.0,462515,IN,SL,2,0.4
2015.0,462515,CH,IN,1,0.05
2015.0,462515,PO,SL,1,0.2
2015.0,462515,FF,FF,1,0.05263157894736842
2015.0,462945,FF,CH,10,0.5263157894736842
2015.0,462945,SL,FF,9,0.45
2015.0,462945,CH,FF,8,0.4
2015.0,462945,CH,SL,7,0.35
2015.0,462945,SL,SL,6,0.3
2015.0,462945,FF,SL,6,0.3157894736842105
2015.0,462945,SL,CH,5,0.25
2015.0,462945,CH,CH,5,0.25
2015.0,462945,FF,FF,3,0.15789473684210525
2015.0,462985,SL,SI,18,0.5294117647058824
2015.0,462985,SI,SL,18,0.5142857142857142
2015.0,462985,CH,CU,15,0.5
2015.0,462985,CU,FF,14,0.4
2015.0,462985,CU,CH,14,0.4
2015.0,462985,SI,FF,11,0.3142857142857143
2015.0,462985,FF,SI,11,0.3142857142857143
2015.0,462985,FF,CU,11,0.3142857142857143
2015.0,462985,FF,SL,7,0.2
2015.0,462985,SL,CU,5,0.14705882352941177
2015.0,462985,SL,FF,5,0.14705882352941177
2015.0,462985,FF,CH,5,0.14285714285714285
2015.0,462985,SL,SL,4,0.11764705882352941
2015.0,462985,CH,SI,4,0.13333333333333333
2015.0,462985,CH,FF,4,0.13333333333333333
2015.0,462985,CH,CH,4,0.13333333333333333
2015.0,462985,SI,CH,4,0.11428571428571428
2015.0,462985,CH,SL,3,0.1
2015.0,462985,CU,SL,3,0.08571428571428572
2015.0,462985,SL,CH,2,0.058823529411764705
2015.0,462985,CU,CU,2,0.05714285714285714
2015.0,462985,CU,SI,2,0.05714285714285714
2015.0,462985,SI,CU,2,0.05714285714285714
2015.0,462985,FF,FF,1,0.02857142857142857
2015.0,464416,SI,FF,8,0.5333333333333333
2015.0,464416,CU,CH,7,0.4666666666666667
2015.0,464416,SL,SI,6,0.42857142857142855
2015.0,464416,FF,CU,5,0.3333333333333333
2015.0,464416,SI,SL,4,0.26666666666666666
2015.0,464416,FF,CH,4,0.26666666666666666
2015.0,464416,CH,SI,4,0.26666666666666666
2015.0,464416,CH,CU,4,0.26666666666666666
2015.0,464416,CH,FF,4,0.26666666666666666
2015.0,464416,SL,SL,4,0.2857142857142857
2015.0,464416,FF,SI,3,0.2
2015.0,464416,FF,SL,3,0.2
2015.0,464416,CU,FF,3,0.2
2015.0,464416,CU,SL,3,0.2
2015.0,464416,SL,CU,3,0.21428571428571427
2015.0,464416,SI,CU,2,0.13333333333333333
2015.0,464416,CH,CH,2,0.13333333333333333
2015.0,464416,CU,SI,2,0.13333333333333333
2015.0,464416,SI,CH,1,0.06666666666666667
2015.0,464416,CH,SL,1,0.06666666666666667
2015.0,464416,SL,CH,1,0.07142857142857142
2015.0,465629,FS,FF,15,0.42857142857142855
2015.0,465629,SL,SI,14,0.4666666666666667
2015.0,465629,FF,SL,10,0.29411764705882354
2015.0,465629,FF,FS,10,0.29411764705882354
2015.0,465629,SI,SL,9,0.36
2015.0,465629,FS,SL,8,0.22857142857142856
2015.0,465629,FF,FF,7,0.20588235294117646
2015.0,465629,SL,FS,7,0.23333333333333334
2015.0,465629,SL,FF,6,0.2
2015.0,465629,PO,FS,5,0.5
2015.0,465629,SI,PO,4,0.16
2015.0,465629,SI,IN,4,0.16
2015.0,465629,SI,FS,4,0.16
2015.0,465629,FS,IN,4,0.11428571428571428
2015.0,465629,PO,FF,4,0.4
2015.0,465629,IN,FS,4,0.4
2015.0,465629,IN,SI,4,0.4
2015.0,465629,FS,FS,4,0.11428571428571428
2015.0,465629,SI,FF,3,0.12
2015.0,465629,FF,SI,3,0.08823529411764706
2015.0,465629,SL,SL,2,0.06666666666666667
2015.0,465629,FS,SI,2,0.05714285714285714
2015.0,465629,FF,PO,2,0.058823529411764705
2015.0,465629,FS,PO,2,0.05714285714285714
2015.0,465629,FF,IN,2,0.058823529411764705
2015.0,465629,SI,SI,1,0.04
2015.0,465629,IN,PO,1,0.1
2015.0,465629,SL,PO,1,0.03333333333333333
2015.0,465629,PO,SI,1,0.1
2015.0,465629,IN,SL,1,0.1
2015.0,465657,CH,CU,18,0.5142857142857142
2015.0,465657,CU,FC,14,0.4
2015.0,465657,FC,CU,13,0.37142857142857144
2015.0,465657,FC,FF,13,0.37142857142857144
2015.0,465657,FF,SL,13,0.37142857142857144
2015.0,465657,CU,CH,12,0.34285714285714286
2015.0,465657,FF,FC,12,0.34285714285714286
2015.0,465657,SL,FF,11,0.3235294117647059
2015.0,465657,SL,FC,7,0.20588235294117646
2015.0,465657,CH,SL,6,0.17142857142857143
2015.0,465657,SL,CH,6,0.17647058823529413
2015.0,465657,SL,SL,6,0.17647058823529413
2015.0,465657,FF,CH,6,0.17142857142857143
2015.0,465657,CH,CH,5,0.14285714285714285
2015.0,465657,CH,FF,4,0.11428571428571428
2015.0,465657,FC,CH,4,0.11428571428571428
2015.0,465657,CU,FF,4,0.11428571428571428
2015.0,465657,SL,CU,3,0.08823529411764706
2015.0,465657,FC,SL,3,0.08571428571428572
2015.0,465657,CU,SL,3,0.08571428571428572
2015.0,465657,SI,SL,3,0.6
2015.0,465657,CU,SI,2,0.05714285714285714
2015.0,465657,IN,FF,2,0.4
2015.0,465657,FF,SI,2,0.05714285714285714
2015.0,465657,CH,IN,1,0.02857142857142857
2015.0,465657,CH,FC,1,0.02857142857142857
2015.0,465657,FC,FC,1,0.02857142857142857
2015.0,465657,SL,SI,1,0.029411764705882353
2015.0,465657,FC,IN,1,0.02857142857142857
2015.0,465657,FF,IN,1,0.02857142857142857
2015.0,465657,IN,CU,1,0.2
2015.0,465657,IN,CH,1,0.2
2015.0,465657,IN,SL,1,0.2
2015.0,465657,SI,IN,1,0.2
2015.0,465657,SI,CH,1,0.2
2015.0,465657,FF,FF,1,0.02857142857142857
2015.0,465679,CH,FC,5,0.5
2015.0,465679,FC,CU,4,0.4
2015.0,465679,FC,FF,4,0.4
2015.0,465679,CU,FF,4,0.4
2015.0,465679,CU,CH,4,0.4
2015.0,465679,CH,CU,3,0.3
2015.0,465679,FF,FC,3,0.3333333333333333
2015.0,465679,FF,CU,3,0.3333333333333333
2015.0,465679,FC,CH,2,0.2
2015.0,465679,CH,CH,2,0.2
2015.0,465679,FF,CH,2,0.2222222222222222
2015.0,465679,CU,FC,2,0.2
2015.0,465679,FF,FF,1,0.1111111111111111
2015.0,466948,CH,CU,16,0.45714285714285713
2015.0,466948,CU,CH,15,0.42857142857142855
2015.0,466948,FF,CU,13,0.38235294117647056
2015.0,466948,CU,FF,13,0.37142857142857144
2015.0,466948,FF,SI,9,0.2647058823529412
2015.0,466948,SI,FF,9,0.36
2015.0,466948,SI,CH,7,0.28
2015.0,466948,CH,FF,7,0.2
2015.0,466948,CH,CH,7,0.2
2015.0,466948,FF,FF,6,0.17647058823529413
2015.0,466948,FF,CH,6,0.17647058823529413
2015.0,466948,CU,SI,6,0.17142857142857143
2015.0,466948,SI,CU,5,0.2
2015.0,466948,CH,SI,5,0.14285714285714285
2015.0,466948,SI,SI,4,0.16
2015.0,466948,CU,CU,1,0.02857142857142857
2015.0,467008,SL,SI,17,0.4857142857142857
2015.0,467008,SI,SL,15,0.42857142857142855
2015.0,467008,FF,CH,14,0.4
2015.0,467008,CH,FF,14,0.4666666666666667
2015.0,467008,SI,FF,11,0.3142857142857143
2015.0,467008,IN,SI,11,0.5789473684210527
2015.0,467008,FF,IN,10,0.2857142857142857
2015.0,467008,SL,SL,8,0.22857142857142856
2015.0,467008,CH,SL,8,0.26666666666666666
2015.0,467008,IN,FF,5,0.2631578947368421
2015.0,467008,FF,SI,5,0.14285714285714285
2015.0,467008,SL,CH,5,0.14285714285714285
2015.0,467008,SI,CH,4,0.11428571428571428
2015.0,467008,SI,IN,4,0.11428571428571428
2015.0,467008,CH,CH,4,0.13333333333333333
2015.0,467008,FF,SL,3,0.08571428571428572
2015.0,467008,FF,FF,3,0.08571428571428572
2015.0,467008,SL,IN,3,0.08571428571428572
2015.0,467008,CH,IN,3,0.1
2015.0,467008,IN,CH,2,0.10526315789473684
2015.0,467008,SL,FF,2,0.05714285714285714
2015.0,467008,IN,SL,1,0.05263157894736842
2015.0,467008,SI,SI,1,0.02857142857142857
2015.0,467008,CH,SI,1,0.03333333333333333
2015.0,467094,CU,FC,9,0.45
2015.0,467094,FC,FF,8,0.4
2015.0,467094,FC,SI,6,0.3
2015.0,467094,FF,FC,6,0.3157894736842105
2015.0,467094,SI,FF,6,0.3
2015.0,467094,SI,CU,5,0.25
2015.0,467094,CH,CU,5,0.3333333333333333
2015.0,467094,FC,CU,4,0.2
2015.0,467094,CU,CH,4,0.2
2015.0,467094,FF,CH,3,0.15789473684210525
2015.0,467094,FF,SI,3,0.15789473684210525
2015.0,467094,FF,FF,3,0.15789473684210525
2015.0,467094,FF,CU,3,0.15789473684210525
2015.0,467094,SI,IN,3,0.15
2015.0,467094,SI,SI,3,0.15
2015.0,467094,CU,SI,3,0.15
2015.0,467094,CU,CU,3,0.15
2015.0,467094,CH,FC,3,0.2
2015.0,467094,CH,SI,3,0.2
2015.0,467094,CH,CH,3,0.2
2015.0,467094,FC,CH,2,0.1
2015.0,467094,IN,FF,2,0.4
2015.0,467094,IN,SI,2,0.4
2015.0,467094,SI,CH,2,0.1
2015.0,467094,IN,CH,1,0.2
2015.0,467094,FF,IN,1,0.05263157894736842
2015.0,467094,SI,FC,1,0.05
2015.0,467094,CH,FF,1,0.06666666666666667
2015.0,467094,CU,IN,1,0.05
2015.0,467100,CU,FF,10,0.4166666666666667
2015.0,467100,SI,FF,10,0.4
2015.0,467100,CH,CU,9,0.36
2015.0,467100,CU,CH,9,0.375
2015.0,467100,FF,CU,9,0.36
2015.0,467100,FF,SI,8,0.32
2015.0,467100,CH,SI,7,0.28
2015.0,467100,CH,CH,7,0.28
2015.0,467100,SI,SI,5,0.2
2015.0,467100,FF,CH,4,0.16
2015.0,467100,SI,CU,4,0.16
2015.0,467100,SI,CH,4,0.16
2015.0,467100,CU,SI,3,0.125
2015.0,467100,CH,FF,2,0.08
2015.0,467100,PO,SI,2,0.4
2015.0,467100,SI,PO,2,0.08
2015.0,467100,FF,FF,2,0.08
2015.0,467100,FF,PO,2,0.08
2015.0,467100,PO,FF,1,0.2
2015.0,467100,PO,CU,1,0.2
2015.0,467100,PO,CH,1,0.2
2015.0,467100,CU,PO,1,0.041666666666666664
2015.0,467100,CU,CU,1,0.041666666666666664
2015.0,467785,FF,SI,10,0.5263157894736842
2015.0,467785,CH,FF,7,0.4666666666666667
2015.0,467785,SL,CH,6,0.3
2015.0,467785,SI,FF,6,0.3
2015.0,467785,SI,SL,6,0.3
2015.0,467785,SL,SL,5,0.25
2015.0,467785,SL,SI,5,0.25
2015.0,467785,CH,SL,4,0.26666666666666666
2015.0,467785,SI,IN,4,0.2
2015.0,467785,FF,CH,4,0.21052631578947367
2015.0,467785,SL,FF,4,0.2
2015.0,467785,IN,SL,3,0.6
2015.0,467785,CH,SI,2,0.13333333333333333
2015.0,467785,CH,CH,2,0.13333333333333333
2015.0,467785,SI,CH,2,0.1
2015.0,467785,FF,FF,2,0.10526315789473684
2015.0,467785,SI,SI,2,0.1
2015.0,467785,FF,SL,2,0.10526315789473684
2015.0,467785,FF,IN,1,0.05263157894736842
2015.0,467785,IN,FF,1,0.2
2015.0,467785,IN,CH,1,0.2
2015.0,468396,SL,SI,18,0.5142857142857142
2015.0,468396,SI,FF,16,0.47058823529411764
2015.0,468396,FF,FC,12,0.34285714285714286
2015.0,468396,SI,SL,12,0.35294117647058826
2015.0,468396,FC,CH,12,0.4
2015.0,468396,CH,FC,10,0.3333333333333333
2015.0,468396,FF,SL,8,0.22857142857142856
2015.0,468396,FF,SI,8,0.22857142857142856
2015.0,468396,FC,FF,8,0.26666666666666666
2015.0,468396,CH,SL,6,0.2
2015.0,468396,SL,CH,6,0.17142857142857143
2015.0,468396,FF,CH,5,0.14285714285714285
2015.0,468396,CH,CH,5,0.16666666666666666
2015.0,468396,SL,SL,5,0.14285714285714285
2015.0,468396,CH,SI,4,0.13333333333333333
2015.0,468396,CH,FF,4,0.13333333333333333
2015.0,468396,FC,SL,4,0.13333333333333333
2015.0,468396,SL,FF,4,0.11428571428571428
2015.0,468396,FC,FC,3,0.1
2015.0,468396,SI,IN,2,0.058823529411764705
2015.0,468396,FC,SI,2,0.06666666666666667
2015.0,468396,IN,FF,2,0.4
2015.0,468396,SL,FC,2,0.05714285714285714
2015.0,468396,SI,FC,2,0.058823529411764705
2015.0,468396,FF,IN,1,0.02857142857142857
2015.0,468396,FF,FF,1,0.02857142857142857
2015.0,468396,SI,SI,1,0.029411764705882353
2015.0,468396,SI,CH,1,0.029411764705882353
2015.0,468396,CH,IN,1,0.03333333333333333
2015.0,468396,FC,IN,1,0.03333333333333333
2015.0,468396,IN,CH,1,0.2
2015.0,468396,IN,SI,1,0.2
2015.0,468396,IN,FC,1,0.2
2015.0,468504,FF,FC,4,0.4
2015.0,468504,SI,SL,4,0.4
2015.0,468504,SI,FF,4,0.4
2015.0,468504,CU,FC,4,0.4
2015.0,468504,FC,CU,3,0.3
2015.0,468504,FC,FF,3,0.3
2015.0,468504,FC,SL,3,0.3
2015.0,468504,CH,CH,3,0.3333333333333333
2015.0,468504,CH,CU,3,0.3333333333333333
2015.0,468504,FF,SI,3,0.3
2015.0,468504,SL,SI,3,0.3
2015.0,468504,CU,CH,3,0.3
2015.0,468504,SL,CH,2,0.2
2015.0,468504,SL,FC,2,0.2
2015.0,468504,SL,CU,2,0.2
2015.0,468504,CU,SL,2,0.2
2015.0,468504,FC,SI,1,0.1
2015.0,468504,CH,SI,1,0.1111111111111111
2015.0,468504,CH,FF,1,0.1111111111111111
2015.0,468504,CH,SL,1,0.1111111111111111
2015.0,468504,FF,CU,1,0.1
2015.0,468504,SL,FF,1,0.1
2015.0,468504,FF,CH,1,0.1
2015.0,468504,FF,FF,1,0.1
2015.0,468504,SI,CH,1,0.1
2015.0,468504,SI,CU,1,0.1
2015.0,468504,CU,SI,1,0.1
2015.0,469134,SI,SL,8,0.5333333333333333
2015.0,469134,CU,FC,7,0.4666666666666667
2015.0,469134,FF,SI,7,0.4666666666666667
2015.0,469134,CH,CU,6,0.42857142857142855
2015.0,469134,SL,SI,6,0.4
2015.0,469134,FC,FF,6,0.4
2015.0,469134,CU,CH,5,0.3333333333333333
2015.0,469134,SI,FF,5,0.3333333333333333
2015.0,469134,FC,CU,4,0.26666666666666666
2015.0,469134,FF,FC,4,0.26666666666666666
2015.0,469134,CH,FC,3,0.21428571428571427
2015.0,469134,CH,CH,3,0.21428571428571427
2015.0,469134,SL,CU,3,0.2
2015.0,469134,SL,CH,2,0.13333333333333333
2015.0,469134,SL,SL,2,0.13333333333333333
2015.0,469134,FC,CH,2,0.13333333333333333
2015.0,469134,FC,SL,2,0.13333333333333333
2015.0,469134,SL,FF,2,0.13333333333333333
2015.0,469134,FF,CU,2,0.13333333333333333
2015.0,469134,CH,SL,1,0.07142857142857142
2015.0,469134,CH,FF,1,0.07142857142857142
2015.0,469134,FC,SI,1,0.06666666666666667
2015.0,469134,CU,FF,1,0.06666666666666667
2015.0,469134,CU,SL,1,0.06666666666666667
2015.0,469134,CU,SI,1,0.06666666666666667
2015.0,469134,FF,CH,1,0.06666666666666667
2015.0,469134,FF,SL,1,0.06666666666666667
2015.0,469134,SI,FC,1,0.06666666666666667
2015.0,469134,SI,CH,1,0.06666666666666667
2015.0,471822,SL,SI,15,0.42857142857142855
2015.0,471822,SI,SL,12,0.35294117647058826
2015.0,471822,CH,FF,11,0.36666666666666664
2015.0,471822,FC,CH,9,0.6
2015.0,471822,FF,FC,9,0.2571428571428571
2015.0,471822,SL,SL,8,0.22857142857142856
2015.0,471822,SI,FF,8,0.23529411764705882
2015.0,471822,FF,CH,7,0.2
2015.0,471822,FF,SI,7,0.2
2015.0,471822,CH,SL,7,0.23333333333333334
2015.0,471822,PO,SI,6,0.4
2015.0,471822,SI,PO,6,0.17647058823529413
2015.0,471822,IN,FF,6,0.4
2015.0,471822,FF,IN,6,0.17142857142857143
2015.0,471822,IN,PO,5,0.3333333333333333
2015.0,471822,FF,SL,5,0.14285714285714285
2015.0,471822,SI,CH,5,0.14705882352941177
2015.0,471822,CH,CH,5,0.16666666666666666
2015.0,471822,SL,FF,4,0.11428571428571428
2015.0,471822,FC,FF,4,0.26666666666666666
2015.0,471822,PO,IN,4,0.26666666666666666
2015.0,471822,SL,PO,3,0.08571428571428572
2015.0,471822,CH,FC,3,0.1
2015.0,471822,SL,CH,2,0.05714285714285714
2015.0,471822,SL,IN,2,0.05714285714285714
2015.0,471822,PO,CH,2,0.13333333333333333
2015.0,471822,IN,SI,2,0.13333333333333333
2015.0,471822,SI,SI,2,0.058823529411764705
2015.0,471822,CH,SI,2,0.06666666666666667
2015.0,471822,CH,IN,2,0.06666666666666667
2015.0,471822,PO,FF,1,0.06666666666666667
2015.0,471822,PO,SL,1,0.06666666666666667
2015.0,471822,FC,FC,1,0.06666666666666667
2015.0,471822,FC,SI,1,0.06666666666666667
2015.0,471822,PO,PO,1,0.06666666666666667
2015.0,471822,SL,FC,1,0.02857142857142857
2015.0,471822,SI,IN,1,0.029411764705882353
2015.0,471822,FF,FF,1,0.02857142857142857
2015.0,471822,IN,FC,1,0.06666666666666667
2015.0,471822,IN,SL,1,0.06666666666666667
2015.0,471911,SL,SI,16,0.5333333333333333
2015.0,471911,SI,SL,13,0.43333333333333335
2015.0,471911,CU,FF,11,0.3793103448275862
2015.0,471911,FF,CU,10,0.3333333333333333
2015.0,471911,CH,CU,10,0.3333333333333333
2015.0,471911,CU,CH,9,0.3103448275862069
2015.0,471911,SL,CH,8,0.26666666666666666
2015.0,471911,FF,SI,7,0.23333333333333334
2015.0,471911,CH,SL,7,0.23333333333333334
2015.0,471911,SI,FF,6,0.2
2015.0,471911,FF,SL,6,0.2
2015.0,471911,CH,FF,5,0.16666666666666666
2015.0,471911,CU,CU,4,0.13793103448275862
2015.0,471911,IN,FF,4,0.8
2015.0,471911,SI,CH,4,0.13333333333333333
2015.0,471911,CH,CH,4,0.13333333333333333
2015.0,471911,SL,CU,4,0.13333333333333333
2015.0,471911,CU,SL,3,0.10344827586206896
2015.0,471911,FF,CH,3,0.1
2015.0,471911,FF,PO,2,0.06666666666666667
2015.0,471911,SI,IN,2,0.06666666666666667
2015.0,471911,SI,PO,2,0.06666666666666667
2015.0,471911,SI,SI,2,0.06666666666666667
2015.0,471911,CH,SI,2,0.06666666666666667
2015.0,471911,PO,FF,2,0.4
2015.0,471911,PO,SI,2,0.4
2015.0,471911,CU,IN,1,0.034482758620689655
2015.0,471911,CU,SI,1,0.034482758620689655
2015.0,471911,IN,CH,1,0.2
2015.0,471911,SI,CU,1,0.03333333333333333
2015.0,471911,FF,IN,1,0.03333333333333333
2015.0,471911,FF,FF,1,0.03333333333333333
2015.0,471911,CH,IN,1,0.03333333333333333
2015.0,471911,CH,PO,1,0.03333333333333333
2015.0,471911,SL,FF,1,0.03333333333333333
2015.0,471911,SL,SL,1,0.03333333333333333
2015.0,471911,PO,CU,1,0.2
2015.0,472551,SI,KC,16,0.45714285714285713
2015.0,472551,FC,CH,16,0.5333333333333333
2015.0,472551,FF,FC,13,0.37142857142857144
2015.0,472551,FF,KC,11,0.3142857142857143
2015.0,472551,KC,SI,11,0.3235294117647059
2015.0,472551,CH,FC,11,0.3142857142857143
2015.0,472551,CH,FF,10,0.2857142857142857
2015.0,472551,KC,FF,9,0.2647058823529412
2015.0,472551,CH,CH,7,0.2
2015.0,472551,KC,IN,7,0.20588235294117646
2015.0,472551,FC,SI,6,0.2
2015.0,472551,IN,FF,5,0.5
2015.0,472551,SI,SI,5,0.14285714285714285
2015.0,472551,FC,FF,5,0.16666666666666666
2015.0,472551,CH,SI,5,0.14285714285714285
2015.0,472551,FF,SI,4,0.11428571428571428
2015.0,472551,FF,CH,4,0.11428571428571428
2015.0,472551,SI,FF,4,0.11428571428571428
2015.0,472551,SL,SI,4,0.8
2015.0,472551,KC,CH,4,0.11764705882352941
2015.0,472551,IN,KC,3,0.3
2015.0,472551,SI,SL,3,0.08571428571428572
2015.0,472551,SI,FC,3,0.08571428571428572
2015.0,472551,SI,CH,3,0.08571428571428572
2015.0,472551,FC,KC,3,0.1
2015.0,472551,FF,FF,2,0.05714285714285714
2015.0,472551,KC,FC,2,0.058823529411764705
2015.0,472551,IN,SL,1,0.1
2015.0,472551,SI,IN,1,0.02857142857142857
2015.0,472551,FF,IN,1,0.02857142857142857
2015.0,472551,IN,CH,1,0.1
2015.0,472551,SL,FC,1,0.2
2015.0,472551,CH,IN,1,0.02857142857142857
2015.0,472551,CH,SL,1,0.02857142857142857
2015.0,472551,KC,KC,1,0.029411764705882353
2015.0,472610,SL,SI,16,0.45714285714285713
2015.0,472610,FF,FF,13,0.37142857142857144
2015.0,472610,SL,SL,12,0.34285714285714286
2015.0,472610,SI,SL,12,0.35294117647058826
2015.0,472610,FF,SL,10,0.2857142857142857
2015.0,472610,IN,FF,9,0.45
2015.0,472610,SI,IN,8,0.23529411764705882
2015.0,472610,SI,FF,8,0.23529411764705882
2015.0,472610,IN,SI,7,0.35
2015.0,472610,FF,SI,7,0.2
2015.0,472610,SL,FF,5,0.14285714285714285
2015.0,472610,FF,IN,4,0.11428571428571428
2015.0,472610,SI,PO,4,0.11764705882352941
2015.0,472610,IN,IN,3,0.15
2015.0,472610,PO,IN,3,0.6
2015.0,472610,SL,IN,2,0.05714285714285714
2015.0,472610,PO,SI,2,0.4
2015.0,472610,SI,SI,2,0.058823529411764705
2015.0,472610,IN,SL,1,0.05
2015.0,472610,FF,PO,1,0.02857142857142857
2015.0,473879,CU,CH,15,0.5
2015.0,473879,SI,SL,14,0.4
2015.0,473879,CH,CU,12,0.34285714285714286
2015.0,473879,SL,SI,11,0.44
2015.0,473879,SI,FF,11,0.3142857142857143
2015.0,473879,FF,CU,8,0.22857142857142856
2015.0,473879,SL,CH,7,0.28
2015.0,473879,FF,SI,7,0.2
2015.0,473879,CH,CH,6,0.17142857142857143
2015.0,473879,CH,FF,6,0.17142857142857143
2015.0,473879,FF,IN,6,0.17142857142857143
2015.0,473879,CH,SI,5,0.14285714285714285
2015.0,473879,FF,FF,5,0.14285714285714285
2015.0,473879,IN,SI,4,0.4444444444444444
2015.0,473879,FC,SI,4,0.4
2015.0,473879,FF,CH,4,0.11428571428571428
2015.0,473879,IN,FF,4,0.4444444444444444
2015.0,473879,CU,FF,4,0.13333333333333333
2015.0,473879,SL,FF,3,0.12
2015.0,473879,CH,SL,3,0.08571428571428572
2015.0,473879,FF,FC,3,0.08571428571428572
2015.0,473879,SI,CU,3,0.08571428571428572
2015.0,473879,FC,CU,3,0.3
2015.0,473879,CU,CU,3,0.1
2015.0,473879,CU,SI,3,0.1
2015.0,473879,SL,SL,2,0.08
2015.0,473879,CH,FC,2,0.05714285714285714
2015.0,473879,FC,FF,2,0.2
2015.0,473879,SI,CH,2,0.05714285714285714
2015.0,473879,SI,IN,2,0.05714285714285714
2015.0,473879,SI,FC,2,0.05714285714285714
2015.0,473879,FF,SL,2,0.05714285714285714
2015.0,473879,CU,FC,2,0.06666666666666667
2015.0,473879,CU,SL,2,0.06666666666666667
2015.0,473879,SL,FC,1,0.04
2015.0,473879,SL,CU,1,0.04
2015.0,473879,CH,IN,1,0.02857142857142857
2015.0,473879,FC,CH,1,0.1
2015.0,473879,SI,SI,1,0.02857142857142857
2015.0,473879,IN,SL,1,0.1111111111111111
2015.0,473879,CU,IN,1,0.03333333333333333
2015.0,474029,FF,FC,16,0.45714285714285713
2015.0,474029,FS,FF,14,0.4
2015.0,474029,FC,FF,12,0.34285714285714286
2015.0,474029,FC,FC,11,0.3142857142857143
2015.0,474029,FS,SI,10,0.2857142857142857
2015.0,474029,SI,IN,10,0.2857142857142857
2015.0,474029,IN,FS,9,0.47368421052631576
2015.0,474029,IN,SI,9,0.47368421052631576
2015.0,474029,SI,FS,9,0.2571428571428571
2015.0,474029,FF,FS,8,0.22857142857142856
2015.0,474029,SI,SI,7,0.2
2015.0,474029,FS,IN,5,0.14285714285714285
2015.0,474029,FC,FS,5,0.14285714285714285
2015.0,474029,FC,SI,5,0.14285714285714285
2015.0,474029,SI,FC,5,0.14285714285714285
2015.0,474029,FF,SI,4,0.11428571428571428
2015.0,474029,FF,FF,4,0.11428571428571428
2015.0,474029,SI,FF,4,0.11428571428571428
2015.0,474029,FS,FC,3,0.08571428571428572
2015.0,474029,FS,FS,3,0.08571428571428572
2015.0,474029,FF,IN,3,0.08571428571428572
2015.0,474029,FC,IN,2,0.05714285714285714
2015.0,474029,IN,FF,1,0.05263157894736842
2015.0,474284,CH,CU,9,0.45
2015.0,474284,CU,FF,9,0.45
2015.0,474284,FF,CU,8,0.4
2015.0,474284,CU,CH,8,0.4
2015.0,474284,SL,CH,6,0.3
2015.0,474284,SL,FF,6,0.3
2015.0,474284,SI,SL,6,0.6
2015.0,474284,SL,SL,5,0.25
2015.0,474284,FF,SL,5,0.25
2015.0,474284,FF,IN,5,0.25
2015.0,474284,PO,IN,4,0.4444444444444444
2015.0,474284,SI,PO,4,0.4
2015.0,474284,SL,SI,3,0.15
2015.0,474284,CH,SI,3,0.15
2015.0,474284,IN,FF,3,0.3
2015.0,474284,IN,PO,3,0.3
2015.0,474284,PO,SI,2,0.2222222222222222
2015.0,474284,PO,CH,2,0.2222222222222222
2015.0,474284,CH,FF,2,0.1
2015.0,474284,CH,SL,2,0.1
2015.0,474284,CH,CH,2,0.1
2015.0,474284,IN,CU,2,0.2
2015.0,474284,PO,CU,1,0.1111111111111111
2015.0,474284,CH,PO,1,0.05
2015.0,474284,CH,IN,1,0.05
2015.0,474284,IN,SL,1,0.1
2015.0,474284,IN,CH,1,0.1
2015.0,474284,FF,PO,1,0.05
2015.0,474284,FF,CH,1,0.05
2015.0,474284,CU,SL,1,0.05
2015.0,474284,CU,PO,1,0.05
2015.0,474284,CU,SI,1,0.05
2015.0,474463,KC,SI,18,0.5142857142857142
2015.0,474463,CH,FF,18,0.5142857142857142
2015.0,474463,SI,SL,17,0.4857142857142857
2015.0,474463,FF,CH,15,0.4411764705882353
2015.0,474463,SL,SI,12,0.34285714285714286
2015.0,474463,FF,KC,11,0.3235294117647059
2015.0,474463,SI,KC,11,0.3142857142857143
2015.0,474463,KC,FF,9,0.2571428571428571
2015.0,474463,SL,CH,7,0.2
2015.0,474463,CH,CH,7,0.2
2015.0,474463,SL,SL,6,0.17142857142857143
2015.0,474463,SL,KC,6,0.17142857142857143
2015.0,474463,CH,SL,6,0.17142857142857143
2015.0,474463,IN,KC,5,0.5
2015.0,474463,FF,IN,4,0.11764705882352941
2015.0,474463,SL,FF,3,0.08571428571428572
2015.0,474463,KC,IN,3,0.08571428571428572
2015.0,474463,KC,CH,3,0.08571428571428572
2015.0,474463,FF,SL,3,0.08823529411764706
2015.0,474463,SI,CH,3,0.08571428571428572
2015.0,474463,CH,KC,2,0.05714285714285714
2015.0,474463,KC,SL,2,0.05714285714285714
2015.0,474463,CH,SI,2,0.05714285714285714
2015.0,474463,IN,FF,2,0.2
2015.0,474463,SI,FF,2,0.05714285714285714
2015.0,474463,IN,SI,2,0.2
2015.0,474463,SL,IN,1,0.02857142857142857
2015.0,474463,IN,SL,1,0.1
2015.0,474463,SI,SI,1,0.02857142857142857
2015.0,474463,FF,FF,1,0.029411764705882353
2015.0,474463,SI,IN,1,0.02857142857142857
2015.0,474521,SL,SI,15,0.42857142857142855
2015.0,474521,CH,FF,12,0.34285714285714286
2015.0,474521,IN,FF,10,0.6666666666666666
2015.0,474521,SI,SL,10,0.3448275862068966
2015.0,474521,SL,SL,9,0.2571428571428571
2015.0,474521,FF,CH,9,0.2571428571428571
2015.0,474521,SI,IN,9,0.3103448275862069
2015.0,474521,SL,CH,7,0.2
2015.0,474521,FF,SL,7,0.2
2015.0,474521,CH,SI,6,0.17142857142857143
2015.0,474521,FF,SI,6,0.17142857142857143
2015.0,474521,CH,SL,5,0.14285714285714285
2015.0,474521,CH,CU,5,0.14285714285714285
2015.0,474521,SI,CH,5,0.1724137931034483
2015.0,474521,CH,CH,4,0.11428571428571428
2015.0,474521,FC,CH,4,0.8
2015.0,474521,CU,CH,4,0.4
2015.0,474521,FF,CU,4,0.11428571428571428
2015.0,474521,FF,FF,4,0.11428571428571428
2015.0,474521,CU,FF,3,0.3
2015.0,474521,SI,FF,3,0.10344827586206896
2015.0,474521,FF,IN,3,0.08571428571428572
2015.0,474521,CH,FC,2,0.05714285714285714
2015.0,474521,CU,SL,2,0.2
2015.0,474521,FF,FC,2,0.05714285714285714
2015.0,474521,IN,CH,2,0.13333333333333333
2015.0,474521,IN,SL,2,0.13333333333333333
2015.0,474521,SI,SI,2,0.06896551724137931
2015.0,474521,CH,IN,1,0.02857142857142857
2015.0,474521,SL,IN,1,0.02857142857142857
2015.0,474521,FC,FF,1,0.2
2015.0,474521,SL,FC,1,0.02857142857142857
2015.0,474521,SL,FF,1,0.02857142857142857
2015.0,474521,SL,CU,1,0.02857142857142857
2015.0,474521,CU,IN,1,0.1
2015.0,474521,IN,SI,1,0.06666666666666667
2015.0,474668,CU,CH,4,0.8
2015.0,474668,FF,CU,4,1.0
2015.0,474668,SI,FF,4,0.8
2015.0,474668,CH,SI,2,0.4
2015.0,474668,CH,CU,1,0.2
2015.0,474668,CH,FF,1,0.2
2015.0,474668,CH,CH,1,0.2
2015.0,474668,CU,SI,1,0.2
2015.0,474668,SI,SI,1,0.2
2015.0,474699,FF,FC,11,0.44
2015.0,474699,FC,FF,9,0.36
2015.0,474699,SL,SI,9,0.36
2015.0,474699,SI,SL,8,0.32
2015.0,474699,SL,SL,7,0.28
2015.0,474699,SI,KC,6,0.24
2015.0,474699,CH,FC,6,0.6
2015.0,474699,FC,KC,6,0.24
2015.0,474699,FF,IN,5,0.2
2015.0,474699,KC,SI,5,0.2631578947368421
2015.0,474699,KC,FF,5,0.2631578947368421
2015.0,474699,IN,FF,4,0.4
2015.0,474699,IN,KC,4,0.4
2015.0,474699,FF,SL,4,0.16
2015.0,474699,KC,SL,4,0.21052631578947367
2015.0,474699,SI,PO,3,0.12
2015.0,474699,SI,IN,3,0.12
2015.0,474699,FF,KC,3,0.12
2015.0,474699,CH,SI,3,0.3
2015.0,474699,FC,FC,3,0.12
2015.0,474699,PO,FF,3,0.6
2015.0,474699,SL,CH,3,0.12
2015.0,474699,SI,FF,2,0.08
2015.0,474699,FF,SI,2,0.08
2015.0,474699,KC,FC,2,0.10526315789473684
2015.0,474699,KC,CH,2,0.10526315789473684
2015.0,474699,FC,CH,2,0.08
2015.0,474699,FC,SI,2,0.08
2015.0,474699,FC,SL,2,0.08
2015.0,474699,SL,FC,2,0.08
2015.0,474699,SI,FC,1,0.04
2015.0,474699,IN,SI,1,0.1
2015.0,474699,SI,CH,1,0.04
2015.0,474699,SI,SI,1,0.04
2015.0,474699,IN,CH,1,0.1
2015.0,474699,CH,FF,1,0.1
2015.0,474699,KC,IN,1,0.05263157894736842
2015.0,474699,FC,PO,1,0.04
2015.0,474699,SL,PO,1,0.04
2015.0,474699,PO,CH,1,0.2
2015.0,474699,SL,KC,1,0.04
2015.0,474699,SL,FF,1,0.04
2015.0,474699,SL,IN,1,0.04
2015.0,474699,PO,SI,1,0.2
2015.0,475054,SI,ST,11,0.44
2015.0,475054,ST,FF,8,0.32
2015.0,475054,FF,IN,7,0.2916666666666667
2015.0,475054,FF,SI,6,0.25
2015.0,475054,ST,ST,5,0.2
2015.0,475054,ST,SI,5,0.2
2015.0,475054,CH,FF,5,0.5
2015.0,475054,IN,SI,5,0.5
2015.0,475054,SL,ST,4,0.4
2015.0,475054,CH,SI,4,0.4
2015.0,475054,SI,SL,4,0.16
2015.0,475054,FF,ST,4,0.16666666666666666
2015.0,475054,SL,FF,3,0.3
2015.0,475054,ST,CH,3,0.12
2015.0,475054,FF,FF,3,0.125
2015.0,475054,SI,CH,3,0.12
2015.0,475054,IN,FF,3,0.3
2015.0,475054,ST,PO,2,0.08
2015.0,475054,SL,SI,2,0.2
2015.0,475054,PO,FF,2,0.4
2015.0,475054,ST,SL,2,0.08
2015.0,475054,SI,SI,2,0.08
2015.0,475054,SI,PO,2,0.08
2015.0,475054,SI,IN,2,0.08
2015.0,475054,FF,CH,2,0.08333333333333333
2015.0,475054,SL,SL,1,0.1
2015.0,475054,PO,SI,1,0.2
2015.0,475054,PO,IN,1,0.2
2015.0,475054,PO,SL,1,0.2
2015.0,475054,CH,CH,1,0.1
2015.0,475054,SI,FF,1,0.04
2015.0,475054,FF,PO,1,0.041666666666666664
2015.0,475054,IN,ST,1,0.1
2015.0,475054,IN,CH,1,0.1
2015.0,475054,FF,SL,1,0.041666666666666664
2015.0,475115,CH,FC,15,0.5
2015.0,475115,FC,FF,12,0.4
2015.0,475115,SI,SL,11,0.36666666666666664
2015.0,475115,PO,SI,11,0.7333333333333333
2015.0,475115,FF,FC,11,0.36666666666666664
2015.0,475115,FC,CH,10,0.3333333333333333
2015.0,475115,SL,SI,10,0.3448275862068966
2015.0,475115,SL,CH,8,0.27586206896551724
2015.0,475115,CH,SL,6,0.2
2015.0,475115,IN,FF,5,0.3333333333333333
2015.0,475115,SI,IN,5,0.16666666666666666
2015.0,475115,FF,IN,5,0.16666666666666666
2015.0,475115,SI,CH,5,0.16666666666666666
2015.0,475115,FF,PO,5,0.16666666666666666
2015.0,475115,FC,SL,4,0.13333333333333333
2015.0,475115,SI,FF,4,0.13333333333333333
2015.0,475115,FF,CH,4,0.13333333333333333
2015.0,475115,IN,SL,4,0.26666666666666666
2015.0,475115,CH,FF,3,0.1
2015.0,475115,CH,PO,3,0.1
2015.0,475115,SI,PO,3,0.1
2015.0,475115,FF,SI,3,0.1
2015.0,475115,SL,SL,3,0.10344827586206896
2015.0,475115,SL,FF,3,0.10344827586206896
2015.0,475115,FC,SI,2,0.06666666666666667
2015.0,475115,CH,CH,2,0.06666666666666667
2015.0,475115,IN,PO,2,0.13333333333333333
2015.0,475115,SI,SI,2,0.06666666666666667
2015.0,475115,IN,IN,2,0.13333333333333333
2015.0,475115,PO,FF,2,0.13333333333333333
2015.0,475115,SL,FC,2,0.06896551724137931
2015.0,475115,SL,IN,2,0.06896551724137931
2015.0,475115,FF,SL,2,0.06666666666666667
2015.0,475115,FC,IN,1,0.03333333333333333
2015.0,475115,FC,PO,1,0.03333333333333333
2015.0,475115,CH,SI,1,0.03333333333333333
2015.0,475115,IN,SI,1,0.06666666666666667
2015.0,475115,IN,FC,1,0.06666666666666667
2015.0,475115,PO,CH,1,0.06666666666666667
2015.0,475115,PO,FC,1,0.06666666666666667
2015.0,475115,SL,PO,1,0.034482758620689655
2015.0,475138,FF,SI,3,0.6
2015.0,475138,SI,SL,3,0.6
2015.0,475138,CH,FC,2,0.4
2015.0,475138,CH,CU,2,0.4
2015.0,475138,CU,CH,2,0.5
2015.0,475138,FC,FF,2,0.4
2015.0,475138,FC,CH,2,0.4
2015.0,475138,CH,FF,1,0.2
2015.0,475138,SL,CU,1,0.2
2015.0,475138,SL,SI,1,0.2
2015.0,475138,SL,CH,1,0.2
2015.0,475138,SL,SL,1,0.2
2015.0,475138,SL,FF,1,0.2
2015.0,475138,CU,CU,1,0.25
2015.0,475138,CU,FC,1,0.25
2015.0,475138,FF,FC,1,0.2
2015.0,475138,FC,CU,1,0.2
2015.0,475138,FF,SL,1,0.2
2015.0,475138,SI,FF,1,0.2
2015.0,475138,SI,FC,1,0.2
2015.0,475243,SL,SI,17,0.4857142857142857
2015.0,475243,FF,FC,17,0.4857142857142857
2015.0,475243,FC,CU,16,0.45714285714285713
2015.0,475243,CH,CU,16,0.47058823529411764
2015.0,475243,CU,CH,16,0.45714285714285713
2015.0,475243,CU,FC,15,0.42857142857142855
2015.0,475243,SI,SL,14,0.4
2015.0,475243,SI,IN,14,0.4
2015.0,475243,FC,FF,13,0.37142857142857144
2015.0,475243,IN,FF,12,0.48
2015.0,475243,CH,SL,9,0.2647058823529412
2015.0,475243,IN,SI,9,0.36
2015.0,475243,SL,CH,8,0.22857142857142856
2015.0,475243,FF,IN,8,0.22857142857142856
2015.0,475243,SL,SL,5,0.14285714285714285
2015.0,475243,FF,SI,5,0.14285714285714285
2015.0,475243,CH,CH,4,0.11764705882352941
2015.0,475243,SI,FF,4,0.11428571428571428
2015.0,475243,CH,SI,3,0.08823529411764706
2015.0,475243,SI,CH,3,0.08571428571428572
2015.0,475243,SL,CU,2,0.05714285714285714
2015.0,475243,FC,SL,2,0.05714285714285714
2015.0,475243,FC,CH,2,0.05714285714285714
2015.0,475243,SL,FC,2,0.05714285714285714
2015.0,475243,FF,SL,2,0.05714285714285714
2015.0,475243,CU,FF,2,0.05714285714285714
2015.0,475243,CU,SL,2,0.05714285714285714
2015.0,475243,SL,FF,1,0.02857142857142857
2015.0,475243,FC,IN,1,0.02857142857142857
2015.0,475243,FC,SI,1,0.02857142857142857
2015.0,475243,CH,IN,1,0.029411764705882353
2015.0,475243,CH,FF,1,0.029411764705882353
2015.0,475243,FF,CH,1,0.02857142857142857
2015.0,475243,IN,SL,1,0.04
2015.0,475243,IN,CH,1,0.04
2015.0,475243,IN,IN,1,0.04
2015.0,475243,IN,FC,1,0.04
2015.0,475243,FF,FF,1,0.02857142857142857
2015.0,475243,FF,CU,1,0.02857142857142857
2015.0,475416,SI,SL,14,0.5833333333333334
2015.0,475416,FF,SI,12,0.48
2015.0,475416,SL,SI,11,0.44
2015.0,475416,SL,FF,10,0.4
2015.0,475416,FF,SL,7,0.28
2015.0,475416,SI,FF,7,0.2916666666666667
2015.0,475416,FF,FF,5,0.2
2015.0,475416,CH,FF,3,0.6
2015.0,475416,SL,SL,3,0.12
2015.0,475416,SI,CH,2,0.08333333333333333
2015.0,475416,CH,CH,1,0.2
2015.0,475416,CH,SL,1,0.2
2015.0,475416,SL,CH,1,0.04
2015.0,475416,FF,CH,1,0.04
2015.0,475416,SI,SI,1,0.041666666666666664
2015.0,475479,FC,FF,13,0.52
2015.0,475479,FF,KC,11,0.44
2015.0,475479,FC,CH,9,0.36
2015.0,475479,SI,SL,9,0.36
2015.0,475479,CH,FC,7,0.28
2015.0,475479,SL,SI,7,0.28
2015.0,475479,FF,FC,7,0.28
2015.0,475479,KC,SI,6,0.25
2015.0,475479,KC,SL,6,0.25
2015.0,475479,CH,SL,6,0.24
2015.0,475479,KC,FF,5,0.20833333333333334
2015.0,475479,CH,SI,5,0.2
2015.0,475479,SL,CH,5,0.2
2015.0,475479,SL,FC,5,0.2
2015.0,475479,SI,KC,5,0.2
2015.0,475479,KC,CH,3,0.125
2015.0,475479,PO,KC,3,0.6
2015.0,475479,SL,SL,3,0.12
2015.0,475479,SI,CH,3,0.12
2015.0,475479,FF,SI,3,0.12
2015.0,475479,FF,CH,3,0.12
2015.0,475479,CH,FF,2,0.08
2015.0,475479,CH,CH,2,0.08
2015.0,475479,KC,FC,2,0.08333333333333333
2015.0,475479,CH,KC,2,0.08
2015.0,475479,SL,KC,2,0.08
2015.0,475479,SL,FF,2,0.08
2015.0,475479,SI,FC,2,0.08
2015.0,475479,SI,PO,2,0.08
2015.0,475479,SI,FF,2,0.08
2015.0,475479,SI,SI,2,0.08
2015.0,475479,KC,KC,1,0.041666666666666664
2015.0,475479,CH,PO,1,0.04
2015.0,475479,KC,PO,1,0.041666666666666664
2015.0,475479,PO,SI,1,0.2
2015.0,475479,PO,FC,1,0.2
2015.0,475479,SL,PO,1,0.04
2015.0,475479,FC,SI,1,0.04
2015.0,475479,FC,SL,1,0.04
2015.0,475479,FC,FC,1,0.04
2015.0,475479,FF,FF,1,0.04
2015.0,475857,CH,FF,9,0.45
2015.0,475857,FF,CH,9,0.45
2015.0,475857,SI,SL,8,0.4
2015.0,475857,SL,SI,7,0.3684210526315789
2015.0,475857,SL,CH,6,0.3157894736842105
2015.0,475857,CH,SL,6,0.3
2015.0,475857,FF,SI,6,0.3
2015.0,475857,SI,FF,6,0.3
2015.0,475857,PO,SI,4,0.8
2015.0,475857,SL,FF,3,0.15789473684210525
2015.0,475857,SL,SL,3,0.15789473684210525
2015.0,475857,CH,CH,3,0.15
2015.0,475857,SI,SI,3,0.15
2015.0,475857,CH,PO,2,0.1
2015.0,475857,FF,SL,2,0.1
2015.0,475857,FF,PO,2,0.1
2015.0,475857,SI,CH,2,0.1
2015.0,475857,PO,FF,1,0.2
2015.0,475857,FF,FF,1,0.05
2015.0,475857,SI,PO,1,0.05
2015.0,476451,CH,CU,16,0.45714285714285713
2015.0,476451,CU,CH,13,0.37142857142857144
2015.0,476451,SI,FF,11,0.3235294117647059
2015.0,476451,SI,SL,11,0.3235294117647059
2015.0,476451,SL,SI,10,0.4
2015.0,476451,FF,CU,9,0.2571428571428571
2015.0,476451,FC,FF,8,0.4
2015.0,476451,CU,FC,8,0.22857142857142856
2015.0,476451,CH,CH,8,0.22857142857142856
2015.0,476451,FF,SI,8,0.22857142857142856
2015.0,476451,IN,SI,7,0.4666666666666667
2015.0,476451,FF,IN,7,0.2
2015.0,476451,FC,SL,5,0.25
2015.0,476451,CH,SI,5,0.14285714285714285
2015.0,476451,SI,IN,5,0.14705882352941177
2015.0,476451,IN,FF,5,0.3333333333333333
2015.0,476451,SL,CH,4,0.16
2015.0,476451,CU,SL,4,0.11428571428571428
2015.0,476451,CU,FF,4,0.11428571428571428
2015.0,476451,FF,FC,4,0.11428571428571428
2015.0,476451,FF,CH,4,0.11428571428571428
2015.0,476451,FC,CH,3,0.15
2015.0,476451,SL,FF,3,0.12
2015.0,476451,FC,CU,3,0.15
2015.0,476451,CH,FC,3,0.08571428571428572
2015.0,476451,CU,SI,3,0.08571428571428572
2015.0,476451,SI,FC,3,0.08823529411764706
2015.0,476451,IN,CU,3,0.2
2015.0,476451,SI,CH,3,0.08823529411764706
2015.0,476451,SL,SL,2,0.08
2015.0,476451,SL,CU,2,0.08
2015.0,476451,SL,FC,2,0.08
2015.0,476451,SL,IN,2,0.08
2015.0,476451,CH,SL,2,0.05714285714285714
2015.0,476451,CU,CU,2,0.05714285714285714
2015.0,476451,FF,FF,2,0.05714285714285714
2015.0,476451,FC,SI,1,0.05
2015.0,476451,CH,FF,1,0.02857142857142857
2015.0,476451,CU,IN,1,0.02857142857142857
2015.0,476451,FF,SL,1,0.02857142857142857
2015.0,476451,SI,SI,1,0.029411764705882353
2015.0,476454,KC,FF,17,0.5
2015.0,476454,SV,KC,15,0.42857142857142855
2015.0,476454,KC,SV,13,0.38235294117647056
2015.0,476454,FF,KC,13,0.37142857142857144
2015.0,476454,SV,SV,11,0.3142857142857143
2015.0,476454,FF,SV,9,0.2571428571428571
2015.0,476454,FF,FF,7,0.2
2015.0,476454,SV,FF,6,0.17142857142857143
2015.0,476454,KC,KC,4,0.11764705882352941
2015.0,476454,FC,FF,3,0.6
2015.0,476454,FF,FC,3,0.08571428571428572
2015.0,476454,FF,IN,3,0.08571428571428572
2015.0,476454,SV,IN,2,0.05714285714285714
2015.0,476454,IN,FF,2,0.4
2015.0,476454,IN,KC,2,0.4
2015.0,476454,FC,SV,1,0.2
2015.0,476454,FC,KC,1,0.2
2015.0,476454,SV,FC,1,0.02857142857142857
2015.0,476454,IN,FC,1,0.2
2015.0,476570,CH,FF,6,0.6
2015.0,476570,SI,SL,4,0.4444444444444444
2015.0,476570,SL,CH,3,0.3
2015.0,476570,SL,SI,3,0.3
2015.0,476570,FF,CH,3,0.3
2015.0,476570,IN,FF,3,0.6
2015.0,476570,FF,SI,3,0.3
2015.0,476570,CH,SL,2,0.2
2015.0,476570,SL,SL,2,0.2
2015.0,476570,FF,IN,2,0.2
2015.0,476570,SI,CH,2,0.2222222222222222
2015.0,476570,FF,SL,2,0.2
2015.0,476570,SI,IN,2,0.2222222222222222
2015.0,476570,CH,CH,1,0.1
2015.0,476570,CH,SI,1,0.1
2015.0,476570,SL,FF,1,0.1
2015.0,476570,SL,IN,1,0.1
2015.0,476570,IN,CH,1,0.2
2015.0,476570,IN,SI,1,0.2
2015.0,476570,SI,SI,1,0.1111111111111111
2015.0,476589,SI,SL,16,0.45714285714285713
2015.0,476589,SL,SI,13,0.37142857142857144
2015.0,476589,CH,CU,12,0.34285714285714286
2015.0,476589,FC,FF,11,0.44
2015.0,476589,FF,SI,11,0.3142857142857143
2015.0,476589,CU,FC,10,0.29411764705882354
2015.0,476589,FF,FC,9,0.2571428571428571
2015.0,476589,CU,CH,8,0.23529411764705882
2015.0,476589,CU,FF,8,0.23529411764705882
2015.0,476589,SI,FF,8,0.22857142857142856
2015.0,476589,CH,SL,7,0.2
2015.0,476589,FC,CU,7,0.28
2015.0,476589,SL,CH,7,0.2
2015.0,476589,FF,CU,7,0.2
2015.0,476589,CH,CH,6,0.17142857142857143
2015.0,476589,CH,SI,6,0.17142857142857143
2015.0,476589,SL,SL,5,0.14285714285714285
2015.0,476589,SI,CH,5,0.14285714285714285
2015.0,476589,FC,CH,4,0.16
2015.0,476589,SL,CU,4,0.11428571428571428
2015.0,476589,SL,FF,4,0.11428571428571428
2015.0,476589,CU,CU,4,0.11764705882352941
2015.0,476589,FF,CH,4,0.11428571428571428
2015.0,476589,CU,SL,3,0.08823529411764706
2015.0,476589,FF,SL,3,0.08571428571428572
2015.0,476589,SI,IN,3,0.08571428571428572
2015.0,476589,IN,FF,3,0.6
2015.0,476589,CH,FC,2,0.05714285714285714
2015.0,476589,FC,SI,2,0.08
2015.0,476589,SL,FC,2,0.05714285714285714
2015.0,476589,SI,FC,2,0.05714285714285714
2015.0,476589,CH,IN,1,0.02857142857142857
2015.0,476589,CH,FF,1,0.02857142857142857
2015.0,476589,FC,SL,1,0.04
2015.0,476589,CU,SI,1,0.029411764705882353
2015.0,476589,SI,CU,1,0.02857142857142857
2015.0,476589,FF,IN,1,0.02857142857142857
2015.0,476589,IN,CH,1,0.2
2015.0,476589,IN,SI,1,0.2
2015.0,476595,CU,FF,2,0.4
2015.0,476595,CU,CH,2,0.4
2015.0,476595,CH,CU,2,0.4
2015.0,476595,SL,CU,2,0.4
2015.0,476595,CU,SI,1,0.2
2015.0,476595,FF,FF,1,0.2
2015.0,476595,SI,SL,1,0.25
2015.0,476595,FF,CU,1,0.2
2015.0,476595,FF,SI,1,0.2
2015.0,476595,FF,CH,1,0.2
2015.0,476595,FF,SL,1,0.2
2015.0,476595,SI,SI,1,0.25
2015.0,476595,SI,CH,1,0.25
2015.0,476595,SI,FF,1,0.25
2015.0,476595,CH,SI,1,0.2
2015.0,476595,CH,SL,1,0.2
2015.0,476595,CH,CH,1,0.2
2015.0,476595,SL,FF,1,0.2
2015.0,476595,SL,SL,1,0.2
2015.0,476595,SL,SI,1,0.2
2015.0,477003,SL,SI,20,0.5128205128205128
2015.0,477003,FF,FC,18,0.45
2015.0,477003,FC,FF,17,0.425
2015.0,477003,CU,FC,16,0.4
2015.0,477003,SI,SL,16,0.4
2015.0,477003,CH,CU,16,0.45714285714285713
2015.0,477003,CU,CH,15,0.375
2015.0,477003,FC,CU,15,0.375
2015.0,477003,FF,SI,12,0.3
2015.0,477003,SI,FF,12,0.3
2015.0,477003,SL,SL,7,0.1794871794871795
2015.0,477003,CH,SL,6,0.17142857142857143
2015.0,477003,SI,IN,5,0.125
2015.0,477003,CU,SL,4,0.1
2015.0,477003,FF,CH,4,0.1
2015.0,477003,IN,SI,4,0.4
2015.0,477003,CH,FF,4,0.11428571428571428
2015.0,477003,CH,CH,4,0.11428571428571428
2015.0,477003,FC,SL,4,0.1
2015.0,477003,SL,CU,4,0.10256410256410256
2015.0,477003,SL,CH,4,0.10256410256410256
2015.0,477003,CU,CU,3,0.075
2015.0,477003,FF,IN,3,0.075
2015.0,477003,SI,CH,3,0.075
2015.0,477003,CH,FC,3,0.08571428571428572
2015.0,477003,FC,CH,3,0.075
2015.0,477003,SL,FF,3,0.07692307692307693
2015.0,477003,SI,FC,2,0.05
2015.0,477003,IN,FF,2,0.2
2015.0,477003,IN,CH,2,0.2
2015.0,477003,CH,SI,2,0.05714285714285714
2015.0,477003,CU,FF,1,0.025
2015.0,477003,CU,SI,1,0.025
2015.0,477003,FF,SL,1,0.025
2015.0,477003,FF,CU,1,0.025
2015.0,477003,FF,FF,1,0.025
2015.0,477003,IN,IN,1,0.1
2015.0,477003,SI,CU,1,0.025
2015.0,477003,IN,SL,1,0.1
2015.0,477003,SI,SI,1,0.025
2015.0,477003,SL,IN,1,0.02564102564102564
2015.0,477003,FC,FC,1,0.025
2015.0,477132,CU,FF,18,0.5142857142857142
2015.0,477132,CH,CU,17,0.68
2015.0,477132,SL,FF,11,0.3142857142857143
2015.0,477132,FF,SL,10,0.2857142857142857
2015.0,477132,SI,SL,9,0.6428571428571429
2015.0,477132,FF,SI,9,0.2571428571428571
2015.0,477132,FF,CU,8,0.22857142857142856
2015.0,477132,SL,CH,8,0.22857142857142856
2015.0,477132,SL,SL,8,0.22857142857142856
2015.0,477132,CU,CH,6,0.17142857142857143
2015.0,477132,CU,CU,5,0.14285714285714285
2015.0,477132,SL,CU,4,0.11428571428571428
2015.0,477132,CH,CH,4,0.16
2015.0,477132,FF,CH,3,0.08571428571428572
2015.0,477132,FF,IN,3,0.08571428571428572
2015.0,477132,CU,SL,3,0.08571428571428572
2015.0,477132,SL,SI,3,0.08571428571428572
2015.0,477132,CH,SL,3,0.12
2015.0,477132,SI,FF,2,0.14285714285714285
2015.0,477132,SI,CH,2,0.14285714285714285
2015.0,477132,FF,FF,2,0.05714285714285714
2015.0,477132,CU,SI,2,0.05714285714285714
2015.0,477132,IN,CH,2,0.4
2015.0,477132,IN,SL,2,0.4
2015.0,477132,SI,CU,1,0.07142857142857142
2015.0,477132,CU,IN,1,0.02857142857142857
2015.0,477132,IN,FF,1,0.2
2015.0,477132,SL,IN,1,0.02857142857142857
2015.0,477132,CH,SI,1,0.04
2015.0,477195,SL,SI,7,0.7
2015.0,477195,CH,SL,4,0.4
2015.0,477195,SI,CH,3,0.3333333333333333
2015.0,477195,FF,CH,3,0.6
2015.0,477195,SI,SL,3,0.3333333333333333
2015.0,477195,CH,FF,3,0.3
2015.0,477195,CH,CH,3,0.3
2015.0,477195,SI,FF,2,0.2222222222222222
2015.0,477195,FF,SI,2,0.4
2015.0,477195,SL,SL,2,0.2
2015.0,477195,SI,SI,1,0.1111111111111111
2015.0,477195,SL,CH,1,0.1
2015.0,477229,FF,CH,4,0.8
2015.0,477229,SL,IN,4,0.8
2015.0,477229,IN,FF,3,0.6
2015.0,477229,CH,SL,3,0.75
2015.0,477229,IN,SL,2,0.4
2015.0,477229,FF,IN,1,0.2
2015.0,477229,CH,FF,1,0.25
2015.0,477229,SL,FF,1,0.2
2015.0,477569,CH,FF,16,0.45714285714285713
2015.0,477569,FF,CH,14,0.4
2015.0,477569,FF,IN,11,0.3142857142857143
2015.0,477569,KC,SI,11,0.3235294117647059
2015.0,477569,IN,KC,10,0.5
2015.0,477569,SI,KC,9,0.45
2015.0,477569,KC,FF,9,0.2647058823529412
2015.0,477569,IN,CH,6,0.3
2015.0,477569,FF,KC,6,0.17142857142857143
2015.0,477569,CH,SI,6,0.17142857142857143
2015.0,477569,CH,KC,6,0.17142857142857143
2015.0,477569,CH,CH,6,0.17142857142857143
2015.0,477569,KC,IN,5,0.14705882352941177
2015.0,477569,KC,CH,5,0.14705882352941177
2015.0,477569,IN,FF,4,0.2
2015.0,477569,SI,CH,4,0.2
2015.0,477569,KC,KC,4,0.11764705882352941
2015.0,477569,FF,FF,3,0.08571428571428572
2015.0,477569,SI,IN,3,0.15
2015.0,477569,SI,FF,2,0.1
2015.0,477569,SI,SI,2,0.1
2015.0,477569,FF,SI,1,0.02857142857142857
2015.0,477569,CH,IN,1,0.02857142857142857
2015.0,488674,SL,SI,22,0.6285714285714286
2015.0,488674,SI,FS,14,0.4
2015.0,488674,SI,SL,12,0.34285714285714286
2015.0,488674,FS,SL,11,0.3235294117647059
2015.0,488674,FS,FS,9,0.2647058823529412
2015.0,488674,SL,FS,8,0.22857142857142856
2015.0,488674,FS,SI,8,0.23529411764705882
2015.0,488674,SI,IN,7,0.2
2015.0,488674,IN,SL,6,0.4
2015.0,488674,FS,IN,5,0.14705882352941177
2015.0,488674,IN,PO,3,0.2
2015.0,488674,IN,FS,3,0.2
2015.0,488674,SL,SL,3,0.08571428571428572
2015.0,488674,PO,SI,2,0.4
2015.0,488674,IN,SI,2,0.13333333333333333
2015.0,488674,PO,SL,2,0.4
2015.0,488674,SL,IN,2,0.05714285714285714
2015.0,488674,PO,FS,1,0.2
2015.0,488674,IN,IN,1,0.06666666666666667
2015.0,488674,SI,SI,1,0.02857142857142857
2015.0,488674,FS,PO,1,0.029411764705882353
2015.0,488674,SI,PO,1,0.02857142857142857
2015.0,488768,CU,FF,16,0.5333333333333333
2015.0,488768,SI,SL,14,0.4666666666666667
2015.0,488768,FF,SI,13,0.43333333333333335
2015.0,488768,CH,CU,12,0.41379310344827586
2015.0,488768,SL,SI,9,0.3
2015.0,488768,CH,CH,9,0.3103448275862069
2015.0,488768,SL,SL,8,0.26666666666666666
2015.0,488768,FF,CU,8,0.26666666666666666
2015.0,488768,CU,CH,7,0.23333333333333334
2015.0,488768,SI,FF,6,0.2
2015.0,488768,SL,CH,5,0.16666666666666666
2015.0,488768,SL,FF,4,0.13333333333333333
2015.0,488768,SL,CU,4,0.13333333333333333
2015.0,488768,SI,CH,4,0.13333333333333333
2015.0,488768,CH,FF,3,0.10344827586206896
2015.0,488768,SI,CU,3,0.1
2015.0,488768,FF,IN,3,0.1
2015.0,488768,IN,CH,3,0.6
2015.0,488768,FF,SL,3,0.1
2015.0,488768,CU,SL,3,0.1
2015.0,488768,CH,SL,2,0.06896551724137931
2015.0,488768,CH,SI,2,0.06896551724137931
2015.0,488768,SI,SI,2,0.06666666666666667
2015.0,488768,IN,SI,2,0.4
2015.0,488768,FF,CH,2,0.06666666666666667
2015.0,488768,CU,SI,2,0.06666666666666667
2015.0,488768,CU,CU,2,0.06666666666666667
2015.0,488768,CH,IN,1,0.034482758620689655
2015.0,488768,SI,IN,1,0.03333333333333333
2015.0,488768,FF,FF,1,0.03333333333333333
2015.0,488786,FF,SL,5,0.5
2015.0,488786,SL,SI,3,0.3333333333333333
2015.0,488786,SL,FF,3,0.3333333333333333
2015.0,488786,SL,SL,3,0.3333333333333333
2015.0,488786,SI,FF,3,0.6
2015.0,488786,FF,FF,3,0.3
2015.0,488786,SI,SL,2,0.4
2015.0,488786,FF,SI,2,0.2
2015.0,488846,CU,CH,16,0.45714285714285713
2015.0,488846,FF,CU,15,0.42857142857142855
2015.0,488846,SL,SI,15,0.42857142857142855
2015.0,488846,CU,FF,12,0.34285714285714286
2015.0,488846,SI,SL,12,0.35294117647058826
2015.0,488846,CH,CU,11,0.3142857142857143
2015.0,488846,SI,FF,9,0.2647058823529412
2015.0,488846,CH,SI,7,0.2
2015.0,488846,CH,CH,7,0.2
2015.0,488846,CH,SL,7,0.2
2015.0,488846,SI,IN,6,0.17647058823529413
2015.0,488846,FF,IN,6,0.17142857142857143
2015.0,488846,SL,SL,6,0.17142857142857143
2015.0,488846,IN,SI,5,0.3333333333333333
2015.0,488846,SL,CH,5,0.14285714285714285
2015.0,488846,CU,SL,4,0.11428571428571428
2015.0,488846,FF,CH,4,0.11428571428571428
2015.0,488846,FF,SL,4,0.11428571428571428
2015.0,488846,IN,FF,4,0.26666666666666666
2015.0,488846,SL,FF,4,0.11428571428571428
2015.0,488846,SL,CU,4,0.11428571428571428
2015.0,488846,FF,FF,3,0.08571428571428572
2015.0,488846,FF,SI,3,0.08571428571428572
2015.0,488846,SI,SI,3,0.08823529411764706
2015.0,488846,SI,CU,3,0.08823529411764706
2015.0,488846,CU,SI,2,0.05714285714285714
2015.0,488846,CH,FF,2,0.05714285714285714
2015.0,488846,IN,SL,2,0.13333333333333333
2015.0,488846,IN,CU,2,0.13333333333333333
2015.0,488846,IN,CH,2,0.13333333333333333
2015.0,488846,CU,IN,1,0.02857142857142857
2015.0,488846,SI,CH,1,0.029411764705882353
2015.0,488846,CH,IN,1,0.02857142857142857
2015.0,488846,SL,IN,1,0.02857142857142857
2015.0,488984,FC,CU,15,0.5
2015.0,488984,FC,FF,13,0.43333333333333335
2015.0,488984,CU,FC,13,0.4482758620689655
2015.0,488984,FF,FC,11,0.36666666666666664
2015.0,488984,SI,FF,10,0.3333333333333333
2015.0,488984,FF,SI,9,0.3
2015.0,488984,FF,IN,7,0.23333333333333334
2015.0,488984,SI,SI,7,0.23333333333333334
2015.0,488984,CU,CU,5,0.1724137931034483
2015.0,488984,CU,FF,4,0.13793103448275862
2015.0,488984,SI,CU,4,0.13333333333333333
2015.0,488984,IN,SI,4,0.4
2015.0,488984,CH,CU,3,0.6
2015.0,488984,CU,SI,3,0.10344827586206896
2015.0,488984,SL,SI,3,0.6
2015.0,488984,IN,FF,3,0.3
2015.0,488984,SI,SL,3,0.1
2015.0,488984,SI,FC,3,0.1
2015.0,488984,CU,CH,2,0.06896551724137931
2015.0,488984,SI,PO,2,0.06666666666666667
2015.0,488984,PO,SI,2,0.4
2015.0,488984,PO,IN,2,0.4
2015.0,488984,FF,CU,2,0.06666666666666667
2015.0,488984,IN,PO,2,0.2
2015.0,488984,CH,FC,1,0.2
2015.0,488984,CH,SL,1,0.2
2015.0,488984,FC,SI,1,0.03333333333333333
2015.0,488984,FC,FC,1,0.03333333333333333
2015.0,488984,CU,PO,1,0.034482758620689655
2015.0,488984,CU,SL,1,0.034482758620689655
2015.0,488984,IN,FC,1,0.1
2015.0,488984,SL,CU,1,0.2
2015.0,488984,PO,CH,1,0.2
2015.0,488984,SI,IN,1,0.03333333333333333
2015.0,488984,FF,CH,1,0.03333333333333333
2015.0,488984,SL,CH,1,0.2
2015.0,489002,SL,FF,5,0.5
2015.0,489002,FF,FF,4,0.4
2015.0,489002,CH,SL,4,0.4444444444444444
2015.0,489002,FF,SL,3,0.3
2015.0,489002,CH,CH,3,0.3333333333333333
2015.0,489002,CU,CH,3,0.6
2015.0,489002,FF,CH,2,0.2
2015.0,489002,SL,SL,2,0.2
2015.0,489002,SL,CH,2,0.2
2015.0,489002,CH,CU,2,0.2222222222222222
2015.0,489002,FF,CU,1,0.1
2015.0,489002,SL,CU,1,0.1
2015.0,489002,CU,SL,1,0.2
2015.0,489002,CU,CU,1,0.2
2015.0,489039,SI,SL,7,0.3684210526315789
2015.0,489039,SI,SI,7,0.3684210526315789
2015.0,489039,SL,SI,6,0.4
2015.0,489039,CH,SI,5,0.5
2015.0,489039,SL,SL,5,0.3333333333333333
2015.0,489039,SI,CH,4,0.21052631578947367
2015.0,489039,CH,PO,3,0.3
2015.0,489039,SL,CH,3,0.2
2015.0,489039,PO,SI,2,0.4
2015.0,489039,PO,SL,2,0.4
2015.0,489039,CH,SL,1,0.1
2015.0,489039,CH,CH,1,0.1
2015.0,489039,SL,PO,1,0.06666666666666667
2015.0,489039,PO,CH,1,0.2
2015.0,489039,SI,PO,1,0.05263157894736842
2015.0,489119,SI,FF,16,0.5517241379310345
2015.0,489119,SL,SI,16,0.5333333333333333
2015.0,489119,FF,CU,14,0.4666666666666667
2015.0,489119,CU,CH,14,0.4666666666666667
2015.0,489119,CU,FF,10,0.3333333333333333
2015.0,489119,SI,SL,9,0.3103448275862069
2015.0,489119,FF,SI,9,0.3
2015.0,489119,CH,SL,9,0.3
2015.0,489119,CH,CU,8,0.26666666666666666
2015.0,489119,SL,CH,6,0.2
2015.0,489119,CH,CH,6,0.2
2015.0,489119,FF,SL,4,0.13333333333333333
2015.0,489119,SL,CU,4,0.13333333333333333
2015.0,489119,SL,SL,4,0.13333333333333333
2015.0,489119,CH,SI,4,0.13333333333333333
2015.0,489119,CH,FF,3,0.1
2015.0,489119,CU,SL,3,0.1
2015.0,489119,SI,CU,2,0.06896551724137931
2015.0,489119,SI,CH,2,0.06896551724137931
2015.0,489119,FF,CH,2,0.06666666666666667
2015.0,489119,CU,CU,2,0.06666666666666667
2015.0,489119,FF,FF,1,0.03333333333333333
2015.0,489119,CU,SI,1,0.03333333333333333
2015.0,489138,CU,CH,3,0.6
2015.0,489138,CH,CU,3,0.75
2015.0,489138,CU,CU,2,0.4
2015.0,489138,CH,CH,1,0.25
2015.0,489265,CH,FF,15,0.42857142857142855
2015.0,489265,SI,SL,15,0.42857142857142855
2015.0,489265,SL,SI,14,0.4
2015.0,489265,FF,CH,14,0.4117647058823529
2015.0,489265,FF,SI,10,0.29411764705882354
2015.0,489265,SL,SL,9,0.2571428571428571
2015.0,489265,CH,CH,7,0.2
2015.0,489265,CH,SL,7,0.2
2015.0,489265,SI,FF,7,0.2
2015.0,489265,SL,FF,5,0.14285714285714285
2015.0,489265,SI,IN,5,0.14285714285714285
2015.0,489265,SL,CH,4,0.11428571428571428
2015.0,489265,SI,CH,4,0.11428571428571428
2015.0,489265,PO,SI,3,0.6
2015.0,489265,CH,SI,3,0.08571428571428572
2015.0,489265,CU,CH,3,0.6
2015.0,489265,IN,CH,3,0.3
2015.0,489265,IN,SI,3,0.3
2015.0,489265,IN,FF,3,0.3
2015.0,489265,FF,IN,3,0.08823529411764706
2015.0,489265,SL,CU,2,0.05714285714285714
2015.0,489265,PO,FF,2,0.4
2015.0,489265,CH,IN,2,0.05714285714285714
2015.0,489265,SI,PO,2,0.05714285714285714
2015.0,489265,FF,FF,2,0.058823529411764705
2015.0,489265,FF,PO,2,0.058823529411764705
2015.0,489265,FF,SL,2,0.058823529411764705
2015.0,489265,SL,PO,1,0.02857142857142857
2015.0,489265,CU,SL,1,0.2
2015.0,489265,CH,CU,1,0.02857142857142857
2015.0,489265,CU,SI,1,0.2
2015.0,489265,SI,CU,1,0.02857142857142857
2015.0,489265,SI,SI,1,0.02857142857142857
2015.0,489265,FF,CU,1,0.029411764705882353
2015.0,489265,IN,SL,1,0.1
2015.0,489267,CU,FF,5,0.5
2015.0,489267,FF,CU,4,0.4444444444444444
2015.0,489267,CU,CH,4,0.4
2015.0,489267,FF,SL,3,0.3333333333333333
2015.0,489267,CH,CU,3,0.6
2015.0,489267,SL,FF,2,0.4
2015.0,489267,SL,CU,2,0.4
2015.0,489267,CH,FF,2,0.4
2015.0,489267,FF,FF,1,0.1111111111111111
2015.0,489267,FF,CH,1,0.1111111111111111
2015.0,489267,CU,SL,1,0.1
2015.0,489267,SL,SL,1,0.2
2015.0,489294,FF,CU,13,0.43333333333333335
2015.0,489294,CU,CH,13,0.4482758620689655
2015.0,489294,CU,FF,10,0.3448275862068966
2015.0,489294,CH,CU,10,0.5
2015.0,489294,FF,FF,6,0.2
2015.0,489294,CH,FF,6,0.3
2015.0,489294,FF,IN,5,0.16666666666666666
2015.0,489294,IN,SL,4,0.4
2015.0,489294,SL,IN,4,0.26666666666666666
2015.0,489294,FF,CH,3,0.1
2015.0,489294,IN,FF,3,0.3
2015.0,489294,SL,FF,3,0.2
2015.0,489294,SL,SL,3,0.2
2015.0,489294,SI,FF,2,0.4
2015.0,489294,SI,SL,2,0.4
2015.0,489294,IN,CU,2,0.2
2015.0,489294,FF,SL,2,0.06666666666666667
2015.0,489294,CU,CU,2,0.06896551724137931
2015.0,489294,CU,SL,2,0.06896551724137931
2015.0,489294,SL,SI,2,0.13333333333333333
2015.0,489294,SL,CU,2,0.13333333333333333
2015.0,489294,CH,SL,2,0.1
2015.0,489294,FF,SI,1,0.03333333333333333
2015.0,489294,SI,CH,1,0.2
2015.0,489294,IN,CH,1,0.1
2015.0,489294,CU,IN,1,0.034482758620689655
2015.0,489294,CU,SI,1,0.034482758620689655
2015.0,489294,SL,CH,1,0.06666666666666667
2015.0,489294,CH,SI,1,0.05
2015.0,489294,CH,CH,1,0.05
2015.0,489295,SL,SI,6,0.6
2015.0,489295,SI,FF,6,0.4
2015.0,489295,FF,SI,5,0.5555555555555556
2015.0,489295,SI,SL,5,0.3333333333333333
2015.0,489295,SI,SI,4,0.26666666666666666
2015.0,489295,SL,SL,2,0.2
2015.0,489295,SL,FF,2,0.2
2015.0,489295,FF,SL,2,0.2222222222222222
2015.0,489295,FF,FF,2,0.2222222222222222
2015.0,489334,SI,KC,3,0.6
2015.0,489334,KC,FC,3,0.6
2015.0,489334,FF,KC,2,0.4
2015.0,489334,FC,SI,2,0.4
2015.0,489334,FC,FF,2,0.4
2015.0,489334,SI,SL,1,0.2
2015.0,489334,SI,SI,1,0.2
2015.0,489334,FF,FC,1,0.2
2015.0,489334,FF,SL,1,0.2
2015.0,489334,FF,FF,1,0.2
2015.0,489334,FC,SL,1,0.2
2015.0,489334,SL,SL,1,0.25
2015.0,489334,SL,SI,1,0.25
2015.0,489334,SL,FC,1,0.25
2015.0,489334,SL,FF,1,0.25
2015.0,489334,KC,SI,1,0.2
2015.0,489334,KC,FF,1,0.2
2015.0,489446,SL,KC,14,0.4827586206896552
2015.0,489446,KC,FF,14,0.4666666666666667
2015.0,489446,FF,KC,12,0.4
2015.0,489446,CH,SL,11,0.44
2015.0,489446,FF,CH,11,0.36666666666666664
2015.0,489446,KC,SL,10,0.3333333333333333
2015.0,489446,CH,FF,8,0.32
2015.0,489446,SL,CH,6,0.20689655172413793
2015.0,489446,SL,SL,5,0.1724137931034483
2015.0,489446,SL,FF,4,0.13793103448275862
2015.0,489446,KC,CH,4,0.13333333333333333
2015.0,489446,CH,CH,4,0.16
2015.0,489446,FF,FF,4,0.13333333333333333
2015.0,489446,FF,SL,3,0.1
2015.0,489446,KC,KC,2,0.06666666666666667
2015.0,489446,CH,KC,2,0.08
2015.0,490063,CH,CU,14,0.4666666666666667
2015.0,490063,CU,FF,13,0.43333333333333335
2015.0,490063,SL,SI,12,0.41379310344827586
2015.0,490063,SI,SL,12,0.4
2015.0,490063,CU,CH,11,0.36666666666666664
2015.0,490063,FF,CU,9,0.3
2015.0,490063,SL,SL,7,0.2413793103448276
2015.0,490063,SI,FF,7,0.23333333333333334
2015.0,490063,FF,SI,7,0.23333333333333334
2015.0,490063,FF,CH,7,0.23333333333333334
2015.0,490063,CH,SL,6,0.2
2015.0,490063,SI,CH,6,0.2
2015.0,490063,IN,SI,6,0.6
2015.0,490063,SL,CU,4,0.13793103448275862
2015.0,490063,SL,CH,4,0.13793103448275862
2015.0,490063,SI,IN,4,0.13333333333333333
2015.0,490063,CH,SI,3,0.1
2015.0,490063,CH,FF,3,0.1
2015.0,490063,CU,SL,3,0.1
2015.0,490063,FF,IN,3,0.1
2015.0,490063,IN,FF,3,0.3
2015.0,490063,CH,CH,2,0.06666666666666667
2015.0,490063,CH,IN,2,0.06666666666666667
2015.0,490063,SL,FF,2,0.06896551724137931
2015.0,490063,CU,SI,2,0.06666666666666667
2015.0,490063,FF,FF,2,0.06666666666666667
2015.0,490063,FF,SL,2,0.06666666666666667
2015.0,490063,CU,IN,1,0.03333333333333333
2015.0,490063,IN,CU,1,0.1
2015.0,490063,SI,CU,1,0.03333333333333333
2015.0,491159,SL,FF,18,0.6206896551724138
2015.0,491159,FF,SL,14,0.4666666666666667
2015.0,491159,FF,FC,13,0.43333333333333335
2015.0,491159,FC,SL,10,0.4
2015.0,491159,FC,FF,9,0.36
2015.0,491159,FC,FC,6,0.24
2015.0,491159,SL,SL,6,0.20689655172413793
2015.0,491159,SL,FC,5,0.1724137931034483
2015.0,491159,FF,FF,3,0.1
2015.0,491646,SL,SI,16,0.5333333333333333
2015.0,491646,FF,CH,11,0.55
2015.0,491646,SI,SL,10,0.3448275862068966
2015.0,491646,CH,SL,9,0.3
2015.0,491646,SI,IN,8,0.27586206896551724
2015.0,491646,CH,FF,7,0.23333333333333334
2015.0,491646,CH,IN,7,0.23333333333333334
2015.0,491646,SL,CH,6,0.2
2015.0,491646,IN,SI,6,0.3
2015.0,491646,IN,CH,5,0.25
2015.0,491646,IN,FF,5,0.25
2015.0,491646,CH,CH,4,0.13333333333333333
2015.0,491646,SL,FF,4,0.13333333333333333
2015.0,491646,FF,SI,4,0.2
2015.0,491646,IN,SL,4,0.2
2015.0,491646,SI,SI,3,0.10344827586206896
2015.0,491646,FF,IN,3,0.15
2015.0,491646,SL,SL,3,0.1
2015.0,491646,SI,CH,3,0.10344827586206896
2015.0,491646,SI,PO,3,0.10344827586206896
2015.0,491646,CH,PO,2,0.06666666666666667
2015.0,491646,PO,SL,2,0.4
2015.0,491646,SI,FF,2,0.06896551724137931
2015.0,491646,CH,SI,1,0.03333333333333333
2015.0,491646,PO,FF,1,0.2
2015.0,491646,FF,FF,1,0.05
2015.0,491646,FF,SL,1,0.05
2015.0,491646,PO,IN,1,0.2
2015.0,491646,PO,CH,1,0.2
2015.0,491646,SL,IN,1,0.03333333333333333
2015.0,491696,FF,CH,3,0.3333333333333333
2015.0,491696,CH,FF,3,0.3
2015.0,491696,FF,CU,2,0.2222222222222222
2015.0,491696,FF,FF,2,0.2222222222222222
2015.0,491696,SI,FF,2,0.4
2015.0,491696,CU,CH,2,0.4
2015.0,491696,CU,FF,2,0.4
2015.0,491696,CH,SL,2,0.2
2015.0,491696,CH,CU,2,0.2
2015.0,491696,CH,CH,2,0.2
2015.0,491696,SL,CH,2,0.4
2015.0,491696,SL,SI,2,0.4
2015.0,491696,FF,SL,1,0.1111111111111111
2015.0,491696,SI,CH,1,0.2
2015.0,491696,FF,SI,1,0.1111111111111111
2015.0,491696,SI,SL,1,0.2
2015.0,491696,SI,CU,1,0.2
2015.0,491696,CU,SL,1,0.2
2015.0,491696,CH,SI,1,0.1
2015.0,491696,SL,FF,1,0.2
2015.0,491703,FF,CH,14,0.4827586206896552
2015.0,491703,SL,SI,10,0.3333333333333333
2015.0,491703,SI,SL,8,0.32
2015.0,491703,CH,FF,8,0.26666666666666666
2015.0,491703,CH,SL,7,0.23333333333333334
2015.0,491703,SI,IN,6,0.24
2015.0,491703,CH,SI,6,0.2
2015.0,491703,IN,FF,6,0.4
2015.0,491703,SL,FF,6,0.2
2015.0,491703,IN,SL,6,0.4
2015.0,491703,SL,CH,6,0.2
2015.0,491703,FF,SI,5,0.1724137931034483
2015.0,491703,SI,FF,5,0.2
2015.0,491703,SL,SL,5,0.16666666666666666
2015.0,491703,FF,IN,4,0.13793103448275862
2015.0,491703,CH,CH,4,0.13333333333333333
2015.0,491703,SI,CH,3,0.12
2015.0,491703,FF,SL,3,0.10344827586206896
2015.0,491703,CH,CU,3,0.1
2015.0,491703,SL,IN,3,0.1
2015.0,491703,CU,CH,2,0.4
2015.0,491703,CU,FF,2,0.4
2015.0,491703,SI,SI,2,0.08
2015.0,491703,FF,FF,2,0.06896551724137931
2015.0,491703,CH,IN,2,0.06666666666666667
2015.0,491703,IN,SI,2,0.13333333333333333
2015.0,491703,CU,SL,1,0.2
2015.0,491703,SI,CU,1,0.04
2015.0,491703,FF,CU,1,0.034482758620689655
2015.0,491703,IN,CH,1,0.06666666666666667
2015.0,491708,FF,FS,19,0.5428571428571428
2015.0,491708,SL,SI,16,0.47058823529411764
2015.0,491708,SI,SL,15,0.42857142857142855
2015.0,491708,FS,FF,15,0.42857142857142855
2015.0,491708,SI,FS,10,0.2857142857142857
2015.0,491708,SL,FF,8,0.23529411764705882
2015.0,491708,FS,SI,8,0.22857142857142856
2015.0,491708,FF,FF,7,0.2
2015.0,491708,SL,SL,7,0.20588235294117646
2015.0,491708,FF,SL,6,0.17142857142857143
2015.0,491708,PO,SI,6,0.6
2015.0,491708,SI,IN,4,0.11428571428571428
2015.0,491708,FS,SL,4,0.11428571428571428
2015.0,491708,FS,IN,4,0.11428571428571428
2015.0,491708,SI,PO,3,0.08571428571428572
2015.0,491708,IN,SI,3,0.3
2015.0,491708,IN,SL,3,0.3
2015.0,491708,SI,FF,3,0.08571428571428572
2015.0,491708,FS,PO,3,0.08571428571428572
2015.0,491708,PO,FS,3,0.3
2015.0,491708,IN,PO,2,0.2
2015.0,491708,FF,SI,1,0.02857142857142857
2015.0,491708,IN,FF,1,0.1
2015.0,491708,IN,FS,1,0.1
2015.0,491708,FF,PO,1,0.02857142857142857
2015.0,491708,FF,IN,1,0.02857142857142857
2015.0,491708,FS,FS,1,0.02857142857142857
2015.0,491708,SL,IN,1,0.029411764705882353
2015.0,491708,PO,FF,1,0.1
2015.0,491708,SL,PO,1,0.029411764705882353
2015.0,491708,SL,FS,1,0.029411764705882353
2015.0,493117,CH,CU,4,0.8
2015.0,493117,FF,CH,4,0.8
2015.0,493117,CU,FF,4,1.0
2015.0,493117,CH,CH,1,0.2
2015.0,493117,FF,CU,1,0.2
2015.0,493157,SI,SL,11,0.55
2015.0,493157,FF,FS,10,0.4
2015.0,493157,FS,FF,9,0.36
2015.0,493157,FS,SI,7,0.28
2015.0,493157,FF,FF,7,0.28
2015.0,493157,SL,FS,6,0.3157894736842105
2015.0,493157,SL,SI,6,0.3157894736842105
2015.0,493157,SL,FF,5,0.2631578947368421
2015.0,493157,SI,FS,5,0.25
2015.0,493157,FS,IN,4,0.16
2015.0,493157,IN,SI,4,0.8
2015.0,493157,SI,FF,4,0.2
2015.0,493157,FF,SL,4,0.16
2015.0,493157,FF,SI,3,0.12
2015.0,493157,FS,SL,3,0.12
2015.0,493157,SL,SL,2,0.10526315789473684
2015.0,493157,FS,FS,2,0.08
2015.0,493157,IN,FS,1,0.2
2015.0,493157,FF,IN,1,0.04
2015.0,493159,SL,SI,8,0.5333333333333333
2015.0,493159,CH,CU,7,0.4666666666666667
2015.0,493159,SI,SL,6,0.4
2015.0,493159,FF,FC,5,0.3333333333333333
2015.0,493159,FC,CU,4,0.4
2015.0,493159,SL,CH,4,0.26666666666666666
2015.0,493159,FF,SI,4,0.26666666666666666
2015.0,493159,CU,CH,4,0.2857142857142857
2015.0,493159,CU,FF,4,0.2857142857142857
2015.0,493159,CU,SL,4,0.2857142857142857
2015.0,493159,FC,FF,3,0.3
2015.0,493159,CH,CH,3,0.2
2015.0,493159,SI,IN,3,0.2
2015.0,493159,SI,FF,3,0.2
2015.0,493159,FC,SL,2,0.2
2015.0,493159,CH,FF,2,0.13333333333333333
2015.0,493159,CH,SL,2,0.13333333333333333
2015.0,493159,FF,IN,2,0.13333333333333333
2015.0,493159,IN,SI,2,0.4
2015.0,493159,IN,FF,2,0.4
2015.0,493159,FF,CU,2,0.13333333333333333
2015.0,493159,FF,CH,2,0.13333333333333333
2015.0,493159,CU,FC,2,0.14285714285714285
2015.0,493159,FC,CH,1,0.1
2015.0,493159,SL,CU,1,0.06666666666666667
2015.0,493159,SL,FC,1,0.06666666666666667
2015.0,493159,SL,SL,1,0.06666666666666667
2015.0,493159,CH,FC,1,0.06666666666666667
2015.0,493159,IN,CH,1,0.2
2015.0,493159,SI,CU,1,0.06666666666666667
2015.0,493159,SI,FC,1,0.06666666666666667
2015.0,493159,SI,SI,1,0.06666666666666667
2015.0,493247,SL,SI,9,0.6
2015.0,493247,SI,SL,7,0.5
2015.0,493247,SL,SL,5,0.3333333333333333
2015.0,493247,SI,SI,4,0.2857142857142857
2015.0,493247,SI,CH,3,0.21428571428571427
2015.0,493247,CH,SL,3,0.6
2015.0,493247,CH,SI,2,0.4
2015.0,493247,SL,CH,1,0.06666666666666667
2015.0,493351,FF,CH,3,0.6
2015.0,493351,CH,CU,3,0.75
2015.0,493351,SL,FF,3,0.6
2015.0,493351,CU,FF,2,0.4
2015.0,493351,FF,SL,2,0.4
2015.0,493351,CU,SL,1,0.2
2015.0,493351,CU,CH,1,0.2
2015.0,493351,CU,CU,1,0.2
2015.0,493351,CH,SL,1,0.25
2015.0,493351,SL,SL,1,0.2
2015.0,493351,SL,CU,1,0.2
2015.0,493603,FF,SI,3,0.6
2015.0,493603,SL,ST,3,0.6
2015.0,493603,SI,SL,2,0.4
2015.0,493603,SI,FC,2,0.4
2015.0,493603,ST,ST,2,0.4
2015.0,493603,FC,SL,2,0.5
2015.0,493603,FF,FF,1,0.2
2015.0,493603,FF,FC,1,0.2
2015.0,493603,SI,FF,1,0.2
2015.0,493603,FC,FF,1,0.25
2015.0,493603,FC,SI,1,0.25
2015.0,493603,ST,SL,1,0.2
2015.0,493603,ST,SI,1,0.2
2015.0,493603,ST,FC,1,0.2
2015.0,493603,SL,FC,1,0.2
2015.0,493603,SL,FF,1,0.2
2015.0,500610,FF,CH,5,0.5
2015.0,500610,CU,FF,4,0.4
2015.0,500610,CU,CH,4,0.4
2015.0,500610,CH,CU,4,0.4444444444444444
2015.0,500610,CH,FF,4,0.4444444444444444
2015.0,500610,FF,CU,3,0.3
2015.0,500610,CU,CU,2,0.2
2015.0,500610,FF,FF,2,0.2
2015.0,500610,CH,CH,1,0.1111111111111111
2015.0,500721,CU,CU,8,0.42105263157894735
2015.0,500721,CU,FF,7,0.3684210526315789
2015.0,500721,FF,CU,7,0.35
2015.0,500721,FF,FF,6,0.3
2015.0,500721,CH,FF,5,0.5
2015.0,500721,FF,CH,4,0.2
2015.0,500721,FF,SI,3,0.15
2015.0,500721,SI,CU,3,0.6
2015.0,500721,CH,CH,3,0.3
2015.0,500721,CU,CH,2,0.10526315789473684
2015.0,500721,CU,SI,2,0.10526315789473684
2015.0,500721,SI,FF,2,0.4
2015.0,500721,CH,CU,2,0.2
2015.0,500724,SI,SL,7,0.4666666666666667
2015.0,500724,FF,CH,7,0.3684210526315789
2015.0,500724,CH,FF,6,0.4
2015.0,500724,SL,SL,6,0.3
2015.0,500724,FF,SI,6,0.3157894736842105
2015.0,500724,SI,FF,6,0.4
2015.0,500724,SL,CH,5,0.25
2015.0,500724,SL,SI,5,0.25
2015.0,500724,CH,SL,4,0.26666666666666666
2015.0,500724,SL,FF,4,0.2
2015.0,500724,CH,SI,3,0.2
2015.0,500724,FF,SL,3,0.15789473684210525
2015.0,500724,FF,FF,3,0.15789473684210525
2015.0,500724,CH,CH,2,0.13333333333333333
2015.0,500724,SI,SI,1,0.06666666666666667
2015.0,500724,SI,CH,1,0.06666666666666667
2015.0,500779,CH,CU,14,0.4666666666666667
2015.0,500779,SI,PO,10,0.3333333333333333
2015.0,500779,CU,FF,10,0.3333333333333333
2015.0,500779,CU,CH,10,0.3333333333333333
2015.0,500779,PO,SI,10,0.6666666666666666
2015.0,500779,FF,CU,9,0.3
2015.0,500779,CH,CH,7,0.23333333333333334
2015.0,500779,FF,SI,6,0.2
2015.0,500779,CU,SI,6,0.2
2015.0,500779,SI,FF,5,0.16666666666666666
2015.0,500779,FF,IN,5,0.16666666666666666
2015.0,500779,FF,CH,4,0.13333333333333333
2015.0,500779,IN,FF,4,0.2857142857142857
2015.0,500779,FF,FF,4,0.13333333333333333
2015.0,500779,SI,CH,4,0.13333333333333333
2015.0,500779,SI,CU,4,0.13333333333333333
2015.0,500779,CH,FF,4,0.13333333333333333
2015.0,500779,IN,CH,3,0.21428571428571427
2015.0,500779,SI,SI,3,0.1
2015.0,500779,IN,PO,3,0.21428571428571427
2015.0,500779,SI,IN,2,0.06666666666666667
2015.0,500779,FF,PO,2,0.06666666666666667
2015.0,500779,FA,IN,2,0.4
2015.0,500779,SI,FA,2,0.06666666666666667
2015.0,500779,IN,SI,2,0.14285714285714285
2015.0,500779,CU,FA,2,0.06666666666666667
2015.0,500779,CH,SI,2,0.06666666666666667
2015.0,500779,CH,IN,2,0.06666666666666667
2015.0,500779,PO,IN,2,0.13333333333333333
2015.0,500779,PO,FF,2,0.13333333333333333
2015.0,500779,FA,FF,1,0.2
2015.0,500779,FA,CH,1,0.2
2015.0,500779,FA,SI,1,0.2
2015.0,500779,IN,IN,1,0.07142857142857142
2015.0,500779,IN,CU,1,0.07142857142857142
2015.0,500779,CU,CU,1,0.03333333333333333
2015.0,500779,CH,FA,1,0.03333333333333333
2015.0,500779,CU,IN,1,0.03333333333333333
2015.0,500779,PO,CH,1,0.06666666666666667
2015.0,500891,SL,CH,3,0.75
2015.0,500891,SI,SL,3,0.6
2015.0,500891,CH,SI,3,0.6
2015.0,500891,SL,SI,1,0.25
2015.0,500891,SI,CH,1,0.2
2015.0,500891,SI,SI,1,0.2
2015.0,500891,CH,SL,1,0.2
2015.0,500891,CH,CH,1,0.2
2015.0,501381,CH,FC,19,0.5428571428571428
2015.0,501381,FC,FF,19,0.5428571428571428
2015.0,501381,SI,SL,12,0.5
2015.0,501381,FF,SI,12,0.34285714285714286
2015.0,501381,FC,CH,11,0.3142857142857143
2015.0,501381,SL,SI,10,0.2857142857142857
2015.0,501381,FF,FC,9,0.2571428571428571
2015.0,501381,SL,FF,7,0.2
2015.0,501381,SL,CH,7,0.2
2015.0,501381,SL,SL,7,0.2
2015.0,501381,FF,SL,7,0.2
2015.0,501381,CH,SL,6,0.17142857142857143
2015.0,501381,FF,CH,6,0.17142857142857143
2015.0,501381,SI,CH,6,0.25
2015.0,501381,CH,CH,5,0.14285714285714285
2015.0,501381,SI,FF,5,0.20833333333333334
2015.0,501381,SL,FC,4,0.11428571428571428
2015.0,501381,CH,FF,3,0.08571428571428572
2015.0,501381,CH,SI,2,0.05714285714285714
2015.0,501381,FC,SL,2,0.05714285714285714
2015.0,501381,FC,FC,2,0.05714285714285714
2015.0,501381,FC,SI,1,0.02857142857142857
2015.0,501381,SI,FC,1,0.041666666666666664
2015.0,501381,FF,FF,1,0.02857142857142857
2015.0,501563,CU,FC,8,0.5333333333333333
2015.0,501563,FC,FF,7,0.4666666666666667
2015.0,501563,FF,CU,5,0.35714285714285715
2015.0,501563,FF,FC,4,0.2857142857142857
2015.0,501563,CU,FF,4,0.26666666666666666
2015.0,501563,FC,CU,4,0.26666666666666666
2015.0,501563,FF,FF,3,0.21428571428571427
2015.0,501563,CU,CU,3,0.2
2015.0,501563,CH,CU,3,0.6
2015.0,501563,FC,CH,3,0.2
2015.0,501563,FF,CH,2,0.14285714285714285
2015.0,501563,CH,FF,1,0.2
2015.0,501563,CH,FC,1,0.2
2015.0,501563,FC,FC,1,0.06666666666666667
2015.0,501593,CH,CU,15,0.42857142857142855
2015.0,501593,FF,SI,14,0.4
2015.0,501593,SI,FF,13,0.37142857142857144
2015.0,501593,CU,CH,13,0.38235294117647056
2015.0,501593,FF,CU,9,0.2571428571428571
2015.0,501593,CU,FF,9,0.2647058823529412
2015.0,501593,CH,CH,8,0.22857142857142856
2015.0,501593,FC,FF,6,0.4
2015.0,501593,CH,SI,6,0.17142857142857143
2015.0,501593,SI,SI,6,0.17142857142857143
2015.0,501593,IN,SI,6,0.6
2015.0,501593,CU,FC,6,0.17647058823529413
2015.0,501593,FC,CH,5,0.3333333333333333
2015.0,501593,SI,CU,5,0.14285714285714285
2015.0,501593,SI,CH,5,0.14285714285714285
2015.0,501593,FF,IN,5,0.14285714285714285
2015.0,501593,FC,CU,3,0.2
2015.0,501593,CH,FC,3,0.08571428571428572
2015.0,501593,IN,FF,3,0.3
2015.0,501593,FF,FC,3,0.08571428571428572
2015.0,501593,SI,IN,3,0.08571428571428572
2015.0,501593,SI,FC,3,0.08571428571428572
2015.0,501593,FF,CH,3,0.08571428571428572
2015.0,501593,CU,CU,3,0.08823529411764706
2015.0,501593,CH,FF,2,0.05714285714285714
2015.0,501593,CU,SI,2,0.058823529411764705
2015.0,501593,FC,SI,1,0.06666666666666667
2015.0,501593,CH,IN,1,0.02857142857142857
2015.0,501593,IN,CH,1,0.1
2015.0,501593,FF,FF,1,0.02857142857142857
2015.0,501593,CU,IN,1,0.029411764705882353
2015.0,501625,CH,CU,15,0.4411764705882353
2015.0,501625,CU,FF,15,0.42857142857142855
2015.0,501625,SI,SL,14,0.4
2015.0,501625,SL,SI,11,0.3142857142857143
2015.0,501625,CU,CH,11,0.3142857142857143
2015.0,501625,SL,CH,9,0.2571428571428571
2015.0,501625,FF,CU,9,0.2571428571428571
2015.0,501625,SI,FF,8,0.22857142857142856
2015.0,501625,IN,SI,8,0.5333333333333333
2015.0,501625,CH,SL,7,0.20588235294117646
2015.0,501625,FF,SI,7,0.2
2015.0,501625,FF,IN,7,0.2
2015.0,501625,FF,SL,6,0.17142857142857143
2015.0,501625,CH,CH,5,0.14705882352941177
2015.0,501625,SL,FF,5,0.14285714285714285
2015.0,501625,SL,CU,5,0.14285714285714285
2015.0,501625,SI,CH,5,0.14285714285714285
2015.0,501625,CH,SI,4,0.11764705882352941
2015.0,501625,SI,CU,4,0.11428571428571428
2015.0,501625,SL,SL,3,0.08571428571428572
2015.0,501625,CU,SL,3,0.08571428571428572
2015.0,501625,CU,SI,3,0.08571428571428572
2015.0,501625,FF,CH,3,0.08571428571428572
2015.0,501625,FF,FF,3,0.08571428571428572
2015.0,501625,CH,FF,2,0.058823529411764705
2015.0,501625,SL,IN,2,0.05714285714285714
2015.0,501625,CU,IN,2,0.05714285714285714
2015.0,501625,IN,SL,2,0.13333333333333333
2015.0,501625,SI,SI,2,0.05714285714285714
2015.0,501625,SI,IN,2,0.05714285714285714
2015.0,501625,IN,CH,2,0.13333333333333333
2015.0,501625,IN,FF,2,0.13333333333333333
2015.0,501625,CH,IN,1,0.029411764705882353
2015.0,501625,CU,CU,1,0.02857142857142857
2015.0,501625,IN,IN,1,0.06666666666666667
2015.0,501627,SI,SL,3,0.6
2015.0,501627,SL,SI,3,0.75
2015.0,501627,SI,CH,2,0.4
2015.0,501627,CH,SI,2,0.4
2015.0,501627,CH,CH,2,0.4
2015.0,501627,CH,SL,1,0.2
2015.0,501627,SL,SL,1,0.25
2015.0,501789,FC,CU,16,0.45714285714285713
2015.0,501789,FC,FF,16,0.45714285714285713
2015.0,501789,CU,FC,16,0.45714285714285713
2015.0,501789,FF,FC,14,0.4
2015.0,501789,CU,CU,8,0.22857142857142856
2015.0,501789,FF,CU,7,0.2
2015.0,501789,FF,FF,7,0.2
2015.0,501789,CU,FF,6,0.17142857142857143
2015.0,501789,FF,CH,5,0.14285714285714285
2015.0,501789,CH,CU,4,0.4444444444444444
2015.0,501789,CH,FF,3,0.3333333333333333
2015.0,501789,CU,IN,3,0.08571428571428572
2015.0,501789,FC,CH,2,0.05714285714285714
2015.0,501789,CH,FC,2,0.2222222222222222
2015.0,501789,IN,FC,2,0.4
2015.0,501789,IN,FF,2,0.4
2015.0,501789,FF,IN,2,0.05714285714285714
2015.0,501789,CU,CH,2,0.05714285714285714
2015.0,501789,FC,FC,1,0.02857142857142857
2015.0,501789,IN,CH,1,0.2
2015.0,501822,FF,FS,12,0.4
2015.0,501822,FC,FF,11,0.44
2015.0,501822,FS,FF,10,0.3448275862068966
2015.0,501822,FF,FC,10,0.3333333333333333
2015.0,501822,SL,SI,9,0.3
2015.0,501822,FS,SL,9,0.3103448275862069
2015.0,501822,SI,SL,9,0.45
2015.0,501822,SL,FS,8,0.26666666666666666
2015.0,501822,FC,FC,5,0.2
2015.0,501822,SL,SL,5,0.16666666666666666
2015.0,501822,SI,FS,5,0.25
2015.0,501822,FC,FS,4,0.16
2015.0,501822,SL,FF,4,0.13333333333333333
2015.0,501822,FS,FC,4,0.13793103448275862
2015.0,501822,FS,SI,4,0.13793103448275862
2015.0,501822,FC,SL,3,0.12
2015.0,501822,IN,SI,3,0.6
2015.0,501822,SL,FC,3,0.1
2015.0,501822,FF,FF,3,0.1
2015.0,501822,FC,SI,2,0.08
2015.0,501822,SI,FF,2,0.1
2015.0,501822,IN,SL,2,0.4
2015.0,501822,FF,IN,2,0.06666666666666667
2015.0,501822,SI,FC,2,0.1
2015.0,501822,FF,SL,2,0.06666666666666667
2015.0,501822,SL,IN,1,0.03333333333333333
2015.0,501822,FS,FS,1,0.034482758620689655
2015.0,501822,FS,IN,1,0.034482758620689655
2015.0,501822,SI,SI,1,0.05
2015.0,501822,FF,SI,1,0.03333333333333333
2015.0,501822,SI,IN,1,0.05
2015.0,501870,CU,FF,5,0.5
2015.0,501870,CH,CU,5,0.5
2015.0,501870,SL,CH,4,0.4444444444444444
2015.0,501870,CU,SL,3,0.3
2015.0,501870,FF,CU,3,0.3
2015.0,501870,FF,IN,3,0.3
2015.0,501870,SI,CH,2,0.4
2015.0,501870,FF,SL,2,0.2
2015.0,501870,CH,SL,2,0.2
2015.0,501870,SL,CU,2,0.2222222222222222
2015.0,501870,SL,FF,2,0.2222222222222222
2015.0,501870,IN,SI,2,0.4
2015.0,501870,IN,SL,2,0.4
2015.0,501870,CU,CH,1,0.1
2015.0,501870,CU,SI,1,0.1
2015.0,501870,SI,FF,1,0.2
2015.0,501870,SI,SL,1,0.2
2015.0,501870,FF,CH,1,0.1
2015.0,501870,FF,FF,1,0.1
2015.0,501870,SI,IN,1,0.2
2015.0,501870,CH,SI,1,0.1
2015.0,501870,CH,IN,1,0.1
2015.0,501870,CH,FF,1,0.1
2015.0,501870,SL,SI,1,0.1111111111111111
2015.0,501870,IN,CH,1,0.2
2015.0,501925,SI,SL,13,0.37142857142857144
2015.0,501925,SI,FF,13,0.37142857142857144
2015.0,501925,SL,SL,13,0.37142857142857144
2015.0,501925,SL,SI,12,0.34285714285714286
2015.0,501925,FF,SI,11,0.3142857142857143
2015.0,501925,IN,FF,7,0.4666666666666667
2015.0,501925,FF,SL,7,0.2
2015.0,501925,SL,FF,7,0.2
2015.0,501925,FF,FF,6,0.17142857142857143
2015.0,501925,FF,IN,6,0.17142857142857143
2015.0,501925,IN,SI,6,0.4
2015.0,501925,FF,CH,4,0.11428571428571428
2015.0,501925,SI,IN,3,0.08571428571428572
2015.0,501925,SI,SI,3,0.08571428571428572
2015.0,501925,SI,PO,3,0.08571428571428572
2015.0,501925,PO,IN,3,0.6
2015.0,501925,SL,IN,2,0.05714285714285714
2015.0,501925,PO,SI,2,0.4
2015.0,501925,CH,FF,2,0.5
2015.0,501925,FF,PO,1,0.02857142857142857
2015.0,501925,IN,PO,1,0.06666666666666667
2015.0,501925,IN,SL,1,0.06666666666666667
2015.0,501925,SL,CH,1,0.02857142857142857
2015.0,501925,CH,IN,1,0.25
2015.0,501925,CH,SI,1,0.25
2015.0,501955,FF,CU,9,0.36
2015.0,501955,CU,CH,9,0.36
2015.0,501955,CH,CU,9,0.45
2015.0,501955,CU,FF,8,0.32
2015.0,501955,SL,SI,8,0.32
2015.0,501955,FF,SI,7,0.28
2015.0,501955,SI,FF,7,0.3684210526315789
2015.0,501955,SI,SL,7,0.3684210526315789
2015.0,501955,SL,SL,6,0.24
2015.0,501955,CU,SL,5,0.2
2015.0,501955,CH,CH,5,0.25
2015.0,501955,FF,FF,4,0.16
2015.0,501955,FF,SL,4,0.16
2015.0,501955,SL,CH,4,0.16
2015.0,501955,SL,CU,4,0.16
2015.0,501955,SL,FF,3,0.12
2015.0,501955,CH,FF,3,0.15
2015.0,501955,SI,CU,2,0.10526315789473684
2015.0,501955,SI,SI,2,0.10526315789473684
2015.0,501955,CU,SI,2,0.08
2015.0,501955,CH,SL,2,0.1
2015.0,501955,FF,CH,1,0.04
2015.0,501955,SI,CH,1,0.05263157894736842
2015.0,501955,CU,CU,1,0.04
2015.0,501955,CH,SI,1,0.05
2015.0,501957,FC,CH,17,0.4857142857142857
2015.0,501957,SL,KC,14,0.4
2015.0,501957,CH,FC,14,0.4
2015.0,501957,KC,FF,12,0.35294117647058826
2015.0,501957,FF,FC,12,0.34285714285714286
2015.0,501957,FC,FF,11,0.3142857142857143
2015.0,501957,KC,SL,11,0.3235294117647059
2015.0,501957,CH,CH,9,0.2571428571428571
2015.0,501957,FF,SL,9,0.2571428571428571
2015.0,501957,FF,KC,8,0.22857142857142856
2015.0,501957,CH,SL,6,0.17142857142857143
2015.0,501957,SL,SL,5,0.14285714285714285
2015.0,501957,SL,FC,5,0.14285714285714285
2015.0,501957,SL,FF,5,0.14285714285714285
2015.0,501957,SL,CH,4,0.11428571428571428
2015.0,501957,CH,KC,4,0.11428571428571428
2015.0,501957,IN,FF,4,0.4
2015.0,501957,IN,KC,4,0.4
2015.0,501957,FF,IN,4,0.11428571428571428
2015.0,501957,FC,SL,3,0.08571428571428572
2015.0,501957,KC,FC,3,0.08823529411764706
2015.0,501957,KC,CH,3,0.08823529411764706
2015.0,501957,KC,IN,3,0.08823529411764706
2015.0,501957,SL,IN,2,0.05714285714285714
2015.0,501957,FC,KC,2,0.05714285714285714
2015.0,501957,CH,FF,2,0.05714285714285714
2015.0,501957,KC,KC,2,0.058823529411764705
2015.0,501957,FC,IN,1,0.02857142857142857
2015.0,501957,FC,FC,1,0.02857142857142857
2015.0,501957,IN,SL,1,0.1
2015.0,501957,IN,CH,1,0.1
2015.0,501957,FF,CH,1,0.02857142857142857
2015.0,501957,FF,FF,1,0.02857142857142857
2015.0,501992,FF,KC,14,0.4666666666666667
2015.0,501992,FF,CH,13,0.43333333333333335
2015.0,501992,CH,FF,13,0.4482758620689655
2015.0,501992,KC,FF,13,0.43333333333333335
2015.0,501992,KC,CH,8,0.26666666666666666
2015.0,501992,CH,CH,7,0.2413793103448276
2015.0,501992,CH,KC,5,0.1724137931034483
2015.0,501992,IN,KC,4,0.8
2015.0,501992,KC,PO,4,0.13333333333333333
2015.0,501992,KC,KC,4,0.13333333333333333
2015.0,501992,CH,IN,3,0.10344827586206896
2015.0,501992,PO,KC,3,0.6
2015.0,501992,FF,FF,2,0.06666666666666667
2015.0,501992,IN,FF,1,0.2
2015.0,501992,FF,IN,1,0.03333333333333333
2015.0,501992,KC,IN,1,0.03333333333333333
2015.0,501992,CH,PO,1,0.034482758620689655
2015.0,501992,PO,FF,1,0.2
2015.0,501992,PO,CH,1,0.2
2015.0,502004,SL,SI,16,0.45714285714285713
2015.0,502004,FC,FF,14,0.4
2015.0,502004,FF,FC,13,0.38235294117647056
2015.0,502004,CU,FC,12,0.4
2015.0,502004,SI,SL,12,0.34285714285714286
2015.0,502004,CU,CH,11,0.36666666666666664
2015.0,502004,FC,CU,10,0.2857142857142857
2015.0,502004,FF,SI,8,0.23529411764705882
2015.0,502004,SI,FF,8,0.22857142857142856
2015.0,502004,CH,CU,8,0.26666666666666666
2015.0,502004,FC,SL,7,0.2
2015.0,502004,CH,SL,6,0.2
2015.0,502004,SI,CH,5,0.14285714285714285
2015.0,502004,CH,CH,5,0.16666666666666666
2015.0,502004,CH,FF,5,0.16666666666666666
2015.0,502004,SI,IN,4,0.11428571428571428
2015.0,502004,IN,FF,4,0.4
2015.0,502004,IN,SI,4,0.4
2015.0,502004,FF,IN,4,0.11764705882352941
2015.0,502004,FF,CU,4,0.11764705882352941
2015.0,502004,SL,CH,4,0.11428571428571428
2015.0,502004,SL,CU,4,0.11428571428571428
2015.0,502004,SL,SL,4,0.11428571428571428
2015.0,502004,SL,FC,4,0.11428571428571428
2015.0,502004,CU,SL,3,0.1
2015.0,502004,FF,PO,3,0.08823529411764706
2015.0,502004,SI,FC,3,0.08571428571428572
2015.0,502004,CH,SI,3,0.1
2015.0,502004,PO,SI,3,0.6
2015.0,502004,SL,FF,3,0.08571428571428572
2015.0,502004,CU,CU,2,0.06666666666666667
2015.0,502004,FF,SL,2,0.058823529411764705
2015.0,502004,SI,CU,2,0.05714285714285714
2015.0,502004,IN,CH,2,0.2
2015.0,502004,CH,FC,2,0.06666666666666667
2015.0,502004,FC,CH,2,0.05714285714285714
2015.0,502004,CU,IN,1,0.03333333333333333
2015.0,502004,CU,SI,1,0.03333333333333333
2015.0,502004,SI,PO,1,0.02857142857142857
2015.0,502004,CH,PO,1,0.03333333333333333
2015.0,502004,PO,FF,1,0.2
2015.0,502004,PO,SL,1,0.2
2015.0,502004,FC,IN,1,0.02857142857142857
2015.0,502004,FC,FC,1,0.02857142857142857
2015.0,502009,SL,SI,18,0.5142857142857142
2015.0,502009,CH,CU,18,0.5142857142857142
2015.0,502009,FS,FF,16,0.45714285714285713
2015.0,502009,SI,FS,15,0.42857142857142855
2015.0,502009,FF,FC,15,0.4411764705882353
2015.0,502009,CU,FC,15,0.42857142857142855
2015.0,502009,FC,FF,14,0.4
2015.0,502009,FC,CU,14,0.4
2015.0,502009,FF,FS,14,0.4117647058823529
2015.0,502009,SI,SL,11,0.3142857142857143
2015.0,502009,FS,SI,9,0.2571428571428571
2015.0,502009,CU,CH,9,0.2571428571428571
2015.0,502009,SL,CH,7,0.2
2015.0,502009,SL,SL,6,0.17142857142857143
2015.0,502009,CH,SL,6,0.17142857142857143
2015.0,502009,CH,CH,6,0.17142857142857143
2015.0,502009,CU,SL,6,0.17142857142857143
2015.0,502009,SI,CH,4,0.11428571428571428
2015.0,502009,FS,IN,4,0.11428571428571428
2015.0,502009,PO,FS,3,0.6
2015.0,502009,FC,CH,3,0.08571428571428572
2015.0,502009,SI,PO,3,0.08571428571428572
2015.0,502009,IN,SI,3,0.6
2015.0,502009,FS,SL,3,0.08571428571428572
2015.0,502009,FC,SI,2,0.05714285714285714
2015.0,502009,FC,SL,2,0.05714285714285714
2015.0,502009,SL,FC,2,0.05714285714285714
2015.0,502009,CH,FS,2,0.05714285714285714
2015.0,502009,CH,FC,2,0.05714285714285714
2015.0,502009,FS,CH,2,0.05714285714285714
2015.0,502009,FF,CH,2,0.058823529411764705
2015.0,502009,SL,FF,1,0.02857142857142857
2015.0,502009,PO,CH,1,0.2
2015.0,502009,PO,SI,1,0.2
2015.0,502009,SL,CU,1,0.02857142857142857
2015.0,502009,CH,FF,1,0.02857142857142857
2015.0,502009,FS,PO,1,0.02857142857142857
2015.0,502009,SI,CU,1,0.02857142857142857
2015.0,502009,SI,FF,1,0.02857142857142857
2015.0,502009,IN,CH,1,0.2
2015.0,502009,IN,FF,1,0.2
2015.0,502009,FF,CU,1,0.029411764705882353
2015.0,502009,FF,SI,1,0.029411764705882353
2015.0,502009,FF,SL,1,0.029411764705882353
2015.0,502009,CU,IN,1,0.02857142857142857
2015.0,502009,CU,FF,1,0.02857142857142857
2015.0,502009,CU,PO,1,0.02857142857142857
2015.0,502009,CU,FS,1,0.02857142857142857
2015.0,502009,CU,SI,1,0.02857142857142857
2015.0,502010,SI,SL,7,0.4666666666666667
2015.0,502010,CU,FF,5,0.5555555555555556
2015.0,502010,SL,CH,5,0.3333333333333333
2015.0,502010,SL,SI,5,0.3333333333333333
2015.0,502010,IN,SI,4,0.8
2015.0,502010,FF,IN,4,0.26666666666666666
2015.0,502010,FF,SI,4,0.26666666666666666
2015.0,502010,SI,FF,4,0.26666666666666666
2015.0,502010,CH,FF,4,0.26666666666666666
2015.0,502010,SL,CU,3,0.2
2015.0,502010,FF,CU,3,0.2
2015.0,502010,CH,CU,3,0.2
2015.0,502010,CH,SL,3,0.2
2015.0,502010,CH,CH,3,0.2
2015.0,502010,CU,CH,2,0.2222222222222222
2015.0,502010,CU,SL,2,0.2222222222222222
2015.0,502010,SI,CH,2,0.13333333333333333
2015.0,502010,FF,CH,2,0.13333333333333333
2015.0,502010,CH,SI,2,0.13333333333333333
2015.0,502010,IN,CH,1,0.2
2015.0,502010,SL,SL,1,0.06666666666666667
2015.0,502010,SI,CU,1,0.06666666666666667
2015.0,502010,SI,IN,1,0.06666666666666667
2015.0,502010,SL,FF,1,0.06666666666666667
2015.0,502010,FF,SL,1,0.06666666666666667
2015.0,502010,FF,FF,1,0.06666666666666667
2015.0,502026,SI,KC,19,0.5428571428571428
2015.0,502026,KC,SI,13,0.37142857142857144
2015.0,502026,KC,FF,13,0.37142857142857144
2015.0,502026,FF,CH,12,0.34285714285714286
2015.0,502026,CH,FF,9,0.47368421052631576
2015.0,502026,IN,KC,8,0.5333333333333333
2015.0,502026,FF,IN,8,0.22857142857142856
2015.0,502026,SI,SI,8,0.22857142857142856
2015.0,502026,FF,SI,7,0.2
2015.0,502026,SI,FF,6,0.17142857142857143
2015.0,502026,FF,KC,5,0.14285714285714285
2015.0,502026,KC,CH,5,0.14285714285714285
2015.0,502026,IN,FF,4,0.26666666666666666
2015.0,502026,CH,SI,4,0.21052631578947367
2015.0,502026,KC,IN,4,0.11428571428571428
2015.0,502026,FF,FF,3,0.08571428571428572
2015.0,502026,IN,SI,3,0.2
2015.0,502026,CH,KC,3,0.15789473684210525
2015.0,502026,CH,IN,2,0.10526315789473684
2015.0,502026,SI,IN,1,0.02857142857142857
2015.0,502026,SI,CH,1,0.02857142857142857
2015.0,502026,CH,CH,1,0.05263157894736842
2015.0,502032,SL,SI,17,0.4857142857142857
2015.0,502032,SI,SL,14,0.4
2015.0,502032,SI,FF,13,0.37142857142857144
2015.0,502032,CH,FF,11,0.3142857142857143
2015.0,502032,FF,CH,11,0.3142857142857143
2015.0,502032,FF,SI,10,0.2857142857142857
2015.0,502032,CH,CH,8,0.22857142857142856
2015.0,502032,SL,SL,7,0.2
2015.0,502032,CH,SL,7,0.2
2015.0,502032,FF,FC,7,0.2
2015.0,502032,FC,CH,7,0.5
2015.0,502032,FF,SL,6,0.17142857142857143
2015.0,502032,SL,FF,5,0.14285714285714285
2015.0,502032,SL,CH,5,0.14285714285714285
2015.0,502032,CH,SI,5,0.14285714285714285
2015.0,502032,FC,FF,5,0.35714285714285715
2015.0,502032,CH,FC,4,0.11428571428571428
2015.0,502032,SI,CH,4,0.11428571428571428
2015.0,502032,SI,FC,3,0.08571428571428572
2015.0,502032,SL,FC,1,0.02857142857142857
2015.0,502032,FF,FF,1,0.02857142857142857
2015.0,502032,FC,SI,1,0.07142857142857142
2015.0,502032,FC,SL,1,0.07142857142857142
2015.0,502032,SI,SI,1,0.02857142857142857
2015.0,502042,SL,FF,20,0.5714285714285714
2015.0,502042,FF,CH,16,0.45714285714285713
2015.0,502042,FF,SL,15,0.42857142857142855
2015.0,502042,CH,SL,12,0.35294117647058826
2015.0,502042,CH,FF,11,0.3235294117647059
2015.0,502042,CH,CH,11,0.3235294117647059
2015.0,502042,SL,SL,8,0.22857142857142856
2015.0,502042,SL,CH,7,0.2
2015.0,502042,FF,FF,4,0.11428571428571428
2015.0,502043,SI,SL,14,0.4666666666666667
2015.0,502043,SL,SI,13,0.43333333333333335
2015.0,502043,CH,CU,13,0.43333333333333335
2015.0,502043,CU,FF,11,0.36666666666666664
2015.0,502043,IN,FF,9,0.47368421052631576
2015.0,502043,CU,CH,9,0.3
2015.0,502043,FF,SI,8,0.26666666666666666
2015.0,502043,FF,IN,6,0.2
2015.0,502043,FF,CU,6,0.2
2015.0,502043,FF,SL,6,0.2
2015.0,502043,CH,CH,6,0.2
2015.0,502043,SL,CU,5,0.16666666666666666
2015.0,502043,SI,CH,5,0.16666666666666666
2015.0,502043,SI,CU,4,0.13333333333333333
2015.0,502043,FF,CH,4,0.13333333333333333
2015.0,502043,CH,FF,4,0.13333333333333333
2015.0,502043,CU,SL,4,0.13333333333333333
2015.0,502043,SL,FF,3,0.1
2015.0,502043,SL,SL,3,0.1
2015.0,502043,SL,IN,3,0.1
2015.0,502043,SL,CH,3,0.1
2015.0,502043,IN,CH,3,0.15789473684210525
2015.0,502043,IN,SI,3,0.15789473684210525
2015.0,502043,CU,IN,3,0.1
2015.0,502043,CH,IN,3,0.1
2015.0,502043,CU,SI,3,0.1
2015.0,502043,PO,IN,2,0.4
2015.0,502043,PO,SI,2,0.4
2015.0,502043,SI,FF,2,0.06666666666666667
2015.0,502043,SI,PO,2,0.06666666666666667
2015.0,502043,SI,IN,2,0.06666666666666667
2015.0,502043,IN,CU,2,0.10526315789473684
2015.0,502043,CH,PO,2,0.06666666666666667
2015.0,502043,CH,SL,2,0.06666666666666667
2015.0,502043,PO,FF,1,0.2
2015.0,502043,IN,SL,1,0.05263157894736842
2015.0,502043,SI,SI,1,0.03333333333333333
2015.0,502043,IN,PO,1,0.05263157894736842
2015.0,502046,SI,KC,15,0.5
2015.0,502046,KC,SI,11,0.36666666666666664
2015.0,502046,CH,FF,10,0.3448275862068966
2015.0,502046,KC,IN,9,0.3
2015.0,502046,CH,SI,9,0.3103448275862069
2015.0,502046,FF,CH,8,0.32
2015.0,502046,CH,CH,8,0.27586206896551724
2015.0,502046,FF,IN,7,0.28
2015.0,502046,IN,CH,7,0.35
2015.0,502046,KC,FF,7,0.23333333333333334
2015.0,502046,FF,KC,6,0.24
2015.0,502046,IN,KC,6,0.3
2015.0,502046,SI,CH,5,0.16666666666666666
2015.0,502046,SI,SI,5,0.16666666666666666
2015.0,502046,IN,FF,5,0.25
2015.0,502046,SI,IN,3,0.1
2015.0,502046,FF,SI,3,0.12
2015.0,502046,SI,FF,2,0.06666666666666667
2015.0,502046,IN,SI,2,0.1
2015.0,502046,KC,CH,2,0.06666666666666667
2015.0,502046,FF,FF,1,0.04
2015.0,502046,CH,KC,1,0.034482758620689655
2015.0,502046,CH,IN,1,0.034482758620689655
2015.0,502046,KC,KC,1,0.03333333333333333
2015.0,502051,FF,SI,6,0.6
2015.0,502051,SL,SI,4,0.4
2015.0,502051,SI,FF,4,0.4
2015.0,502051,SI,SL,4,0.4
2015.0,502051,CH,FF,4,1.0
2015.0,502051,SL,SL,3,0.3
2015.0,502051,SI,CH,2,0.2
2015.0,502051,SL,FF,2,0.2
2015.0,502051,FF,CH,2,0.2
2015.0,502051,FF,SL,2,0.2
2015.0,502051,SL,CH,1,0.1
2015.0,502083,FC,CU,14,0.4
2015.0,502083,SL,SI,14,0.4666666666666667
2015.0,502083,FF,FC,12,0.34285714285714286
2015.0,502083,CU,CH,11,0.3142857142857143
2015.0,502083,SI,FF,10,0.3333333333333333
2015.0,502083,CU,FC,10,0.2857142857142857
2015.0,502083,FC,FF,9,0.2571428571428571
2015.0,502083,FF,SL,9,0.2571428571428571
2015.0,502083,CH,CU,8,0.32
2015.0,502083,SI,SL,8,0.26666666666666666
2015.0,502083,SI,CU,7,0.23333333333333334
2015.0,502083,CH,CH,6,0.24
2015.0,502083,SL,FC,5,0.16666666666666666
2015.0,502083,SL,SL,5,0.16666666666666666
2015.0,502083,CH,FC,5,0.2
2015.0,502083,FF,SI,5,0.14285714285714285
2015.0,502083,FC,SL,4,0.11428571428571428
2015.0,502083,CH,FF,4,0.16
2015.0,502083,FF,CH,4,0.11428571428571428
2015.0,502083,CU,FF,4,0.11428571428571428
2015.0,502083,CU,SI,4,0.11428571428571428
2015.0,502083,FC,SI,3,0.08571428571428572
2015.0,502083,FC,FC,3,0.08571428571428572
2015.0,502083,IN,FF,3,0.3333333333333333
2015.0,502083,FF,IN,3,0.08571428571428572
2015.0,502083,CU,CU,3,0.08571428571428572
2015.0,502083,FC,IN,2,0.05714285714285714
2015.0,502083,SL,CH,2,0.06666666666666667
2015.0,502083,SL,FF,2,0.06666666666666667
2015.0,502083,CH,SI,2,0.08
2015.0,502083,SI,CH,2,0.06666666666666667
2015.0,502083,SI,IN,2,0.06666666666666667
2015.0,502083,FF,FF,2,0.05714285714285714
2015.0,502083,IN,SL,2,0.2222222222222222
2015.0,502083,IN,CU,2,0.2222222222222222
2015.0,502083,CU,SL,2,0.05714285714285714
2015.0,502083,SL,IN,1,0.03333333333333333
2015.0,502083,SL,CU,1,0.03333333333333333
2015.0,502083,SI,SI,1,0.03333333333333333
2015.0,502083,IN,SI,1,0.1111111111111111
2015.0,502083,IN,IN,1,0.1111111111111111
2015.0,502083,CU,IN,1,0.02857142857142857
2015.0,502085,FC,FF,17,0.4857142857142857
2015.0,502085,FF,KC,16,0.45714285714285713
2015.0,502085,CH,FC,15,0.5
2015.0,502085,FC,CH,12,0.34285714285714286
2015.0,502085,KC,FF,9,0.2647058823529412
2015.0,502085,KC,SI,8,0.23529411764705882
2015.0,502085,FF,FC,8,0.22857142857142856
2015.0,502085,CH,CH,7,0.23333333333333334
2015.0,502085,KC,KC,6,0.17647058823529413
2015.0,502085,KC,FC,6,0.17647058823529413
2015.0,502085,IN,KC,4,0.8
2015.0,502085,KC,CH,4,0.11764705882352941
2015.0,502085,FF,FF,4,0.11428571428571428
2015.0,502085,SI,FC,4,0.26666666666666666
2015.0,502085,SI,KC,4,0.26666666666666666
2015.0,502085,CH,FF,3,0.1
2015.0,502085,CH,SI,3,0.1
2015.0,502085,SI,CH,3,0.2
2015.0,502085,FC,KC,3,0.08571428571428572
2015.0,502085,FF,SI,3,0.08571428571428572
2015.0,502085,FF,CH,3,0.08571428571428572
2015.0,502085,CH,KC,2,0.06666666666666667
2015.0,502085,FC,FC,2,0.05714285714285714
2015.0,502085,SI,FF,2,0.13333333333333333
2015.0,502085,IN,CH,1,0.2
2015.0,502085,KC,IN,1,0.029411764705882353
2015.0,502085,FF,IN,1,0.02857142857142857
2015.0,502085,SI,SI,1,0.06666666666666667
2015.0,502085,FC,IN,1,0.02857142857142857
2015.0,502085,SI,IN,1,0.06666666666666667
2015.0,502087,SI,SL,5,0.5
2015.0,502087,CH,SI,4,1.0
2015.0,502087,SL,SL,4,0.4
2015.0,502087,SL,SI,4,0.4
2015.0,502087,SI,CH,3,0.3
2015.0,502087,SI,SI,2,0.2
2015.0,502087,SL,CH,2,0.2
2015.0,502154,SI,SL,19,0.5428571428571428
2015.0,502154,SL,SI,17,0.5
2015.0,502154,SI,SI,14,0.4
2015.0,502154,SL,SL,14,0.4117647058823529
2015.0,502154,IN,SI,3,0.6
2015.0,502154,SL,IN,3,0.08823529411764706
2015.0,502154,SI,IN,2,0.05714285714285714
2015.0,502154,IN,SL,2,0.4
2015.0,502162,CH,CU,7,0.7777777777777778
2015.0,502162,CU,FF,5,0.5
2015.0,502162,CU,CH,5,0.5
2015.0,502162,FF,FF,4,0.4
2015.0,502162,FF,CU,3,0.3
2015.0,502162,FF,CH,3,0.3
2015.0,502162,CH,FF,1,0.1111111111111111
2015.0,502162,CH,CH,1,0.1111111111111111
2015.0,502166,CH,CU,3,0.75
2015.0,502166,CU,FF,3,0.6
2015.0,502166,CU,CH,2,0.4
2015.0,502166,FF,CU,2,0.4
2015.0,502166,FF,FF,2,0.4
2015.0,502166,CH,CH,1,0.25
2015.0,502166,FF,CH,1,0.2
2015.0,502188,FC,CU,13,0.43333333333333335
2015.0,502188,SL,SI,13,0.43333333333333335
2015.0,502188,SI,SL,13,0.43333333333333335
2015.0,502188,FS,FF,11,0.3793103448275862
2015.0,502188,FF,FC,11,0.36666666666666664
2015.0,502188,CU,FC,10,0.3333333333333333
2015.0,502188,FF,FS,8,0.26666666666666666
2015.0,502188,FF,CU,7,0.23333333333333334
2015.0,502188,FC,FF,6,0.2
2015.0,502188,FS,PO,6,0.20689655172413793
2015.0,502188,SI,FS,6,0.2
2015.0,502188,CU,SI,5,0.16666666666666666
2015.0,502188,PO,SI,5,0.3333333333333333
2015.0,502188,FC,FS,4,0.13333333333333333
2015.0,502188,CU,SL,4,0.13333333333333333
2015.0,502188,CU,FF,4,0.13333333333333333
2015.0,502188,FS,SI,4,0.13793103448275862
2015.0,502188,SL,FF,4,0.13333333333333333
2015.0,502188,PO,FS,4,0.26666666666666666
2015.0,502188,SI,PO,4,0.13333333333333333
2015.0,502188,SL,SL,4,0.13333333333333333
2015.0,502188,SL,FC,4,0.13333333333333333
2015.0,502188,FC,FC,3,0.1
2015.0,502188,CU,FS,3,0.1
2015.0,502188,FS,SL,3,0.10344827586206896
2015.0,502188,FS,CU,3,0.10344827586206896
2015.0,502188,PO,SL,3,0.2
2015.0,502188,SL,FS,3,0.1
2015.0,502188,FF,SI,3,0.1
2015.0,502188,SI,FF,3,0.1
2015.0,502188,FC,PO,2,0.06666666666666667
2015.0,502188,FC,SL,2,0.06666666666666667
2015.0,502188,CU,PO,2,0.06666666666666667
2015.0,502188,CU,CU,2,0.06666666666666667
2015.0,502188,SI,FC,2,0.06666666666666667
2015.0,502188,PO,FF,2,0.13333333333333333
2015.0,502188,SL,CU,2,0.06666666666666667
2015.0,502188,SI,CU,2,0.06666666666666667
2015.0,502188,FS,FS,2,0.06896551724137931
2015.0,502188,PO,CU,1,0.06666666666666667
2015.0,502188,FF,SL,1,0.03333333333333333
2015.0,502190,FC,FF,13,0.43333333333333335
2015.0,502190,SI,SL,12,0.4
2015.0,502190,SL,SI,12,0.41379310344827586
2015.0,502190,FF,FC,11,0.36666666666666664
2015.0,502190,KC,SI,11,0.36666666666666664
2015.0,502190,FC,CH,11,0.36666666666666664
2015.0,502190,SI,KC,9,0.3
2015.0,502190,CH,SL,9,0.3
2015.0,502190,CH,FC,9,0.3
2015.0,502190,FF,KC,7,0.23333333333333334
2015.0,502190,KC,IN,7,0.23333333333333334
2015.0,502190,IN,KC,7,0.4666666666666667
2015.0,502190,SL,CH,7,0.2413793103448276
2015.0,502190,FF,IN,6,0.2
2015.0,502190,IN,FF,6,0.4
2015.0,502190,CH,SI,4,0.13333333333333333
2015.0,502190,KC,FF,4,0.13333333333333333
2015.0,502190,SL,FC,4,0.13793103448275862
2015.0,502190,SL,SL,4,0.13793103448275862
2015.0,502190,FF,CH,3,0.1
2015.0,502190,SI,FF,3,0.1
2015.0,502190,SI,CH,3,0.1
2015.0,502190,CH,KC,3,0.1
2015.0,502190,CH,FF,3,0.1
2015.0,502190,KC,FC,3,0.1
2015.0,502190,FF,SI,2,0.06666666666666667
2015.0,502190,CH,CH,2,0.06666666666666667
2015.0,502190,KC,CH,2,0.06666666666666667
2015.0,502190,KC,SL,2,0.06666666666666667
2015.0,502190,FC,FC,2,0.06666666666666667
2015.0,502190,FC,KC,2,0.06666666666666667
2015.0,502190,SI,SI,1,0.03333333333333333
2015.0,502190,FF,SL,1,0.03333333333333333
2015.0,502190,SI,FC,1,0.03333333333333333
2015.0,502190,SI,IN,1,0.03333333333333333
2015.0,502190,KC,KC,1,0.03333333333333333
2015.0,502190,IN,CH,1,0.06666666666666667
2015.0,502190,FC,SL,1,0.03333333333333333
2015.0,502190,SL,KC,1,0.034482758620689655
2015.0,502190,FC,IN,1,0.03333333333333333
2015.0,502190,SL,FF,1,0.034482758620689655
2015.0,502190,IN,SL,1,0.06666666666666667
2015.0,502202,FF,IN,13,0.37142857142857144
2015.0,502202,CH,CU,11,0.3142857142857143
2015.0,502202,CU,CH,9,0.47368421052631576
2015.0,502202,IN,CH,9,0.45
2015.0,502202,CU,FF,8,0.42105263157894735
2015.0,502202,CH,CH,8,0.22857142857142856
2015.0,502202,FF,FF,7,0.2
2015.0,502202,FF,CH,7,0.2
2015.0,502202,CH,FF,7,0.2
2015.0,502202,FF,CU,6,0.17142857142857143
2015.0,502202,CH,IN,6,0.17142857142857143
2015.0,502202,IN,FF,6,0.3
2015.0,502202,SI,FF,3,0.6
2015.0,502202,FC,FF,3,0.6
2015.0,502202,FF,FC,2,0.05714285714285714
2015.0,502202,CH,FC,2,0.05714285714285714
2015.0,502202,IN,SI,2,0.1
2015.0,502202,IN,CU,2,0.1
2015.0,502202,CU,CU,1,0.05263157894736842
2015.0,502202,CU,SI,1,0.05263157894736842
2015.0,502202,SI,CH,1,0.2
2015.0,502202,SI,IN,1,0.2
2015.0,502202,CH,SI,1,0.02857142857142857
2015.0,502202,FC,SI,1,0.2
2015.0,502202,IN,FC,1,0.05
2015.0,502202,FC,CH,1,0.2
2015.0,502211,FF,FC,11,0.44
2015.0,502211,FC,CU,9,0.36
2015.0,502211,CH,CU,9,0.6
2015.0,502211,CU,FC,8,0.32
2015.0,502211,SL,FF,8,0.3333333333333333
2015.0,502211,SL,SL,7,0.2916666666666667
2015.0,502211,FC,FF,7,0.28
2015.0,502211,FF,SL,6,0.24
2015.0,502211,CU,CH,6,0.24
2015.0,502211,CU,FF,6,0.24
2015.0,502211,FF,IN,4,0.16
2015.0,502211,SL,IN,4,0.16666666666666666
2015.0,502211,FC,SL,4,0.16
2015.0,502211,IN,SL,3,0.3
2015.0,502211,IN,FF,3,0.3
2015.0,502211,CU,SL,3,0.12
2015.0,502211,SL,CH,3,0.125
2015.0,502211,FC,CH,3,0.12
2015.0,502211,FF,CU,2,0.08
2015.0,502211,IN,CU,2,0.2
2015.0,502211,CU,CU,2,0.08
2015.0,502211,CH,SL,2,0.13333333333333333
2015.0,502211,CH,FC,2,0.13333333333333333
2015.0,502211,CH,CH,2,0.13333333333333333
2015.0,502211,IN,IN,1,0.1
2015.0,502211,FF,FF,1,0.04
2015.0,502211,FF,CH,1,0.04
2015.0,502211,IN,FC,1,0.1
2015.0,502211,SL,FC,1,0.041666666666666664
2015.0,502211,FC,FC,1,0.04
2015.0,502211,FC,IN,1,0.04
2015.0,502211,SL,CU,1,0.041666666666666664
2015.0,502239,SI,SL,12,0.48
2015.0,502239,SL,SI,10,0.4
2015.0,502239,FF,CH,10,0.4
2015.0,502239,FF,KC,9,0.36
2015.0,502239,SI,KC,9,0.36
2015.0,502239,CH,FF,8,0.3333333333333333
2015.0,502239,KC,SI,8,0.32
2015.0,502239,SL,CH,7,0.28
2015.0,502239,KC,FF,7,0.28
2015.0,502239,CH,SI,6,0.25
2015.0,502239,SL,FF,5,0.2
2015.0,502239,CH,CH,4,0.16666666666666666
2015.0,502239,FF,SL,3,0.12
2015.0,502239,CH,SL,3,0.125
2015.0,502239,CH,KC,3,0.125
2015.0,502239,KC,CH,3,0.12
2015.0,502239,KC,SL,3,0.12
2015.0,502239,KC,IN,3,0.12
2015.0,502239,SL,SL,2,0.08
2015.0,502239,IN,KC,2,0.4
2015.0,502239,IN,FF,2,0.4
2015.0,502239,SI,FF,2,0.08
2015.0,502239,FF,IN,2,0.08
2015.0,502239,SL,KC,1,0.04
2015.0,502239,IN,SL,1,0.2
2015.0,502239,SI,SI,1,0.04
2015.0,502239,SI,CH,1,0.04
2015.0,502239,FF,FF,1,0.04
2015.0,502239,KC,KC,1,0.04
2015.0,502260,SL,SI,7,0.4666666666666667
2015.0,502260,SI,IN,7,0.4666666666666667
2015.0,502260,FF,SL,7,0.5
2015.0,502260,SI,FF,5,0.3333333333333333
2015.0,502260,SL,FF,4,0.26666666666666666
2015.0,502260,IN,FF,4,0.4
2015.0,502260,SL,SL,3,0.2
2015.0,502260,IN,SL,3,0.3
2015.0,502260,IN,SI,3,0.3
2015.0,502260,FF,SI,3,0.21428571428571427
2015.0,502260,FF,FF,2,0.14285714285714285
2015.0,502260,SI,SL,2,0.13333333333333333
2015.0,502260,FF,IN,2,0.14285714285714285
2015.0,502260,SL,IN,1,0.06666666666666667
2015.0,502260,SI,SI,1,0.06666666666666667
2015.0,502264,FF,CH,6,0.6
2015.0,502264,SL,SI,6,0.6
2015.0,502264,SI,SL,4,0.4
2015.0,502264,SI,PO,3,0.3
2015.0,502264,PO,FF,3,0.6
2015.0,502264,CH,FF,3,0.3333333333333333
2015.0,502264,SI,FF,2,0.2
2015.0,502264,SL,SL,2,0.2
2015.0,502264,CH,SI,2,0.2222222222222222
2015.0,502264,CH,CH,2,0.2222222222222222
2015.0,502264,CH,SL,2,0.2222222222222222
2015.0,502264,FF,PO,1,0.1
2015.0,502264,FF,SL,1,0.1
2015.0,502264,SI,CH,1,0.1
2015.0,502264,FF,SI,1,0.1
2015.0,502264,FF,FF,1,0.1
2015.0,502264,PO,SL,1,0.2
2015.0,502264,PO,SI,1,0.2
2015.0,502264,SL,CH,1,0.1
2015.0,502264,SL,PO,1,0.1
2015.0,502272,FF,SI,14,0.4666666666666667
2015.0,502272,SL,SI,12,0.41379310344827586
2015.0,502272,SI,FF,12,0.4
2015.0,502272,SI,SL,12,0.4
2015.0,502272,CU,FF,11,0.36666666666666664
2015.0,502272,FF,CU,10,0.3333333333333333
2015.0,502272,CU,SL,9,0.3
2015.0,502272,SL,CU,8,0.27586206896551724
2015.0,502272,SI,CU,6,0.2
2015.0,502272,SL,FF,5,0.1724137931034483
2015.0,502272,CU,CU,5,0.16666666666666666
2015.0,502272,SL,SL,4,0.13793103448275862
2015.0,502272,CU,CH,4,0.13333333333333333
2015.0,502272,CH,SI,3,0.6
2015.0,502272,FF,SL,3,0.1
2015.0,502272,FF,FF,2,0.06666666666666667
2015.0,502272,CH,SL,1,0.2
2015.0,502272,CH,CU,1,0.2
2015.0,502272,FF,CH,1,0.03333333333333333
2015.0,502272,CU,SI,1,0.03333333333333333
2015.0,502281,FC,SI,5,0.5
2015.0,502281,SI,FC,5,0.5
2015.0,502281,SL,SI,4,0.4444444444444444
2015.0,502281,SL,SL,4,0.4444444444444444
2015.0,502281,SI,SL,4,0.4
2015.0,502281,FC,FC,3,0.3
2015.0,502281,FC,SL,2,0.2
2015.0,502281,SL,FC,1,0.1111111111111111
2015.0,502281,SI,SI,1,0.1
2015.0,502304,SL,FF,11,0.5789473684210527
2015.0,502304,FF,SL,8,0.4
2015.0,502304,SL,SL,7,0.3684210526315789
2015.0,502304,CH,FF,6,0.6
2015.0,502304,FF,CH,6,0.3
2015.0,502304,FF,PO,4,0.2
2015.0,502304,CH,SL,3,0.3
2015.0,502304,PO,CH,2,0.4
2015.0,502304,PO,SL,2,0.4
2015.0,502304,FF,FF,2,0.1
2015.0,502304,CH,CH,1,0.1
2015.0,502304,PO,FF,1,0.2
2015.0,502304,SL,CH,1,0.05263157894736842
2015.0,502327,SI,SL,18,0.5142857142857142
2015.0,502327,CU,CH,16,0.45714285714285713
2015.0,502327,SL,SI,16,0.47058823529411764
2015.0,502327,CU,FC,15,0.42857142857142855
2015.0,502327,FC,CU,13,0.37142857142857144
2015.0,502327,SC,SI,12,0.48
2015.0,502327,CH,CU,11,0.3142857142857143
2015.0,502327,SI,SC,7,0.2
2015.0,502327,SI,FC,6,0.17142857142857143
2015.0,502327,SC,FC,6,0.24
2015.0,502327,CH,CH,6,0.17142857142857143
2015.0,502327,CH,SC,6,0.17142857142857143
2015.0,502327,FC,SI,5,0.14285714285714285
2015.0,502327,FC,CH,5,0.14285714285714285
2015.0,502327,FC,IN,5,0.14285714285714285
2015.0,502327,SL,CU,5,0.14705882352941177
2015.0,502327,FC,SC,5,0.14285714285714285
2015.0,502327,CH,SL,5,0.14285714285714285
2015.0,502327,IN,FC,4,0.26666666666666666
2015.0,502327,SL,SC,4,0.11764705882352941
2015.0,502327,SL,SL,4,0.11764705882352941
2015.0,502327,SC,IN,4,0.16
2015.0,502327,SL,CH,3,0.08823529411764706
2015.0,502327,IN,SL,3,0.2
2015.0,502327,IN,CH,3,0.2
2015.0,502327,IN,SC,3,0.2
2015.0,502327,CH,FC,3,0.08571428571428572
2015.0,502327,CH,IN,3,0.08571428571428572
2015.0,502327,SI,CU,2,0.05714285714285714
2015.0,502327,CU,CU,2,0.05714285714285714
2015.0,502327,FC,SL,2,0.05714285714285714
2015.0,502327,SC,SL,2,0.08
2015.0,502327,IN,CU,2,0.13333333333333333
2015.0,502327,SI,CH,1,0.02857142857142857
2015.0,502327,SI,SI,1,0.02857142857142857
2015.0,502327,CU,SL,1,0.02857142857142857
2015.0,502327,CU,IN,1,0.02857142857142857
2015.0,502327,SL,FC,1,0.029411764705882353
2015.0,502327,SL,IN,1,0.029411764705882353
2015.0,502327,SC,CH,1,0.04
2015.0,502327,CH,SI,1,0.02857142857142857
2015.0,502381,SL,SI,17,0.4857142857142857
2015.0,502381,SI,SL,13,0.37142857142857144
2015.0,502381,FF,FC,12,0.35294117647058826
2015.0,502381,FC,FF,11,0.36666666666666664
2015.0,502381,SI,FF,10,0.2857142857142857
2015.0,502381,CH,FC,9,0.36
2015.0,502381,FC,CH,8,0.26666666666666666
2015.0,502381,FF,SI,7,0.20588235294117646
2015.0,502381,CH,SL,7,0.28
2015.0,502381,SL,SL,6,0.17142857142857143
2015.0,502381,SL,CH,5,0.14285714285714285
2015.0,502381,FF,SL,5,0.14705882352941177
2015.0,502381,SL,FC,4,0.11428571428571428
2015.0,502381,SI,IN,4,0.11428571428571428
2015.0,502381,SI,SI,4,0.11428571428571428
2015.0,502381,IN,SI,4,0.4
2015.0,502381,CH,CH,4,0.16
2015.0,502381,CH,FF,4,0.16
2015.0,502381,SL,FF,3,0.08571428571428572
2015.0,502381,FC,FC,3,0.1
2015.0,502381,FC,SI,3,0.1
2015.0,502381,IN,FF,3,0.3
2015.0,502381,SI,CH,3,0.08571428571428572
2015.0,502381,FF,FF,3,0.08823529411764706
2015.0,502381,FF,CH,3,0.08823529411764706
2015.0,502381,FC,CU,2,0.06666666666666667
2015.0,502381,FC,IN,2,0.06666666666666667
2015.0,502381,FF,IN,2,0.058823529411764705
2015.0,502381,FF,CU,2,0.058823529411764705
2015.0,502381,CU,SL,2,0.4
2015.0,502381,CU,FC,2,0.4
2015.0,502381,FC,SL,1,0.03333333333333333
2015.0,502381,IN,CH,1,0.1
2015.0,502381,IN,SL,1,0.1
2015.0,502381,IN,IN,1,0.1
2015.0,502381,SI,CU,1,0.02857142857142857
2015.0,502381,CU,CH,1,0.2
2015.0,502381,CH,IN,1,0.04
2015.0,502462,SL,SI,10,0.5
2015.0,502462,SI,SL,9,0.47368421052631576
2015.0,502462,FF,SI,7,0.35
2015.0,502462,SI,FF,6,0.3157894736842105
2015.0,502462,SL,FF,5,0.25
2015.0,502462,FF,FF,5,0.25
2015.0,502462,CU,FF,4,0.4
2015.0,502462,FF,SL,4,0.2
2015.0,502462,SL,SL,4,0.2
2015.0,502462,FF,CU,4,0.2
2015.0,502462,CU,SL,3,0.3
2015.0,502462,CU,CU,3,0.3
2015.0,502462,SI,CU,2,0.10526315789473684
2015.0,502462,SI,SI,2,0.10526315789473684
2015.0,502462,SL,CU,1,0.05
2015.0,502522,SL,FF,12,0.48
2015.0,502522,FF,SL,9,0.36
2015.0,502522,SL,SL,8,0.32
2015.0,502522,FF,FF,7,0.28
2015.0,502522,FF,CH,6,0.24
2015.0,502522,CH,FF,5,0.5555555555555556
2015.0,502522,SL,CH,4,0.16
2015.0,502522,SI,SL,4,0.8
2015.0,502522,CH,SL,3,0.3333333333333333
2015.0,502522,FF,SI,3,0.12
2015.0,502522,SL,SI,1,0.04
2015.0,502522,CH,SI,1,0.1111111111111111
2015.0,502522,SI,FF,1,0.2
2015.0,502578,SI,SL,14,0.5833333333333334
2015.0,502578,FF,SI,12,0.48
2015.0,502578,SL,CH,8,0.32
2015.0,502578,CH,FF,7,0.35
2015.0,502578,FF,FF,7,0.28
2015.0,502578,SL,SI,7,0.28
2015.0,502578,SL,FF,6,0.24
2015.0,502578,CH,SL,5,0.25
2015.0,502578,CH,SI,5,0.25
2015.0,502578,SI,FF,5,0.20833333333333334
2015.0,502578,SI,CH,4,0.16666666666666666
2015.0,502578,FF,CH,4,0.16
2015.0,502578,SL,SL,4,0.16
2015.0,502578,CH,CH,3,0.15
2015.0,502578,FF,SL,2,0.08
2015.0,502578,SI,SI,1,0.041666666666666664
2015.0,502593,SI,SL,15,0.42857142857142855
2015.0,502593,CH,SI,13,0.38235294117647056
2015.0,502593,SL,SI,13,0.43333333333333335
2015.0,502593,SI,CH,13,0.37142857142857144
2015.0,502593,CH,IN,9,0.2647058823529412
2015.0,502593,SL,CH,9,0.3
2015.0,502593,CH,SL,7,0.20588235294117646
2015.0,502593,IN,CH,6,0.4
2015.0,502593,CH,CH,5,0.14705882352941177
2015.0,502593,SL,SL,5,0.16666666666666666
2015.0,502593,IN,SI,5,0.3333333333333333
2015.0,502593,SL,IN,3,0.1
2015.0,502593,SI,IN,3,0.08571428571428572
2015.0,502593,IN,SL,3,0.2
2015.0,502593,PO,CH,2,0.4
2015.0,502593,PO,SI,2,0.4
2015.0,502593,SI,PO,2,0.05714285714285714
2015.0,502593,SI,SI,2,0.05714285714285714
2015.0,502593,PO,PO,1,0.2
2015.0,502593,IN,PO,1,0.06666666666666667
2015.0,502624,CU,CH,16,0.5333333333333333
2015.0,502624,CH,CU,11,0.36666666666666664
2015.0,502624,SI,FF,11,0.36666666666666664
2015.0,502624,FF,SI,9,0.3103448275862069
2015.0,502624,CH,SI,8,0.26666666666666666
2015.0,502624,SI,CU,7,0.23333333333333334
2015.0,502624,IN,SI,6,0.6
2015.0,502624,CH,FF,5,0.16666666666666666
2015.0,502624,CH,CH,5,0.16666666666666666
2015.0,502624,FF,IN,5,0.1724137931034483
2015.0,502624,CU,FC,5,0.16666666666666666
2015.0,502624,FC,CU,4,0.4
2015.0,502624,FF,FC,4,0.13793103448275862
2015.0,502624,FF,CU,4,0.13793103448275862
2015.0,502624,FF,CH,4,0.13793103448275862
2015.0,502624,SI,IN,4,0.13333333333333333
2015.0,502624,CU,FF,4,0.13333333333333333
2015.0,502624,FC,FF,3,0.3
2015.0,502624,SI,SI,3,0.1
2015.0,502624,IN,FF,3,0.3
2015.0,502624,SI,PO,3,0.1
2015.0,502624,CU,SI,3,0.1
2015.0,502624,FF,FF,2,0.06896551724137931
2015.0,502624,PO,CU,2,0.4
2015.0,502624,PO,FF,2,0.4
2015.0,502624,SI,CH,2,0.06666666666666667
2015.0,502624,CU,CU,2,0.06666666666666667
2015.0,502624,FC,CH,1,0.1
2015.0,502624,FC,IN,1,0.1
2015.0,502624,FC,SI,1,0.1
2015.0,502624,CH,PO,1,0.03333333333333333
2015.0,502624,FF,PO,1,0.034482758620689655
2015.0,502624,PO,FC,1,0.2
2015.0,502624,IN,CH,1,0.1
2015.0,502706,FF,CH,8,0.5714285714285714
2015.0,502706,SI,SL,7,0.35
2015.0,502706,SI,KC,7,0.35
2015.0,502706,CH,FF,7,0.35
2015.0,502706,KC,SI,7,0.35
2015.0,502706,CH,KC,7,0.35
2015.0,502706,KC,FF,6,0.3
2015.0,502706,SL,SL,5,0.3333333333333333
2015.0,502706,SL,SI,5,0.3333333333333333
2015.0,502706,SI,SI,4,0.2
2015.0,502706,CH,CH,4,0.2
2015.0,502706,KC,CH,3,0.15
2015.0,502706,FF,KC,2,0.14285714285714285
2015.0,502706,FF,IN,2,0.14285714285714285
2015.0,502706,SL,KC,2,0.13333333333333333
2015.0,502706,SL,CH,2,0.13333333333333333
2015.0,502706,IN,CH,2,0.4
2015.0,502706,KC,KC,2,0.1
2015.0,502706,FF,FF,1,0.07142857142857142
2015.0,502706,FF,SI,1,0.07142857142857142
2015.0,502706,SI,CH,1,0.05
2015.0,502706,SI,IN,1,0.05
2015.0,502706,SL,IN,1,0.06666666666666667
2015.0,502706,IN,SI,1,0.2
2015.0,502706,IN,FF,1,0.2
2015.0,502706,IN,SL,1,0.2
2015.0,502706,KC,IN,1,0.05
2015.0,502706,KC,SL,1,0.05
2015.0,502706,CH,SI,1,0.05
2015.0,502706,CH,SL,1,0.05
2015.0,502748,CH,FF,3,0.6
2015.0,502748,ST,KC,3,0.6
2015.0,502748,FF,CH,2,0.4
2015.0,502748,FF,KC,2,0.4
2015.0,502748,CH,CH,2,0.4
2015.0,502748,KC,ST,2,0.5
2015.0,502748,ST,ST,2,0.4
2015.0,502748,FF,ST,1,0.2
2015.0,502748,KC,CH,1,0.25
2015.0,502748,KC,FF,1,0.25
2015.0,503285,SI,SL,14,0.4117647058823529
2015.0,503285,FF,SI,14,0.4
2015.0,503285,SL,SL,13,0.37142857142857144
2015.0,503285,SL,FF,10,0.2857142857142857
2015.0,503285,SL,SI,10,0.2857142857142857
2015.0,503285,SI,FF,9,0.2647058823529412
2015.0,503285,FF,SL,7,0.2
2015.0,503285,FF,FF,7,0.2
2015.0,503285,SI,SI,5,0.14705882352941177
2015.0,503285,CH,FF,4,0.4
2015.0,503285,FF,CH,4,0.11428571428571428
2015.0,503285,CH,CU,3,0.3
2015.0,503285,CU,FF,3,0.6
2015.0,503285,IN,SI,3,0.6
2015.0,503285,SI,IN,3,0.08823529411764706
2015.0,503285,SL,CH,2,0.05714285714285714
2015.0,503285,CH,SI,2,0.2
2015.0,503285,CU,CH,2,0.4
2015.0,503285,FF,IN,2,0.05714285714285714
2015.0,503285,IN,FF,2,0.4
2015.0,503285,SI,CH,2,0.058823529411764705
2015.0,503285,CH,SL,1,0.1
2015.0,503285,FF,CU,1,0.02857142857142857
2015.0,503285,SI,CU,1,0.029411764705882353
2015.0,503449,SI,SL,13,0.52
2015.0,503449,CH,FF,11,0.44
2015.0,503449,SL,SI,10,0.4
2015.0,503449,FF,SI,9,0.36
2015.0,503449,SL,CH,9,0.36
2015.0,503449,SI,FF,8,0.32
2015.0,503449,CH,CH,7,0.28
2015.0,503449,FF,CH,6,0.24
2015.0,503449,IN,SI,4,0.4444444444444444
2015.0,503449,CH,SL,4,0.16
2015.0,503449,FF,IN,3,0.12
2015.0,503449,FF,SL,3,0.12
2015.0,503449,SI,IN,3,0.12
2015.0,503449,FS,SL,2,0.4
2015.0,503449,FF,FS,2,0.08
2015.0,503449,FF,FF,2,0.08
2015.0,503449,IN,FS,2,0.2222222222222222
2015.0,503449,SL,FF,2,0.08
2015.0,503449,SL,IN,2,0.08
2015.0,503449,SL,SL,2,0.08
2015.0,503449,IN,CH,2,0.2222222222222222
2015.0,503449,FS,FF,1,0.2
2015.0,503449,FS,IN,1,0.2
2015.0,503449,SI,SI,1,0.04
2015.0,503449,FS,CH,1,0.2
2015.0,503449,IN,FF,1,0.1111111111111111
2015.0,503449,CH,FS,1,0.04
2015.0,503449,CH,SI,1,0.04
2015.0,503449,CH,IN,1,0.04
2015.0,504083,CH,FF,9,0.45
2015.0,504083,FF,CH,8,0.42105263157894735
2015.0,504083,SL,SL,7,0.35
2015.0,504083,CH,CH,6,0.3
2015.0,504083,FF,SL,5,0.2631578947368421
2015.0,504083,SI,FF,5,0.5
2015.0,504083,FF,SI,5,0.2631578947368421
2015.0,504083,SL,FF,5,0.25
2015.0,504083,SL,CH,5,0.25
2015.0,504083,SI,SL,4,0.4
2015.0,504083,CH,SL,4,0.2
2015.0,504083,SL,SI,3,0.15
2015.0,504083,SI,CH,1,0.1
2015.0,504083,FF,FF,1,0.05263157894736842
2015.0,504083,CH,SI,1,0.05
2015.0,504186,FF,CU,13,0.43333333333333335
2015.0,504186,CU,FF,11,0.36666666666666664
2015.0,504186,SL,SL,9,0.3
2015.0,504186,SL,FF,9,0.3
2015.0,504186,CU,CH,9,0.3
2015.0,504186,CH,CU,7,0.3684210526315789
2015.0,504186,SL,CH,7,0.23333333333333334
2015.0,504186,IN,SL,6,0.6
2015.0,504186,FF,IN,6,0.2
2015.0,504186,CH,SL,5,0.2631578947368421
2015.0,504186,CU,SL,5,0.16666666666666666
2015.0,504186,FF,SL,5,0.16666666666666666
2015.0,504186,CH,FF,4,0.21052631578947367
2015.0,504186,SL,CU,4,0.13333333333333333
2015.0,504186,CU,CU,4,0.13333333333333333
2015.0,504186,FF,FF,4,0.13333333333333333
2015.0,504186,CH,IN,2,0.10526315789473684
2015.0,504186,FF,CH,2,0.06666666666666667
2015.0,504186,IN,FF,2,0.2
2015.0,504186,CH,CH,1,0.05263157894736842
2015.0,504186,SL,IN,1,0.03333333333333333
2015.0,504186,CU,IN,1,0.03333333333333333
2015.0,504186,IN,CU,1,0.1
2015.0,504186,IN,CH,1,0.1
2015.0,504379,SL,SI,12,0.34285714285714286
2015.0,504379,SL,FF,12,0.34285714285714286
2015.0,504379,FF,SL,11,0.3142857142857143
2015.0,504379,SI,SL,10,0.4166666666666667
2015.0,504379,FF,IN,9,0.2571428571428571
2015.0,504379,CH,FF,7,0.4666666666666667
2015.0,504379,SI,FF,6,0.25
2015.0,504379,IN,SL,6,0.3
2015.0,504379,FF,CH,6,0.17142857142857143
2015.0,504379,IN,SI,5,0.25
2015.0,504379,FF,SI,5,0.14285714285714285
2015.0,504379,SL,SL,5,0.14285714285714285
2015.0,504379,IN,FF,5,0.25
2015.0,504379,FF,FF,4,0.11428571428571428
2015.0,504379,SI,IN,4,0.16666666666666666
2015.0,504379,CH,SL,3,0.2
2015.0,504379,SL,CH,3,0.08571428571428572
2015.0,504379,CH,IN,2,0.13333333333333333
2015.0,504379,CH,SI,2,0.13333333333333333
2015.0,504379,SI,PO,2,0.08333333333333333
2015.0,504379,PO,CH,2,0.4
2015.0,504379,SI,CH,2,0.08333333333333333
2015.0,504379,IN,PO,2,0.1
2015.0,504379,PO,IN,2,0.4
2015.0,504379,SL,IN,2,0.05714285714285714
2015.0,504379,CH,CH,1,0.06666666666666667
2015.0,504379,IN,CH,1,0.05
2015.0,504379,PO,SI,1,0.2
2015.0,504379,SL,PO,1,0.02857142857142857
2015.0,504379,IN,IN,1,0.05
2015.0,506560,CU,SL,3,0.75
2015.0,506560,SL,CU,3,0.6
2015.0,506560,SL,SL,2,0.4
2015.0,506560,CU,CU,1,0.25
2015.0,506693,FF,CH,3,0.3333333333333333
2015.0,506693,SI,SL,3,0.3
2015.0,506693,FF,IN,3,0.3333333333333333
2015.0,506693,IN,SI,3,0.6
2015.0,506693,SI,EP,3,0.3
2015.0,506693,CH,FF,3,0.3
2015.0,506693,SL,SI,3,0.3
2015.0,506693,SL,CH,3,0.3
2015.0,506693,CU,CH,2,0.4
2015.0,506693,EP,FF,2,0.4
2015.0,506693,EP,CU,2,0.4
2015.0,506693,SI,FF,2,0.2
2015.0,506693,CH,CH,2,0.2
2015.0,506693,CH,SL,2,0.2
2015.0,506693,SL,FF,2,0.2
2015.0,506693,SL,SL,2,0.2
2015.0,506693,CU,CU,1,0.2
2015.0,506693,CU,SL,1,0.2
2015.0,506693,CU,FF,1,0.2
2015.0,506693,EP,IN,1,0.2
2015.0,506693,FF,SL,1,0.1111111111111111
2015.0,506693,SI,SI,1,0.1
2015.0,506693,SI,CU,1,0.1
2015.0,506693,FF,SI,1,0.1111111111111111
2015.0,506693,FF,EP,1,0.1111111111111111
2015.0,506693,IN,EP,1,0.2
2015.0,506693,IN,SL,1,0.2
2015.0,506693,CH,IN,1,0.1
2015.0,506693,CH,CU,1,0.1
2015.0,506693,CH,SI,1,0.1
2015.0,514669,FF,SL,6,0.42857142857142855
2015.0,514669,SL,FF,6,0.4
2015.0,514669,FF,CH,5,0.35714285714285715
2015.0,514669,SL,SL,5,0.3333333333333333
2015.0,514669,CH,FF,4,0.4
2015.0,514669,SI,FF,3,0.6
2015.0,514669,SL,CH,3,0.2
2015.0,514669,CH,SI,3,0.3
2015.0,514669,FF,FF,2,0.14285714285714285
2015.0,514669,SI,SL,2,0.4
2015.0,514669,CH,CH,2,0.2
2015.0,514669,FF,SI,1,0.07142857142857142
2015.0,514669,SL,SI,1,0.06666666666666667
2015.0,514669,CH,SL,1,0.1
2015.0,514981,SI,SL,8,0.5333333333333333
2015.0,514981,SI,FF,7,0.4666666666666667
2015.0,514981,SL,SI,6,0.42857142857142855
2015.0,514981,FF,SI,5,0.3333333333333333
2015.0,514981,FF,CH,5,0.3333333333333333
2015.0,514981,CH,CH,4,0.26666666666666666
2015.0,514981,CH,FF,4,0.26666666666666666
2015.0,514981,SL,CH,4,0.2857142857142857
2015.0,514981,CH,SL,3,0.2
2015.0,514981,FF,SL,2,0.13333333333333333
2015.0,514981,FF,FC,2,0.13333333333333333
2015.0,514981,CH,SI,2,0.13333333333333333
2015.0,514981,CH,FC,2,0.13333333333333333
2015.0,514981,SL,SL,2,0.14285714285714285
2015.0,514981,FC,FF,2,0.4
2015.0,514981,FC,CH,2,0.4
2015.0,514981,FF,FF,1,0.06666666666666667
2015.0,514981,SL,FF,1,0.07142857142857142
2015.0,514981,FC,SI,1,0.2
2015.0,514981,SL,FC,1,0.07142857142857142
2015.0,515052,SI,SL,13,0.43333333333333335
2015.0,515052,CH,FF,11,0.3793103448275862
2015.0,515052,SL,CH,11,0.36666666666666664
2015.0,515052,FF,SI,10,0.3333333333333333
2015.0,515052,SI,SI,7,0.23333333333333334
2015.0,515052,CH,CU,6,0.20689655172413793
2015.0,515052,SL,SL,6,0.2
2015.0,515052,CU,FF,6,0.6
2015.0,515052,FF,CH,6,0.2
2015.0,515052,CH,SL,5,0.1724137931034483
2015.0,515052,PO,SI,5,0.3333333333333333
2015.0,515052,PO,CH,5,0.3333333333333333
2015.0,515052,SL,SI,5,0.16666666666666666
2015.0,515052,SL,FF,5,0.16666666666666666
2015.0,515052,FF,PO,5,0.16666666666666666
2015.0,515052,CH,CH,4,0.13793103448275862
2015.0,515052,FF,IN,4,0.13333333333333333
2015.0,515052,SI,FF,4,0.13333333333333333
2015.0,515052,IN,PO,4,0.8
2015.0,515052,PO,SL,3,0.2
2015.0,515052,CU,CH,3,0.3
2015.0,515052,FF,SL,3,0.1
2015.0,515052,SI,PO,3,0.1
2015.0,515052,CH,PO,2,0.06896551724137931
2015.0,515052,PO,FF,2,0.13333333333333333
2015.0,515052,SI,CU,2,0.06666666666666667
2015.0,515052,CH,SI,1,0.034482758620689655
2015.0,515052,SL,CU,1,0.03333333333333333
2015.0,515052,SL,IN,1,0.03333333333333333
2015.0,515052,SL,PO,1,0.03333333333333333
2015.0,515052,CU,SI,1,0.1
2015.0,515052,FF,FF,1,0.03333333333333333
2015.0,515052,FF,CU,1,0.03333333333333333
2015.0,515052,SI,CH,1,0.03333333333333333
2015.0,515052,IN,FF,1,0.2
2015.0,516414,SL,SI,7,0.7
2015.0,516414,FF,CH,6,0.6
2015.0,516414,CH,FF,5,0.5
2015.0,516414,SI,SL,4,0.4444444444444444
2015.0,516414,SI,IN,4,0.4444444444444444
2015.0,516414,IN,SI,3,0.3
2015.0,516414,IN,FF,3,0.3
2015.0,516414,FF,IN,3,0.3
2015.0,516414,CH,SL,3,0.3
2015.0,516414,IN,SL,2,0.2
2015.0,516414,IN,IN,2,0.2
2015.0,516414,CH,CH,2,0.2
2015.0,516414,SL,CH,1,0.1
2015.0,516414,SL,IN,1,0.1
2015.0,516414,SI,CH,1,0.1111111111111111
2015.0,516414,FF,SL,1,0.1
2015.0,516414,SL,FF,1,0.1
2015.0,516589,FF,SI,14,0.4666666666666667
2015.0,516589,FC,CU,13,0.43333333333333335
2015.0,516589,FF,FC,12,0.4
2015.0,516589,CU,FC,10,0.4
2015.0,516589,SI,FF,9,0.3
2015.0,516589,SI,SI,9,0.3
2015.0,516589,FC,FF,6,0.2
2015.0,516589,CH,FF,4,0.26666666666666666
2015.0,516589,FC,CH,4,0.13333333333333333
2015.0,516589,CU,FF,4,0.16
2015.0,516589,CU,CH,4,0.16
2015.0,516589,CU,CU,4,0.16
2015.0,516589,SI,CU,4,0.13333333333333333
2015.0,516589,CH,FC,3,0.2
2015.0,516589,FC,SI,3,0.1
2015.0,516589,FC,FC,3,0.1
2015.0,516589,FF,FF,3,0.1
2015.0,516589,IN,FF,3,0.6
2015.0,516589,SI,IN,3,0.1
2015.0,516589,CH,IN,2,0.13333333333333333
2015.0,516589,CH,SI,2,0.13333333333333333
2015.0,516589,CH,CU,2,0.13333333333333333
2015.0,516589,SL,CH,2,0.5
2015.0,516589,CU,SL,2,0.08
2015.0,516589,SI,FC,2,0.06666666666666667
2015.0,516589,SI,CH,2,0.06666666666666667
2015.0,516589,CH,SL,1,0.06666666666666667
2015.0,516589,CH,CH,1,0.06666666666666667
2015.0,516589,FC,SL,1,0.03333333333333333
2015.0,516589,SL,SI,1,0.25
2015.0,516589,SL,FF,1,0.25
2015.0,516589,CU,SI,1,0.04
2015.0,516589,IN,CH,1,0.2
2015.0,516589,FF,CH,1,0.03333333333333333
2015.0,516589,SI,SL,1,0.03333333333333333
2015.0,516589,IN,CU,1,0.2
2015.0,516714,FF,CU,7,0.7
2015.0,516714,CU,FF,6,0.6666666666666666
2015.0,516714,FF,FF,3,0.3
2015.0,516714,CU,CU,3,0.3333333333333333
2015.0,516769,CH,CU,2,0.4
2015.0,516769,FC,FF,2,0.4
2015.0,516769,SI,SL,2,0.4
2015.0,516769,FF,SI,2,0.4
2015.0,516769,FF,CH,2,0.4
2015.0,516769,CH,FC,1,0.2
2015.0,516769,CH,FF,1,0.2
2015.0,516769,CH,SI,1,0.2
2015.0,516769,SL,SL,1,0.2
2015.0,516769,SL,FF,1,0.2
2015.0,516769,SL,SI,1,0.2
2015.0,516769,SL,FC,1,0.2
2015.0,516769,SL,CH,1,0.2
2015.0,516769,CU,CH,1,0.25
2015.0,516769,CU,FC,1,0.25
2015.0,516769,CU,CU,1,0.25
2015.0,516769,CU,SL,1,0.25
2015.0,516769,FC,SL,1,0.2
2015.0,516769,FC,FC,1,0.2
2015.0,516769,FF,FC,1,0.2
2015.0,516769,SI,CU,1,0.2
2015.0,516769,SI,SI,1,0.2
2015.0,516769,SI,FF,1,0.2
2015.0,516769,FC,CU,1,0.2
2015.0,516910,FC,FF,9,0.45
2015.0,516910,CU,FC,8,0.5333333333333333
2015.0,516910,CH,CH,7,0.35
2015.0,516910,FF,SI,7,0.3684210526315789
2015.0,516910,CH,CU,6,0.3
2015.0,516910,SI,FF,6,0.3
2015.0,516910,SI,SI,5,0.25
2015.0,516910,CH,FC,4,0.2
2015.0,516910,FC,CU,4,0.2
2015.0,516910,FF,FC,4,0.21052631578947367
2015.0,516910,SI,CU,3,0.15
2015.0,516910,SI,CH,3,0.15
2015.0,516910,FC,CH,3,0.15
2015.0,516910,IN,SI,3,0.6
2015.0,516910,CU,CH,3,0.2
2015.0,516910,FF,CU,2,0.10526315789473684
2015.0,516910,SI,IN,2,0.1
2015.0,516910,FC,SI,2,0.1
2015.0,516910,FF,FF,2,0.10526315789473684
2015.0,516910,FF,CH,2,0.10526315789473684
2015.0,516910,FF,IN,2,0.10526315789473684
2015.0,516910,FC,FC,2,0.1
2015.0,516910,CU,SI,2,0.13333333333333333
2015.0,516910,CU,FF,2,0.13333333333333333
2015.0,516910,CH,SI,1,0.05
2015.0,516910,CH,IN,1,0.05
2015.0,516910,CH,FF,1,0.05
2015.0,516910,SI,FC,1,0.05
2015.0,516910,IN,CH,1,0.2
2015.0,516910,IN,FC,1,0.2
2015.0,516935,SL,SI,5,0.5
2015.0,516935,SL,SL,4,0.4
2015.0,516935,SI,SL,4,0.4444444444444444
2015.0,516935,FF,SI,4,0.4
2015.0,516935,SI,FF,4,0.4444444444444444
2015.0,516935,FF,FF,4,0.4
2015.0,516935,FF,SL,2,0.2
2015.0,516935,SL,FF,1,0.1
2015.0,516935,SI,SI,1,0.1111111111111111
2015.0,516969,CU,CH,17,0.4857142857142857
2015.0,516969,FF,CU,17,0.425
2015.0,516969,SI,FF,16,0.4
2015.0,516969,SI,SL,15,0.375
2015.0,516969,CU,FF,14,0.4
2015.0,516969,SL,SI,13,0.4482758620689655
2015.0,516969,CH,CU,12,0.3
2015.0,516969,FF,SI,11,0.275
2015.0,516969,CH,CH,10,0.25
2015.0,516969,CH,FF,6,0.15
2015.0,516969,CH,SI,6,0.15
2015.0,516969,SL,CH,6,0.20689655172413793
2015.0,516969,CH,SL,5,0.125
2015.0,516969,SL,SL,5,0.1724137931034483
2015.0,516969,IN,SI,4,0.8
2015.0,516969,SI,SI,4,0.1
2015.0,516969,FF,IN,4,0.1
2015.0,516969,FF,SL,4,0.1
2015.0,516969,SL,FF,3,0.10344827586206896
2015.0,516969,SI,CH,3,0.075
2015.0,516969,FF,CH,3,0.075
2015.0,516969,SL,CU,2,0.06896551724137931
2015.0,516969,CU,SI,2,0.05714285714285714
2015.0,516969,SI,CU,2,0.05
2015.0,516969,CH,IN,1,0.025
2015.0,516969,CU,CU,1,0.02857142857142857
2015.0,516969,CU,SL,1,0.02857142857142857
2015.0,516969,FF,FF,1,0.025
2015.0,516969,IN,CH,1,0.2
2015.0,516970,CU,FF,9,0.45
2015.0,516970,FF,SI,9,0.45
2015.0,516970,CH,CU,9,0.45
2015.0,516970,SI,FF,8,0.42105263157894735
2015.0,516970,CU,CH,7,0.35
2015.0,516970,FF,CU,7,0.35
2015.0,516970,CH,CH,6,0.3
2015.0,516970,SI,SI,4,0.21052631578947367
2015.0,516970,SI,CH,4,0.21052631578947367
2015.0,516970,CU,SI,3,0.15
2015.0,516970,SI,CU,3,0.15789473684210525
2015.0,516970,FF,CH,3,0.15
2015.0,516970,CH,SI,3,0.15
2015.0,516970,CH,FF,2,0.1
2015.0,516970,CU,CU,1,0.05
2015.0,516970,FF,FF,1,0.05
2015.0,517008,FF,FC,15,0.4411764705882353
2015.0,517008,FC,FF,14,0.4
2015.0,517008,CH,CU,13,0.43333333333333335
2015.0,517008,CU,FC,12,0.4
2015.0,517008,FC,CU,11,0.3142857142857143
2015.0,517008,CU,CH,10,0.3333333333333333
2015.0,517008,FF,SI,7,0.20588235294117646
2015.0,517008,CH,FF,7,0.23333333333333334
2015.0,517008,FF,IN,6,0.17647058823529413
2015.0,517008,SI,CH,6,0.3
2015.0,517008,IN,FF,6,0.4
2015.0,517008,IN,SI,5,0.3333333333333333
2015.0,517008,SI,IN,4,0.2
2015.0,517008,FF,CH,4,0.11764705882352941
2015.0,517008,CU,FF,4,0.13333333333333333
2015.0,517008,FC,CH,4,0.11428571428571428
2015.0,517008,CH,FC,4,0.13333333333333333
2015.0,517008,CH,CH,4,0.13333333333333333
2015.0,517008,SI,FF,3,0.15
2015.0,517008,SI,SI,3,0.15
2015.0,517008,FC,IN,3,0.08571428571428572
2015.0,517008,SI,CU,2,0.1
2015.0,517008,SI,FC,2,0.1
2015.0,517008,FF,CU,2,0.058823529411764705
2015.0,517008,CU,SI,2,0.06666666666666667
2015.0,517008,FC,SI,2,0.05714285714285714
2015.0,517008,IN,CH,2,0.13333333333333333
2015.0,517008,CU,CU,1,0.03333333333333333
2015.0,517008,CU,IN,1,0.03333333333333333
2015.0,517008,IN,FC,1,0.06666666666666667
2015.0,517008,FC,FC,1,0.02857142857142857
2015.0,517008,IN,CU,1,0.06666666666666667
2015.0,517008,CH,IN,1,0.03333333333333333
2015.0,517008,CH,SI,1,0.03333333333333333
2015.0,517059,CH,CU,3,0.6
2015.0,517059,SI,SI,3,0.6
2015.0,517059,CH,CH,2,0.4
2015.0,517059,CU,SI,2,0.5
2015.0,517059,CU,CH,2,0.5
2015.0,517059,SI,CU,1,0.2
2015.0,517059,SI,CH,1,0.2
2015.0,517414,CH,FF,15,0.42857142857142855
2015.0,517414,SI,SL,14,0.4
2015.0,517414,FF,CH,14,0.4117647058823529
2015.0,517414,SL,SI,13,0.37142857142857144
2015.0,517414,FF,SI,11,0.3235294117647059
2015.0,517414,SI,FF,8,0.22857142857142856
2015.0,517414,SL,CH,8,0.22857142857142856
2015.0,517414,CH,SL,7,0.2
2015.0,517414,SL,SL,7,0.2
2015.0,517414,SL,FF,6,0.17142857142857143
2015.0,517414,SI,CH,6,0.17142857142857143
2015.0,517414,CH,SI,4,0.11428571428571428
2015.0,517414,CH,CH,4,0.11428571428571428
2015.0,517414,CH,CU,4,0.11428571428571428
2015.0,517414,CU,FF,4,0.8
2015.0,517414,IN,SI,4,0.4
2015.0,517414,SI,IN,4,0.11428571428571428
2015.0,517414,FF,IN,4,0.11764705882352941
2015.0,517414,FF,SL,4,0.11764705882352941
2015.0,517414,SI,SI,3,0.08571428571428572
2015.0,517414,IN,CH,2,0.2
2015.0,517414,IN,FF,2,0.2
2015.0,517414,IN,SL,2,0.2
2015.0,517414,CH,IN,1,0.02857142857142857
2015.0,517414,CU,SL,1,0.2
2015.0,517414,SL,IN,1,0.02857142857142857
2015.0,517414,FF,CU,1,0.029411764705882353
2015.0,517593,CU,CH,16,0.47058823529411764
2015.0,517593,CH,CU,15,0.42857142857142855
2015.0,517593,FF,CU,14,0.4
2015.0,517593,CU,FF,14,0.4117647058823529
2015.0,517593,SL,SI,14,0.4
2015.0,517593,SI,SL,13,0.37142857142857144
2015.0,517593,FF,SI,13,0.37142857142857144
2015.0,517593,SI,FF,9,0.2571428571428571
2015.0,517593,SL,CH,9,0.2571428571428571
2015.0,517593,CH,SL,8,0.22857142857142856
2015.0,517593,SL,SL,8,0.22857142857142856
2015.0,517593,CH,CH,5,0.14285714285714285
2015.0,517593,SI,SI,4,0.11428571428571428
2015.0,517593,SI,CU,4,0.11428571428571428
2015.0,517593,CH,FF,4,0.11428571428571428
2015.0,517593,SI,CH,3,0.08571428571428572
2015.0,517593,FF,SL,3,0.08571428571428572
2015.0,517593,IN,FF,3,0.6
2015.0,517593,SL,FF,3,0.08571428571428572
2015.0,517593,FF,IN,2,0.05714285714285714
2015.0,517593,FF,CH,2,0.05714285714285714
2015.0,517593,SI,IN,2,0.05714285714285714
2015.0,517593,CU,SI,2,0.058823529411764705
2015.0,517593,CU,SL,2,0.058823529411764705
2015.0,517593,CH,SI,2,0.05714285714285714
2015.0,517593,IN,SL,1,0.2
2015.0,517593,IN,CU,1,0.2
2015.0,517593,FF,FF,1,0.02857142857142857
2015.0,517593,CH,IN,1,0.02857142857142857
2015.0,517593,SL,CU,1,0.02857142857142857
2015.0,518397,CH,CH,3,0.6
2015.0,518397,SI,SI,3,0.6
2015.0,518397,CH,SL,2,0.4
2015.0,518397,SL,SI,2,0.5
2015.0,518397,SL,SL,2,0.5
2015.0,518397,SI,CH,1,0.2
2015.0,518397,SI,SL,1,0.2
2015.0,518418,SI,FS,3,0.75
2015.0,518418,FS,CU,3,0.6
2015.0,518418,FS,SI,2,0.4
2015.0,518418,CU,CU,2,0.4
2015.0,518418,CU,FS,2,0.4
2015.0,518418,SI,SI,1,0.25
2015.0,518418,CU,SI,1,0.2
2015.0,518420,SL,SI,5,0.5
2015.0,518420,CH,CU,5,0.5555555555555556
2015.0,518420,CU,CH,5,0.5
2015.0,518420,FF,IN,4,0.4
2015.0,518420,IN,FF,4,0.4
2015.0,518420,SI,SL,4,0.4
2015.0,518420,SI,IN,4,0.4
2015.0,518420,IN,SI,4,0.4
2015.0,518420,CU,FF,4,0.4
2015.0,518420,FF,CU,3,0.3
2015.0,518420,FF,SL,2,0.2
2015.0,518420,SL,FF,2,0.2
2015.0,518420,CH,CH,2,0.2222222222222222
2015.0,518420,SI,CU,1,0.1
2015.0,518420,SI,CH,1,0.1
2015.0,518420,FF,SI,1,0.1
2015.0,518420,IN,SL,1,0.1
2015.0,518420,IN,CH,1,0.1
2015.0,518420,SL,SL,1,0.1
2015.0,518420,SL,IN,1,0.1
2015.0,518420,SL,CH,1,0.1
2015.0,518420,CH,IN,1,0.1111111111111111
2015.0,518420,CU,SL,1,0.1
2015.0,518420,CH,SL,1,0.1111111111111111
2015.0,518452,CU,CH,12,0.48
2015.0,518452,SI,SL,11,0.44
2015.0,518452,SL,SI,10,0.4
2015.0,518452,CH,CU,9,0.375
2015.0,518452,FF,CU,8,0.32
2015.0,518452,FF,SI,8,0.32
2015.0,518452,SL,FF,6,0.24
2015.0,518452,CH,CH,6,0.25
2015.0,518452,CU,FF,5,0.2
2015.0,518452,FF,FF,4,0.16
2015.0,518452,SI,FF,4,0.16
2015.0,518452,SL,CH,4,0.16
2015.0,518452,SL,SL,4,0.16
2015.0,518452,CU,SL,4,0.16
2015.0,518452,SI,IN,3,0.12
2015.0,518452,FF,SL,3,0.12
2015.0,518452,SI,SI,3,0.12
2015.0,518452,SI,CU,3,0.12
2015.0,518452,CH,SL,3,0.125
2015.0,518452,CH,FF,3,0.125
2015.0,518452,CU,CU,3,0.12
2015.0,518452,IN,FF,2,0.4
2015.0,518452,CH,SI,2,0.08333333333333333
2015.0,518452,IN,CU,1,0.2
2015.0,518452,FF,CH,1,0.04
2015.0,518452,FF,IN,1,0.04
2015.0,518452,SI,CH,1,0.04
2015.0,518452,IN,CH,1,0.2
2015.0,518452,IN,SI,1,0.2
2015.0,518452,SL,CU,1,0.04
2015.0,518452,CU,SI,1,0.04
2015.0,518452,CH,IN,1,0.041666666666666664
2015.0,518468,FF,CU,11,0.44
2015.0,518468,SI,SL,11,0.4583333333333333
2015.0,518468,SL,SI,11,0.44
2015.0,518468,CU,FF,10,0.4
2015.0,518468,SI,FF,8,0.3333333333333333
2015.0,518468,FF,SI,7,0.28
2015.0,518468,SL,SL,6,0.24
2015.0,518468,CU,SL,4,0.16
2015.0,518468,CU,CU,4,0.16
2015.0,518468,SL,CU,4,0.16
2015.0,518468,CU,CH,3,0.12
2015.0,518468,CU,SI,3,0.12
2015.0,518468,FF,SL,3,0.12
2015.0,518468,CH,CU,3,0.6
2015.0,518468,SI,IN,2,0.08333333333333333
2015.0,518468,SI,CU,2,0.08333333333333333
2015.0,518468,IN,SI,2,0.4
2015.0,518468,IN,FF,2,0.4
2015.0,518468,FF,FF,2,0.08
2015.0,518468,SL,FF,2,0.08
2015.0,518468,CU,IN,1,0.04
2015.0,518468,IN,CU,1,0.2
2015.0,518468,SI,SI,1,0.041666666666666664
2015.0,518468,FF,IN,1,0.04
2015.0,518468,FF,CH,1,0.04
2015.0,518468,CH,SI,1,0.2
2015.0,518468,CH,FF,1,0.2
2015.0,518468,SL,CH,1,0.04
2015.0,518468,SL,IN,1,0.04
2015.0,518516,SL,SI,15,0.5
2015.0,518516,CU,CH,13,0.43333333333333335
2015.0,518516,FC,CU,11,0.36666666666666664
2015.0,518516,FC,FF,10,0.3333333333333333
2015.0,518516,SI,SL,10,0.3448275862068966
2015.0,518516,CU,FC,9,0.3
2015.0,518516,CH,CU,9,0.36
2015.0,518516,CH,SL,9,0.36
2015.0,518516,FF,FC,8,0.26666666666666666
2015.0,518516,FF,SI,6,0.2
2015.0,518516,SI,IN,6,0.20689655172413793
2015.0,518516,FF,CH,5,0.16666666666666666
2015.0,518516,SI,FF,5,0.1724137931034483
2015.0,518516,SL,SL,4,0.13333333333333333
2015.0,518516,FF,FF,4,0.13333333333333333
2015.0,518516,SI,FC,4,0.13793103448275862
2015.0,518516,SL,FC,4,0.13333333333333333
2015.0,518516,CU,FF,3,0.1
2015.0,518516,CU,SL,3,0.1
2015.0,518516,IN,FF,3,0.3
2015.0,518516,IN,SI,3,0.3
2015.0,518516,CH,CH,3,0.12
2015.0,518516,SL,FF,3,0.1
2015.0,518516,FF,CU,3,0.1
2015.0,518516,FC,SI,3,0.1
2015.0,518516,CU,CU,2,0.06666666666666667
2015.0,518516,SI,CU,2,0.06896551724137931
2015.0,518516,FF,IN,2,0.06666666666666667
2015.0,518516,FF,SL,2,0.06666666666666667
2015.0,518516,FC,FC,2,0.06666666666666667
2015.0,518516,SI,SI,2,0.06896551724137931
2015.0,518516,SL,CH,2,0.06666666666666667
2015.0,518516,SL,CU,2,0.06666666666666667
2015.0,518516,CH,FC,2,0.08
2015.0,518516,FC,SL,2,0.06666666666666667
2015.0,518516,IN,IN,1,0.1
2015.0,518516,IN,CH,1,0.1
2015.0,518516,IN,FC,1,0.1
2015.0,518516,IN,CU,1,0.1
2015.0,518516,CH,FF,1,0.04
2015.0,518516,CH,SI,1,0.04
2015.0,518516,FC,IN,1,0.03333333333333333
2015.0,518516,FC,CH,1,0.03333333333333333
2015.0,518526,SL,FF,3,0.6
2015.0,518526,FF,SI,3,0.6
2015.0,518526,FF,SL,2,0.4
2015.0,518526,SI,FF,2,0.5
2015.0,518526,SI,SL,2,0.5
2015.0,518526,SL,SI,1,0.2
2015.0,518526,SL,SL,1,0.2
2015.0,518553,SI,SL,16,0.47058823529411764
2015.0,518553,SL,SI,14,0.4
2015.0,518553,CH,SL,9,0.3
2015.0,518553,SL,CH,9,0.2571428571428571
2015.0,518553,SL,SL,8,0.22857142857142856
2015.0,518553,SI,CH,7,0.20588235294117646
2015.0,518553,CH,SI,7,0.23333333333333334
2015.0,518553,CH,CH,6,0.2
2015.0,518553,FF,SI,5,0.5
2015.0,518553,CH,FF,5,0.16666666666666666
2015.0,518553,FF,CH,4,0.4
2015.0,518553,SI,SI,4,0.11764705882352941
2015.0,518553,SI,IN,4,0.11764705882352941
2015.0,518553,IN,SI,4,0.4
2015.0,518553,IN,CH,4,0.4
2015.0,518553,SI,FF,3,0.08823529411764706
2015.0,518553,CH,IN,3,0.1
2015.0,518553,SL,IN,3,0.08571428571428572
2015.0,518553,FF,SL,1,0.1
2015.0,518553,SL,FF,1,0.02857142857142857
2015.0,518553,IN,SL,1,0.1
2015.0,518553,IN,FF,1,0.1
2015.0,518567,FC,CU,17,0.4857142857142857
2015.0,518567,CU,FC,16,0.47058823529411764
2015.0,518567,CH,CH,14,0.4
2015.0,518567,CH,CU,13,0.37142857142857144
2015.0,518567,CU,CH,11,0.3235294117647059
2015.0,518567,FC,FF,6,0.17142857142857143
2015.0,518567,CH,FC,5,0.14285714285714285
2015.0,518567,FC,FC,5,0.14285714285714285
2015.0,518567,IN,FC,4,0.8
2015.0,518567,FC,CH,4,0.11428571428571428
2015.0,518567,FF,FC,4,0.4
2015.0,518567,FF,CH,3,0.3
2015.0,518567,CU,CU,2,0.058823529411764705
2015.0,518567,CU,IN,2,0.058823529411764705
2015.0,518567,CU,FF,2,0.058823529411764705
2015.0,518567,PO,CH,2,0.4
2015.0,518567,FC,IN,2,0.05714285714285714
2015.0,518567,FF,CU,2,0.2
2015.0,518567,CU,PO,1,0.029411764705882353
2015.0,518567,IN,CH,1,0.2
2015.0,518567,CH,PO,1,0.02857142857142857
2015.0,518567,CH,FF,1,0.02857142857142857
2015.0,518567,CH,IN,1,0.02857142857142857
2015.0,518567,PO,PO,1,0.2
2015.0,518567,PO,FF,1,0.2
2015.0,518567,PO,CU,1,0.2
2015.0,518567,FC,PO,1,0.02857142857142857
2015.0,518567,FF,PO,1,0.1
2015.0,518603,SI,SL,20,0.5714285714285714
2015.0,518603,SL,SI,18,0.5142857142857142
2015.0,518603,FF,CH,16,0.47058823529411764
2015.0,518603,CH,FF,14,0.4
2015.0,518603,SI,FF,9,0.2571428571428571
2015.0,518603,CH,CH,9,0.2571428571428571
2015.0,518603,FF,SI,8,0.23529411764705882
2015.0,518603,SL,CH,6,0.17142857142857143
2015.0,518603,CH,SL,6,0.17142857142857143
2015.0,518603,FF,SL,5,0.14705882352941177
2015.0,518603,FF,FF,5,0.14705882352941177
2015.0,518603,CH,SI,5,0.14285714285714285
2015.0,518603,SL,SL,4,0.11428571428571428
2015.0,518603,SL,FF,4,0.11428571428571428
2015.0,518603,SI,CH,4,0.11428571428571428
2015.0,518603,IN,FF,3,0.6
2015.0,518603,SL,IN,3,0.08571428571428572
2015.0,518603,IN,SI,2,0.4
2015.0,518603,SI,IN,1,0.02857142857142857
2015.0,518603,SI,SI,1,0.02857142857142857
2015.0,518603,CH,IN,1,0.02857142857142857
2015.0,518617,SI,SL,19,0.5428571428571428
2015.0,518617,CH,SI,17,0.5
2015.0,518617,SL,SI,15,0.42857142857142855
2015.0,518617,SI,CH,13,0.37142857142857144
2015.0,518617,CH,CH,12,0.35294117647058826
2015.0,518617,SL,SL,10,0.2857142857142857
2015.0,518617,SL,CH,10,0.2857142857142857
2015.0,518617,CH,SL,5,0.14705882352941177
2015.0,518617,SI,SI,3,0.08571428571428572
2015.0,518633,FF,SI,17,0.4857142857142857
2015.0,518633,SI,FF,14,0.4
2015.0,518633,FC,FF,13,0.43333333333333335
2015.0,518633,CH,CU,13,0.37142857142857144
2015.0,518633,CU,EP,9,0.2647058823529412
2015.0,518633,CH,CH,9,0.2571428571428571
2015.0,518633,CU,CH,8,0.23529411764705882
2015.0,518633,EP,FC,7,0.35
2015.0,518633,FF,FC,7,0.2
2015.0,518633,EP,CU,6,0.3
2015.0,518633,SI,CH,6,0.17142857142857143
2015.0,518633,FC,EP,5,0.16666666666666666
2015.0,518633,CU,FC,5,0.14705882352941177
2015.0,518633,CH,SI,5,0.14285714285714285
2015.0,518633,CH,FC,5,0.14285714285714285
2015.0,518633,FF,CH,5,0.14285714285714285
2015.0,518633,FC,CH,4,0.13333333333333333
2015.0,518633,CU,CU,4,0.11764705882352941
2015.0,518633,CU,FF,4,0.11764705882352941
2015.0,518633,CU,SI,4,0.11764705882352941
2015.0,518633,FF,CU,4,0.11428571428571428
2015.0,518633,SI,FC,4,0.11428571428571428
2015.0,518633,SI,CU,4,0.11428571428571428
2015.0,518633,SI,SI,4,0.11428571428571428
2015.0,518633,FC,CU,3,0.1
2015.0,518633,FC,SI,3,0.1
2015.0,518633,EP,CH,3,0.15
2015.0,518633,SI,EP,3,0.08571428571428572
2015.0,518633,FC,FC,2,0.06666666666666667
2015.0,518633,EP,SI,2,0.1
2015.0,518633,CH,FF,2,0.05714285714285714
2015.0,518633,EP,FF,1,0.05
2015.0,518633,CH,EP,1,0.02857142857142857
2015.0,518633,EP,EP,1,0.05
2015.0,518633,FF,EP,1,0.02857142857142857
2015.0,518633,FF,FF,1,0.02857142857142857
2015.0,518653,CH,CU,3,0.6
2015.0,518653,CU,CH,3,0.75
2015.0,518653,CH,CH,2,0.4
2015.0,518653,CU,CU,1,0.25
2015.0,518693,SI,FS,11,0.36666666666666664
2015.0,518693,FS,FF,11,0.44
2015.0,518693,SI,SL,10,0.3333333333333333
2015.0,518693,FS,SI,10,0.4
2015.0,518693,SL,SI,10,0.4
2015.0,518693,FF,CU,8,0.27586206896551724
2015.0,518693,FF,FS,7,0.2413793103448276
2015.0,518693,FF,SL,6,0.20689655172413793
2015.0,518693,CU,FF,6,0.4
2015.0,518693,SL,FF,5,0.2
2015.0,518693,SI,FF,4,0.13333333333333333
2015.0,518693,FF,SI,4,0.13793103448275862
2015.0,518693,FF,FF,4,0.13793103448275862
2015.0,518693,SI,SI,4,0.13333333333333333
2015.0,518693,SL,SL,4,0.16
2015.0,518693,CU,SL,3,0.2
2015.0,518693,SL,FS,3,0.12
2015.0,518693,SL,CU,3,0.12
2015.0,518693,FS,SL,2,0.08
2015.0,518693,CU,CU,2,0.13333333333333333
2015.0,518693,CU,FS,2,0.13333333333333333
2015.0,518693,CU,SI,2,0.13333333333333333
2015.0,518693,SI,CU,1,0.03333333333333333
2015.0,518693,FS,CU,1,0.04
2015.0,518693,FS,FS,1,0.04
2015.0,518703,SI,SL,10,0.5
2015.0,518703,CU,FF,9,0.6
2015.0,518703,FF,CU,8,0.4
2015.0,518703,SL,SI,8,0.42105263157894735
2015.0,518703,FF,IN,5,0.25
2015.0,518703,IN,SI,5,0.5
2015.0,518703,SI,FF,4,0.2
2015.0,518703,SL,SL,4,0.21052631578947367
2015.0,518703,FF,SL,3,0.15
2015.0,518703,IN,FF,3,0.3
2015.0,518703,SL,CU,3,0.15789473684210525
2015.0,518703,SI,IN,2,0.1
2015.0,518703,IN,SL,2,0.2
2015.0,518703,FF,CH,2,0.1
2015.0,518703,FF,SI,2,0.1
2015.0,518703,SI,CU,2,0.1
2015.0,518703,SI,SI,2,0.1
2015.0,518703,CU,SI,2,0.13333333333333333
2015.0,518703,CU,CH,2,0.13333333333333333
2015.0,518703,CH,FF,2,0.4
2015.0,518703,SL,IN,2,0.10526315789473684
2015.0,518703,CH,SL,1,0.2
2015.0,518703,CH,SI,1,0.2
2015.0,518703,CU,IN,1,0.06666666666666667
2015.0,518703,CU,CU,1,0.06666666666666667
2015.0,518703,CH,CU,1,0.2
2015.0,518703,SL,FF,1,0.05263157894736842
2015.0,518703,SL,CH,1,0.05263157894736842
2015.0,518715,SI,SL,5,0.5
2015.0,518715,SL,SI,5,0.5
2015.0,518715,SL,SL,4,0.4
2015.0,518715,SI,SI,3,0.3
2015.0,518715,SI,CH,2,0.2
2015.0,518715,CH,SI,2,0.5
2015.0,518715,SL,CH,1,0.1
2015.0,518715,CH,CH,1,0.25
2015.0,518715,CH,SL,1,0.25
2015.0,518716,SI,SL,7,0.4666666666666667
2015.0,518716,FC,CH,6,0.4
2015.0,518716,CH,FC,6,0.4
2015.0,518716,IN,FF,5,0.35714285714285715
2015.0,518716,SL,SI,5,0.3333333333333333
2015.0,518716,KC,SI,5,0.3333333333333333
2015.0,518716,KC,IN,5,0.3333333333333333
2015.0,518716,IN,KC,4,0.2857142857142857
2015.0,518716,FF,FC,4,0.26666666666666666
2015.0,518716,SI,KC,4,0.26666666666666666
2015.0,518716,SL,IN,3,0.2
2015.0,518716,FF,CH,3,0.2
2015.0,518716,FF,SI,3,0.2
2015.0,518716,FC,FC,3,0.2
2015.0,518716,SL,SL,3,0.2
2015.0,518716,FC,FF,3,0.2
2015.0,518716,KC,FF,3,0.2
2015.0,518716,IN,FC,2,0.14285714285714285
2015.0,518716,FC,IN,2,0.13333333333333333
2015.0,518716,FF,SL,2,0.13333333333333333
2015.0,518716,SI,IN,2,0.13333333333333333
2015.0,518716,FF,KC,2,0.13333333333333333
2015.0,518716,SL,CH,2,0.13333333333333333
2015.0,518716,CH,CH,2,0.13333333333333333
2015.0,518716,CH,KC,2,0.13333333333333333
2015.0,518716,CH,FF,2,0.13333333333333333
2015.0,518716,CH,SI,2,0.13333333333333333
2015.0,518716,IN,CH,1,0.07142857142857142
2015.0,518716,IN,IN,1,0.07142857142857142
2015.0,518716,IN,SL,1,0.07142857142857142
2015.0,518716,SI,CH,1,0.06666666666666667
2015.0,518716,SI,FF,1,0.06666666666666667
2015.0,518716,FC,SL,1,0.06666666666666667
2015.0,518716,SL,KC,1,0.06666666666666667
2015.0,518716,SL,FF,1,0.06666666666666667
2015.0,518716,FF,IN,1,0.06666666666666667
2015.0,518716,KC,KC,1,0.06666666666666667
2015.0,518716,KC,SL,1,0.06666666666666667
2015.0,518716,CH,IN,1,0.06666666666666667
2015.0,518748,FF,CU,17,0.5862068965517241
2015.0,518748,CU,FF,12,0.4
2015.0,518748,SI,SL,10,0.5
2015.0,518748,SL,FF,8,0.32
2015.0,518748,SL,SI,7,0.28
2015.0,518748,CU,SL,6,0.2
2015.0,518748,SL,SL,6,0.24
2015.0,518748,CU,CU,5,0.16666666666666666
2015.0,518748,CU,SI,5,0.16666666666666666
2015.0,518748,FF,SI,5,0.1724137931034483
2015.0,518748,SI,FF,4,0.2
2015.0,518748,SI,CU,4,0.2
2015.0,518748,SL,CU,4,0.16
2015.0,518748,FF,FF,3,0.10344827586206896
2015.0,518748,CU,IN,2,0.06666666666666667
2015.0,518748,IN,FF,2,0.4
2015.0,518748,IN,SI,2,0.4
2015.0,518748,FF,SL,2,0.06896551724137931
2015.0,518748,FF,IN,2,0.06896551724137931
2015.0,518748,IN,SL,1,0.2
2015.0,518748,SI,IN,1,0.05
2015.0,518748,SI,SI,1,0.05
2015.0,518764,SL,SI,3,0.6
2015.0,518764,CU,FF,2,0.5
2015.0,518764,PO,SI,2,0.4
2015.0,518764,FF,PO,2,0.4
2015.0,518764,FF,CU,2,0.4
2015.0,518764,SI,PO,2,0.4
2015.0,518764,PO,FF,2,0.4
2015.0,518764,SI,SL,2,0.4
2015.0,518764,CH,CH,2,0.4
2015.0,518764,CH,CU,2,0.4
2015.0,518764,CU,CH,1,0.25
2015.0,518764,CU,CU,1,0.25
2015.0,518764,PO,SL,1,0.2
2015.0,518764,SL,SL,1,0.2
2015.0,518764,SL,PO,1,0.2
2015.0,518764,FF,SL,1,0.2
2015.0,518764,SI,CH,1,0.2
2015.0,518764,CH,FF,1,0.2
2015.0,518771,FF,FC,12,0.4
2015.0,518771,FC,FF,11,0.3793103448275862
2015.0,518771,FC,CU,10,0.3448275862068966
2015.0,518771,CU,FC,7,0.35
2015.0,518771,CH,FF,6,0.3
2015.0,518771,CH,FC,6,0.3
2015.0,518771,FF,FF,6,0.2
2015.0,518771,FF,SI,6,0.2
2015.0,518771,CU,FF,5,0.25
2015.0,518771,CU,CH,5,0.25
2015.0,518771,CH,CU,4,0.2
2015.0,518771,FC,CH,4,0.13793103448275862
2015.0,518771,FF,CH,4,0.13333333333333333
2015.0,518771,SI,CH,4,0.4
2015.0,518771,CU,CU,3,0.15
2015.0,518771,SI,FC,3,0.3
2015.0,518771,CH,CH,2,0.1
2015.0,518771,CH,SI,2,0.1
2015.0,518771,FC,SI,2,0.06896551724137931
2015.0,518771,FC,FC,2,0.06896551724137931
2015.0,518771,FF,CU,2,0.06666666666666667
2015.0,518771,SI,FF,2,0.2
2015.0,518771,SI,CU,1,0.1
2015.0,518774,SI,SL,18,0.45
2015.0,518774,CH,CU,17,0.425
2015.0,518774,FF,SI,17,0.425
2015.0,518774,CU,FF,15,0.375
2015.0,518774,CU,CH,13,0.325
2015.0,518774,CH,CH,12,0.3
2015.0,518774,IN,SI,10,0.7142857142857143
2015.0,518774,SL,SI,10,0.25
2015.0,518774,SL,FF,8,0.2
2015.0,518774,CH,SL,7,0.175
2015.0,518774,SL,CU,7,0.175
2015.0,518774,SL,CH,7,0.175
2015.0,518774,FF,CU,7,0.175
2015.0,518774,CU,SL,6,0.15
2015.0,518774,SI,FF,6,0.15
2015.0,518774,SI,IN,6,0.15
2015.0,518774,SI,CU,5,0.125
2015.0,518774,SL,SL,5,0.125
2015.0,518774,FF,IN,5,0.125
2015.0,518774,CU,CU,4,0.1
2015.0,518774,IN,FF,4,0.2857142857142857
2015.0,518774,SI,CH,4,0.1
2015.0,518774,FF,CH,4,0.1
2015.0,518774,FF,FF,4,0.1
2015.0,518774,CH,FF,3,0.075
2015.0,518774,FF,SL,3,0.075
2015.0,518774,SL,IN,3,0.075
2015.0,518774,CU,SI,1,0.025
2015.0,518774,CU,IN,1,0.025
2015.0,518774,CH,SI,1,0.025
2015.0,518774,SI,SI,1,0.025
2015.0,518790,CH,CU,18,0.5142857142857142
2015.0,518790,SL,SI,14,0.4117647058823529
2015.0,518790,CU,CH,14,0.4
2015.0,518790,SI,SL,12,0.34285714285714286
2015.0,518790,CU,FF,11,0.3142857142857143
2015.0,518790,FF,CU,10,0.3333333333333333
2015.0,518790,SL,SL,9,0.2647058823529412
2015.0,518790,SI,CH,7,0.2
2015.0,518790,SI,FF,7,0.2
2015.0,518790,CH,SL,6,0.17142857142857143
2015.0,518790,SL,CH,5,0.14705882352941177
2015.0,518790,FF,SI,5,0.16666666666666666
2015.0,518790,FF,SL,4,0.13333333333333333
2015.0,518790,FF,CH,4,0.13333333333333333
2015.0,518790,FF,IN,4,0.13333333333333333
2015.0,518790,SI,SI,4,0.11428571428571428
2015.0,518790,CU,SI,4,0.11428571428571428
2015.0,518790,PO,SI,3,0.6
2015.0,518790,SL,CU,3,0.08823529411764706
2015.0,518790,CH,FF,3,0.08571428571428572
2015.0,518790,CH,SI,3,0.08571428571428572
2015.0,518790,IN,FF,3,0.3
2015.0,518790,IN,SL,3,0.3
2015.0,518790,PO,FF,2,0.4
2015.0,518790,SL,FF,2,0.058823529411764705
2015.0,518790,CH,PO,2,0.05714285714285714
2015.0,518790,CH,CH,2,0.05714285714285714
2015.0,518790,FF,FF,2,0.06666666666666667
2015.0,518790,SI,IN,2,0.05714285714285714
2015.0,518790,IN,SI,2,0.2
2015.0,518790,SI,CU,2,0.05714285714285714
2015.0,518790,IN,CH,2,0.2
2015.0,518790,CU,CU,2,0.05714285714285714
2015.0,518790,CU,IN,2,0.05714285714285714
2015.0,518790,SL,IN,1,0.029411764705882353
2015.0,518790,CH,IN,1,0.02857142857142857
2015.0,518790,SI,PO,1,0.02857142857142857
2015.0,518790,FF,PO,1,0.03333333333333333
2015.0,518790,CU,PO,1,0.02857142857142857
2015.0,518790,CU,SL,1,0.02857142857142857
2015.0,518813,FF,FS,13,0.4482758620689655
2015.0,518813,FF,CU,11,0.3793103448275862
2015.0,518813,FS,FF,11,0.36666666666666664
2015.0,518813,CU,FF,10,0.4
2015.0,518813,FS,SL,10,0.3333333333333333
2015.0,518813,SL,CU,9,0.3
2015.0,518813,SL,FS,8,0.26666666666666666
2015.0,518813,SL,FF,8,0.26666666666666666
2015.0,518813,CU,SL,7,0.28
2015.0,518813,IN,SL,4,0.8
2015.0,518813,FF,SL,4,0.13793103448275862
2015.0,518813,CU,CU,4,0.16
2015.0,518813,CU,FS,4,0.16
2015.0,518813,FS,FS,4,0.13333333333333333
2015.0,518813,SL,SL,4,0.13333333333333333
2015.0,518813,FS,IN,4,0.13333333333333333
2015.0,518813,IN,FS,1,0.2
2015.0,518813,FF,FF,1,0.034482758620689655
2015.0,518813,FS,CU,1,0.03333333333333333
2015.0,518813,SL,IN,1,0.03333333333333333
2015.0,518833,SI,IN,3,0.75
2015.0,518833,IN,FF,3,0.6
2015.0,518833,SL,SI,2,0.4
2015.0,518833,CH,CH,2,0.4
2015.0,518833,FF,SL,2,0.4
2015.0,518833,SL,SL,1,0.2
2015.0,518833,SL,FF,1,0.2
2015.0,518833,SL,CH,1,0.2
2015.0,518833,CH,SL,1,0.2
2015.0,518833,CH,IN,1,0.2
2015.0,518833,CH,SI,1,0.2
2015.0,518833,FF,IN,1,0.2
2015.0,518833,SI,FF,1,0.25
2015.0,518833,IN,SI,1,0.2
2015.0,518833,IN,SL,1,0.2
2015.0,518833,FF,CH,1,0.2
2015.0,518833,FF,SI,1,0.2
2015.0,518858,SL,SI,7,0.7777777777777778
2015.0,518858,SI,CH,4,0.26666666666666666
2015.0,518858,SI,SL,4,0.26666666666666666
2015.0,518858,SI,SI,3,0.2
2015.0,518858,CH,CU,3,0.3
2015.0,518858,FF,SL,2,0.4
2015.0,518858,SI,FF,2,0.13333333333333333
2015.0,518858,SI,CU,2,0.13333333333333333
2015.0,518858,FF,SI,2,0.4
2015.0,518858,CU,SI,2,0.4
2015.0,518858,CU,CH,2,0.4
2015.0,518858,CH,SL,2,0.2
2015.0,518858,CH,FF,2,0.2
2015.0,518858,CH,CH,2,0.2
2015.0,518858,FF,CH,1,0.2
2015.0,518858,CU,FF,1,0.2
2015.0,518858,SL,CH,1,0.1111111111111111
2015.0,518858,SL,SL,1,0.1111111111111111
2015.0,518858,CH,SI,1,0.1
2015.0,518863,SI,SL,9,0.6428571428571429
2015.0,518863,CH,FF,8,0.5333333333333333
2015.0,518863,SL,SI,8,0.5333333333333333
2015.0,518863,FF,CH,8,0.5333333333333333
2015.0,518863,FF,SI,6,0.4
2015.0,518863,CH,SL,4,0.26666666666666666
2015.0,518863,SI,FF,4,0.2857142857142857
2015.0,518863,CH,CH,3,0.2
2015.0,518863,SL,CH,3,0.2
2015.0,518863,SL,FF,2,0.13333333333333333
2015.0,518863,SL,SL,2,0.13333333333333333
2015.0,518863,FF,FF,1,0.06666666666666667
2015.0,518863,SI,CH,1,0.07142857142857142
2015.0,518875,FF,SL,18,0.5142857142857142
2015.0,518875,SL,FF,18,0.5142857142857142
2015.0,518875,SL,SL,9,0.2571428571428571
2015.0,518875,CH,FF,8,0.8
2015.0,518875,FF,CU,6,0.17142857142857143
2015.0,518875,FF,CH,6,0.17142857142857143
2015.0,518875,CU,FF,4,0.4
2015.0,518875,CU,SL,4,0.4
2015.0,518875,FF,FF,3,0.08571428571428572
2015.0,518875,SL,CU,3,0.08571428571428572
2015.0,518875,SL,IN,3,0.08571428571428572
2015.0,518875,CU,CH,2,0.2
2015.0,518875,IN,FF,2,0.5
2015.0,518875,IN,SL,2,0.5
2015.0,518875,SL,CH,2,0.05714285714285714
2015.0,518875,FF,IN,2,0.05714285714285714
2015.0,518875,CH,CU,1,0.1
2015.0,518875,CH,SL,1,0.1
2015.0,518886,FF,KC,15,0.42857142857142855
2015.0,518886,KC,FF,14,0.4117647058823529
2015.0,518886,FF,FF,14,0.4
2015.0,518886,KC,KC,12,0.35294117647058826
2015.0,518886,KC,SL,7,0.20588235294117646
2015.0,518886,SL,KC,6,0.6
2015.0,518886,SL,FF,4,0.4
2015.0,518886,FF,IN,3,0.08571428571428572
2015.0,518886,FF,SL,3,0.08571428571428572
2015.0,518886,IN,FF,2,0.4
2015.0,518886,IN,KC,2,0.4
2015.0,518886,KC,IN,1,0.029411764705882353
2015.0,518886,IN,IN,1,0.2
2015.0,518927,SL,SI,17,0.4857142857142857
2015.0,518927,CU,CH,16,0.5333333333333333
2015.0,518927,FF,CU,15,0.4411764705882353
2015.0,518927,SI,FF,13,0.37142857142857144
2015.0,518927,SI,SL,13,0.37142857142857144
2015.0,518927,CH,CU,9,0.3
2015.0,518927,FF,SI,9,0.2647058823529412
2015.0,518927,CH,FF,8,0.26666666666666666
2015.0,518927,CH,SL,7,0.23333333333333334
2015.0,518927,SL,CH,7,0.2
2015.0,518927,SL,SL,6,0.17142857142857143
2015.0,518927,CU,FF,6,0.2
2015.0,518927,CU,SL,4,0.13333333333333333
2015.0,518927,FF,SL,4,0.11764705882352941
2015.0,518927,CH,CH,3,0.1
2015.0,518927,CH,SI,3,0.1
2015.0,518927,SL,FF,3,0.08571428571428572
2015.0,518927,FF,FF,3,0.08823529411764706
2015.0,518927,SI,CU,3,0.08571428571428572
2015.0,518927,SI,CH,3,0.08571428571428572
2015.0,518927,CU,CU,2,0.06666666666666667
2015.0,518927,CU,SI,2,0.06666666666666667
2015.0,518927,IN,FF,2,0.4
2015.0,518927,IN,SI,2,0.4
2015.0,518927,FF,IN,2,0.058823529411764705
2015.0,518927,SI,IN,2,0.05714285714285714
2015.0,518927,SL,CU,1,0.02857142857142857
2015.0,518927,SL,IN,1,0.02857142857142857
2015.0,518927,FF,CH,1,0.029411764705882353
2015.0,518927,SI,SI,1,0.02857142857142857
2015.0,518927,IN,SL,1,0.2
2015.0,519008,FF,CH,10,0.4166666666666667
2015.0,519008,SI,SL,10,0.4
2015.0,519008,SL,SI,9,0.36
2015.0,519008,CH,FF,9,0.36
2015.0,519008,CH,CH,7,0.28
2015.0,519008,SL,FF,6,0.24
2015.0,519008,FF,SI,6,0.25
2015.0,519008,IN,SI,6,0.4
2015.0,519008,SI,IN,6,0.24
2015.0,519008,CH,SL,6,0.24
2015.0,519008,IN,FF,5,0.3333333333333333
2015.0,519008,SL,CH,4,0.16
2015.0,519008,FF,SL,4,0.16666666666666666
2015.0,519008,SI,FF,4,0.16
2015.0,519008,SL,IN,3,0.12
2015.0,519008,SL,SL,3,0.12
2015.0,519008,FF,IN,3,0.125
2015.0,519008,SI,CH,3,0.12
2015.0,519008,SI,SI,2,0.08
2015.0,519008,IN,SL,2,0.13333333333333333
2015.0,519008,CH,IN,2,0.08
2015.0,519008,IN,CH,1,0.06666666666666667
2015.0,519008,FF,FF,1,0.041666666666666664
2015.0,519008,IN,IN,1,0.06666666666666667
2015.0,519008,CH,SI,1,0.04
2015.0,519043,KC,SI,8,0.4
2015.0,519043,FC,FF,8,0.5333333333333333
2015.0,519043,KC,FF,7,0.35
2015.0,519043,FF,KC,7,0.3684210526315789
2015.0,519043,CH,FC,6,0.3
2015.0,519043,SI,CH,6,0.3
2015.0,519043,CH,CH,5,0.25
2015.0,519043,SI,KC,5,0.25
2015.0,519043,CH,SI,4,0.2
2015.0,519043,FC,CH,4,0.26666666666666666
2015.0,519043,FF,FC,4,0.21052631578947367
2015.0,519043,CH,KC,3,0.15
2015.0,519043,FC,SI,3,0.2
2015.0,519043,SI,SI,3,0.15
2015.0,519043,IN,KC,3,0.6
2015.0,519043,FF,CH,3,0.15789473684210525
2015.0,519043,SI,FC,3,0.15
2015.0,519043,KC,KC,2,0.1
2015.0,519043,KC,FC,2,0.1
2015.0,519043,CH,FF,2,0.1
2015.0,519043,FF,IN,2,0.10526315789473684
2015.0,519043,FF,SI,2,0.10526315789473684
2015.0,519043,SI,IN,2,0.1
2015.0,519043,KC,CH,1,0.05
2015.0,519043,SI,FF,1,0.05
2015.0,519043,FF,FF,1,0.05263157894736842
2015.0,519043,IN,IN,1,0.2
2015.0,519043,IN,FF,1,0.2
2015.0,519076,KC,SI,13,0.43333333333333335
2015.0,519076,SI,SL,13,0.43333333333333335
2015.0,519076,SL,SI,10,0.3448275862068966
2015.0,519076,FF,CH,9,0.3
2015.0,519076,IN,KC,9,0.45
2015.0,519076,IN,FF,9,0.45
2015.0,519076,CH,FF,8,0.32
2015.0,519076,FF,IN,8,0.26666666666666666
2015.0,519076,SL,KC,6,0.20689655172413793
2015.0,519076,CH,SL,5,0.2
2015.0,519076,CH,CH,5,0.2
2015.0,519076,SI,KC,5,0.16666666666666666
2015.0,519076,KC,SL,4,0.13333333333333333
2015.0,519076,KC,FF,4,0.13333333333333333
2015.0,519076,KC,IN,4,0.13333333333333333
2015.0,519076,SL,SL,4,0.13793103448275862
2015.0,519076,FF,FF,4,0.13333333333333333
2015.0,519076,FF,KC,4,0.13333333333333333
2015.0,519076,SL,FF,4,0.13793103448275862
2015.0,519076,SI,CH,4,0.13333333333333333
2015.0,519076,CH,KC,3,0.12
2015.0,519076,SL,IN,3,0.10344827586206896
2015.0,519076,SI,IN,3,0.1
2015.0,519076,KC,CH,2,0.06666666666666667
2015.0,519076,KC,KC,2,0.06666666666666667
2015.0,519076,CH,SI,2,0.08
2015.0,519076,SI,SI,2,0.06666666666666667
2015.0,519076,SL,CH,2,0.06896551724137931
2015.0,519076,SI,PO,2,0.06666666666666667
2015.0,519076,FF,SI,2,0.06666666666666667
2015.0,519076,FF,SL,2,0.06666666666666667
2015.0,519076,PO,CH,2,0.4
2015.0,519076,KC,PO,1,0.03333333333333333
2015.0,519076,CH,PO,1,0.04
2015.0,519076,CH,IN,1,0.04
2015.0,519076,PO,IN,1,0.2
2015.0,519076,SI,FF,1,0.03333333333333333
2015.0,519076,FF,PO,1,0.03333333333333333
2015.0,519076,IN,SL,1,0.05
2015.0,519076,IN,CH,1,0.05
2015.0,519076,PO,SI,1,0.2
2015.0,519076,PO,KC,1,0.2
2015.0,519085,KC,FF,6,0.4
2015.0,519085,SL,CH,6,0.4
2015.0,519085,KC,SI,5,0.3333333333333333
2015.0,519085,SI,KC,5,0.35714285714285715
2015.0,519085,CH,FF,4,0.26666666666666666
2015.0,519085,CH,CH,4,0.26666666666666666
2015.0,519085,FF,SI,4,0.26666666666666666
2015.0,519085,SI,SL,4,0.2857142857142857
2015.0,519085,FF,KC,4,0.26666666666666666
2015.0,519085,CH,SL,3,0.2
2015.0,519085,CH,KC,3,0.2
2015.0,519085,SL,SI,3,0.2
2015.0,519085,FF,CH,3,0.2
2015.0,519085,FF,SL,3,0.2
2015.0,519085,SL,SL,3,0.2
2015.0,519085,KC,SL,2,0.13333333333333333
2015.0,519085,KC,KC,2,0.13333333333333333
2015.0,519085,SL,FF,2,0.13333333333333333
2015.0,519085,SI,CH,2,0.14285714285714285
2015.0,519085,SI,FF,2,0.14285714285714285
2015.0,519085,CH,SI,1,0.06666666666666667
2015.0,519085,SL,KC,1,0.06666666666666667
2015.0,519085,SI,SI,1,0.07142857142857142
2015.0,519085,FF,FF,1,0.06666666666666667
2015.0,519096,SL,SI,15,0.5
2015.0,519096,SI,SL,15,0.5
2015.0,519096,CU,CH,10,0.5
2015.0,519096,CH,SL,10,0.3333333333333333
2015.0,519096,FF,CU,8,0.27586206896551724
2015.0,519096,SI,FF,8,0.26666666666666666
2015.0,519096,FF,CH,8,0.27586206896551724
2015.0,519096,CU,FF,8,0.4
2015.0,519096,FF,SI,7,0.2413793103448276
2015.0,519096,CH,FF,6,0.2
2015.0,519096,SL,CU,5,0.16666666666666666
2015.0,519096,SL,CH,5,0.16666666666666666
2015.0,519096,CH,CH,5,0.16666666666666666
2015.0,519096,IN,SI,4,0.4
2015.0,519096,IN,FF,4,0.4
2015.0,519096,SI,IN,4,0.13333333333333333
2015.0,519096,CH,CU,4,0.13333333333333333
2015.0,519096,SL,SL,3,0.1
2015.0,519096,FF,FF,3,0.10344827586206896
2015.0,519096,CH,SI,3,0.1
2015.0,519096,SL,IN,2,0.06666666666666667
2015.0,519096,IN,CU,2,0.2
2015.0,519096,SI,CH,2,0.06666666666666667
2015.0,519096,FF,IN,2,0.06896551724137931
2015.0,519096,CH,IN,2,0.06666666666666667
2015.0,519096,FF,SL,1,0.034482758620689655
2015.0,519096,SI,CU,1,0.03333333333333333
2015.0,519096,CU,SL,1,0.05
2015.0,519096,CU,SI,1,0.05
2015.0,519141,FF,KC,11,0.36666666666666664
2015.0,519141,KC,FF,9,0.3103448275862069
2015.0,519141,KC,KC,8,0.27586206896551724
2015.0,519141,CH,FF,6,0.4
2015.0,519141,FF,FF,5,0.16666666666666666
2015.0,519141,FF,CH,5,0.16666666666666666
2015.0,519141,CH,KC,4,0.26666666666666666
2015.0,519141,SI,CH,4,0.4
2015.0,519141,FF,CU,4,0.13333333333333333
2015.0,519141,CH,SI,3,0.2
2015.0,519141,KC,CH,3,0.10344827586206896
2015.0,519141,CU,FF,3,0.3
2015.0,519141,PO,FF,2,0.4
2015.0,519141,PO,SI,2,0.4
2015.0,519141,KC,PO,2,0.06896551724137931
2015.0,519141,KC,IN,2,0.06896551724137931
2015.0,519141,KC,SI,2,0.06896551724137931
2015.0,519141,KC,CU,2,0.06896551724137931
2015.0,519141,CU,KC,2,0.2
2015.0,519141,CU,FC,2,0.2
2015.0,519141,CU,CH,2,0.2
2015.0,519141,FF,FC,2,0.06666666666666667
2015.0,519141,FF,SI,2,0.06666666666666667
2015.0,519141,IN,FF,2,0.4
2015.0,519141,SI,KC,2,0.2
2015.0,519141,IN,CU,2,0.4
2015.0,519141,SI,FF,2,0.2
2015.0,519141,SI,PO,2,0.2
2015.0,519141,FC,FF,1,0.2
2015.0,519141,PO,KC,1,0.2
2015.0,519141,FC,CH,1,0.2
2015.0,519141,FC,KC,1,0.2
2015.0,519141,FC,IN,1,0.2
2015.0,519141,FC,CU,1,0.2
2015.0,519141,KC,FC,1,0.034482758620689655
2015.0,519141,CH,IN,1,0.06666666666666667
2015.0,519141,CH,CU,1,0.06666666666666667
2015.0,519141,CU,SI,1,0.1
2015.0,519141,IN,PO,1,0.2
2015.0,519141,FF,IN,1,0.03333333333333333
2015.0,519144,FF,CU,16,0.45714285714285713
2015.0,519144,CU,CH,14,0.4
2015.0,519144,CH,CU,13,0.37142857142857144
2015.0,519144,SI,FF,12,0.34285714285714286
2015.0,519144,SI,SL,12,0.34285714285714286
2015.0,519144,SL,SI,11,0.3235294117647059
2015.0,519144,FF,SI,10,0.2857142857142857
2015.0,519144,CU,FF,9,0.2571428571428571
2015.0,519144,SL,FF,8,0.23529411764705882
2015.0,519144,CH,CH,8,0.22857142857142856
2015.0,519144,FF,SL,6,0.17142857142857143
2015.0,519144,SI,CH,6,0.17142857142857143
2015.0,519144,CU,SI,6,0.17142857142857143
2015.0,519144,SL,SL,6,0.17647058823529413
2015.0,519144,SL,CH,6,0.17647058823529413
2015.0,519144,CU,SL,5,0.14285714285714285
2015.0,519144,CH,SL,5,0.14285714285714285
2015.0,519144,CH,SI,5,0.14285714285714285
2015.0,519144,CH,FF,4,0.11428571428571428
2015.0,519144,SI,SI,3,0.08571428571428572
2015.0,519144,SL,CU,3,0.08823529411764706
2015.0,519144,SI,CU,2,0.05714285714285714
2015.0,519144,FF,FF,2,0.05714285714285714
2015.0,519144,FF,CH,1,0.02857142857142857
2015.0,519144,CU,CU,1,0.02857142857142857
2015.0,519151,SI,SL,6,0.42857142857142855
2015.0,519151,CU,FF,6,0.6
2015.0,519151,CH,CU,6,0.4
2015.0,519151,FF,SI,5,0.3333333333333333
2015.0,519151,SL,SL,4,0.26666666666666666
2015.0,519151,FF,CH,4,0.26666666666666666
2015.0,519151,SL,SI,3,0.2
2015.0,519151,SL,CH,3,0.2
2015.0,519151,SL,FF,3,0.2
2015.0,519151,IN,SI,3,0.6
2015.0,519151,SI,CH,3,0.21428571428571427
2015.0,519151,CH,FF,3,0.2
2015.0,519151,CU,CH,3,0.3
2015.0,519151,SL,CU,2,0.13333333333333333
2015.0,519151,SI,FF,2,0.14285714285714285
2015.0,519151,SI,IN,2,0.14285714285714285
2015.0,519151,FF,IN,2,0.13333333333333333
2015.0,519151,FF,SL,2,0.13333333333333333
2015.0,519151,CH,SI,2,0.13333333333333333
2015.0,519151,CH,SL,2,0.13333333333333333
2015.0,519151,CH,CH,2,0.13333333333333333
2015.0,519151,FF,CU,1,0.06666666666666667
2015.0,519151,IN,CU,1,0.2
2015.0,519151,IN,IN,1,0.2
2015.0,519151,SI,SI,1,0.07142857142857142
2015.0,519151,FF,FF,1,0.06666666666666667
2015.0,519151,CU,SL,1,0.1
2015.0,519166,SL,FF,14,0.7
2015.0,519166,FF,CU,9,0.375
2015.0,519166,FF,SL,8,0.3333333333333333
2015.0,519166,CU,SL,8,0.4
2015.0,519166,CU,FF,6,0.3
2015.0,519166,CU,CU,5,0.25
2015.0,519166,FF,FF,4,0.16666666666666666
2015.0,519166,FF,CH,3,0.125
2015.0,519166,CH,CU,3,0.6
2015.0,519166,SL,CU,3,0.15
2015.0,519166,SL,SL,3,0.15
2015.0,519166,CH,CH,1,0.2
2015.0,519166,CH,SL,1,0.2
2015.0,519166,CU,CH,1,0.05
2015.0,519168,FF,SL,8,0.5333333333333333
2015.0,519168,SL,FF,8,0.5333333333333333
2015.0,519168,FF,CU,7,0.4666666666666667
2015.0,519168,CU,CH,7,0.4666666666666667
2015.0,519168,CH,CU,4,0.4444444444444444
2015.0,519168,CU,FF,4,0.26666666666666666
2015.0,519168,CH,FF,3,0.3333333333333333
2015.0,519168,CU,SL,3,0.2
2015.0,519168,SL,CU,3,0.2
2015.0,519168,CH,SL,2,0.2222222222222222
2015.0,519168,SL,SL,2,0.13333333333333333
2015.0,519168,SL,CH,2,0.13333333333333333
2015.0,519168,CU,CU,1,0.06666666666666667
2015.0,519169,FF,SL,7,0.4666666666666667
2015.0,519169,SL,FF,6,0.42857142857142855
2015.0,519169,CU,FF,6,0.6
2015.0,519169,CH,CU,5,0.5
2015.0,519169,SL,SL,4,0.2857142857142857
2015.0,519169,FF,CU,4,0.26666666666666666
2015.0,519169,SL,CH,3,0.21428571428571427
2015.0,519169,FF,CH,3,0.2
2015.0,519169,CH,CH,2,0.2
2015.0,519169,CH,SL,2,0.2
2015.0,519169,CU,SL,2,0.2
2015.0,519169,CU,CH,2,0.2
2015.0,519169,SL,CU,1,0.07142857142857142
2015.0,519169,CH,FF,1,0.1
2015.0,519169,FF,FF,1,0.06666666666666667
2015.0,519186,KC,FF,10,0.6666666666666666
2015.0,519186,FF,CH,8,0.5714285714285714
2015.0,519186,FF,KC,5,0.35714285714285715
2015.0,519186,CH,KC,4,0.4
2015.0,519186,CH,FF,3,0.3
2015.0,519186,KC,KC,3,0.2
2015.0,519186,IN,KC,2,0.4
2015.0,519186,IN,FF,2,0.4
2015.0,519186,CH,CH,2,0.2
2015.0,519186,KC,IN,2,0.13333333333333333
2015.0,519186,FF,IN,1,0.07142857142857142
2015.0,519186,IN,IN,1,0.2
2015.0,519186,CH,IN,1,0.1
2015.0,519208,CU,CU,3,0.6
2015.0,519208,CH,CH,3,0.75
2015.0,519208,CU,CH,2,0.4
2015.0,519208,CH,CU,1,0.25
2015.0,519229,FF,CH,4,0.8
2015.0,519229,SI,SL,2,0.4
2015.0,519229,SI,FF,2,0.4
2015.0,519229,SL,SI,2,0.4
2015.0,519229,CH,FF,2,0.5
2015.0,519229,FF,SL,1,0.2
2015.0,519229,SI,SI,1,0.2
2015.0,519229,SL,FF,1,0.2
2015.0,519229,SL,CH,1,0.2
2015.0,519229,SL,SL,1,0.2
2015.0,519229,CH,SL,1,0.25
2015.0,519229,CH,SI,1,0.25
2015.0,519240,SL,SI,16,0.47058823529411764
2015.0,519240,SI,SL,15,0.42857142857142855
2015.0,519240,CH,SL,9,0.36
2015.0,519240,SI,IN,7,0.2
2015.0,519240,FF,CH,7,0.35
2015.0,519240,SL,SL,7,0.20588235294117646
2015.0,519240,FF,IN,6,0.3
2015.0,519240,SL,CH,6,0.17647058823529413
2015.0,519240,CH,FF,6,0.24
2015.0,519240,SI,SI,5,0.14285714285714285
2015.0,519240,IN,FF,5,0.3333333333333333
2015.0,519240,SI,CH,5,0.14285714285714285
2015.0,519240,IN,SI,5,0.3333333333333333
2015.0,519240,FF,SI,5,0.25
2015.0,519240,SL,FF,5,0.14705882352941177
2015.0,519240,CH,SI,4,0.16
2015.0,519240,CH,CH,4,0.16
2015.0,519240,SI,FF,3,0.08571428571428572
2015.0,519240,IN,SL,3,0.2
2015.0,519240,IN,CH,2,0.13333333333333333
2015.0,519240,CH,IN,2,0.08
2015.0,519240,FF,FF,1,0.05
2015.0,519240,FF,SL,1,0.05
2015.0,519242,SI,SL,18,0.5294117647058824
2015.0,519242,CH,SI,14,0.4
2015.0,519242,SL,CH,13,0.37142857142857144
2015.0,519242,SI,CH,11,0.3235294117647059
2015.0,519242,SL,SI,10,0.2857142857142857
2015.0,519242,SL,SL,10,0.2857142857142857
2015.0,519242,CH,CH,8,0.22857142857142856
2015.0,519242,CH,SL,7,0.2
2015.0,519242,SI,SI,4,0.11764705882352941
2015.0,519242,EP,SI,4,0.8
2015.0,519242,FA,CH,3,0.6
2015.0,519242,CH,FA,3,0.08571428571428572
2015.0,519242,CH,EP,3,0.08571428571428572
2015.0,519242,FA,SI,2,0.4
2015.0,519242,SL,EP,2,0.05714285714285714
2015.0,519242,SI,FA,1,0.029411764705882353
2015.0,519242,EP,FA,1,0.2
2015.0,519263,SI,CU,8,0.4
2015.0,519263,CU,CH,6,0.42857142857142855
2015.0,519263,CH,SI,5,0.3333333333333333
2015.0,519263,CU,SI,4,0.2857142857142857
2015.0,519263,SI,SI,4,0.2
2015.0,519263,FF,SI,4,0.8
2015.0,519263,CH,CU,4,0.26666666666666666
2015.0,519263,CH,CH,4,0.26666666666666666
2015.0,519263,IN,SI,3,0.6
2015.0,519263,SI,IN,3,0.15
2015.0,519263,SI,CH,3,0.15
2015.0,519263,IN,CH,2,0.4
2015.0,519263,CU,FF,2,0.14285714285714285
2015.0,519263,SI,FF,2,0.1
2015.0,519263,CU,IN,1,0.07142857142857142
2015.0,519263,CU,CU,1,0.07142857142857142
2015.0,519263,FF,CU,1,0.2
2015.0,519263,CH,IN,1,0.06666666666666667
2015.0,519263,CH,FF,1,0.06666666666666667
2015.0,519267,FC,FF,13,0.52
2015.0,519267,CU,FC,12,0.48
2015.0,519267,FF,CU,11,0.4583333333333333
2015.0,519267,FF,FC,9,0.375
2015.0,519267,FC,CU,8,0.32
2015.0,519267,CU,FF,7,0.28
2015.0,519267,CU,CU,5,0.2
2015.0,519267,FC,FC,3,0.12
2015.0,519267,FF,SI,2,0.08333333333333333
2015.0,519267,SI,FF,2,0.4
2015.0,519267,FF,FF,2,0.08333333333333333
2015.0,519267,SI,FC,1,0.2
2015.0,519267,SI,CU,1,0.2
2015.0,519267,SI,SI,1,0.2
2015.0,519267,FC,SI,1,0.04
2015.0,519267,CU,SI,1,0.04
2015.0,519293,CU,FF,16,0.45714285714285713
2015.0,519293,FF,CU,15,0.4411764705882353
2015.0,519293,SL,SL,11,0.3142857142857143
2015.0,519293,CU,CU,11,0.3142857142857143
2015.0,519293,SI,SL,11,0.55
2015.0,519293,SL,SI,9,0.2571428571428571
2015.0,519293,SL,FF,8,0.22857142857142856
2015.0,519293,FF,SL,7,0.20588235294117646
2015.0,519293,FF,SI,6,0.17647058823529413
2015.0,519293,SL,CU,5,0.14285714285714285
2015.0,519293,CU,SL,5,0.14285714285714285
2015.0,519293,SI,FF,4,0.2
2015.0,519293,FF,FF,4,0.11764705882352941
2015.0,519293,SI,CU,4,0.2
2015.0,519293,IN,FF,3,0.6
2015.0,519293,SL,IN,2,0.05714285714285714
2015.0,519293,CU,SI,2,0.05714285714285714
2015.0,519293,FF,IN,2,0.058823529411764705
2015.0,519293,IN,SI,2,0.4
2015.0,519293,CU,IN,1,0.02857142857142857
2015.0,519293,SI,SI,1,0.05
2015.0,519301,KC,SI,12,0.48
2015.0,519301,SI,KC,11,0.44
2015.0,519301,KC,CH,8,0.32
2015.0,519301,SI,CH,8,0.32
2015.0,519301,CH,IN,7,0.28
2015.0,519301,CH,CH,6,0.24
2015.0,519301,IN,KC,6,0.6666666666666666
2015.0,519301,CH,KC,5,0.2
2015.0,519301,CH,SI,5,0.2
2015.0,519301,SL,SI,3,0.6
2015.0,519301,KC,KC,3,0.12
2015.0,519301,SI,SI,3,0.12
2015.0,519301,KC,IN,2,0.08
2015.0,519301,CH,SL,2,0.08
2015.0,519301,SI,SL,2,0.08
2015.0,519301,IN,CH,2,0.2222222222222222
2015.0,519301,SL,SL,1,0.2
2015.0,519301,SL,CH,1,0.2
2015.0,519301,IN,SI,1,0.1111111111111111
2015.0,519301,SI,IN,1,0.04
2015.0,519322,SL,SI,13,0.43333333333333335
2015.0,519322,SI,SL,12,0.41379310344827586
2015.0,519322,CH,FF,11,0.36666666666666664
2015.0,519322,CH,CH,10,0.3333333333333333
2015.0,519322,FF,CH,9,0.3
2015.0,519322,SL,CH,7,0.23333333333333334
2015.0,519322,FF,SI,7,0.23333333333333334
2015.0,519322,SI,FF,7,0.2413793103448276
2015.0,519322,IN,FF,7,0.4666666666666667
2015.0,519322,CH,SL,6,0.2
2015.0,519322,SL,SL,6,0.2
2015.0,519322,SI,IN,6,0.20689655172413793
2015.0,519322,FF,IN,6,0.2
2015.0,519322,IN,SI,6,0.4
2015.0,519322,FF,SL,6,0.2
2015.0,519322,SL,FF,3,0.1
2015.0,519322,CH,SI,2,0.06666666666666667
2015.0,519322,SI,CH,2,0.06896551724137931
2015.0,519322,IN,CH,2,0.13333333333333333
2015.0,519322,FF,FF,2,0.06666666666666667
2015.0,519322,SI,SI,2,0.06896551724137931
2015.0,519322,CH,IN,1,0.03333333333333333
2015.0,519322,SL,IN,1,0.03333333333333333
2015.0,519326,CH,CU,11,0.44
2015.0,519326,CU,CH,11,0.44
2015.0,519326,CU,FF,9,0.36
2015.0,519326,FF,SI,8,0.3333333333333333
2015.0,519326,FF,CU,7,0.2916666666666667
2015.0,519326,SI,FF,7,0.28
2015.0,519326,SI,SI,7,0.28
2015.0,519326,CH,CH,5,0.2
2015.0,519326,CH,FF,5,0.2
2015.0,519326,SI,CU,4,0.16
2015.0,519326,SL,SI,4,0.8
2015.0,519326,SI,CH,4,0.16
2015.0,519326,CU,SI,3,0.12
2015.0,519326,FF,CH,3,0.125
2015.0,519326,CH,SI,2,0.08
2015.0,519326,CU,CU,2,0.08
2015.0,519326,SI,IN,2,0.08
2015.0,519326,FF,IN,2,0.08333333333333333
2015.0,519326,IN,FF,2,0.4
2015.0,519326,FF,FF,2,0.08333333333333333
2015.0,519326,FF,SL,2,0.08333333333333333
2015.0,519326,CH,SL,1,0.04
2015.0,519326,CH,IN,1,0.04
2015.0,519326,SL,CH,1,0.2
2015.0,519326,SI,SL,1,0.04
2015.0,519326,IN,SL,1,0.2
2015.0,519326,IN,CU,1,0.2
2015.0,519326,IN,CH,1,0.2
2015.0,519381,SL,SI,11,0.5789473684210527
2015.0,519381,SI,SL,10,0.5
2015.0,519381,SI,CH,7,0.35
2015.0,519381,CH,SI,6,0.6
2015.0,519381,SL,SL,6,0.3157894736842105
2015.0,519381,CH,SL,4,0.4
2015.0,519381,SI,SI,3,0.15
2015.0,519381,SL,CH,2,0.10526315789473684
2015.0,519411,FF,CU,3,0.6
2015.0,519411,SI,FF,3,0.6
2015.0,519411,CU,FF,2,0.4
2015.0,519411,CU,CH,2,0.4
2015.0,519411,CH,SI,2,0.5
2015.0,519411,FF,SI,1,0.2
2015.0,519411,SI,CU,1,0.2
2015.0,519411,FF,CH,1,0.2
2015.0,519411,SI,SI,1,0.2
2015.0,519411,CH,CH,1,0.25
2015.0,519411,CU,SI,1,0.2
2015.0,519411,CH,CU,1,0.25
2015.0,519455,FF,CU,12,0.4
2015.0,519455,CU,FF,10,0.3333333333333333
2015.0,519455,SI,SL,10,0.3333333333333333
2015.0,519455,SI,FF,10,0.3333333333333333
2015.0,519455,CU,CH,9,0.3
2015.0,519455,SL,SI,9,0.3
2015.0,519455,FF,SI,8,0.26666666666666666
2015.0,519455,SL,SL,7,0.23333333333333334
2015.0,519455,CH,SL,6,0.25
2015.0,519455,CH,CU,6,0.25
2015.0,519455,SL,CH,5,0.16666666666666666
2015.0,519455,IN,SI,5,0.5
2015.0,519455,FF,IN,5,0.16666666666666666
2015.0,519455,CH,SI,4,0.16666666666666666
2015.0,519455,CU,SL,4,0.13333333333333333
2015.0,519455,CU,CU,4,0.13333333333333333
2015.0,519455,SI,CU,4,0.13333333333333333
2015.0,519455,SL,FF,4,0.13333333333333333
2015.0,519455,SL,CU,4,0.13333333333333333
2015.0,519455,CH,FF,3,0.125
2015.0,519455,CH,CH,3,0.125
2015.0,519455,CU,SI,3,0.1
2015.0,519455,FF,CH,3,0.1
2015.0,519455,SI,CH,3,0.1
2015.0,519455,CH,IN,2,0.08333333333333333
2015.0,519455,IN,CH,2,0.2
2015.0,519455,FF,SL,2,0.06666666666666667
2015.0,519455,SI,IN,2,0.06666666666666667
2015.0,519455,IN,FF,2,0.2
2015.0,519455,IN,SL,1,0.1
2015.0,519455,SI,SI,1,0.03333333333333333
2015.0,519455,SL,IN,1,0.03333333333333333
2015.0,520980,SI,SL,15,0.42857142857142855
2015.0,520980,FF,CH,15,0.42857142857142855
2015.0,520980,SL,SI,14,0.4
2015.0,520980,CH,FF,12,0.35294117647058826
2015.0,520980,SI,FF,11,0.3142857142857143
2015.0,520980,FF,SI,10,0.2857142857142857
2015.0,520980,SL,SL,10,0.2857142857142857
2015.0,520980,CH,CH,9,0.2647058823529412
2015.0,520980,CH,SL,8,0.23529411764705882
2015.0,520980,SL,CH,6,0.17142857142857143
2015.0,520980,FF,FF,5,0.14285714285714285
2015.0,520980,SI,CH,5,0.14285714285714285
2015.0,520980,SL,FF,5,0.14285714285714285
2015.0,520980,CH,SI,4,0.11764705882352941
2015.0,520980,SI,SI,4,0.11428571428571428
2015.0,520980,FF,IN,4,0.11428571428571428
2015.0,520980,IN,SI,3,0.6
2015.0,520980,CH,IN,1,0.029411764705882353
2015.0,520980,FF,SL,1,0.02857142857142857
2015.0,520980,IN,FF,1,0.2
2015.0,520980,IN,SL,1,0.2
2015.0,521230,SI,FF,14,0.4
2015.0,521230,FF,SI,12,0.35294117647058826
2015.0,521230,CU,FF,12,0.4
2015.0,521230,CU,CH,11,0.36666666666666664
2015.0,521230,SL,SI,10,0.2857142857142857
2015.0,521230,CH,CU,10,0.3333333333333333
2015.0,521230,SI,SL,10,0.2857142857142857
2015.0,521230,SL,SL,9,0.2571428571428571
2015.0,521230,CH,SL,9,0.3
2015.0,521230,FF,CU,9,0.2647058823529412
2015.0,521230,SL,CU,7,0.2
2015.0,521230,SL,CH,6,0.17142857142857143
2015.0,521230,CH,FF,5,0.16666666666666666
2015.0,521230,SI,CH,5,0.14285714285714285
2015.0,521230,FF,SL,4,0.11764705882352941
2015.0,521230,IN,SI,4,0.8
2015.0,521230,SI,SI,4,0.11428571428571428
2015.0,521230,FF,CH,4,0.11764705882352941
2015.0,521230,FF,IN,4,0.11764705882352941
2015.0,521230,SL,FF,3,0.08571428571428572
2015.0,521230,CH,CH,3,0.1
2015.0,521230,CU,SI,3,0.1
2015.0,521230,CH,SI,2,0.06666666666666667
2015.0,521230,SI,CU,2,0.05714285714285714
2015.0,521230,CU,CU,2,0.06666666666666667
2015.0,521230,CU,SL,2,0.06666666666666667
2015.0,521230,CH,IN,1,0.03333333333333333
2015.0,521230,IN,SL,1,0.2
2015.0,521230,FF,FF,1,0.029411764705882353
2015.0,523260,SL,SI,13,0.43333333333333335
2015.0,523260,SI,SL,13,0.4482758620689655
2015.0,523260,CU,FF,13,0.43333333333333335
2015.0,523260,CH,CU,13,0.43333333333333335
2015.0,523260,CU,CH,12,0.4
2015.0,523260,FF,SI,11,0.36666666666666664
2015.0,523260,SI,FF,9,0.3103448275862069
2015.0,523260,FF,CU,9,0.3
2015.0,523260,SL,SL,7,0.23333333333333334
2015.0,523260,CH,CH,7,0.23333333333333334
2015.0,523260,SL,CH,5,0.16666666666666666
2015.0,523260,FF,SL,5,0.16666666666666666
2015.0,523260,CH,SL,5,0.16666666666666666
2015.0,523260,CH,FF,4,0.13333333333333333
2015.0,523260,SL,CU,3,0.1
2015.0,523260,FF,CH,3,0.1
2015.0,523260,SI,CH,3,0.10344827586206896
2015.0,523260,CU,SI,3,0.1
2015.0,523260,SL,FF,2,0.06666666666666667
2015.0,523260,FF,FF,2,0.06666666666666667
2015.0,523260,SI,CU,2,0.06896551724137931
2015.0,523260,SI,SI,2,0.06896551724137931
2015.0,523260,CU,CU,2,0.06666666666666667
2015.0,523260,CH,SI,1,0.03333333333333333
2015.0,523848,SL,FF,4,1.0
2015.0,523848,FF,SL,4,0.8
2015.0,523848,FF,FF,1,0.2
2015.0,523989,SI,SL,19,0.5428571428571428
2015.0,523989,SL,SI,17,0.4857142857142857
2015.0,523989,CU,FF,11,0.44
2015.0,523989,CU,CH,10,0.4
2015.0,523989,CH,CU,10,0.29411764705882354
2015.0,523989,CH,CH,9,0.2647058823529412
2015.0,523989,FF,CU,9,0.2571428571428571
2015.0,523989,SI,FF,9,0.2571428571428571
2015.0,523989,FF,CH,9,0.2571428571428571
2015.0,523989,FF,SI,8,0.22857142857142856
2015.0,523989,IN,FF,6,0.4
2015.0,523989,SL,SL,5,0.14285714285714285
2015.0,523989,SL,IN,5,0.14285714285714285
2015.0,523989,CH,FF,5,0.14705882352941177
2015.0,523989,CH,SI,4,0.11764705882352941
2015.0,523989,IN,SI,4,0.26666666666666666
2015.0,523989,FF,IN,4,0.11428571428571428
2015.0,523989,SL,CU,3,0.08571428571428572
2015.0,523989,SL,CH,3,0.08571428571428572
2015.0,523989,PO,FF,3,0.6
2015.0,523989,CH,IN,3,0.08823529411764706
2015.0,523989,CH,SL,3,0.08823529411764706
2015.0,523989,CU,SL,3,0.12
2015.0,523989,SI,IN,3,0.08571428571428572
2015.0,523989,FF,SL,3,0.08571428571428572
2015.0,523989,IN,CH,3,0.2
2015.0,523989,FF,PO,2,0.05714285714285714
2015.0,523989,IN,SL,2,0.13333333333333333
2015.0,523989,SI,PO,2,0.05714285714285714
2015.0,523989,SI,CU,2,0.05714285714285714
2015.0,523989,SL,PO,1,0.02857142857142857
2015.0,523989,SL,FF,1,0.02857142857142857
2015.0,523989,PO,CH,1,0.2
2015.0,523989,PO,SI,1,0.2
2015.0,523989,CU,SI,1,0.04
2015.0,527048,SL,SI,10,0.5
2015.0,527048,FF,CU,6,0.3
2015.0,527048,CU,CH,6,0.3
2015.0,527048,CU,FF,6,0.3
2015.0,527048,CH,CU,6,0.3157894736842105
2015.0,527048,SI,SL,5,0.25
2015.0,527048,SI,IN,5,0.25
2015.0,527048,FF,SL,5,0.25
2015.0,527048,IN,FF,5,0.5
2015.0,527048,CH,CH,5,0.2631578947368421
2015.0,527048,FF,SI,4,0.2
2015.0,527048,FF,IN,4,0.2
2015.0,527048,SI,CH,4,0.2
2015.0,527048,CU,CU,4,0.2
2015.0,527048,SL,SL,4,0.2
2015.0,527048,CH,SL,4,0.21052631578947367
2015.0,527048,SI,FF,3,0.15
2015.0,527048,SL,CH,3,0.15
2015.0,527048,CH,FF,3,0.15789473684210525
2015.0,527048,SI,CU,2,0.1
2015.0,527048,CU,SI,2,0.1
2015.0,527048,IN,SI,2,0.2
2015.0,527048,SL,FF,2,0.1
2015.0,527048,FF,CH,1,0.05
2015.0,527048,SI,SI,1,0.05
2015.0,527048,CU,IN,1,0.05
2015.0,527048,CU,SL,1,0.05
2015.0,527048,IN,CU,1,0.1
2015.0,527048,IN,CH,1,0.1
2015.0,527048,IN,SL,1,0.1
2015.0,527048,SL,CU,1,0.05
2015.0,527048,CH,SI,1,0.05263157894736842
2015.0,527054,SI,SL,19,0.5428571428571428
2015.0,527054,CU,FF,17,0.5
2015.0,527054,FF,SI,13,0.37142857142857144
2015.0,527054,CH,CU,13,0.37142857142857144
2015.0,527054,FF,CU,12,0.34285714285714286
2015.0,527054,CU,CH,12,0.35294117647058826
2015.0,527054,SL,CH,10,0.2857142857142857
2015.0,527054,SL,SI,9,0.2571428571428571
2015.0,527054,CH,CH,7,0.2
2015.0,527054,SL,CU,6,0.17142857142857143
2015.0,527054,SL,SL,6,0.17142857142857143
2015.0,527054,SI,IN,6,0.17142857142857143
2015.0,527054,IN,FF,5,0.5
2015.0,527054,SI,FF,5,0.14285714285714285
2015.0,527054,CH,SL,5,0.14285714285714285
2015.0,527054,IN,SI,4,0.4
2015.0,527054,CH,SI,4,0.11428571428571428
2015.0,527054,CH,FF,4,0.11428571428571428
2015.0,527054,PO,SI,3,0.6
2015.0,527054,SL,FF,3,0.08571428571428572
2015.0,527054,FF,CH,3,0.08571428571428572
2015.0,527054,SI,CU,3,0.08571428571428572
2015.0,527054,FF,PO,2,0.05714285714285714
2015.0,527054,FF,IN,2,0.05714285714285714
2015.0,527054,FF,SL,2,0.05714285714285714
2015.0,527054,SI,CH,2,0.05714285714285714
2015.0,527054,CU,SI,2,0.058823529411764705
2015.0,527054,PO,PO,1,0.2
2015.0,527054,PO,SL,1,0.2
2015.0,527054,SL,IN,1,0.02857142857142857
2015.0,527054,IN,SL,1,0.1
2015.0,527054,FF,FF,1,0.02857142857142857
2015.0,527054,CU,CU,1,0.029411764705882353
2015.0,527054,CH,PO,1,0.02857142857142857
2015.0,527054,CH,IN,1,0.02857142857142857
2015.0,527054,CU,SL,1,0.029411764705882353
2015.0,527054,CU,PO,1,0.029411764705882353
2015.0,527055,SL,SI,10,0.5263157894736842
2015.0,527055,SI,SL,10,0.5
2015.0,527055,CH,FF,7,0.7
2015.0,527055,FF,SL,6,0.3
2015.0,527055,SI,FF,5,0.25
2015.0,527055,SL,FF,4,0.21052631578947367
2015.0,527055,FF,CH,4,0.2
2015.0,527055,FF,IN,4,0.2
2015.0,527055,SL,SL,3,0.15789473684210525
2015.0,527055,FF,SI,3,0.15
2015.0,527055,SI,CH,3,0.15
2015.0,527055,FF,FF,3,0.15
2015.0,527055,IN,SI,3,0.6
2015.0,527055,CH,SI,2,0.2
2015.0,527055,SI,SI,2,0.1
2015.0,527055,CH,SL,1,0.1
2015.0,527055,SL,IN,1,0.05263157894736842
2015.0,527055,SL,CH,1,0.05263157894736842
2015.0,527055,IN,FF,1,0.2
2015.0,527055,IN,CH,1,0.2
2015.0,532077,SI,SL,17,0.4857142857142857
2015.0,532077,SL,SI,16,0.45714285714285713
2015.0,532077,FF,FC,14,0.4
2015.0,532077,FC,CH,13,0.43333333333333335
2015.0,532077,SI,FF,13,0.37142857142857144
2015.0,532077,FC,FF,11,0.36666666666666664
2015.0,532077,CH,CH,10,0.2857142857142857
2015.0,532077,CH,FC,9,0.2571428571428571
2015.0,532077,FF,SI,9,0.2571428571428571
2015.0,532077,SL,SL,8,0.22857142857142856
2015.0,532077,CH,SL,6,0.17142857142857143
2015.0,532077,FF,CH,6,0.17142857142857143
2015.0,532077,IN,SI,6,0.6666666666666666
2015.0,532077,CH,FF,5,0.14285714285714285
2015.0,532077,SL,CH,4,0.11428571428571428
2015.0,532077,SL,FF,4,0.11428571428571428
2015.0,532077,FF,IN,4,0.11428571428571428
2015.0,532077,CH,IN,3,0.08571428571428572
2015.0,532077,SL,FC,3,0.08571428571428572
2015.0,532077,CH,SI,2,0.05714285714285714
2015.0,532077,SI,IN,2,0.05714285714285714
2015.0,532077,FC,SL,2,0.06666666666666667
2015.0,532077,FC,FC,2,0.06666666666666667
2015.0,532077,FF,SL,2,0.05714285714285714
2015.0,532077,IN,FF,2,0.2222222222222222
2015.0,532077,SI,FC,2,0.05714285714285714
2015.0,532077,SI,SI,1,0.02857142857142857
2015.0,532077,FC,SI,1,0.03333333333333333
2015.0,532077,FC,IN,1,0.03333333333333333
2015.0,532077,IN,CH,1,0.1111111111111111
2015.0,533167,SI,SL,14,0.4666666666666667
2015.0,533167,SL,SI,10,0.3333333333333333
2015.0,533167,CH,FF,10,0.3448275862068966
2015.0,533167,FF,CH,10,0.3333333333333333
2015.0,533167,KC,SI,9,0.3
2015.0,533167,CH,CH,9,0.3103448275862069
2015.0,533167,SI,KC,8,0.26666666666666666
2015.0,533167,FF,KC,8,0.26666666666666666
2015.0,533167,KC,FF,7,0.23333333333333334
2015.0,533167,SL,SL,5,0.16666666666666666
2015.0,533167,SL,FF,5,0.16666666666666666
2015.0,533167,SL,CH,4,0.13333333333333333
2015.0,533167,PO,SI,4,0.4
2015.0,533167,KC,PO,4,0.13333333333333333
2015.0,533167,KC,CH,4,0.13333333333333333
2015.0,533167,IN,KC,4,0.4
2015.0,533167,FF,IN,4,0.13333333333333333
2015.0,533167,SL,KC,3,0.1
2015.0,533167,PO,KC,3,0.3
2015.0,533167,CH,SI,3,0.10344827586206896
2015.0,533167,KC,IN,3,0.1
2015.0,533167,CH,SL,3,0.10344827586206896
2015.0,533167,FF,SL,3,0.1
2015.0,533167,SI,FF,3,0.1
2015.0,533167,SL,PO,2,0.06666666666666667
2015.0,533167,PO,SL,2,0.2
2015.0,533167,KC,KC,2,0.06666666666666667
2015.0,533167,CH,IN,2,0.06896551724137931
2015.0,533167,IN,FF,2,0.2
2015.0,533167,IN,SL,2,0.2
2015.0,533167,SI,PO,2,0.06666666666666667
2015.0,533167,SI,CH,2,0.06666666666666667
2015.0,533167,FF,SI,2,0.06666666666666667
2015.0,533167,FF,FF,2,0.06666666666666667
2015.0,533167,SL,IN,1,0.03333333333333333
2015.0,533167,PO,FF,1,0.1
2015.0,533167,KC,SL,1,0.03333333333333333
2015.0,533167,CH,PO,1,0.034482758620689655
2015.0,533167,CH,KC,1,0.034482758620689655
2015.0,533167,IN,SI,1,0.1
2015.0,533167,IN,CH,1,0.1
2015.0,533167,SI,SI,1,0.03333333333333333
2015.0,533167,FF,PO,1,0.03333333333333333
2015.0,534812,FF,CU,17,0.4857142857142857
2015.0,534812,CU,CH,14,0.4
2015.0,534812,CH,CU,10,0.3333333333333333
2015.0,534812,CH,FF,10,0.3333333333333333
2015.0,534812,CU,FF,9,0.2571428571428571
2015.0,534812,FF,CH,9,0.2571428571428571
2015.0,534812,IN,FF,7,0.7
2015.0,534812,CH,CH,5,0.16666666666666666
2015.0,534812,FF,FF,5,0.14285714285714285
2015.0,534812,SL,FF,4,0.4444444444444444
2015.0,534812,CU,IN,4,0.11428571428571428
2015.0,534812,CU,CU,4,0.11428571428571428
2015.0,534812,CU,SL,4,0.11428571428571428
2015.0,534812,CH,IN,3,0.1
2015.0,534812,FF,SL,3,0.08571428571428572
2015.0,534812,CH,SL,2,0.06666666666666667
2015.0,534812,SL,CU,2,0.2222222222222222
2015.0,534812,SL,IN,2,0.2222222222222222
2015.0,534812,SL,CH,1,0.1111111111111111
2015.0,534812,IN,SL,1,0.1
2015.0,534812,IN,CU,1,0.1
2015.0,534812,FF,IN,1,0.02857142857142857
2015.0,534812,IN,CH,1,0.1
2015.0,534910,PO,SI,9,0.45
2015.0,534910,FF,CU,9,0.45
2015.0,534910,SL,SI,8,0.5333333333333333
2015.0,534910,SI,PO,8,0.4
2015.0,534910,SI,SL,8,0.4
2015.0,534910,CU,CH,8,0.4
2015.0,534910,FF,PO,6,0.3
2015.0,534910,CU,FF,6,0.3
2015.0,534910,CH,CH,5,0.2631578947368421
2015.0,534910,PO,FF,4,0.2
2015.0,534910,SL,CU,3,0.2
2015.0,534910,PO,CU,3,0.15
2015.0,534910,IN,FF,3,0.6
2015.0,534910,CH,CU,3,0.15789473684210525
2015.0,534910,CH,FF,3,0.15789473684210525
2015.0,534910,PO,CH,2,0.1
2015.0,534910,SL,FF,2,0.13333333333333333
2015.0,534910,FF,CH,2,0.1
2015.0,534910,IN,PO,2,0.4
2015.0,534910,CH,SI,2,0.10526315789473684
2015.0,534910,CH,SL,2,0.10526315789473684
2015.0,534910,CH,IN,2,0.10526315789473684
2015.0,534910,CH,PO,2,0.10526315789473684
2015.0,534910,CU,PO,2,0.1
2015.0,534910,CU,SL,2,0.1
2015.0,534910,PO,IN,1,0.05
2015.0,534910,SL,CH,1,0.06666666666666667
2015.0,534910,SL,SL,1,0.06666666666666667
2015.0,534910,PO,SL,1,0.05
2015.0,534910,SI,SI,1,0.05
2015.0,534910,SI,FF,1,0.05
2015.0,534910,SI,CU,1,0.05
2015.0,534910,SI,CH,1,0.05
2015.0,534910,FF,IN,1,0.05
2015.0,534910,FF,SL,1,0.05
2015.0,534910,FF,FF,1,0.05
2015.0,534910,CU,IN,1,0.05
2015.0,534910,CU,CU,1,0.05
2015.0,538506,FF,CU,3,0.75
2015.0,538506,CU,CH,3,0.6
2015.0,538506,SL,SI,2,0.4
2015.0,538506,CH,SI,2,0.4
2015.0,538506,SI,FF,2,0.4
2015.0,538506,SL,FF,1,0.2
2015.0,538506,SL,CH,1,0.2
2015.0,538506,SL,SL,1,0.2
2015.0,538506,CH,SL,1,0.2
2015.0,538506,CH,FF,1,0.2
2015.0,538506,CH,CU,1,0.2
2015.0,538506,FF,CH,1,0.25
2015.0,538506,SI,CU,1,0.2
2015.0,538506,SI,SL,1,0.2
2015.0,538506,SI,SI,1,0.2
2015.0,538506,CU,FF,1,0.2
2015.0,538506,CU,SL,1,0.2
2015.0,541640,SI,SL,17,0.4857142857142857
2015.0,541640,FF,CU,16,0.45714285714285713
2015.0,541640,SL,SI,15,0.42857142857142855
2015.0,541640,CU,CH,14,0.4117647058823529
2015.0,541640,FF,SI,13,0.37142857142857144
2015.0,541640,SI,FF,13,0.37142857142857144
2015.0,541640,CH,CU,13,0.37142857142857144
2015.0,541640,CU,FF,11,0.3235294117647059
2015.0,541640,CH,CH,8,0.22857142857142856
2015.0,541640,SL,CH,7,0.2
2015.0,541640,SL,FF,6,0.17142857142857143
2015.0,541640,SL,SL,6,0.17142857142857143
2015.0,541640,CH,SL,6,0.17142857142857143
2015.0,541640,CH,SI,4,0.11428571428571428
2015.0,541640,CH,FF,4,0.11428571428571428
2015.0,541640,FF,CH,3,0.08571428571428572
2015.0,541640,SI,CH,3,0.08571428571428572
2015.0,541640,CU,SL,3,0.08823529411764706
2015.0,541640,CU,CU,3,0.08823529411764706
2015.0,541640,CU,SI,3,0.08823529411764706
2015.0,541640,FF,SL,2,0.05714285714285714
2015.0,541640,SI,CU,2,0.05714285714285714
2015.0,541640,FF,FF,1,0.02857142857142857
2015.0,541640,SL,CU,1,0.02857142857142857
2015.0,541652,SL,FF,11,0.55
2015.0,541652,FF,CH,11,0.55
2015.0,541652,CH,FF,6,0.3
2015.0,541652,CH,CH,6,0.3
2015.0,541652,CH,SL,5,0.25
2015.0,541652,SL,SL,5,0.25
2015.0,541652,FF,SL,5,0.25
2015.0,541652,IN,SL,4,1.0
2015.0,541652,CH,FA,3,0.15
2015.0,541652,FA,FF,3,0.6
2015.0,541652,SL,CH,2,0.1
2015.0,541652,SL,IN,2,0.1
2015.0,541652,FF,IN,2,0.1
2015.0,541652,FF,FA,2,0.1
2015.0,541652,FA,CH,1,0.2
2015.0,541652,FA,SL,1,0.2
2015.0,542266,CH,CU,15,0.5172413793103449
2015.0,542266,CU,CH,15,0.5
2015.0,542266,FF,CU,13,0.43333333333333335
2015.0,542266,CU,FF,13,0.43333333333333335
2015.0,542266,FF,SI,11,0.36666666666666664
2015.0,542266,SI,FF,10,0.3333333333333333
2015.0,542266,SI,SI,10,0.3333333333333333
2015.0,542266,CH,CH,7,0.2413793103448276
2015.0,542266,SI,CH,6,0.2
2015.0,542266,CH,SI,4,0.13793103448275862
2015.0,542266,CH,FF,3,0.10344827586206896
2015.0,542266,FF,PO,3,0.1
2015.0,542266,PO,SI,3,0.6
2015.0,542266,PO,FF,2,0.4
2015.0,542266,SI,PO,2,0.06666666666666667
2015.0,542266,FF,FF,2,0.06666666666666667
2015.0,542266,SI,CU,2,0.06666666666666667
2015.0,542266,CU,SI,2,0.06666666666666667
2015.0,542266,FF,CH,1,0.03333333333333333
2015.0,542432,FF,SL,8,0.5333333333333333
2015.0,542432,CH,FF,6,0.42857142857142855
2015.0,542432,SL,CH,5,0.3333333333333333
2015.0,542432,CH,SL,4,0.2857142857142857
2015.0,542432,SL,IN,4,0.26666666666666666
2015.0,542432,FF,CH,4,0.26666666666666666
2015.0,542432,CH,CH,3,0.21428571428571427
2015.0,542432,SL,SL,3,0.2
2015.0,542432,SL,FF,3,0.2
2015.0,542432,IN,FF,3,0.6
2015.0,542432,FF,FF,3,0.2
2015.0,542432,IN,CH,2,0.4
2015.0,542432,CH,IN,1,0.07142857142857142
2015.0,542587,FF,CH,11,0.55
2015.0,542587,SL,FF,8,0.4
2015.0,542587,CH,FF,8,0.42105263157894735
2015.0,542587,SL,SL,6,0.3
2015.0,542587,FF,SL,6,0.3
2015.0,542587,CH,CH,5,0.2631578947368421
2015.0,542587,CH,SL,5,0.2631578947368421
2015.0,542587,SL,IN,3,0.15
2015.0,542587,SL,CH,3,0.15
2015.0,542587,FF,FF,2,0.1
2015.0,542587,IN,FF,2,0.4
2015.0,542587,IN,SL,2,0.4
2015.0,542587,CH,IN,1,0.05263157894736842
2015.0,542587,FF,IN,1,0.05
2015.0,542587,IN,CH,1,0.2
2015.0,542609,SL,FF,18,0.5142857142857142
2015.0,542609,SL,SL,17,0.4857142857142857
2015.0,542609,FF,FF,17,0.5
2015.0,542609,FF,SL,17,0.5
2015.0,542669,CH,FF,9,0.47368421052631576
2015.0,542669,FF,CH,8,0.4
2015.0,542669,SL,SI,6,0.3
2015.0,542669,CH,SL,6,0.3157894736842105
2015.0,542669,SI,SL,6,0.4
2015.0,542669,SL,FF,5,0.25
2015.0,542669,SL,SL,4,0.2
2015.0,542669,SL,CH,4,0.2
2015.0,542669,SI,CH,4,0.26666666666666666
2015.0,542669,FF,SI,4,0.2
2015.0,542669,FF,FS,4,0.2
2015.0,542669,CH,CH,3,0.15789473684210525
2015.0,542669,FF,SL,3,0.15
2015.0,542669,IN,SI,3,0.6
2015.0,542669,FS,IN,3,0.6
2015.0,542669,SI,FF,3,0.2
2015.0,542669,SL,IN,1,0.05
2015.0,542669,CH,SI,1,0.05263157894736842
2015.0,542669,IN,SL,1,0.2
2015.0,542669,IN,FS,1,0.2
2015.0,542669,FS,FF,1,0.2
2015.0,542669,FS,CH,1,0.2
2015.0,542669,SI,SI,1,0.06666666666666667
2015.0,542669,SI,IN,1,0.06666666666666667
2015.0,542669,FF,FF,1,0.05
2015.0,542674,SI,SL,11,0.44
2015.0,542674,FF,CH,11,0.36666666666666664
2015.0,542674,SL,SI,11,0.36666666666666664
2015.0,542674,CH,FF,10,0.3333333333333333
2015.0,542674,CH,CH,9,0.3
2015.0,542674,FF,SI,6,0.2
2015.0,542674,SI,FF,6,0.24
2015.0,542674,CH,SL,6,0.2
2015.0,542674,FF,IN,5,0.16666666666666666
2015.0,542674,IN,FF,5,0.3333333333333333
2015.0,542674,SL,IN,5,0.16666666666666666
2015.0,542674,SL,CH,5,0.16666666666666666
2015.0,542674,FF,SL,4,0.13333333333333333
2015.0,542674,IN,SI,4,0.26666666666666666
2015.0,542674,SL,FF,4,0.13333333333333333
2015.0,542674,SL,SL,4,0.13333333333333333
2015.0,542674,IN,SL,3,0.2
2015.0,542674,FF,CU,2,0.06666666666666667
2015.0,542674,SI,IN,2,0.08
2015.0,542674,SI,SI,2,0.08
2015.0,542674,FF,FF,2,0.06666666666666667
2015.0,542674,IN,CH,2,0.13333333333333333
2015.0,542674,SI,PO,2,0.08
2015.0,542674,CH,CU,2,0.06666666666666667
2015.0,542674,CH,IN,2,0.06666666666666667
2015.0,542674,PO,FF,2,0.4
2015.0,542674,SI,CH,1,0.04
2015.0,542674,SI,CU,1,0.04
2015.0,542674,IN,PO,1,0.06666666666666667
2015.0,542674,CU,FF,1,0.25
2015.0,542674,CU,CH,1,0.25
2015.0,542674,CU,SL,1,0.25
2015.0,542674,CH,SI,1,0.03333333333333333
2015.0,542674,CU,PO,1,0.25
2015.0,542674,PO,CH,1,0.2
2015.0,542674,PO,IN,1,0.2
2015.0,542674,SL,PO,1,0.03333333333333333
2015.0,542674,PO,SI,1,0.2
2015.0,542866,FF,CH,15,0.5
2015.0,542866,CH,FF,14,0.56
2015.0,542866,SL,FF,13,0.4482758620689655
2015.0,542866,FF,SL,12,0.4
2015.0,542866,CH,SL,9,0.36
2015.0,542866,SL,CH,8,0.27586206896551724
2015.0,542866,SL,SL,8,0.27586206896551724
2015.0,542866,FF,FF,3,0.1
2015.0,542866,CH,CH,2,0.08
2015.0,542882,FF,SI,16,0.45714285714285713
2015.0,542882,CU,FC,15,0.42857142857142855
2015.0,542882,CH,CU,15,0.6
2015.0,542882,SI,SL,15,0.42857142857142855
2015.0,542882,FC,FF,12,0.35294117647058826
2015.0,542882,SL,SI,11,0.3142857142857143
2015.0,542882,FC,CU,10,0.29411764705882354
2015.0,542882,CU,CH,10,0.2857142857142857
2015.0,542882,FF,FC,10,0.2857142857142857
2015.0,542882,SI,FF,10,0.2857142857142857
2015.0,542882,SL,CU,7,0.2
2015.0,542882,SL,SL,6,0.17142857142857143
2015.0,542882,FC,CH,5,0.14705882352941177
2015.0,542882,SL,FF,5,0.14285714285714285
2015.0,542882,SI,FC,5,0.14285714285714285
2015.0,542882,SL,CH,4,0.11428571428571428
2015.0,542882,CU,FF,4,0.11428571428571428
2015.0,542882,CU,SL,4,0.11428571428571428
2015.0,542882,FF,SL,4,0.11428571428571428
2015.0,542882,FC,SI,3,0.08823529411764706
2015.0,542882,FC,SL,3,0.08823529411764706
2015.0,542882,CH,SL,3,0.12
2015.0,542882,CH,FF,3,0.12
2015.0,542882,FF,CH,3,0.08571428571428572
2015.0,542882,SL,FC,2,0.05714285714285714
2015.0,542882,CH,FC,2,0.08
2015.0,542882,CH,SI,2,0.08
2015.0,542882,SI,CH,2,0.05714285714285714
2015.0,542882,SI,SI,2,0.05714285714285714
2015.0,542882,FC,FC,1,0.029411764705882353
2015.0,542882,CU,SI,1,0.02857142857142857
2015.0,542882,CU,CU,1,0.02857142857142857
2015.0,542882,FF,CU,1,0.02857142857142857
2015.0,542882,FF,FF,1,0.02857142857142857
2015.0,542882,SI,CU,1,0.02857142857142857
2015.0,542888,ST,ST,4,0.4
2015.0,542888,FC,FF,4,0.4
2015.0,542888,FF,FC,4,0.4444444444444444
2015.0,542888,SV,FF,3,0.6
2015.0,542888,FC,SV,3,0.3
2015.0,542888,ST,FF,3,0.3
2015.0,542888,ST,FC,3,0.3
2015.0,542888,FF,ST,3,0.3333333333333333
2015.0,542888,SV,ST,2,0.4
2015.0,542888,FC,FC,2,0.2
2015.0,542888,FF,SV,2,0.2222222222222222
2015.0,542888,FC,ST,1,0.1
2015.0,542914,FC,FF,15,0.5172413793103449
2015.0,542914,SL,SI,12,0.4
2015.0,542914,SI,SL,11,0.36666666666666664
2015.0,542914,FF,SI,11,0.36666666666666664
2015.0,542914,CH,FC,9,0.3
2015.0,542914,CH,SL,8,0.26666666666666666
2015.0,542914,FC,CH,8,0.27586206896551724
2015.0,542914,SI,FF,8,0.26666666666666666
2015.0,542914,FF,FC,8,0.26666666666666666
2015.0,542914,SL,CH,7,0.23333333333333334
2015.0,542914,SL,SL,7,0.23333333333333334
2015.0,542914,CH,CH,5,0.16666666666666666
2015.0,542914,CH,CU,4,0.13333333333333333
2015.0,542914,SI,FC,4,0.13333333333333333
2015.0,542914,FC,SL,3,0.10344827586206896
2015.0,542914,FC,FC,3,0.10344827586206896
2015.0,542914,CU,FC,3,0.6
2015.0,542914,IN,SI,3,0.6
2015.0,542914,FF,PO,3,0.1
2015.0,542914,FF,CH,3,0.1
2015.0,542914,SI,CH,3,0.1
2015.0,542914,SL,FC,3,0.1
2015.0,542914,CU,CH,2,0.4
2015.0,542914,PO,FF,2,0.4
2015.0,542914,IN,FF,2,0.4
2015.0,542914,FF,FF,2,0.06666666666666667
2015.0,542914,FF,IN,2,0.06666666666666667
2015.0,542914,PO,SI,2,0.4
2015.0,542914,CH,FF,1,0.03333333333333333
2015.0,542914,CH,SI,1,0.03333333333333333
2015.0,542914,CH,IN,1,0.03333333333333333
2015.0,542914,CH,PO,1,0.03333333333333333
2015.0,542914,SI,PO,1,0.03333333333333333
2015.0,542914,SI,SI,1,0.03333333333333333
2015.0,542914,SI,CU,1,0.03333333333333333
2015.0,542914,SI,IN,1,0.03333333333333333
2015.0,542914,FF,SL,1,0.03333333333333333
2015.0,542914,SL,IN,1,0.03333333333333333
2015.0,542914,PO,CH,1,0.2
2015.0,542923,CU,FF,3,0.6
2015.0,542923,SI,SI,3,0.6
2015.0,542923,CU,FS,2,0.4
2015.0,542923,IN,FS,2,0.4
2015.0,542923,FF,CU,2,0.4
2015.0,542923,SI,IN,2,0.4
2015.0,542923,IN,SI,2,0.4
2015.0,542923,FS,CU,2,0.5
2015.0,542923,FF,IN,1,0.2
2015.0,542923,FF,FS,1,0.2
2015.0,542923,FF,FF,1,0.2
2015.0,542923,IN,CU,1,0.2
2015.0,542923,FS,IN,1,0.25
2015.0,542923,FS,FF,1,0.25
2015.0,542924,FC,FF,3,0.6
2015.0,542924,CU,CH,3,0.6
2015.0,542924,FF,SI,3,0.6
2015.0,542924,CH,CU,2,0.5
2015.0,542924,CU,FC,2,0.4
2015.0,542924,SI,FF,2,0.4
2015.0,542924,SL,SL,2,0.4
2015.0,542924,CH,CH,1,0.25
2015.0,542924,CH,SL,1,0.25
2015.0,542924,FC,CU,1,0.2
2015.0,542924,FC,CH,1,0.2
2015.0,542924,FF,SL,1,0.2
2015.0,542924,SI,SI,1,0.2
2015.0,542924,SI,FC,1,0.2
2015.0,542924,SI,SL,1,0.2
2015.0,542924,SL,CU,1,0.2
2015.0,542924,SL,FC,1,0.2
2015.0,542924,SL,SI,1,0.2
2015.0,542924,FF,FC,1,0.2
2015.0,542960,SI,SL,18,0.5142857142857142
2015.0,542960,FF,FS,17,0.4857142857142857
2015.0,542960,SL,SI,15,0.42857142857142855
2015.0,542960,FS,FF,15,0.4411764705882353
2015.0,542960,FS,SI,11,0.3235294117647059
2015.0,542960,SL,FF,8,0.22857142857142856
2015.0,542960,FF,SL,8,0.22857142857142856
2015.0,542960,SI,FS,7,0.2
2015.0,542960,SL,SL,7,0.2
2015.0,542960,FF,FF,6,0.17142857142857143
2015.0,542960,FS,IN,6,0.17647058823529413
2015.0,542960,SI,FF,5,0.14285714285714285
2015.0,542960,SL,FS,5,0.14285714285714285
2015.0,542960,IN,FS,5,0.5
2015.0,542960,SI,IN,4,0.11428571428571428
2015.0,542960,FF,SI,4,0.11428571428571428
2015.0,542960,IN,SI,3,0.3
2015.0,542960,FS,SL,1,0.029411764705882353
2015.0,542960,FS,FS,1,0.029411764705882353
2015.0,542960,SI,SI,1,0.02857142857142857
2015.0,542960,IN,SL,1,0.1
2015.0,542960,IN,FF,1,0.1
2015.0,543037,FF,KC,16,0.45714285714285713
2015.0,543037,SI,SL,13,0.37142857142857144
2015.0,543037,SL,SI,11,0.3142857142857143
2015.0,543037,KC,FF,10,0.2857142857142857
2015.0,543037,CH,CH,10,0.2857142857142857
2015.0,543037,KC,SI,8,0.22857142857142856
2015.0,543037,CH,FF,8,0.22857142857142856
2015.0,543037,SI,KC,7,0.2
2015.0,543037,PO,SI,6,0.6
2015.0,543037,SL,SL,6,0.17142857142857143
2015.0,543037,FF,CH,6,0.17142857142857143
2015.0,543037,FF,CU,6,0.17142857142857143
2015.0,543037,CH,CU,6,0.17142857142857143
2015.0,543037,KC,PO,6,0.17142857142857143
2015.0,543037,CU,CH,6,0.3157894736842105
2015.0,543037,SL,FF,5,0.14285714285714285
2015.0,543037,CU,FF,5,0.2631578947368421
2015.0,543037,KC,CH,5,0.14285714285714285
2015.0,543037,SL,KC,4,0.11428571428571428
2015.0,543037,SL,CH,4,0.11428571428571428
2015.0,543037,FF,SL,4,0.11428571428571428
2015.0,543037,SI,SI,4,0.11428571428571428
2015.0,543037,SI,CH,4,0.11428571428571428
2015.0,543037,CH,SL,4,0.11428571428571428
2015.0,543037,SL,CU,3,0.08571428571428572
2015.0,543037,SI,FF,3,0.08571428571428572
2015.0,543037,CH,SI,3,0.08571428571428572
2015.0,543037,CH,KC,3,0.08571428571428572
2015.0,543037,KC,SL,3,0.08571428571428572
2015.0,543037,CU,SL,3,0.15789473684210525
2015.0,543037,PO,SL,2,0.2
2015.0,543037,IN,FF,2,0.4
2015.0,543037,IN,KC,2,0.4
2015.0,543037,SI,PO,2,0.05714285714285714
2015.0,543037,KC,KC,2,0.05714285714285714
2015.0,543037,CU,CU,2,0.10526315789473684
2015.0,543037,CU,IN,2,0.10526315789473684
2015.0,543037,SL,IN,1,0.02857142857142857
2015.0,543037,PO,KC,1,0.1
2015.0,543037,SL,PO,1,0.02857142857142857
2015.0,543037,PO,CU,1,0.1
2015.0,543037,IN,SI,1,0.2
2015.0,543037,FF,IN,1,0.02857142857142857
2015.0,543037,SI,IN,1,0.02857142857142857
2015.0,543037,SI,CU,1,0.02857142857142857
2015.0,543037,FF,SI,1,0.02857142857142857
2015.0,543037,FF,FF,1,0.02857142857142857
2015.0,543037,CU,SI,1,0.05263157894736842
2015.0,543037,CH,PO,1,0.02857142857142857
2015.0,543037,KC,CU,1,0.02857142857142857
2015.0,543045,FF,CH,12,0.48
2015.0,543045,SL,FF,11,0.44
2015.0,543045,FF,SL,11,0.44
2015.0,543045,CH,FF,9,0.375
2015.0,543045,CH,SL,7,0.2916666666666667
2015.0,543045,CH,CH,7,0.2916666666666667
2015.0,543045,SL,SL,6,0.24
2015.0,543045,SL,CH,5,0.2
2015.0,543045,IN,FF,4,0.8
2015.0,543045,SL,IN,3,0.12
2015.0,543045,CH,IN,1,0.041666666666666664
2015.0,543045,IN,SL,1,0.2
2015.0,543045,FF,IN,1,0.04
2015.0,543045,FF,FF,1,0.04
2015.0,543054,SI,KC,11,0.44
2015.0,543054,KC,SI,8,0.32
2015.0,543054,KC,FF,7,0.28
2015.0,543054,CH,SI,7,0.28
2015.0,543054,FF,CH,7,0.28
2015.0,543054,FC,FF,7,0.4666666666666667
2015.0,543054,FF,KC,7,0.28
2015.0,543054,CH,FC,6,0.24
2015.0,543054,KC,CH,5,0.2
2015.0,543054,CH,CH,5,0.2
2015.0,543054,CH,FF,5,0.2
2015.0,543054,FF,FC,5,0.2
2015.0,543054,SI,SI,5,0.2
2015.0,543054,SI,FC,4,0.16
2015.0,543054,FC,CH,4,0.26666666666666666
2015.0,543054,KC,IN,3,0.12
2015.0,543054,SI,FF,3,0.12
2015.0,543054,KC,KC,2,0.08
2015.0,543054,CH,KC,2,0.08
2015.0,543054,FF,FF,2,0.08
2015.0,543054,FC,KC,2,0.13333333333333333
2015.0,543054,FC,SI,2,0.13333333333333333
2015.0,543054,FF,SI,2,0.08
2015.0,543054,FF,IN,2,0.08
2015.0,543054,SI,CH,2,0.08
2015.0,543054,IN,SI,1,0.25
2015.0,543054,IN,FF,1,0.25
2015.0,543054,IN,CH,1,0.25
2015.0,543054,IN,KC,1,0.25
2015.0,543056,KC,SL,12,0.48
2015.0,543056,SL,KC,9,0.375
2015.0,543056,FF,KC,9,0.36
2015.0,543056,KC,FF,9,0.36
2015.0,543056,CH,FF,8,0.4
2015.0,543056,SL,SL,6,0.25
2015.0,543056,FF,CH,6,0.24
2015.0,543056,SL,CH,5,0.20833333333333334
2015.0,543056,FF,FF,5,0.2
2015.0,543056,CH,CH,5,0.25
2015.0,543056,SI,KC,4,0.8
2015.0,543056,FF,CU,3,0.12
2015.0,543056,CH,SL,3,0.15
2015.0,543056,SL,FF,2,0.08333333333333333
2015.0,543056,SL,SI,2,0.08333333333333333
2015.0,543056,FF,SL,2,0.08
2015.0,543056,CH,CU,2,0.1
2015.0,543056,KC,SI,2,0.08
2015.0,543056,KC,CH,2,0.08
2015.0,543056,CU,CH,2,0.4
2015.0,543056,SI,SL,1,0.2
2015.0,543056,CU,SL,1,0.2
2015.0,543056,CH,SI,1,0.05
2015.0,543056,CH,KC,1,0.05
2015.0,543056,CU,FF,1,0.2
2015.0,543056,CU,KC,1,0.2
2015.0,543094,CH,CH,4,1.0
2015.0,543101,FF,CH,17,0.5666666666666667
2015.0,543101,SL,SI,15,0.5172413793103449
2015.0,543101,KC,IN,12,0.4
2015.0,543101,PO,KC,11,0.55
2015.0,543101,IN,FF,11,0.7333333333333333
2015.0,543101,CH,FF,10,0.3333333333333333
2015.0,543101,CH,SL,9,0.3
2015.0,543101,SI,SL,9,0.3
2015.0,543101,SI,PO,8,0.26666666666666666
2015.0,543101,KC,FF,7,0.23333333333333334
2015.0,543101,SI,KC,7,0.23333333333333334
2015.0,543101,FF,KC,7,0.23333333333333334
2015.0,543101,SL,SL,6,0.20689655172413793
2015.0,543101,KC,PO,6,0.2
2015.0,543101,PO,SI,5,0.25
2015.0,543101,CH,CH,5,0.16666666666666666
2015.0,543101,SL,KC,3,0.10344827586206896
2015.0,543101,SL,PO,3,0.10344827586206896
2015.0,543101,KC,SI,3,0.1
2015.0,543101,CH,SI,3,0.1
2015.0,543101,SI,SI,3,0.1
2015.0,543101,SL,CH,2,0.06896551724137931
2015.0,543101,PO,CH,2,0.1
2015.0,543101,CH,PO,2,0.06666666666666667
2015.0,543101,IN,SL,2,0.13333333333333333
2015.0,543101,FF,IN,2,0.06666666666666667
2015.0,543101,FF,SL,2,0.06666666666666667
2015.0,543101,SI,CH,2,0.06666666666666667
2015.0,543101,PO,FF,1,0.05
2015.0,543101,PO,SL,1,0.05
2015.0,543101,KC,CH,1,0.03333333333333333
2015.0,543101,KC,SL,1,0.03333333333333333
2015.0,543101,CH,KC,1,0.03333333333333333
2015.0,543101,IN,KC,1,0.06666666666666667
2015.0,543101,IN,CH,1,0.06666666666666667
2015.0,543101,FF,FF,1,0.03333333333333333
2015.0,543101,FF,SI,1,0.03333333333333333
2015.0,543101,SI,IN,1,0.03333333333333333
2015.0,543118,FS,FF,14,0.56
2015.0,543118,FF,FS,11,0.4583333333333333
2015.0,543118,SL,FS,9,0.6
2015.0,543118,FF,SL,7,0.2916666666666667
2015.0,543118,FF,FF,6,0.25
2015.0,543118,FS,SL,6,0.24
2015.0,543118,FS,FS,5,0.2
2015.0,543118,SL,FF,4,0.26666666666666666
2015.0,543118,SL,SL,2,0.13333333333333333
2015.0,543135,FS,FF,12,0.4
2015.0,543135,FF,FS,12,0.41379310344827586
2015.0,543135,CU,CH,10,0.3333333333333333
2015.0,543135,CU,FF,10,0.3333333333333333
2015.0,543135,FF,CU,10,0.3448275862068966
2015.0,543135,SI,SL,10,0.4
2015.0,543135,CH,CU,10,0.3333333333333333
2015.0,543135,FS,SI,8,0.26666666666666666
2015.0,543135,CH,CH,7,0.23333333333333334
2015.0,543135,SL,FS,7,0.23333333333333334
2015.0,543135,SL,SI,7,0.23333333333333334
2015.0,543135,SI,FS,6,0.24
2015.0,543135,CH,SL,6,0.2
2015.0,543135,SL,SL,6,0.2
2015.0,543135,SL,CH,6,0.2
2015.0,543135,CU,SL,4,0.13333333333333333
2015.0,543135,CH,FF,4,0.13333333333333333
2015.0,543135,FF,CH,3,0.10344827586206896
2015.0,543135,FS,CU,3,0.1
2015.0,543135,SI,SI,3,0.12
2015.0,543135,FS,PO,3,0.1
2015.0,543135,PO,SI,3,0.6
2015.0,543135,CU,FS,2,0.06666666666666667
2015.0,543135,CU,CU,2,0.06666666666666667
2015.0,543135,CU,SI,2,0.06666666666666667
2015.0,543135,SI,CU,2,0.08
2015.0,543135,FS,CH,2,0.06666666666666667
2015.0,543135,SI,FF,2,0.08
2015.0,543135,FS,SL,2,0.06666666666666667
2015.0,543135,SI,CH,2,0.08
2015.0,543135,CH,FS,2,0.06666666666666667
2015.0,543135,SL,CU,2,0.06666666666666667
2015.0,543135,FF,PO,1,0.034482758620689655
2015.0,543135,FF,SL,1,0.034482758620689655
2015.0,543135,FF,FF,1,0.034482758620689655
2015.0,543135,FF,SI,1,0.034482758620689655
2015.0,543135,CH,SI,1,0.03333333333333333
2015.0,543135,SL,FF,1,0.03333333333333333
2015.0,543135,SL,PO,1,0.03333333333333333
2015.0,543135,PO,CU,1,0.2
2015.0,543135,PO,SL,1,0.2
2015.0,543144,CU,FC,15,0.42857142857142855
2015.0,543144,FC,FF,15,0.42857142857142855
2015.0,543144,CU,CH,14,0.4
2015.0,543144,CH,CU,14,0.4
2015.0,543144,FC,CU,11,0.3142857142857143
2015.0,543144,FF,FC,9,0.2647058823529412
2015.0,543144,CH,CH,7,0.2
2015.0,543144,CH,FC,7,0.2
2015.0,543144,SI,FF,6,0.4
2015.0,543144,FF,CU,5,0.14705882352941177
2015.0,543144,FF,FF,5,0.14705882352941177
2015.0,543144,FF,CH,5,0.14705882352941177
2015.0,543144,FF,IN,5,0.14705882352941177
2015.0,543144,FF,SI,5,0.14705882352941177
2015.0,543144,FC,CH,5,0.14285714285714285
2015.0,543144,IN,SI,4,0.4
2015.0,543144,CU,CU,3,0.08571428571428572
2015.0,543144,IN,FF,3,0.3
2015.0,543144,SI,IN,3,0.2
2015.0,543144,PO,FF,3,0.6
2015.0,543144,IN,CH,2,0.2
2015.0,543144,SI,CU,2,0.13333333333333333
2015.0,543144,CH,FF,2,0.05714285714285714
2015.0,543144,CH,PO,2,0.05714285714285714
2015.0,543144,CH,SI,2,0.05714285714285714
2015.0,543144,FC,FC,2,0.05714285714285714
2015.0,543144,CU,PO,1,0.02857142857142857
2015.0,543144,CU,FF,1,0.02857142857142857
2015.0,543144,CU,SI,1,0.02857142857142857
2015.0,543144,IN,FC,1,0.1
2015.0,543144,SI,PO,1,0.06666666666666667
2015.0,543144,SI,FC,1,0.06666666666666667
2015.0,543144,SI,SI,1,0.06666666666666667
2015.0,543144,SI,CH,1,0.06666666666666667
2015.0,543144,CH,IN,1,0.02857142857142857
2015.0,543144,FC,IN,1,0.02857142857142857
2015.0,543144,FC,SI,1,0.02857142857142857
2015.0,543144,PO,PO,1,0.2
2015.0,543144,PO,CH,1,0.2
2015.0,543184,SL,SI,15,0.5
2015.0,543184,CU,CH,14,0.4666666666666667
2015.0,543184,SI,SL,14,0.4666666666666667
2015.0,543184,CH,CU,13,0.43333333333333335
2015.0,543184,FF,CU,12,0.4
2015.0,543184,CU,FF,10,0.3333333333333333
2015.0,543184,SI,IN,10,0.3333333333333333
2015.0,543184,FF,SI,8,0.26666666666666666
2015.0,543184,IN,FF,8,0.5714285714285714
2015.0,543184,CH,CH,8,0.26666666666666666
2015.0,543184,SL,SL,6,0.2
2015.0,543184,SI,FF,4,0.13333333333333333
2015.0,543184,FF,SL,4,0.13333333333333333
2015.0,543184,CH,FF,4,0.13333333333333333
2015.0,543184,CU,SI,3,0.1
2015.0,543184,FF,CH,3,0.1
2015.0,543184,CH,SL,3,0.1
2015.0,543184,SL,FF,3,0.1
2015.0,543184,SL,CH,3,0.1
2015.0,543184,SL,CU,3,0.1
2015.0,543184,FF,IN,2,0.06666666666666667
2015.0,543184,SI,CH,2,0.06666666666666667
2015.0,543184,IN,SI,2,0.14285714285714285
2015.0,543184,IN,SL,2,0.14285714285714285
2015.0,543184,CU,SL,1,0.03333333333333333
2015.0,543184,CU,CU,1,0.03333333333333333
2015.0,543184,CU,IN,1,0.03333333333333333
2015.0,543184,FF,FF,1,0.03333333333333333
2015.0,543184,IN,CU,1,0.07142857142857142
2015.0,543184,IN,IN,1,0.07142857142857142
2015.0,543184,CH,IN,1,0.03333333333333333
2015.0,543184,CH,SI,1,0.03333333333333333
2015.0,543219,CH,CU,16,0.45714285714285713
2015.0,543219,CU,FF,15,0.4411764705882353
2015.0,543219,SI,SL,14,0.4
2015.0,543219,FF,CU,12,0.34285714285714286
2015.0,543219,CU,CH,12,0.35294117647058826
2015.0,543219,SL,SI,11,0.3142857142857143
2015.0,543219,SL,CH,9,0.2571428571428571
2015.0,543219,FF,IN,8,0.22857142857142856
2015.0,543219,SI,FF,7,0.2
2015.0,543219,SL,SL,6,0.17142857142857143
2015.0,543219,CH,SL,6,0.17142857142857143
2015.0,543219,CH,SI,6,0.17142857142857143
2015.0,543219,IN,SI,6,0.4
2015.0,543219,SL,FF,5,0.14285714285714285
2015.0,543219,FF,SI,5,0.14285714285714285
2015.0,543219,CH,CH,4,0.11428571428571428
2015.0,543219,SI,CU,4,0.11428571428571428
2015.0,543219,SL,IN,3,0.08571428571428572
2015.0,543219,PO,SI,3,0.6
2015.0,543219,CH,FF,3,0.08571428571428572
2015.0,543219,IN,CH,3,0.2
2015.0,543219,IN,SL,3,0.2
2015.0,543219,FF,CH,3,0.08571428571428572
2015.0,543219,FF,SL,3,0.08571428571428572
2015.0,543219,SI,CH,3,0.08571428571428572
2015.0,543219,SI,PO,3,0.08571428571428572
2015.0,543219,CU,SL,3,0.08823529411764706
2015.0,543219,IN,FF,2,0.13333333333333333
2015.0,543219,FF,PO,2,0.05714285714285714
2015.0,543219,FF,FF,2,0.05714285714285714
2015.0,543219,SI,SI,2,0.05714285714285714
2015.0,543219,SI,IN,2,0.05714285714285714
2015.0,543219,CU,SI,2,0.058823529411764705
2015.0,543219,PO,CU,1,0.2
2015.0,543219,SL,CU,1,0.02857142857142857
2015.0,543219,PO,FF,1,0.2
2015.0,543219,IN,IN,1,0.06666666666666667
2015.0,543219,CU,IN,1,0.029411764705882353
2015.0,543219,CU,CU,1,0.029411764705882353
2015.0,543242,SL,SI,20,0.5714285714285714
2015.0,543242,SI,SL,15,0.4411764705882353
2015.0,543242,SI,FF,14,0.4117647058823529
2015.0,543242,CH,FF,13,0.52
2015.0,543242,FF,CH,12,0.34285714285714286
2015.0,543242,FF,SI,12,0.34285714285714286
2015.0,543242,FF,SL,8,0.22857142857142856
2015.0,543242,SL,SL,6,0.17142857142857143
2015.0,543242,CH,CH,6,0.24
2015.0,543242,SL,FF,5,0.14285714285714285
2015.0,543242,CH,SL,5,0.2
2015.0,543242,SL,CH,4,0.11428571428571428
2015.0,543242,FF,FF,3,0.08571428571428572
2015.0,543242,SI,CH,3,0.08823529411764706
2015.0,543242,SI,SI,2,0.058823529411764705
2015.0,543242,CH,SI,1,0.04
2015.0,543243,CH,CU,15,0.5
2015.0,543243,CU,CH,14,0.4666666666666667
2015.0,543243,SI,SL,12,0.4
2015.0,543243,SL,SI,11,0.36666666666666664
2015.0,543243,CU,FC,11,0.36666666666666664
2015.0,543243,FF,FC,10,0.3448275862068966
2015.0,543243,FF,SI,10,0.3448275862068966
2015.0,543243,FC,FF,9,0.3
2015.0,543243,SI,FF,9,0.3
2015.0,543243,FC,CU,7,0.23333333333333334
2015.0,543243,SL,CH,6,0.2
2015.0,543243,CH,FF,5,0.16666666666666666
2015.0,543243,FC,SL,5,0.16666666666666666
2015.0,543243,CH,CH,4,0.13333333333333333
2015.0,543243,FC,FC,4,0.13333333333333333
2015.0,543243,SL,FF,4,0.13333333333333333
2015.0,543243,CU,SL,4,0.13333333333333333
2015.0,543243,SI,SI,4,0.13333333333333333
2015.0,543243,CH,SL,3,0.1
2015.0,543243,SL,CU,3,0.1
2015.0,543243,SL,SL,3,0.1
2015.0,543243,SL,FC,3,0.1
2015.0,543243,FC,CH,3,0.1
2015.0,543243,FF,SL,3,0.10344827586206896
2015.0,543243,FF,CU,3,0.10344827586206896
2015.0,543243,CH,SI,2,0.06666666666666667
2015.0,543243,FC,SI,2,0.06666666666666667
2015.0,543243,SI,CH,2,0.06666666666666667
2015.0,543243,SI,CU,2,0.06666666666666667
2015.0,543243,FF,FF,2,0.06896551724137931
2015.0,543243,CH,FC,1,0.03333333333333333
2015.0,543243,CU,SI,1,0.03333333333333333
2015.0,543243,SI,FC,1,0.03333333333333333
2015.0,543243,FF,CH,1,0.034482758620689655
2015.0,543258,FF,SL,10,0.5
2015.0,543258,SL,FF,8,0.4
2015.0,543258,SL,SL,6,0.3
2015.0,543258,SL,FC,6,0.3
2015.0,543258,FC,FF,6,0.42857142857142855
2015.0,543258,FF,FF,5,0.25
2015.0,543258,FF,FC,5,0.25
2015.0,543258,FC,SL,4,0.2857142857142857
2015.0,543258,FC,FC,4,0.2857142857142857
2015.0,543261,CU,FF,7,0.4666666666666667
2015.0,543261,FF,SI,6,0.4
2015.0,543261,SI,FF,6,0.4
2015.0,543261,SL,SI,5,0.5
2015.0,543261,FF,CU,4,0.26666666666666666
2015.0,543261,CH,SL,3,0.3333333333333333
2015.0,543261,CH,CU,3,0.3333333333333333
2015.0,543261,SL,CU,3,0.3
2015.0,543261,CU,CH,3,0.2
2015.0,543261,SI,SL,3,0.2
2015.0,543261,SI,CU,3,0.2
2015.0,543261,CH,SI,2,0.2222222222222222
2015.0,543261,SL,CH,2,0.2
2015.0,543261,CU,CU,2,0.13333333333333333
2015.0,543261,CU,SL,2,0.13333333333333333
2015.0,543261,FF,CH,2,0.13333333333333333
2015.0,543261,FF,FF,2,0.13333333333333333
2015.0,543261,SI,CH,2,0.13333333333333333
2015.0,543261,CH,CH,1,0.1111111111111111
2015.0,543261,CU,SI,1,0.06666666666666667
2015.0,543261,FF,SL,1,0.06666666666666667
2015.0,543261,SI,SI,1,0.06666666666666667
2015.0,543272,CU,FF,13,0.43333333333333335
2015.0,543272,FF,CU,12,0.41379310344827586
2015.0,543272,CU,CH,12,0.4
2015.0,543272,SL,SI,10,0.5
2015.0,543272,CH,CU,10,0.3333333333333333
2015.0,543272,SI,FF,8,0.26666666666666666
2015.0,543272,SI,SL,8,0.26666666666666666
2015.0,543272,CH,SI,8,0.26666666666666666
2015.0,543272,FF,SI,7,0.2413793103448276
2015.0,543272,SI,CU,5,0.16666666666666666
2015.0,543272,SL,CH,5,0.25
2015.0,543272,CH,SL,5,0.16666666666666666
2015.0,543272,CH,CH,5,0.16666666666666666
2015.0,543272,SI,CH,4,0.13333333333333333
2015.0,543272,FF,SL,4,0.13793103448275862
2015.0,543272,SI,IN,3,0.1
2015.0,543272,SL,FF,3,0.15
2015.0,543272,FF,FF,2,0.06896551724137931
2015.0,543272,FF,CH,2,0.06896551724137931
2015.0,543272,FF,IN,2,0.06896551724137931
2015.0,543272,SI,SI,2,0.06666666666666667
2015.0,543272,CU,SI,2,0.06666666666666667
2015.0,543272,CU,SL,2,0.06666666666666667
2015.0,543272,IN,FF,2,0.4
2015.0,543272,CH,FF,2,0.06666666666666667
2015.0,543272,CU,CU,1,0.03333333333333333
2015.0,543272,SL,SL,1,0.05
2015.0,543272,SL,CU,1,0.05
2015.0,543272,IN,CH,1,0.2
2015.0,543272,IN,SI,1,0.2
2015.0,543272,IN,CU,1,0.2
2015.0,543278,FF,FC,14,0.4666666666666667
2015.0,543278,FC,CU,12,0.4
2015.0,543278,CU,CH,12,0.4
2015.0,543278,CH,CU,12,0.41379310344827586
2015.0,543278,FC,FF,10,0.3333333333333333
2015.0,543278,CH,CH,10,0.3448275862068966
2015.0,543278,CU,FC,10,0.3333333333333333
2015.0,543278,CU,FF,6,0.2
2015.0,543278,FF,IN,5,0.16666666666666666
2015.0,543278,IN,FF,5,0.5
2015.0,543278,FC,CH,4,0.13333333333333333
2015.0,543278,FF,FF,4,0.13333333333333333
2015.0,543278,SL,FF,3,0.6
2015.0,543278,FF,CH,3,0.1
2015.0,543278,CH,FC,3,0.10344827586206896
2015.0,543278,FC,IN,2,0.06666666666666667
2015.0,543278,IN,FC,2,0.2
2015.0,543278,FF,SL,2,0.06666666666666667
2015.0,543278,FF,CU,2,0.06666666666666667
2015.0,543278,CH,IN,2,0.06896551724137931
2015.0,543278,CU,CU,2,0.06666666666666667
2015.0,543278,FC,SL,1,0.03333333333333333
2015.0,543278,FC,FC,1,0.03333333333333333
2015.0,543278,SL,CH,1,0.2
2015.0,543278,SL,CU,1,0.2
2015.0,543278,IN,SL,1,0.1
2015.0,543278,IN,IN,1,0.1
2015.0,543278,IN,CU,1,0.1
2015.0,543278,CH,FF,1,0.034482758620689655
2015.0,543278,CH,SL,1,0.034482758620689655
2015.0,543294,CU,CH,16,0.47058823529411764
2015.0,543294,CH,CU,16,0.45714285714285713
2015.0,543294,SI,FF,12,0.34285714285714286
2015.0,543294,FF,SI,12,0.4
2015.0,543294,FC,CU,12,0.34285714285714286
2015.0,543294,CU,FC,11,0.3235294117647059
2015.0,543294,FF,FC,9,0.3
2015.0,543294,FC,FF,8,0.22857142857142856
2015.0,543294,CH,CH,8,0.22857142857142856
2015.0,543294,SI,SI,7,0.2
2015.0,543294,FC,SI,7,0.2
2015.0,543294,SI,FC,6,0.17142857142857143
2015.0,543294,CH,SI,5,0.14285714285714285
2015.0,543294,CH,FC,5,0.14285714285714285
2015.0,543294,SI,CH,4,0.11428571428571428
2015.0,543294,FC,FC,4,0.11428571428571428
2015.0,543294,FC,CH,4,0.11428571428571428
2015.0,543294,SI,CU,3,0.08571428571428572
2015.0,543294,IN,FF,3,0.6
2015.0,543294,FF,CH,3,0.1
2015.0,543294,SI,IN,3,0.08571428571428572
2015.0,543294,CU,FF,3,0.08823529411764706
2015.0,543294,FF,FF,2,0.06666666666666667
2015.0,543294,FF,IN,2,0.06666666666666667
2015.0,543294,FF,CU,2,0.06666666666666667
2015.0,543294,IN,SI,2,0.4
2015.0,543294,CU,SI,2,0.058823529411764705
2015.0,543294,CU,CU,2,0.058823529411764705
2015.0,543294,CH,FF,1,0.02857142857142857
2015.0,543331,SL,FF,14,0.4666666666666667
2015.0,543331,CU,CH,13,0.43333333333333335
2015.0,543331,CU,FF,11,0.36666666666666664
2015.0,543331,FF,CU,11,0.3793103448275862
2015.0,543331,FF,SL,11,0.3793103448275862
2015.0,543331,CH,CU,11,0.36666666666666664
2015.0,543331,CH,CH,9,0.3
2015.0,543331,SL,SL,8,0.26666666666666666
2015.0,543331,CH,SL,6,0.2
2015.0,543331,FF,CH,5,0.1724137931034483
2015.0,543331,CU,CU,4,0.13333333333333333
2015.0,543331,CH,FF,3,0.1
2015.0,543331,SL,CH,3,0.1
2015.0,543331,SL,CU,3,0.1
2015.0,543331,IN,SL,3,0.6
2015.0,543331,CU,SL,2,0.06666666666666667
2015.0,543331,FF,IN,2,0.06896551724137931
2015.0,543331,SL,IN,2,0.06666666666666667
2015.0,543331,IN,FF,2,0.4
2015.0,543331,CH,IN,1,0.03333333333333333
2015.0,543334,SI,SL,4,0.8
2015.0,543334,IN,SI,3,0.6
2015.0,543334,CU,IN,3,0.6
2015.0,543334,CH,CU,3,0.6
2015.0,543334,CU,CH,2,0.4
2015.0,543334,SL,IN,2,0.5
2015.0,543334,IN,CU,1,0.2
2015.0,543334,IN,CH,1,0.2
2015.0,543334,SI,CU,1,0.2
2015.0,543334,CH,SI,1,0.2
2015.0,543334,CH,SL,1,0.2
2015.0,543334,SL,SI,1,0.25
2015.0,543334,SL,CH,1,0.25
2015.0,543339,CH,FF,15,0.4411764705882353
2015.0,543339,SI,SL,15,0.42857142857142855
2015.0,543339,SL,SI,14,0.4
2015.0,543339,SL,CH,13,0.37142857142857144
2015.0,543339,FF,CH,12,0.34285714285714286
2015.0,543339,FF,SI,12,0.34285714285714286
2015.0,543339,SI,FF,11,0.3142857142857143
2015.0,543339,CH,SL,9,0.2647058823529412
2015.0,543339,CH,CH,6,0.17647058823529413
2015.0,543339,SL,SL,5,0.14285714285714285
2015.0,543339,FF,SL,4,0.11428571428571428
2015.0,543339,FF,IN,4,0.11428571428571428
2015.0,543339,IN,FF,4,0.4
2015.0,543339,IN,SI,4,0.4
2015.0,543339,SI,CH,4,0.11428571428571428
2015.0,543339,CH,SI,3,0.08823529411764706
2015.0,543339,FF,FF,3,0.08571428571428572
2015.0,543339,SI,IN,3,0.08571428571428572
2015.0,543339,SL,IN,2,0.05714285714285714
2015.0,543339,IN,SL,2,0.2
2015.0,543339,SI,SI,2,0.05714285714285714
2015.0,543339,CH,IN,1,0.029411764705882353
2015.0,543339,SL,FF,1,0.02857142857142857
2015.0,543351,SL,FF,5,0.5555555555555556
2015.0,543351,FF,FF,5,0.5
2015.0,543351,FF,SL,5,0.5
2015.0,543351,SL,SL,4,0.4444444444444444
2015.0,543359,SL,SI,17,0.4857142857142857
2015.0,543359,SI,SL,16,0.45714285714285713
2015.0,543359,SL,FF,10,0.2857142857142857
2015.0,543359,FF,FF,9,0.2571428571428571
2015.0,543359,FF,SL,8,0.22857142857142856
2015.0,543359,SI,FF,8,0.22857142857142856
2015.0,543359,FF,IN,8,0.22857142857142856
2015.0,543359,FF,SI,8,0.22857142857142856
2015.0,543359,SL,SL,7,0.2
2015.0,543359,IN,FF,6,0.4
2015.0,543359,IN,SI,6,0.4
2015.0,543359,SI,IN,5,0.14285714285714285
2015.0,543359,SI,PO,3,0.08571428571428572
2015.0,543359,SI,SI,3,0.08571428571428572
2015.0,543359,IN,SL,3,0.2
2015.0,543359,PO,FF,2,0.5
2015.0,543359,FF,PO,2,0.05714285714285714
2015.0,543359,PO,SI,1,0.25
2015.0,543359,SL,IN,1,0.02857142857142857
2015.0,543359,PO,SL,1,0.25
2015.0,543380,FF,CU,11,0.44
2015.0,543380,CU,CH,11,0.44
2015.0,543380,CU,FF,10,0.4
2015.0,543380,CH,CU,9,0.36
2015.0,543380,FF,SI,8,0.32
2015.0,543380,SI,FF,6,0.25
2015.0,543380,SI,CH,5,0.20833333333333334
2015.0,543380,SI,SI,5,0.20833333333333334
2015.0,543380,CH,SI,5,0.2
2015.0,543380,CH,CH,5,0.2
2015.0,543380,IN,SI,4,0.8
2015.0,543380,FF,FF,3,0.12
2015.0,543380,SI,PO,3,0.125
2015.0,543380,SI,IN,3,0.125
2015.0,543380,CH,FF,3,0.12
2015.0,543380,FF,CH,2,0.08
2015.0,543380,SI,CU,2,0.08333333333333333
2015.0,543380,CU,CU,2,0.08
2015.0,543380,CH,PO,2,0.08
2015.0,543380,CU,SI,2,0.08
2015.0,543380,PO,FF,2,0.4
2015.0,543380,PO,CH,2,0.4
2015.0,543380,FF,IN,1,0.04
2015.0,543380,IN,FF,1,0.2
2015.0,543380,CH,IN,1,0.04
2015.0,543380,PO,SI,1,0.2
2015.0,543391,FF,SI,4,0.4
2015.0,543391,CU,CU,4,0.4
2015.0,543391,CH,FF,3,0.3
2015.0,543391,CH,CU,3,0.3
2015.0,543391,SI,FF,3,0.3333333333333333
2015.0,543391,SI,SI,3,0.3333333333333333
2015.0,543391,FF,CH,3,0.3
2015.0,543391,CU,CH,3,0.3
2015.0,543391,CU,FF,3,0.3
2015.0,543391,CH,CH,2,0.2
2015.0,543391,CH,SI,2,0.2
2015.0,543391,SI,CH,2,0.2222222222222222
2015.0,543391,FF,CU,2,0.2
2015.0,543391,FF,FF,1,0.1
2015.0,543391,SI,CU,1,0.1111111111111111
2015.0,543408,SL,SI,20,0.5714285714285714
2015.0,543408,CH,FF,15,0.42857142857142855
2015.0,543408,SI,SL,13,0.37142857142857144
2015.0,543408,FF,CH,12,0.34285714285714286
2015.0,543408,SI,KC,12,0.34285714285714286
2015.0,543408,FF,KC,11,0.3142857142857143
2015.0,543408,KC,FF,9,0.2571428571428571
2015.0,543408,KC,SI,9,0.2571428571428571
2015.0,543408,CH,SL,7,0.2
2015.0,543408,CH,CH,6,0.17142857142857143
2015.0,543408,KC,SL,6,0.17142857142857143
2015.0,543408,SI,CH,6,0.17142857142857143
2015.0,543408,KC,CH,5,0.14285714285714285
2015.0,543408,SL,FF,5,0.14285714285714285
2015.0,543408,KC,KC,4,0.11428571428571428
2015.0,543408,SL,CH,4,0.11428571428571428
2015.0,543408,FF,SL,4,0.11428571428571428
2015.0,543408,CH,KC,3,0.08571428571428572
2015.0,543408,CH,IN,3,0.08571428571428572
2015.0,543408,SL,SL,3,0.08571428571428572
2015.0,543408,SI,FF,3,0.08571428571428572
2015.0,543408,FF,IN,3,0.08571428571428572
2015.0,543408,FF,SI,3,0.08571428571428572
2015.0,543408,IN,KC,3,0.3333333333333333
2015.0,543408,KC,IN,2,0.05714285714285714
2015.0,543408,SL,KC,2,0.05714285714285714
2015.0,543408,FF,FF,2,0.05714285714285714
2015.0,543408,IN,CH,2,0.2222222222222222
2015.0,543408,CH,SI,1,0.02857142857142857
2015.0,543408,SL,IN,1,0.02857142857142857
2015.0,543408,SI,SI,1,0.02857142857142857
2015.0,543408,IN,SI,1,0.1111111111111111
2015.0,543408,IN,IN,1,0.1111111111111111
2015.0,543408,IN,SL,1,0.1111111111111111
2015.0,543408,IN,FF,1,0.1111111111111111
2015.0,543409,SI,FF,5,0.5555555555555556
2015.0,543409,SL,SI,5,0.5
2015.0,543409,FF,SI,4,0.4
2015.0,543409,FF,SL,4,0.4
2015.0,543409,SI,SL,3,0.3333333333333333
2015.0,543409,SL,FF,3,0.3
2015.0,543409,FF,FF,2,0.2
2015.0,543409,SL,SL,2,0.2
2015.0,543409,SI,SI,1,0.1111111111111111
2015.0,543424,CH,CU,9,0.6
2015.0,543424,CU,FC,9,0.6
2015.0,543424,FC,FF,8,0.5714285714285714
2015.0,543424,FF,FC,6,0.4
2015.0,543424,CU,CH,5,0.3333333333333333
2015.0,543424,FC,CU,5,0.35714285714285715
2015.0,543424,CH,CH,4,0.26666666666666666
2015.0,543424,FF,CH,4,0.26666666666666666
2015.0,543424,FF,FF,4,0.26666666666666666
2015.0,543424,CH,FF,2,0.13333333333333333
2015.0,543424,CU,FF,1,0.06666666666666667
2015.0,543424,FF,CU,1,0.06666666666666667
2015.0,543424,FC,CH,1,0.07142857142857142
2015.0,543456,FF,FC,6,0.4
2015.0,543456,FC,FF,5,0.3333333333333333
2015.0,543456,CU,SI,5,0.35714285714285715
2015.0,543456,SI,FF,5,0.3333333333333333
2015.0,543456,CH,CU,4,0.26666666666666666
2015.0,543456,CH,CH,4,0.26666666666666666
2015.0,543456,FC,CU,4,0.26666666666666666
2015.0,543456,FF,SI,4,0.26666666666666666
2015.0,543456,SI,CH,4,0.26666666666666666
2015.0,543456,CH,SI,3,0.2
2015.0,543456,CH,FF,3,0.2
2015.0,543456,FC,CH,3,0.2
2015.0,543456,CU,FC,3,0.21428571428571427
2015.0,543456,CU,CH,3,0.21428571428571427
2015.0,543456,CU,CU,3,0.21428571428571427
2015.0,543456,SI,FC,3,0.2
2015.0,543456,FF,IN,3,0.2
2015.0,543456,FC,SI,2,0.13333333333333333
2015.0,543456,SI,IN,2,0.13333333333333333
2015.0,543456,IN,CU,2,0.4
2015.0,543456,CH,FC,1,0.06666666666666667
2015.0,543456,FC,FC,1,0.06666666666666667
2015.0,543456,IN,FF,1,0.2
2015.0,543456,IN,FC,1,0.2
2015.0,543456,IN,SI,1,0.2
2015.0,543456,FF,CH,1,0.06666666666666667
2015.0,543456,FF,FF,1,0.06666666666666667
2015.0,543456,SI,CU,1,0.06666666666666667
2015.0,543475,SI,SL,5,0.5
2015.0,543475,SI,FF,4,0.4
2015.0,543475,FF,CU,4,0.4
2015.0,543475,CU,FF,4,0.4
2015.0,543475,CH,CU,4,0.4
2015.0,543475,FF,CH,3,0.3
2015.0,543475,SL,CH,3,0.3333333333333333
2015.0,543475,SL,SI,3,0.3333333333333333
2015.0,543475,CH,SL,3,0.3
2015.0,543475,FF,IN,2,0.2
2015.0,543475,CU,CH,2,0.2
2015.0,543475,CU,SI,2,0.2
2015.0,543475,IN,SI,2,0.4
2015.0,543475,SL,FF,2,0.2222222222222222
2015.0,543475,FF,SI,1,0.1
2015.0,543475,SI,IN,1,0.1
2015.0,543475,CU,SL,1,0.1
2015.0,543475,CU,IN,1,0.1
2015.0,543475,IN,SL,1,0.2
2015.0,543475,SL,CU,1,0.1111111111111111
2015.0,543475,IN,CH,1,0.2
2015.0,543475,IN,CU,1,0.2
2015.0,543475,CH,IN,1,0.1
2015.0,543475,CH,SI,1,0.1
2015.0,543475,CH,CH,1,0.1
2015.0,543506,CH,FF,10,0.4
2015.0,543506,SL,SI,8,0.32
2015.0,543506,SI,SL,8,0.4
2015.0,543506,FF,SI,8,0.3333333333333333
2015.0,543506,SL,CH,7,0.28
2015.0,543506,SL,FF,6,0.24
2015.0,543506,CH,CH,6,0.24
2015.0,543506,CH,SL,6,0.24
2015.0,543506,FF,CH,6,0.25
2015.0,543506,SI,FF,5,0.25
2015.0,543506,SI,CH,5,0.25
2015.0,543506,FF,SL,5,0.20833333333333334
2015.0,543506,SL,SL,4,0.16
2015.0,543506,FF,FF,3,0.125
2015.0,543506,CH,SI,2,0.08
2015.0,543506,FF,IN,2,0.08333333333333333
2015.0,543506,IN,SL,2,0.4
2015.0,543506,SI,IN,2,0.1
2015.0,543506,CH,IN,1,0.04
2015.0,543506,IN,FF,1,0.2
2015.0,543506,IN,SI,1,0.2
2015.0,543506,IN,CH,1,0.2
2015.0,543507,CU,CH,19,0.5588235294117647
2015.0,543507,SL,SI,14,0.4666666666666667
2015.0,543507,FF,CU,14,0.4
2015.0,543507,CH,CU,13,0.37142857142857144
2015.0,543507,SI,FF,11,0.36666666666666664
2015.0,543507,CH,SL,8,0.22857142857142856
2015.0,543507,SI,SL,8,0.26666666666666666
2015.0,543507,CH,FF,7,0.2
2015.0,543507,FF,SL,7,0.2
2015.0,543507,CU,FF,7,0.20588235294117646
2015.0,543507,SL,CH,5,0.16666666666666666
2015.0,543507,IN,SI,5,0.5
2015.0,543507,FF,CH,5,0.14285714285714285
2015.0,543507,SL,SL,4,0.13333333333333333
2015.0,543507,SL,FF,4,0.13333333333333333
2015.0,543507,CH,SI,4,0.11428571428571428
2015.0,543507,FF,SI,4,0.11428571428571428
2015.0,543507,IN,FF,4,0.4
2015.0,543507,SI,IN,4,0.13333333333333333
2015.0,543507,FF,IN,3,0.08571428571428572
2015.0,543507,SI,CH,3,0.1
2015.0,543507,CU,SL,3,0.08823529411764706
2015.0,543507,CU,CU,3,0.08823529411764706
2015.0,543507,SL,CU,2,0.06666666666666667
2015.0,543507,CH,CH,2,0.05714285714285714
2015.0,543507,FF,FF,2,0.05714285714285714
2015.0,543507,SI,CU,2,0.06666666666666667
2015.0,543507,SI,SI,2,0.06666666666666667
2015.0,543507,SL,IN,1,0.03333333333333333
2015.0,543507,CH,IN,1,0.02857142857142857
2015.0,543507,IN,CU,1,0.1
2015.0,543507,CU,IN,1,0.029411764705882353
2015.0,543507,CU,SI,1,0.029411764705882353
2015.0,543508,CH,CU,7,0.5
2015.0,543508,CU,CH,6,0.4
2015.0,543508,CU,FF,5,0.3333333333333333
2015.0,543508,FF,CU,5,0.3333333333333333
2015.0,543508,FF,CH,5,0.3333333333333333
2015.0,543508,FF,FF,4,0.26666666666666666
2015.0,543508,CH,FF,3,0.21428571428571427
2015.0,543508,FC,FF,3,0.6
2015.0,543508,CU,FC,2,0.13333333333333333
2015.0,543508,CU,CU,2,0.13333333333333333
2015.0,543508,CH,CH,2,0.14285714285714285
2015.0,543508,CH,FC,2,0.14285714285714285
2015.0,543508,FF,FC,1,0.06666666666666667
2015.0,543508,FC,CU,1,0.2
2015.0,543508,FC,CH,1,0.2
2015.0,543518,CH,CU,5,0.5
2015.0,543518,FF,CU,5,0.5555555555555556
2015.0,543518,SL,CH,4,0.4
2015.0,543518,SL,FF,4,0.4
2015.0,543518,CU,FF,4,0.4
2015.0,543518,CU,SL,3,0.3
2015.0,543518,CU,CH,3,0.3
2015.0,543518,FF,SL,3,0.3333333333333333
2015.0,543518,CH,CH,2,0.2
2015.0,543518,CH,FF,2,0.2
2015.0,543518,SL,SL,2,0.2
2015.0,543518,CH,SL,1,0.1
2015.0,543518,FF,CH,1,0.1111111111111111
2015.0,543521,CU,FC,17,0.4857142857142857
2015.0,543521,CH,CU,16,0.45714285714285713
2015.0,543521,FC,FF,16,0.45714285714285713
2015.0,543521,CU,CH,13,0.37142857142857144
2015.0,543521,FF,FC,10,0.2857142857142857
2015.0,543521,CH,SI,9,0.2571428571428571
2015.0,543521,FC,CU,9,0.2571428571428571
2015.0,543521,FF,SI,7,0.2
2015.0,543521,CH,CH,6,0.17142857142857143
2015.0,543521,FC,CH,6,0.17142857142857143
2015.0,543521,SI,FF,6,0.17647058823529413
2015.0,543521,SI,CH,6,0.17647058823529413
2015.0,543521,SI,FC,6,0.17647058823529413
2015.0,543521,PO,FF,5,0.5
2015.0,543521,SI,SI,5,0.14705882352941177
2015.0,543521,IN,SI,5,0.5
2015.0,543521,FF,IN,5,0.14285714285714285
2015.0,543521,FC,SI,4,0.11428571428571428
2015.0,543521,SI,PO,4,0.11764705882352941
2015.0,543521,FF,PO,4,0.11428571428571428
2015.0,543521,IN,FF,4,0.4
2015.0,543521,FF,CU,4,0.11428571428571428
2015.0,543521,SI,IN,4,0.11764705882352941
2015.0,543521,PO,SI,3,0.3
2015.0,543521,FF,CH,3,0.08571428571428572
2015.0,543521,SI,CU,3,0.08823529411764706
2015.0,543521,CU,CU,2,0.05714285714285714
2015.0,543521,CU,SI,2,0.05714285714285714
2015.0,543521,FF,FF,2,0.05714285714285714
2015.0,543521,CH,PO,1,0.02857142857142857
2015.0,543521,CH,FF,1,0.02857142857142857
2015.0,543521,CH,FC,1,0.02857142857142857
2015.0,543521,CH,IN,1,0.02857142857142857
2015.0,543521,CU,PO,1,0.02857142857142857
2015.0,543521,PO,CU,1,0.1
2015.0,543521,PO,FC,1,0.1
2015.0,543521,IN,CH,1,0.1
2015.0,543542,FF,CU,4,0.8
2015.0,543542,SI,FF,4,0.8
2015.0,543542,CU,SI,2,0.5
2015.0,543542,CU,CU,1,0.25
2015.0,543542,CU,FF,1,0.25
2015.0,543542,FF,SI,1,0.2
2015.0,543542,SI,SI,1,0.2
2015.0,543548,CU,FC,16,0.5333333333333333
2015.0,543548,FC,FF,13,0.43333333333333335
2015.0,543548,CH,CU,13,0.43333333333333335
2015.0,543548,FC,CU,12,0.4
2015.0,543548,FF,FC,12,0.4
2015.0,543548,FF,CH,10,0.3333333333333333
2015.0,543548,CU,CH,9,0.3
2015.0,543548,CH,FF,8,0.26666666666666666
2015.0,543548,SI,FF,5,0.5
2015.0,543548,FF,SI,5,0.16666666666666666
2015.0,543548,CH,SI,4,0.13333333333333333
2015.0,543548,FC,CH,3,0.1
2015.0,543548,CU,CU,3,0.1
2015.0,543548,SI,CH,3,0.3
2015.0,543548,CU,FF,2,0.06666666666666667
2015.0,543548,CH,CH,2,0.06666666666666667
2015.0,543548,CH,IN,2,0.06666666666666667
2015.0,543548,IN,CH,2,0.5
2015.0,543548,FC,IN,1,0.03333333333333333
2015.0,543548,FC,SI,1,0.03333333333333333
2015.0,543548,CH,FC,1,0.03333333333333333
2015.0,543548,FF,FF,1,0.03333333333333333
2015.0,543548,FF,IN,1,0.03333333333333333
2015.0,543548,IN,FC,1,0.25
2015.0,543548,IN,FF,1,0.25
2015.0,543548,SI,IN,1,0.1
2015.0,543548,SI,CU,1,0.1
2015.0,543548,FF,CU,1,0.03333333333333333
2015.0,543557,FC,FF,8,0.5333333333333333
2015.0,543557,CH,CU,6,0.4
2015.0,543557,FC,CU,6,0.4
2015.0,543557,CU,FC,6,0.4
2015.0,543557,CU,CH,6,0.4
2015.0,543557,FF,FC,6,0.42857142857142855
2015.0,543557,CH,CH,4,0.26666666666666666
2015.0,543557,FF,CH,3,0.21428571428571427
2015.0,543557,CH,FC,2,0.13333333333333333
2015.0,543557,CH,FF,2,0.13333333333333333
2015.0,543557,CU,CU,2,0.13333333333333333
2015.0,543557,FF,IN,2,0.14285714285714285
2015.0,543557,FF,FF,2,0.14285714285714285
2015.0,543557,IN,CH,2,0.4
2015.0,543557,CH,IN,1,0.06666666666666667
2015.0,543557,FC,IN,1,0.06666666666666667
2015.0,543557,CU,FF,1,0.06666666666666667
2015.0,543557,FF,CU,1,0.07142857142857142
2015.0,543557,IN,FF,1,0.2
2015.0,543557,IN,FC,1,0.2
2015.0,543557,IN,IN,1,0.2
2015.0,543594,CU,FC,6,0.6666666666666666
2015.0,543594,CH,CU,5,0.5
2015.0,543594,FC,FF,5,0.5
2015.0,543594,FF,SL,5,0.5
2015.0,543594,CH,SL,3,0.3
2015.0,543594,FC,CH,3,0.3
2015.0,543594,SL,CH,3,0.3
2015.0,543594,SL,CU,3,0.3
2015.0,543594,SL,FF,3,0.3
2015.0,543594,CU,CH,2,0.2222222222222222
2015.0,543594,FF,FC,2,0.2
2015.0,543594,CH,FC,1,0.1
2015.0,543594,CH,CH,1,0.1
2015.0,543594,FC,SL,1,0.1
2015.0,543594,FC,FC,1,0.1
2015.0,543594,CU,CU,1,0.1111111111111111
2015.0,543594,SL,SL,1,0.1
2015.0,543594,FF,CH,1,0.1
2015.0,543594,FF,FF,1,0.1
2015.0,543594,FF,CU,1,0.1
2015.0,543606,FS,SI,20,0.5882352941176471
2015.0,543606,FF,FS,18,0.5142857142857142
2015.0,543606,FC,FF,17,0.4857142857142857
2015.0,543606,CU,FC,15,0.42857142857142855
2015.0,543606,SI,FS,14,0.4
2015.0,543606,SI,SL,13,0.37142857142857144
2015.0,543606,FC,CU,13,0.37142857142857144
2015.0,543606,FF,FC,12,0.34285714285714286
2015.0,543606,FS,FF,11,0.3235294117647059
2015.0,543606,SL,SI,10,0.4
2015.0,543606,CU,CU,7,0.2
2015.0,543606,SL,CU,7,0.28
2015.0,543606,SI,CU,5,0.14285714285714285
2015.0,543606,SL,SL,5,0.2
2015.0,543606,CU,FF,4,0.11428571428571428
2015.0,543606,CU,SL,4,0.11428571428571428
2015.0,543606,CU,SI,4,0.11428571428571428
2015.0,543606,FS,FC,3,0.08823529411764706
2015.0,543606,FF,CU,3,0.08571428571428572
2015.0,543606,SI,FC,2,0.05714285714285714
2015.0,543606,FC,FC,2,0.05714285714285714
2015.0,543606,CU,FS,1,0.02857142857142857
2015.0,543606,FF,SL,1,0.02857142857142857
2015.0,543606,FF,FF,1,0.02857142857142857
2015.0,543606,SI,FF,1,0.02857142857142857
2015.0,543606,FC,SI,1,0.02857142857142857
2015.0,543606,FC,FS,1,0.02857142857142857
2015.0,543606,SL,FS,1,0.04
2015.0,543606,SL,FC,1,0.04
2015.0,543606,SL,FF,1,0.04
2015.0,543606,FC,SL,1,0.02857142857142857
2015.0,543607,CH,CU,5,0.5
2015.0,543607,SI,SI,4,0.4
2015.0,543607,CU,CH,3,0.3
2015.0,543607,PO,FF,3,0.6
2015.0,543607,FF,CU,3,0.3333333333333333
2015.0,543607,IN,SI,2,0.4
2015.0,543607,CU,SL,2,0.2
2015.0,543607,CU,PO,2,0.2
2015.0,543607,FF,CH,2,0.2222222222222222
2015.0,543607,SI,SL,2,0.2
2015.0,543607,CH,FF,2,0.2
2015.0,543607,IN,CH,1,0.2
2015.0,543607,IN,CU,1,0.2
2015.0,543607,IN,FF,1,0.2
2015.0,543607,CU,FF,1,0.1
2015.0,543607,CU,CU,1,0.1
2015.0,543607,CU,IN,1,0.1
2015.0,543607,FF,PO,1,0.1111111111111111
2015.0,543607,SL,PO,1,0.2
2015.0,543607,FF,SI,1,0.1111111111111111
2015.0,543607,FF,IN,1,0.1111111111111111
2015.0,543607,SI,IN,1,0.1
2015.0,543607,SL,FF,1,0.2
2015.0,543607,SL,SI,1,0.2
2015.0,543607,SI,CH,1,0.1
2015.0,543607,SI,FF,1,0.1
2015.0,543607,SL,CH,1,0.2
2015.0,543607,PO,SI,1,0.2
2015.0,543607,PO,IN,1,0.2
2015.0,543607,SI,PO,1,0.1
2015.0,543607,SL,IN,1,0.2
2015.0,543607,FF,FF,1,0.1111111111111111
2015.0,543607,CH,SI,1,0.1
2015.0,543607,CH,CH,1,0.1
2015.0,543607,CH,SL,1,0.1
2015.0,543698,FS,CU,3,0.6
2015.0,543698,FF,FS,3,0.6
2015.0,543698,CU,FF,3,0.6
2015.0,543698,FS,SI,2,0.4
2015.0,543698,SI,FF,2,0.5
2015.0,543698,CU,SI,2,0.4
2015.0,543698,SI,CU,1,0.25
2015.0,543698,SI,FS,1,0.25
2015.0,543698,FF,SI,1,0.2
2015.0,543698,FF,CU,1,0.2
2015.0,543699,CU,CH,17,0.5
2015.0,543699,FF,CU,15,0.5
2015.0,543699,CH,CU,14,0.4
2015.0,543699,SL,SI,14,0.4
2015.0,543699,SI,FF,13,0.37142857142857144
2015.0,543699,SI,SL,12,0.34285714285714286
2015.0,543699,SL,SL,10,0.2857142857142857
2015.0,543699,CU,FF,9,0.2647058823529412
2015.0,543699,SL,CH,7,0.2
2015.0,543699,CH,SL,6,0.17142857142857143
2015.0,543699,CH,SI,6,0.17142857142857143
2015.0,543699,IN,SI,6,0.4
2015.0,543699,FF,SI,6,0.2
2015.0,543699,CH,CH,5,0.14285714285714285
2015.0,543699,SI,IN,5,0.14285714285714285
2015.0,543699,IN,CH,4,0.26666666666666666
2015.0,543699,SI,CU,4,0.11428571428571428
2015.0,543699,FF,IN,4,0.13333333333333333
2015.0,543699,CH,FF,3,0.08571428571428572
2015.0,543699,CU,SL,3,0.08823529411764706
2015.0,543699,IN,FF,3,0.2
2015.0,543699,FF,SL,3,0.1
2015.0,543699,SL,IN,2,0.05714285714285714
2015.0,543699,CU,SI,2,0.058823529411764705
2015.0,543699,CU,IN,2,0.058823529411764705
2015.0,543699,CH,IN,1,0.02857142857142857
2015.0,543699,SL,FF,1,0.02857142857142857
2015.0,543699,SL,CU,1,0.02857142857142857
2015.0,543699,CU,CU,1,0.029411764705882353
2015.0,543699,FF,FF,1,0.03333333333333333
2015.0,543699,IN,IN,1,0.06666666666666667
2015.0,543699,IN,SL,1,0.06666666666666667
2015.0,543699,SI,SI,1,0.02857142857142857
2015.0,543699,FF,CH,1,0.03333333333333333
2015.0,543716,FF,CH,7,0.4666666666666667
2015.0,543716,CH,SL,5,0.3333333333333333
2015.0,543716,CH,FF,5,0.3333333333333333
2015.0,543716,SL,SL,5,0.35714285714285715
2015.0,543716,SL,FF,4,0.2857142857142857
2015.0,543716,CH,IN,3,0.2
2015.0,543716,SL,CH,3,0.21428571428571427
2015.0,543716,FF,SL,3,0.2
2015.0,543716,IN,FF,3,0.6
2015.0,543716,CH,CH,2,0.13333333333333333
2015.0,543716,SI,SL,2,0.4
2015.0,543716,FF,FF,2,0.13333333333333333
2015.0,543716,FF,SI,2,0.13333333333333333
2015.0,543716,SL,IN,1,0.07142857142857142
2015.0,543716,SL,SI,1,0.07142857142857142
2015.0,543716,SI,SI,1,0.2
2015.0,543716,SI,CH,1,0.2
2015.0,543716,SI,FF,1,0.2
2015.0,543716,IN,SI,1,0.2
2015.0,543716,IN,CH,1,0.2
2015.0,543716,FF,IN,1,0.06666666666666667
2015.0,543726,FC,FF,14,0.4827586206896552
2015.0,543726,FC,CU,12,0.41379310344827586
2015.0,543726,CU,FC,11,0.36666666666666664
2015.0,543726,FF,FC,10,0.3333333333333333
2015.0,543726,FF,SL,8,0.26666666666666666
2015.0,543726,CU,SL,8,0.26666666666666666
2015.0,543726,CU,CU,6,0.2
2015.0,543726,SL,SI,6,0.2
2015.0,543726,SL,FF,6,0.2
2015.0,543726,FF,IN,5,0.16666666666666666
2015.0,543726,SL,SL,5,0.16666666666666666
2015.0,543726,SL,CU,5,0.16666666666666666
2015.0,543726,SI,SL,4,0.4
2015.0,543726,SL,IN,4,0.13333333333333333
2015.0,543726,SL,FC,4,0.13333333333333333
2015.0,543726,IN,FF,4,0.26666666666666666
2015.0,543726,IN,SL,4,0.26666666666666666
2015.0,543726,FF,SI,3,0.1
2015.0,543726,FF,CU,3,0.1
2015.0,543726,CU,FF,3,0.1
2015.0,543726,SI,FF,2,0.2
2015.0,543726,SI,FC,2,0.2
2015.0,543726,CU,IN,2,0.06666666666666667
2015.0,543726,IN,CU,2,0.13333333333333333
2015.0,543726,IN,IN,2,0.13333333333333333
2015.0,543726,IN,FC,2,0.13333333333333333
2015.0,543726,FF,FF,1,0.03333333333333333
2015.0,543726,SI,CU,1,0.1
2015.0,543726,SI,IN,1,0.1
2015.0,543726,FC,IN,1,0.034482758620689655
2015.0,543726,IN,SI,1,0.06666666666666667
2015.0,543726,FC,SL,1,0.034482758620689655
2015.0,543726,FC,FC,1,0.034482758620689655
2015.0,543734,FC,CU,13,0.43333333333333335
2015.0,543734,CU,CH,12,0.41379310344827586
2015.0,543734,SI,IN,12,0.4
2015.0,543734,FF,FC,12,0.4
2015.0,543734,CH,CU,12,0.4
2015.0,543734,CU,FC,10,0.3448275862068966
2015.0,543734,FC,FF,10,0.3333333333333333
2015.0,543734,IN,SI,8,0.4
2015.0,543734,IN,FF,8,0.4
2015.0,543734,SI,CH,6,0.2
2015.0,543734,FF,SI,6,0.2
2015.0,543734,CH,SI,6,0.2
2015.0,543734,FF,IN,5,0.16666666666666666
2015.0,543734,CH,CH,5,0.16666666666666666
2015.0,543734,CH,FF,5,0.16666666666666666
2015.0,543734,CU,SI,4,0.13793103448275862
2015.0,543734,SI,FC,4,0.13333333333333333
2015.0,543734,SI,FF,4,0.13333333333333333
2015.0,543734,FF,CH,3,0.1
2015.0,543734,SI,SI,3,0.1
2015.0,543734,FC,SI,3,0.1
2015.0,543734,FC,CH,3,0.1
2015.0,543734,FF,FF,2,0.06666666666666667
2015.0,543734,FF,CU,2,0.06666666666666667
2015.0,543734,IN,FC,2,0.1
2015.0,543734,CU,FF,1,0.034482758620689655
2015.0,543734,CU,IN,1,0.034482758620689655
2015.0,543734,CU,CU,1,0.034482758620689655
2015.0,543734,SI,CU,1,0.03333333333333333
2015.0,543734,CH,FC,1,0.03333333333333333
2015.0,543734,CH,IN,1,0.03333333333333333
2015.0,543734,FC,FC,1,0.03333333333333333
2015.0,543734,IN,CH,1,0.05
2015.0,543734,IN,CU,1,0.05
2015.0,543746,CH,CU,9,0.45
2015.0,543746,SI,SL,9,0.45
2015.0,543746,CU,CH,8,0.42105263157894735
2015.0,543746,CU,FF,8,0.42105263157894735
2015.0,543746,SL,SI,8,0.4
2015.0,543746,FF,CU,7,0.35
2015.0,543746,IN,SI,6,0.4
2015.0,543746,FF,IN,6,0.3
2015.0,543746,SL,SL,5,0.25
2015.0,543746,IN,FF,4,0.26666666666666666
2015.0,543746,SI,IN,4,0.2
2015.0,543746,IN,SL,3,0.2
2015.0,543746,CH,CH,3,0.15
2015.0,543746,CH,IN,3,0.15
2015.0,543746,CH,FF,3,0.15
2015.0,543746,SL,CH,3,0.15
2015.0,543746,FF,SI,3,0.15
2015.0,543746,IN,CH,2,0.13333333333333333
2015.0,543746,FF,FF,2,0.1
2015.0,543746,SI,CU,2,0.1
2015.0,543746,SL,IN,2,0.1
2015.0,543746,SI,CH,2,0.1
2015.0,543746,SI,FF,2,0.1
2015.0,543746,CU,SI,1,0.05263157894736842
2015.0,543746,CU,CU,1,0.05263157894736842
2015.0,543746,CU,SL,1,0.05263157894736842
2015.0,543746,CH,SL,1,0.05
2015.0,543746,CH,SI,1,0.05
2015.0,543746,SI,SI,1,0.05
2015.0,543746,SL,FF,1,0.05
2015.0,543746,FF,SL,1,0.05
2015.0,543746,FF,CH,1,0.05
2015.0,543746,SL,CU,1,0.05
2015.0,543766,ST,FC,18,0.5142857142857142
2015.0,543766,FC,CH,12,0.34285714285714286
2015.0,543766,FC,ST,11,0.3142857142857143
2015.0,543766,CH,FC,9,0.47368421052631576
2015.0,543766,ST,ST,9,0.2571428571428571
2015.0,543766,CH,ST,8,0.42105263157894735
2015.0,543766,FC,FC,6,0.17142857142857143
2015.0,543766,IN,ST,4,0.8
2015.0,543766,ST,CH,4,0.11428571428571428
2015.0,543766,FC,PO,3,0.08571428571428572
2015.0,543766,FC,IN,3,0.08571428571428572
2015.0,543766,CH,CH,2,0.10526315789473684
2015.0,543766,PO,CH,2,0.4
2015.0,543766,PO,ST,2,0.4
2015.0,543766,ST,PO,2,0.05714285714285714
2015.0,543766,ST,IN,2,0.05714285714285714
2015.0,543766,IN,FC,1,0.2
2015.0,543766,PO,FC,1,0.2
2015.0,543779,CU,FF,19,0.5428571428571428
2015.0,543779,CH,CU,18,0.5142857142857142
2015.0,543779,CU,CH,12,0.34285714285714286
2015.0,543779,FF,CU,11,0.3235294117647059
2015.0,543779,CH,CH,10,0.2857142857142857
2015.0,543779,FF,FF,9,0.2647058823529412
2015.0,543779,FF,CH,8,0.23529411764705882
2015.0,543779,CH,FF,4,0.11428571428571428
2015.0,543779,FF,IN,4,0.11764705882352941
2015.0,543779,CU,CU,3,0.08571428571428572
2015.0,543779,SI,CH,3,0.6
2015.0,543779,CH,SI,2,0.05714285714285714
2015.0,543779,IN,CH,2,0.4
2015.0,543779,FF,SI,2,0.058823529411764705
2015.0,543779,SI,FF,2,0.4
2015.0,543779,IN,CU,2,0.4
2015.0,543779,CH,IN,1,0.02857142857142857
2015.0,543779,CU,SI,1,0.02857142857142857
2015.0,543779,IN,FF,1,0.2
2015.0,543803,CU,CH,3,0.6
2015.0,543803,FF,FC,3,0.6
2015.0,543803,CU,SI,2,0.4
2015.0,543803,SI,FF,2,0.4
2015.0,543803,SI,CU,2,0.4
2015.0,543803,FC,FF,2,0.4
2015.0,543803,FC,CU,2,0.4
2015.0,543803,SI,SI,1,0.2
2015.0,543803,FF,CH,1,0.2
2015.0,543803,FF,CU,1,0.2
2015.0,543803,CH,CH,1,0.25
2015.0,543803,CH,FC,1,0.25
2015.0,543803,CH,FF,1,0.25
2015.0,543803,CH,SI,1,0.25
2015.0,543803,FC,FC,1,0.2
2015.0,543859,FF,FF,9,0.3103448275862069
2015.0,543859,SL,FF,8,0.32
2015.0,543859,SL,SL,7,0.28
2015.0,543859,FF,SI,7,0.2413793103448276
2015.0,543859,FF,SL,7,0.2413793103448276
2015.0,543859,SL,SI,6,0.24
2015.0,543859,SI,SL,6,0.4
2015.0,543859,FF,CH,6,0.20689655172413793
2015.0,543859,CH,FF,5,0.5
2015.0,543859,SI,FF,5,0.3333333333333333
2015.0,543859,CH,SL,3,0.3
2015.0,543859,SL,CH,3,0.12
2015.0,543859,SI,IN,3,0.2
2015.0,543859,IN,FF,2,0.4
2015.0,543859,IN,SL,2,0.4
2015.0,543859,CH,IN,1,0.1
2015.0,543859,CH,SI,1,0.1
2015.0,543859,SL,IN,1,0.04
2015.0,543859,SI,CH,1,0.06666666666666667
2015.0,543859,IN,SI,1,0.2
2015.0,543881,SI,SL,16,0.5333333333333333
2015.0,543881,CU,FF,13,0.43333333333333335
2015.0,543881,CH,CU,12,0.6
2015.0,543881,SL,SI,9,0.3103448275862069
2015.0,543881,FF,SI,9,0.36
2015.0,543881,PO,SI,6,0.4
2015.0,543881,CU,CH,6,0.2
2015.0,543881,FF,CU,6,0.24
2015.0,543881,SL,SL,5,0.1724137931034483
2015.0,543881,CU,PO,5,0.16666666666666666
2015.0,543881,PO,CU,4,0.26666666666666666
2015.0,543881,SL,CH,4,0.13793103448275862
2015.0,543881,SL,CU,4,0.13793103448275862
2015.0,543881,SL,FF,4,0.13793103448275862
2015.0,543881,SI,CH,4,0.13333333333333333
2015.0,543881,CH,SL,3,0.15
2015.0,543881,CU,SL,3,0.1
2015.0,543881,SI,SI,3,0.1
2015.0,543881,SI,CU,3,0.1
2015.0,543881,FF,PO,3,0.12
2015.0,543881,FF,CH,3,0.12
2015.0,543881,FF,IN,3,0.12
2015.0,543881,CH,FF,2,0.1
2015.0,543881,PO,FF,2,0.13333333333333333
2015.0,543881,PO,SL,2,0.13333333333333333
2015.0,543881,SL,PO,2,0.06896551724137931
2015.0,543881,SI,FF,2,0.06666666666666667
2015.0,543881,IN,FF,2,0.4
2015.0,543881,SI,PO,2,0.06666666666666667
2015.0,543881,IN,PO,2,0.4
2015.0,543881,CH,SI,1,0.05
2015.0,543881,CH,CH,1,0.05
2015.0,543881,CH,PO,1,0.05
2015.0,543881,PO,CH,1,0.06666666666666667
2015.0,543881,SL,IN,1,0.034482758620689655
2015.0,543881,CU,SI,1,0.03333333333333333
2015.0,543881,CU,CU,1,0.03333333333333333
2015.0,543881,CU,IN,1,0.03333333333333333
2015.0,543881,IN,CH,1,0.2
2015.0,543881,FF,SL,1,0.04
2015.0,543883,FF,SL,13,0.43333333333333335
2015.0,543883,SL,FF,11,0.36666666666666664
2015.0,543883,SI,SL,11,0.55
2015.0,543883,SL,SI,9,0.3
2015.0,543883,CH,FF,7,0.5
2015.0,543883,FF,SI,6,0.2
2015.0,543883,SI,FF,5,0.25
2015.0,543883,FF,CH,5,0.16666666666666666
2015.0,543883,CH,CU,4,0.2857142857142857
2015.0,543883,SL,CH,4,0.13333333333333333
2015.0,543883,SL,SL,4,0.13333333333333333
2015.0,543883,CU,FF,3,0.6
2015.0,543883,IN,SI,3,0.6
2015.0,543883,CH,CH,3,0.21428571428571427
2015.0,543883,FF,FF,3,0.1
2015.0,543883,SL,IN,2,0.06666666666666667
2015.0,543883,SI,CH,2,0.1
2015.0,543883,FF,IN,2,0.06666666666666667
2015.0,543883,CU,SL,1,0.2
2015.0,543883,CU,CH,1,0.2
2015.0,543883,IN,SL,1,0.2
2015.0,543883,IN,FF,1,0.2
2015.0,543883,SI,SI,1,0.05
2015.0,543883,SI,IN,1,0.05
2015.0,543883,FF,CU,1,0.03333333333333333
2015.0,543900,CH,FF,15,0.5
2015.0,543900,SL,SI,13,0.43333333333333335
2015.0,543900,FF,CH,10,0.3333333333333333
2015.0,543900,SI,CH,9,0.3103448275862069
2015.0,543900,SI,SL,8,0.27586206896551724
2015.0,543900,FF,SL,7,0.23333333333333334
2015.0,543900,SL,SL,7,0.23333333333333334
2015.0,543900,FF,SI,6,0.2
2015.0,543900,SI,SI,6,0.20689655172413793
2015.0,543900,CH,SL,6,0.2
2015.0,543900,SI,FF,5,0.1724137931034483
2015.0,543900,CH,CH,5,0.16666666666666666
2015.0,543900,SL,FF,5,0.16666666666666666
2015.0,543900,SL,CH,5,0.16666666666666666
2015.0,543900,FF,FF,4,0.13333333333333333
2015.0,543900,FF,IN,3,0.1
2015.0,543900,CH,SI,3,0.1
2015.0,543900,IN,SL,2,0.4
2015.0,543900,IN,SI,1,0.2
2015.0,543900,IN,FF,1,0.2
2015.0,543900,SI,IN,1,0.034482758620689655
2015.0,543900,IN,CH,1,0.2
2015.0,543900,CH,IN,1,0.03333333333333333
2015.0,543901,SL,SI,5,0.5555555555555556
2015.0,543901,CU,CH,4,0.4
2015.0,543901,CH,SL,4,0.4
2015.0,543901,CH,CU,4,0.4
2015.0,543901,SI,CU,4,0.4
2015.0,543901,CU,FF,3,0.3
2015.0,543901,SL,CH,3,0.3333333333333333
2015.0,543901,CU,SI,2,0.2
2015.0,543901,SI,SL,2,0.2
2015.0,543901,SI,FF,2,0.2
2015.0,543901,FF,CU,2,0.4
2015.0,543901,FF,SI,2,0.4
2015.0,543901,SI,CH,2,0.2
2015.0,543901,CU,SL,1,0.1
2015.0,543901,CH,CH,1,0.1
2015.0,543901,CH,SI,1,0.1
2015.0,543901,SL,SL,1,0.1111111111111111
2015.0,543901,FF,SL,1,0.2
2015.0,543903,SI,SL,11,0.5789473684210527
2015.0,543903,CH,FF,8,0.4
2015.0,543903,SL,SI,8,0.4
2015.0,543903,FF,SI,7,0.35
2015.0,543903,SL,CH,6,0.3
2015.0,543903,IN,SI,4,0.8
2015.0,543903,CH,CU,4,0.2
2015.0,543903,CH,SL,4,0.2
2015.0,543903,FF,CH,4,0.2
2015.0,543903,FF,FF,4,0.2
2015.0,543903,SI,CH,4,0.21052631578947367
2015.0,543903,FF,IN,4,0.2
2015.0,543903,CH,CH,3,0.15
2015.0,543903,SL,SL,3,0.15
2015.0,543903,SI,FF,3,0.15789473684210525
2015.0,543903,CU,FF,2,0.4
2015.0,543903,CU,CH,2,0.4
2015.0,543903,SL,FF,2,0.1
2015.0,543903,CU,SL,1,0.2
2015.0,543903,IN,CH,1,0.2
2015.0,543903,CH,SI,1,0.05
2015.0,543903,FF,SL,1,0.05
2015.0,543903,SL,IN,1,0.05
2015.0,543903,SI,CU,1,0.05263157894736842
2015.0,543921,CU,CH,5,0.5
2015.0,543921,CH,CU,5,0.5
2015.0,543921,CU,FF,4,0.4
2015.0,543921,FF,CU,4,0.4444444444444444
2015.0,543921,IN,FF,3,0.6
2015.0,543921,IN,CH,2,0.4
2015.0,543921,FF,IN,2,0.2222222222222222
2015.0,543921,FF,CH,2,0.2222222222222222
2015.0,543921,CH,IN,2,0.2
2015.0,543921,CH,FF,2,0.2
2015.0,543921,CU,CU,1,0.1
2015.0,543921,FF,FF,1,0.1111111111111111
2015.0,543921,CH,CH,1,0.1
2015.0,543935,SL,SI,13,0.43333333333333335
2015.0,543935,SI,SL,12,0.4
2015.0,543935,SI,FF,11,0.36666666666666664
2015.0,543935,FF,SI,9,0.3
2015.0,543935,CU,FC,9,0.3103448275862069
2015.0,543935,FF,FC,8,0.26666666666666666
2015.0,543935,FC,FF,7,0.35
2015.0,543935,FC,CU,7,0.35
2015.0,543935,CH,CU,7,0.4666666666666667
2015.0,543935,FF,CU,6,0.2
2015.0,543935,CU,FF,6,0.20689655172413793
2015.0,543935,SL,CH,5,0.16666666666666666
2015.0,543935,FC,SL,5,0.25
2015.0,543935,CU,CH,5,0.1724137931034483
2015.0,543935,SL,SL,4,0.13333333333333333
2015.0,543935,CU,SL,4,0.13793103448275862
2015.0,543935,CU,CU,4,0.13793103448275862
2015.0,543935,SL,CU,3,0.1
2015.0,543935,FF,IN,3,0.1
2015.0,543935,SI,CU,3,0.1
2015.0,543935,IN,SI,3,0.6
2015.0,543935,CH,SI,3,0.2
2015.0,543935,SL,FF,2,0.06666666666666667
2015.0,543935,SL,FC,2,0.06666666666666667
2015.0,543935,FF,SL,2,0.06666666666666667
2015.0,543935,SI,CH,2,0.06666666666666667
2015.0,543935,IN,FF,2,0.4
2015.0,543935,CH,SL,2,0.13333333333333333
2015.0,543935,SL,IN,1,0.03333333333333333
2015.0,543935,FC,CH,1,0.05
2015.0,543935,FF,CH,1,0.03333333333333333
2015.0,543935,FF,FF,1,0.03333333333333333
2015.0,543935,SI,SI,1,0.03333333333333333
2015.0,543935,SI,IN,1,0.03333333333333333
2015.0,543935,CH,FF,1,0.06666666666666667
2015.0,543935,CU,SI,1,0.034482758620689655
2015.0,543935,CH,FC,1,0.06666666666666667
2015.0,543935,CH,CH,1,0.06666666666666667
2015.0,543942,SL,SI,6,0.6
2015.0,543942,CU,FF,4,0.4
2015.0,543942,SI,FS,4,0.4444444444444444
2015.0,543942,FS,SI,4,0.4
2015.0,543942,CU,SL,3,0.3
2015.0,543942,FS,CU,3,0.3
2015.0,543942,SI,SL,3,0.3333333333333333
2015.0,543942,CU,FS,2,0.2
2015.0,543942,SI,CU,2,0.2222222222222222
2015.0,543942,FF,FS,2,0.4
2015.0,543942,SL,CU,2,0.2
2015.0,543942,FF,CU,2,0.4
2015.0,543942,CU,CU,1,0.1
2015.0,543942,SL,SL,1,0.1
2015.0,543942,SL,FS,1,0.1
2015.0,543942,FF,SL,1,0.2
2015.0,543942,FS,FF,1,0.1
2015.0,543942,FS,SL,1,0.1
2015.0,543942,FS,FS,1,0.1
2015.0,543964,FF,SL,4,0.4444444444444444
2015.0,543964,CH,FF,4,0.8
2015.0,543964,SL,PO,4,0.4
2015.0,543964,FF,CH,3,0.3333333333333333
2015.0,543964,PO,SL,3,0.6
2015.0,543964,SL,FF,3,0.3
2015.0,543964,SL,SL,2,0.2
2015.0,543964,FF,PO,1,0.1111111111111111
2015.0,543964,FF,FF,1,0.1111111111111111
2015.0,543964,CH,SL,1,0.2
2015.0,543964,PO,CH,1,0.2
2015.0,543964,PO,FF,1,0.2
2015.0,543964,SL,CH,1,0.1
2015.0,544365,FF,SL,10,0.6666666666666666
2015.0,544365,CH,CU,8,0.5333333333333333
2015.0,544365,CU,FF,7,0.4666666666666667
2015.0,544365,CU,CH,7,0.4666666666666667
2015.0,544365,CH,CH,5,0.3333333333333333
2015.0,544365,SL,SI,5,0.35714285714285715
2015.0,544365,SL,FF,4,0.2857142857142857
2015.0,544365,FF,CU,4,0.26666666666666666
2015.0,544365,SL,CU,3,0.21428571428571427
2015.0,544365,SI,CH,2,0.4
2015.0,544365,SI,FF,2,0.4
2015.0,544365,CH,SL,1,0.06666666666666667
2015.0,544365,CH,FF,1,0.06666666666666667
2015.0,544365,SL,SL,1,0.07142857142857142
2015.0,544365,SL,CH,1,0.07142857142857142
2015.0,544365,CU,SL,1,0.06666666666666667
2015.0,544365,FF,FF,1,0.06666666666666667
2015.0,544365,SI,SL,1,0.2
2015.0,544725,CH,CU,4,0.8
2015.0,544725,CU,CH,3,0.6
2015.0,544725,CU,FF,2,0.4
2015.0,544725,FF,CH,2,0.5
2015.0,544725,FF,FF,1,0.25
2015.0,544725,FF,CU,1,0.25
2015.0,544725,CH,FF,1,0.2
2015.0,544727,SI,SL,18,0.46153846153846156
2015.0,544727,FS,FF,14,0.4666666666666667
2015.0,544727,SL,SI,14,0.35
2015.0,544727,FF,FF,12,0.3
2015.0,544727,SL,SL,11,0.275
2015.0,544727,FF,FS,11,0.275
2015.0,544727,SI,FS,11,0.28205128205128205
2015.0,544727,FS,SI,10,0.3333333333333333
2015.0,544727,SL,FF,8,0.2
2015.0,544727,FF,SL,7,0.175
2015.0,544727,SL,FS,7,0.175
2015.0,544727,IN,SI,6,0.6
2015.0,544727,FF,SI,6,0.15
2015.0,544727,FS,IN,4,0.13333333333333333
2015.0,544727,SI,SI,4,0.10256410256410256
2015.0,544727,SI,FF,4,0.10256410256410256
2015.0,544727,FF,IN,4,0.1
2015.0,544727,IN,FF,2,0.2
2015.0,544727,FS,SL,2,0.06666666666666667
2015.0,544727,SI,IN,2,0.05128205128205128
2015.0,544727,IN,FS,1,0.1
2015.0,544727,IN,SL,1,0.1
2015.0,544759,FC,FF,12,0.48
2015.0,544759,CH,FC,11,0.44
2015.0,544759,FC,CH,10,0.4
2015.0,544759,FF,FC,10,0.4
2015.0,544759,FF,SL,9,0.36
2015.0,544759,CH,CH,7,0.28
2015.0,544759,SL,SI,7,0.28
2015.0,544759,SL,SL,7,0.28
2015.0,544759,SI,FF,6,0.42857142857142855
2015.0,544759,SI,SL,5,0.35714285714285715
2015.0,544759,SL,CH,5,0.2
2015.0,544759,FF,SI,4,0.16
2015.0,544759,SL,FF,4,0.16
2015.0,544759,CH,SI,3,0.12
2015.0,544759,CH,SL,3,0.12
2015.0,544759,SL,FC,2,0.08
2015.0,544759,SI,CH,2,0.14285714285714285
2015.0,544759,FC,FC,1,0.04
2015.0,544759,FC,SL,1,0.04
2015.0,544759,FC,SI,1,0.04
2015.0,544759,CH,FF,1,0.04
2015.0,544759,FF,FF,1,0.04
2015.0,544759,FF,CH,1,0.04
2015.0,544759,SI,FC,1,0.07142857142857142
2015.0,544836,FC,FF,10,0.4166666666666667
2015.0,544836,FF,FC,9,0.36
2015.0,544836,SL,FF,9,0.36
2015.0,544836,FF,SL,7,0.28
2015.0,544836,CH,FC,7,0.4666666666666667
2015.0,544836,FF,SI,6,0.24
2015.0,544836,FC,SL,6,0.25
2015.0,544836,SI,SL,5,0.5
2015.0,544836,SL,CH,5,0.2
2015.0,544836,FC,FC,4,0.16666666666666666
2015.0,544836,SL,SL,4,0.16
2015.0,544836,SL,FC,4,0.16
2015.0,544836,SI,FF,3,0.3
2015.0,544836,CH,CH,3,0.2
2015.0,544836,CH,SL,3,0.2
2015.0,544836,FC,CH,3,0.125
2015.0,544836,SL,SI,3,0.12
2015.0,544836,FF,CH,2,0.08
2015.0,544836,CH,FF,2,0.13333333333333333
2015.0,544836,SI,FC,1,0.1
2015.0,544836,SI,CH,1,0.1
2015.0,544836,FF,FF,1,0.04
2015.0,544836,FC,SI,1,0.041666666666666664
2015.0,544928,SI,SL,12,0.4
2015.0,544928,CH,CU,11,0.3793103448275862
2015.0,544928,SI,FF,10,0.3333333333333333
2015.0,544928,SL,CH,9,0.3
2015.0,544928,FF,CH,9,0.3
2015.0,544928,FF,SI,9,0.3
2015.0,544928,SL,SL,8,0.26666666666666666
2015.0,544928,CH,SI,7,0.2413793103448276
2015.0,544928,CU,CH,7,0.35
2015.0,544928,SL,FF,6,0.2
2015.0,544928,SI,SI,6,0.2
2015.0,544928,CU,FF,6,0.3
2015.0,544928,SL,SI,5,0.16666666666666666
2015.0,544928,FF,SL,5,0.16666666666666666
2015.0,544928,CH,FF,5,0.1724137931034483
2015.0,544928,FF,CU,4,0.13333333333333333
2015.0,544928,CH,CH,4,0.13793103448275862
2015.0,544928,FF,FF,3,0.1
2015.0,544928,CU,SL,3,0.15
2015.0,544928,CU,SI,3,0.15
2015.0,544928,SL,CU,2,0.06666666666666667
2015.0,544928,SI,CU,2,0.06666666666666667
2015.0,544928,CH,SL,2,0.06896551724137931
2015.0,544928,CU,CU,1,0.05
2015.0,544931,CH,CU,16,0.45714285714285713
2015.0,544931,CU,FF,15,0.42857142857142855
2015.0,544931,SI,FF,13,0.37142857142857144
2015.0,544931,CU,CH,12,0.34285714285714286
2015.0,544931,FF,CU,12,0.35294117647058826
2015.0,544931,FF,SI,12,0.35294117647058826
2015.0,544931,CH,CH,8,0.22857142857142856
2015.0,544931,SL,SI,8,0.5333333333333333
2015.0,544931,SI,SI,7,0.2
2015.0,544931,SI,SL,7,0.2
2015.0,544931,CH,SI,6,0.17142857142857143
2015.0,544931,FF,CH,5,0.14705882352941177
2015.0,544931,SI,CH,5,0.14285714285714285
2015.0,544931,CU,CU,4,0.11428571428571428
2015.0,544931,SL,CH,4,0.26666666666666666
2015.0,544931,FF,FF,3,0.08823529411764706
2015.0,544931,SI,CU,3,0.08571428571428572
2015.0,544931,CH,FF,3,0.08571428571428572
2015.0,544931,CU,SI,2,0.05714285714285714
2015.0,544931,CU,SL,2,0.05714285714285714
2015.0,544931,FF,SL,2,0.058823529411764705
2015.0,544931,CH,SL,2,0.05714285714285714
2015.0,544931,SL,SL,2,0.13333333333333333
2015.0,544931,SL,FF,1,0.06666666666666667
2015.0,544993,FF,FS,18,0.5142857142857142
2015.0,544993,SL,FF,13,0.37142857142857144
2015.0,544993,SL,SL,12,0.34285714285714286
2015.0,544993,FS,FF,11,0.36666666666666664
2015.0,544993,FF,SL,8,0.22857142857142856
2015.0,544993,FS,SL,8,0.26666666666666666
2015.0,544993,IN,SL,7,0.5
2015.0,544993,FF,FF,7,0.2
2015.0,544993,FS,IN,7,0.23333333333333334
2015.0,544993,SL,FS,6,0.17142857142857143
2015.0,544993,IN,FF,4,0.2857142857142857
2015.0,544993,FS,FS,4,0.13333333333333333
2015.0,544993,SL,IN,4,0.11428571428571428
2015.0,544993,IN,FS,2,0.14285714285714285
2015.0,544993,FF,IN,2,0.05714285714285714
2015.0,544993,IN,IN,1,0.07142857142857142
2015.0,545064,FF,SI,8,0.5333333333333333
2015.0,545064,SI,FF,7,0.5
2015.0,545064,SL,SL,6,0.4
2015.0,545064,SL,SI,5,0.3333333333333333
2015.0,545064,SI,SL,5,0.35714285714285715
2015.0,545064,SL,FF,4,0.26666666666666666
2015.0,545064,FF,FF,4,0.26666666666666666
2015.0,545064,FF,SL,3,0.2
2015.0,545064,SI,SI,2,0.14285714285714285
2015.0,545333,SI,KC,13,0.37142857142857144
2015.0,545333,FF,FC,13,0.37142857142857144
2015.0,545333,KC,FF,13,0.37142857142857144
2015.0,545333,KC,SI,12,0.34285714285714286
2015.0,545333,FC,FF,12,0.34285714285714286
2015.0,545333,CU,FC,11,0.44
2015.0,545333,CH,CU,11,0.3235294117647059
2015.0,545333,CU,CH,9,0.36
2015.0,545333,FF,KC,9,0.2571428571428571
2015.0,545333,FC,CU,8,0.22857142857142856
2015.0,545333,CH,CH,7,0.20588235294117646
2015.0,545333,SI,CH,5,0.14285714285714285
2015.0,545333,FF,CH,5,0.14285714285714285
2015.0,545333,CH,KC,5,0.14705882352941177
2015.0,545333,CH,SI,5,0.14705882352941177
2015.0,545333,FC,CH,5,0.14285714285714285
2015.0,545333,FC,SI,5,0.14285714285714285
2015.0,545333,SI,SL,4,0.11428571428571428
2015.0,545333,SI,FF,4,0.11428571428571428
2015.0,545333,KC,CH,4,0.11428571428571428
2015.0,545333,CH,FC,4,0.11764705882352941
2015.0,545333,CU,SI,3,0.12
2015.0,545333,SI,PO,3,0.08571428571428572
2015.0,545333,SI,SI,3,0.08571428571428572
2015.0,545333,FF,IN,3,0.08571428571428572
2015.0,545333,PO,SI,3,0.6
2015.0,545333,FC,FC,3,0.08571428571428572
2015.0,545333,CU,KC,2,0.08
2015.0,545333,FF,SI,2,0.05714285714285714
2015.0,545333,IN,KC,2,0.4
2015.0,545333,SI,FC,2,0.05714285714285714
2015.0,545333,IN,FF,2,0.4
2015.0,545333,FF,CU,2,0.05714285714285714
2015.0,545333,KC,IN,2,0.05714285714285714
2015.0,545333,KC,PO,2,0.05714285714285714
2015.0,545333,CH,FF,2,0.058823529411764705
2015.0,545333,PO,KC,2,0.4
2015.0,545333,SL,SI,2,0.4
2015.0,545333,SI,CU,1,0.02857142857142857
2015.0,545333,IN,FC,1,0.2
2015.0,545333,FF,FF,1,0.02857142857142857
2015.0,545333,KC,CU,1,0.02857142857142857
2015.0,545333,KC,KC,1,0.02857142857142857
2015.0,545333,FC,SL,1,0.02857142857142857
2015.0,545333,SL,FF,1,0.2
2015.0,545333,SL,FC,1,0.2
2015.0,545333,SL,CU,1,0.2
2015.0,545333,FC,KC,1,0.02857142857142857
2015.0,545338,CH,CU,3,0.6
2015.0,545338,FF,SL,3,0.75
2015.0,545338,CU,FF,3,0.6
2015.0,545338,SL,CH,2,0.4
2015.0,545338,SL,SL,1,0.2
2015.0,545338,SL,FF,1,0.2
2015.0,545338,SL,CU,1,0.2
2015.0,545338,CH,CH,1,0.2
2015.0,545338,CH,FF,1,0.2
2015.0,545338,FF,CU,1,0.25
2015.0,545338,CU,CH,1,0.2
2015.0,545338,CU,SL,1,0.2
2015.0,545346,FF,SI,4,0.8
2015.0,545346,CH,CU,3,0.75
2015.0,545346,CU,FF,3,0.6
2015.0,545346,SI,SL,2,0.4
2015.0,545346,SL,SL,2,0.4
2015.0,545346,CH,SL,1,0.25
2015.0,545346,CU,SI,1,0.2
2015.0,545346,CU,CH,1,0.2
2015.0,545346,SI,CH,1,0.2
2015.0,545346,SL,CH,1,0.2
2015.0,545346,SL,FF,1,0.2
2015.0,545346,FF,CH,1,0.2
2015.0,545346,SI,FF,1,0.2
2015.0,545346,SI,CU,1,0.2
2015.0,545346,SL,CU,1,0.2
2015.0,545404,IN,FF,4,0.8
2015.0,545404,FF,CU,3,0.6
2015.0,545404,SL,IN,3,0.6
2015.0,545404,CH,CU,2,0.5
2015.0,545404,CU,SL,2,0.4
2015.0,545404,FF,CH,1,0.2
2015.0,545404,FF,IN,1,0.2
2015.0,545404,IN,SL,1,0.2
2015.0,545404,SL,CH,1,0.2
2015.0,545404,SL,SL,1,0.2
2015.0,545404,CH,CH,1,0.25
2015.0,545404,CH,SL,1,0.25
2015.0,545404,CU,FF,1,0.2
2015.0,545404,CU,CH,1,0.2
2015.0,545404,CU,IN,1,0.2
2015.0,547179,SL,SI,15,0.42857142857142855
2015.0,547179,CH,CU,15,0.5
2015.0,547179,CU,FF,15,0.42857142857142855
2015.0,547179,SI,SL,14,0.4117647058823529
2015.0,547179,FF,CU,13,0.37142857142857144
2015.0,547179,SI,FF,11,0.3235294117647059
2015.0,547179,CU,CH,11,0.3142857142857143
2015.0,547179,CH,SL,7,0.23333333333333334
2015.0,547179,FF,IN,7,0.2
2015.0,547179,SL,SL,6,0.17142857142857143
2015.0,547179,FF,SI,6,0.17142857142857143
2015.0,547179,IN,SI,6,0.4
2015.0,547179,SL,CH,5,0.14285714285714285
2015.0,547179,CH,CH,5,0.16666666666666666
2015.0,547179,SI,CH,5,0.14705882352941177
2015.0,547179,FF,SL,5,0.14285714285714285
2015.0,547179,PO,SI,4,0.8
2015.0,547179,SL,CU,4,0.11428571428571428
2015.0,547179,IN,PO,4,0.26666666666666666
2015.0,547179,SL,FF,3,0.08571428571428572
2015.0,547179,FF,CH,3,0.08571428571428572
2015.0,547179,IN,FF,3,0.2
2015.0,547179,CU,SL,3,0.08571428571428572
2015.0,547179,CU,SI,3,0.08571428571428572
2015.0,547179,SL,IN,2,0.05714285714285714
2015.0,547179,CH,FF,2,0.06666666666666667
2015.0,547179,SI,IN,2,0.058823529411764705
2015.0,547179,CU,CU,2,0.05714285714285714
2015.0,547179,PO,IN,1,0.2
2015.0,547179,CH,IN,1,0.03333333333333333
2015.0,547179,FF,FF,1,0.02857142857142857
2015.0,547179,IN,CH,1,0.06666666666666667
2015.0,547179,SI,SI,1,0.029411764705882353
2015.0,547179,SI,PO,1,0.029411764705882353
2015.0,547179,IN,IN,1,0.06666666666666667
2015.0,547179,CU,IN,1,0.02857142857142857
2015.0,547348,CU,SI,5,0.5
2015.0,547348,CU,CU,4,0.4
2015.0,547348,SI,FF,4,0.4444444444444444
2015.0,547348,SI,CU,4,0.4444444444444444
2015.0,547348,FF,SI,3,0.6
2015.0,547348,FF,CU,2,0.4
2015.0,547348,CU,FF,1,0.1
2015.0,547348,SI,SI,1,0.1111111111111111
2015.0,547749,FF,CU,14,0.4666666666666667
2015.0,547749,FO,FF,11,0.36666666666666664
2015.0,547749,CU,FF,10,0.3448275862068966
2015.0,547749,SL,FO,9,0.3
2015.0,547749,FO,SL,9,0.3
2015.0,547749,CU,FO,7,0.2413793103448276
2015.0,547749,FF,FO,7,0.23333333333333334
2015.0,547749,SL,SL,6,0.2
2015.0,547749,SL,CU,5,0.16666666666666666
2015.0,547749,CU,SL,5,0.1724137931034483
2015.0,547749,SL,FF,4,0.13333333333333333
2015.0,547749,CU,CU,4,0.13793103448275862
2015.0,547749,FF,SL,4,0.13333333333333333
2015.0,547749,FF,FF,4,0.13333333333333333
2015.0,547749,IN,SL,4,0.8
2015.0,547749,SL,IN,3,0.1
2015.0,547749,FO,CU,3,0.1
2015.0,547749,FO,FO,3,0.1
2015.0,547749,SL,CH,2,0.06666666666666667
2015.0,547749,FO,SI,2,0.06666666666666667
2015.0,547749,CU,CH,2,0.06896551724137931
2015.0,547749,CH,CU,2,0.4
2015.0,547749,SI,FO,2,0.4
2015.0,547749,SL,SI,1,0.03333333333333333
2015.0,547749,CU,SI,1,0.034482758620689655
2015.0,547749,CH,SI,1,0.2
2015.0,547749,FO,IN,1,0.03333333333333333
2015.0,547749,FO,CH,1,0.03333333333333333
2015.0,547749,CH,SL,1,0.2
2015.0,547749,CH,FO,1,0.2
2015.0,547749,FF,IN,1,0.03333333333333333
2015.0,547749,IN,FO,1,0.2
2015.0,547749,SI,SL,1,0.2
2015.0,547749,SI,FF,1,0.2
2015.0,547749,SI,CU,1,0.2
2015.0,547874,CU,FC,12,0.48
2015.0,547874,FC,FF,11,0.4583333333333333
2015.0,547874,FF,FS,11,0.44
2015.0,547874,SI,SL,9,0.36
2015.0,547874,FC,CU,9,0.375
2015.0,547874,FS,PO,8,0.32
2015.0,547874,SL,SI,8,0.32
2015.0,547874,FS,FF,7,0.28
2015.0,547874,PO,FS,7,0.35
2015.0,547874,FF,FC,6,0.24
2015.0,547874,PO,SI,6,0.3
2015.0,547874,FS,SI,5,0.2
2015.0,547874,SI,PO,5,0.2
2015.0,547874,CU,CU,4,0.16
2015.0,547874,SL,SL,4,0.16
2015.0,547874,SI,CU,4,0.16
2015.0,547874,FF,SL,4,0.16
2015.0,547874,SL,CU,4,0.16
2015.0,547874,CU,SL,3,0.12
2015.0,547874,SL,FS,3,0.12
2015.0,547874,SI,FC,3,0.12
2015.0,547874,SL,FF,3,0.12
2015.0,547874,PO,SL,3,0.15
2015.0,547874,FS,FS,2,0.08
2015.0,547874,FS,SL,2,0.08
2015.0,547874,CU,FF,2,0.08
2015.0,547874,CU,PO,2,0.08
2015.0,547874,FC,SI,2,0.08333333333333333
2015.0,547874,FC,FC,2,0.08333333333333333
2015.0,547874,SL,PO,2,0.08
2015.0,547874,SI,SI,2,0.08
2015.0,547874,FF,CU,2,0.08
2015.0,547874,FS,CU,1,0.04
2015.0,547874,CU,FS,1,0.04
2015.0,547874,CU,SI,1,0.04
2015.0,547874,SL,FC,1,0.04
2015.0,547874,SI,FF,1,0.04
2015.0,547874,SI,FS,1,0.04
2015.0,547874,FF,PO,1,0.04
2015.0,547874,FF,SI,1,0.04
2015.0,547874,PO,FF,1,0.05
2015.0,547874,PO,PO,1,0.05
2015.0,547874,PO,FC,1,0.05
2015.0,547874,PO,CU,1,0.05
2015.0,547888,FC,CU,15,0.5
2015.0,547888,SL,SI,13,0.43333333333333335
2015.0,547888,FC,FF,12,0.4
2015.0,547888,FF,FC,12,0.4
2015.0,547888,SI,FS,12,0.4
2015.0,547888,FF,FS,11,0.36666666666666664
2015.0,547888,FS,SI,11,0.36666666666666664
2015.0,547888,CU,FC,11,0.3793103448275862
2015.0,547888,SI,SL,8,0.26666666666666666
2015.0,547888,CU,SL,7,0.2413793103448276
2015.0,547888,FS,FF,6,0.2
2015.0,547888,SL,SL,5,0.16666666666666666
2015.0,547888,SL,CU,5,0.16666666666666666
2015.0,547888,FF,SL,5,0.16666666666666666
2015.0,547888,SI,FF,5,0.16666666666666666
2015.0,547888,SL,FF,4,0.13333333333333333
2015.0,547888,FS,CU,4,0.13333333333333333
2015.0,547888,CU,SI,4,0.13793103448275862
2015.0,547888,FS,FC,3,0.1
2015.0,547888,FS,SL,3,0.1
2015.0,547888,CU,CU,3,0.10344827586206896
2015.0,547888,SL,FS,2,0.06666666666666667
2015.0,547888,PO,SI,2,0.4
2015.0,547888,SI,FC,2,0.06666666666666667
2015.0,547888,FS,PO,2,0.06666666666666667
2015.0,547888,SI,CU,2,0.06666666666666667
2015.0,547888,CU,FF,2,0.06896551724137931
2015.0,547888,CU,FS,2,0.06896551724137931
2015.0,547888,FC,PO,1,0.03333333333333333
2015.0,547888,FC,SL,1,0.03333333333333333
2015.0,547888,FC,FC,1,0.03333333333333333
2015.0,547888,SL,PO,1,0.03333333333333333
2015.0,547888,PO,FC,1,0.2
2015.0,547888,PO,SL,1,0.2
2015.0,547888,PO,FS,1,0.2
2015.0,547888,FF,CU,1,0.03333333333333333
2015.0,547888,FF,FF,1,0.03333333333333333
2015.0,547888,SI,PO,1,0.03333333333333333
2015.0,547888,FS,FS,1,0.03333333333333333
2015.0,547973,CH,FF,16,0.45714285714285713
2015.0,547973,FF,CH,16,0.45714285714285713
2015.0,547973,SL,FF,12,0.35294117647058826
2015.0,547973,FF,SL,12,0.34285714285714286
2015.0,547973,CH,SL,11,0.3142857142857143
2015.0,547973,SL,CH,9,0.2647058823529412
2015.0,547973,SL,SL,8,0.23529411764705882
2015.0,547973,CH,CH,7,0.2
2015.0,547973,SL,SI,3,0.08823529411764706
2015.0,547973,SI,FF,3,0.6
2015.0,547973,FF,IN,3,0.08571428571428572
2015.0,547973,FF,FF,3,0.08571428571428572
2015.0,547973,IN,SL,3,0.6
2015.0,547973,SL,IN,2,0.058823529411764705
2015.0,547973,CH,SI,1,0.02857142857142857
2015.0,547973,IN,CH,1,0.2
2015.0,547973,FF,SI,1,0.02857142857142857
2015.0,547973,SI,SL,1,0.2
2015.0,547973,SI,CH,1,0.2
2015.0,547973,IN,FF,1,0.2
2015.0,548337,SL,SI,16,0.5333333333333333
2015.0,548337,SI,SL,14,0.4666666666666667
2015.0,548337,CU,CH,9,0.6
2015.0,548337,FF,CU,9,0.3
2015.0,548337,FF,IN,9,0.3
2015.0,548337,CH,FF,8,0.3333333333333333
2015.0,548337,IN,SI,8,0.4
2015.0,548337,SI,IN,8,0.26666666666666666
2015.0,548337,CH,CH,7,0.2916666666666667
2015.0,548337,IN,FF,7,0.35
2015.0,548337,SL,SL,6,0.2
2015.0,548337,CU,FF,6,0.4
2015.0,548337,CH,CU,5,0.20833333333333334
2015.0,548337,FF,SI,5,0.16666666666666666
2015.0,548337,SL,FF,4,0.13333333333333333
2015.0,548337,FF,SL,4,0.13333333333333333
2015.0,548337,CH,SL,3,0.125
2015.0,548337,IN,CH,3,0.15
2015.0,548337,SI,FF,3,0.1
2015.0,548337,SI,CH,3,0.1
2015.0,548337,SL,CH,2,0.06666666666666667
2015.0,548337,SL,IN,2,0.06666666666666667
2015.0,548337,IN,SL,2,0.1
2015.0,548337,FF,FF,2,0.06666666666666667
2015.0,548337,CH,IN,1,0.041666666666666664
2015.0,548337,SI,SI,1,0.03333333333333333
2015.0,548337,SI,CU,1,0.03333333333333333
2015.0,548337,FF,CH,1,0.03333333333333333
2015.0,548357,CU,CH,14,0.4827586206896552
2015.0,548357,FF,CU,13,0.43333333333333335
2015.0,548357,CH,CU,13,0.43333333333333335
2015.0,548357,CU,FF,12,0.41379310344827586
2015.0,548357,SL,SI,12,0.4
2015.0,548357,SI,SL,10,0.4
2015.0,548357,SI,FF,9,0.36
2015.0,548357,SL,CH,7,0.23333333333333334
2015.0,548357,FF,SL,6,0.2
2015.0,548357,CH,SL,6,0.2
2015.0,548357,FF,SI,5,0.16666666666666666
2015.0,548357,CH,SI,4,0.13333333333333333
2015.0,548357,CH,FF,4,0.13333333333333333
2015.0,548357,SL,SL,4,0.13333333333333333
2015.0,548357,SL,CU,4,0.13333333333333333
2015.0,548357,FF,IN,3,0.1
2015.0,548357,SI,CH,3,0.12
2015.0,548357,FF,CH,3,0.1
2015.0,548357,SL,FF,3,0.1
2015.0,548357,CU,SL,2,0.06896551724137931
2015.0,548357,IN,FF,2,0.4
2015.0,548357,SI,SI,2,0.08
2015.0,548357,CH,CH,2,0.06666666666666667
2015.0,548357,CU,SI,1,0.034482758620689655
2015.0,548357,IN,SI,1,0.2
2015.0,548357,IN,SL,1,0.2
2015.0,548357,IN,CH,1,0.2
2015.0,548357,SI,IN,1,0.04
2015.0,548357,CH,IN,1,0.03333333333333333
2015.0,553872,FF,CH,7,0.7777777777777778
2015.0,553872,CH,FF,4,0.4
2015.0,553872,SL,SI,3,0.6
2015.0,553872,SI,FF,3,0.6
2015.0,553872,CH,CH,2,0.2
2015.0,553872,CH,SI,2,0.2
2015.0,553872,CH,SL,2,0.2
2015.0,553872,SL,SL,1,0.2
2015.0,553872,SL,FF,1,0.2
2015.0,553872,FF,FF,1,0.1111111111111111
2015.0,553872,FF,SL,1,0.1111111111111111
2015.0,553872,SI,SL,1,0.2
2015.0,553872,SI,CH,1,0.2
2015.0,553878,CH,FF,13,0.52
2015.0,553878,FF,CH,10,0.3333333333333333
2015.0,553878,SL,CH,9,0.36
2015.0,553878,SI,SL,6,0.42857142857142855
2015.0,553878,FF,IN,6,0.2
2015.0,553878,SL,FF,6,0.24
2015.0,553878,SL,SI,6,0.24
2015.0,553878,CH,SL,6,0.24
2015.0,553878,FF,SL,5,0.16666666666666666
2015.0,553878,FF,SI,5,0.16666666666666666
2015.0,553878,IN,SL,4,0.4
2015.0,553878,IN,FF,4,0.4
2015.0,553878,FF,FF,4,0.13333333333333333
2015.0,553878,CH,CH,4,0.16
2015.0,553878,SI,FF,3,0.21428571428571427
2015.0,553878,SL,SL,3,0.12
2015.0,553878,SI,SI,2,0.14285714285714285
2015.0,553878,SI,IN,2,0.14285714285714285
2015.0,553878,SI,CH,1,0.07142857142857142
2015.0,553878,IN,SI,1,0.1
2015.0,553878,IN,CH,1,0.1
2015.0,553878,SL,IN,1,0.04
2015.0,553878,CH,IN,1,0.04
2015.0,553878,CH,SI,1,0.04
2015.0,553970,SL,SI,7,0.4666666666666667
2015.0,553970,FC,CH,6,0.4
2015.0,553970,CH,FC,6,0.42857142857142855
2015.0,553970,SI,SL,6,0.4
2015.0,553970,FF,FC,6,0.4
2015.0,553970,FC,FF,4,0.26666666666666666
2015.0,553970,SL,SL,4,0.26666666666666666
2015.0,553970,FF,SI,4,0.26666666666666666
2015.0,553970,FC,SL,3,0.2
2015.0,553970,SL,FF,3,0.2
2015.0,553970,CH,CH,3,0.21428571428571427
2015.0,553970,IN,CH,3,0.6
2015.0,553970,SI,FF,3,0.2
2015.0,553970,CH,SI,2,0.14285714285714285
2015.0,553970,SI,IN,2,0.13333333333333333
2015.0,553970,FF,CH,2,0.13333333333333333
2015.0,553970,IN,FF,2,0.4
2015.0,553970,SI,SI,2,0.13333333333333333
2015.0,553970,FC,FC,1,0.06666666666666667
2015.0,553970,FC,IN,1,0.06666666666666667
2015.0,553970,SL,FC,1,0.06666666666666667
2015.0,553970,CH,SL,1,0.07142857142857142
2015.0,553970,CH,FF,1,0.07142857142857142
2015.0,553970,CH,IN,1,0.07142857142857142
2015.0,553970,SI,FC,1,0.06666666666666667
2015.0,553970,SI,CH,1,0.06666666666666667
2015.0,553970,FF,IN,1,0.06666666666666667
2015.0,553970,FF,SL,1,0.06666666666666667
2015.0,553970,FF,FF,1,0.06666666666666667
2015.0,554234,CU,CH,11,0.44
2015.0,554234,SI,CU,8,0.32
2015.0,554234,CH,CU,8,0.3333333333333333
2015.0,554234,IN,SI,7,0.7
2015.0,554234,SI,CH,7,0.28
2015.0,554234,CH,CH,6,0.25
2015.0,554234,SI,SI,5,0.2
2015.0,554234,CH,SI,5,0.20833333333333334
2015.0,554234,CU,IN,4,0.16
2015.0,554234,CU,SI,3,0.12
2015.0,554234,CU,FF,3,0.12
2015.0,554234,CU,CU,3,0.12
2015.0,554234,FF,SI,3,0.6
2015.0,554234,CH,PO,3,0.125
2015.0,554234,IN,IN,2,0.2
2015.0,554234,SI,IN,2,0.08
2015.0,554234,PO,SI,2,0.4
2015.0,554234,FF,CU,2,0.4
2015.0,554234,SI,FF,2,0.08
2015.0,554234,PO,CU,2,0.4
2015.0,554234,CH,IN,2,0.08333333333333333
2015.0,554234,IN,CU,1,0.1
2015.0,554234,CU,PO,1,0.04
2015.0,554234,SI,PO,1,0.04
2015.0,554234,PO,CH,1,0.2
2015.0,554340,CH,SL,11,0.3142857142857143
2015.0,554340,FF,FC,10,0.29411764705882354
2015.0,554340,FF,CH,10,0.29411764705882354
2015.0,554340,SL,FF,10,0.2857142857142857
2015.0,554340,SL,SI,10,0.2857142857142857
2015.0,554340,FC,FF,10,0.5
2015.0,554340,SI,SL,8,0.4
2015.0,554340,FC,CH,8,0.4
2015.0,554340,CH,CH,8,0.22857142857142856
2015.0,554340,CH,FF,8,0.22857142857142856
2015.0,554340,SL,SL,7,0.2
2015.0,554340,FF,SI,6,0.17647058823529413
2015.0,554340,FF,SL,6,0.17647058823529413
2015.0,554340,SL,CH,5,0.14285714285714285
2015.0,554340,CH,FC,5,0.14285714285714285
2015.0,554340,SI,FF,4,0.2
2015.0,554340,SI,CH,3,0.15
2015.0,554340,SL,FC,3,0.08571428571428572
2015.0,554340,SI,IN,2,0.1
2015.0,554340,IN,FF,2,0.4
2015.0,554340,SI,FC,2,0.1
2015.0,554340,CH,IN,2,0.05714285714285714
2015.0,554340,SI,SI,1,0.05
2015.0,554340,FF,IN,1,0.029411764705882353
2015.0,554340,FF,FF,1,0.029411764705882353
2015.0,554340,IN,CH,1,0.2
2015.0,554340,IN,SL,1,0.2
2015.0,554340,IN,SI,1,0.2
2015.0,554340,FC,SL,1,0.05
2015.0,554340,FC,SI,1,0.05
2015.0,554340,CH,SI,1,0.02857142857142857
2015.0,554431,SL,FF,5,0.5
2015.0,554431,CU,CH,4,0.4444444444444444
2015.0,554431,CH,CU,4,0.4
2015.0,554431,FF,CU,4,0.4
2015.0,554431,CU,SL,3,0.3333333333333333
2015.0,554431,CH,SL,3,0.3
2015.0,554431,CU,FF,2,0.2222222222222222
2015.0,554431,CH,CH,2,0.2
2015.0,554431,FF,SL,2,0.2
2015.0,554431,SL,CU,2,0.2
2015.0,554431,FF,CH,2,0.2
2015.0,554431,SL,CH,2,0.2
2015.0,554431,FF,FF,2,0.2
2015.0,554431,CH,FF,1,0.1
2015.0,554431,SL,SL,1,0.1
2015.0,554432,FF,SI,9,0.6
2015.0,554432,SI,SL,8,0.5333333333333333
2015.0,554432,SL,FF,6,0.42857142857142855
2015.0,554432,SL,SI,4,0.2857142857142857
2015.0,554432,SL,SL,4,0.2857142857142857
2015.0,554432,SI,FF,4,0.26666666666666666
2015.0,554432,CH,FF,3,0.6
2015.0,554432,FF,SL,3,0.2
2015.0,554432,SI,CH,3,0.2
2015.0,554432,CH,SI,2,0.4
2015.0,554432,FF,CH,2,0.13333333333333333
2015.0,554432,FF,FF,1,0.06666666666666667
2015.0,570632,SL,SI,18,0.5142857142857142
2015.0,570632,SI,SL,16,0.45714285714285713
2015.0,570632,FF,CU,9,0.2647058823529412
2015.0,570632,CH,CU,9,0.3
2015.0,570632,FF,CH,8,0.23529411764705882
2015.0,570632,SI,FF,8,0.22857142857142856
2015.0,570632,CU,CH,8,0.32
2015.0,570632,CU,FF,8,0.32
2015.0,570632,CH,FF,8,0.26666666666666666
2015.0,570632,FF,SI,7,0.20588235294117646
2015.0,570632,CU,SL,6,0.24
2015.0,570632,SL,FF,6,0.17142857142857143
2015.0,570632,CH,CH,6,0.2
2015.0,570632,FF,IN,5,0.14705882352941177
2015.0,570632,SL,SL,5,0.14285714285714285
2015.0,570632,SI,CH,4,0.11428571428571428
2015.0,570632,IN,SI,4,0.4
2015.0,570632,CH,SL,4,0.13333333333333333
2015.0,570632,FF,SL,3,0.08823529411764706
2015.0,570632,SI,CU,3,0.08571428571428572
2015.0,570632,IN,FF,3,0.3
2015.0,570632,SL,CU,3,0.08571428571428572
2015.0,570632,IN,CH,3,0.3
2015.0,570632,CH,SI,3,0.1
2015.0,570632,SI,SI,2,0.05714285714285714
2015.0,570632,FF,FF,2,0.058823529411764705
2015.0,570632,SI,IN,2,0.05714285714285714
2015.0,570632,SL,IN,2,0.05714285714285714
2015.0,570632,CU,IN,1,0.04
2015.0,570632,CU,CU,1,0.04
2015.0,570632,CU,SI,1,0.04
2015.0,570632,SL,CH,1,0.02857142857142857
2015.0,570649,CU,CH,17,0.5
2015.0,570649,FC,CU,14,0.4
2015.0,570649,FC,FF,14,0.4
2015.0,570649,FF,SI,12,0.34285714285714286
2015.0,570649,CH,CU,11,0.3142857142857143
2015.0,570649,CU,FC,11,0.3235294117647059
2015.0,570649,SI,FF,11,0.3142857142857143
2015.0,570649,FF,FC,10,0.2857142857142857
2015.0,570649,CH,SI,8,0.22857142857142856
2015.0,570649,SI,SI,7,0.2
2015.0,570649,CH,FC,6,0.17142857142857143
2015.0,570649,CH,CH,6,0.17142857142857143
2015.0,570649,SI,CU,6,0.17142857142857143
2015.0,570649,FF,CH,5,0.14285714285714285
2015.0,570649,SI,FC,5,0.14285714285714285
2015.0,570649,SI,CH,4,0.11428571428571428
2015.0,570649,CH,FF,3,0.08571428571428572
2015.0,570649,FC,CH,3,0.08571428571428572
2015.0,570649,CU,FF,3,0.08823529411764706
2015.0,570649,FF,FF,3,0.08571428571428572
2015.0,570649,FF,CU,3,0.08571428571428572
2015.0,570649,IN,SI,3,0.6
2015.0,570649,FC,SI,2,0.05714285714285714
2015.0,570649,FC,FC,2,0.05714285714285714
2015.0,570649,CU,SI,2,0.058823529411764705
2015.0,570649,SI,IN,2,0.05714285714285714
2015.0,570649,FF,IN,2,0.05714285714285714
2015.0,570649,CH,IN,1,0.02857142857142857
2015.0,570649,CU,CU,1,0.029411764705882353
2015.0,570649,IN,FF,1,0.2
2015.0,570649,IN,FC,1,0.2
2015.0,570663,SI,SL,11,0.44
2015.0,570663,SL,FF,10,0.29411764705882354
2015.0,570663,SI,FF,10,0.4
2015.0,570663,SL,SI,10,0.29411764705882354
2015.0,570663,FF,SI,9,0.2571428571428571
2015.0,570663,FF,SL,9,0.2571428571428571
2015.0,570663,FF,CH,9,0.2571428571428571
2015.0,570663,CH,FF,7,0.4666666666666667
2015.0,570663,SL,SL,6,0.17647058823529413
2015.0,570663,CH,SL,5,0.3333333333333333
2015.0,570663,FF,FF,5,0.14285714285714285
2015.0,570663,SL,CH,4,0.11764705882352941
2015.0,570663,IN,SI,3,0.6
2015.0,570663,SL,AB,3,0.08823529411764706
2015.0,570663,IN,SL,2,0.4
2015.0,570663,CH,CH,2,0.13333333333333333
2015.0,570663,AB,SL,2,0.4
2015.0,570663,AB,FF,2,0.4
2015.0,570663,SI,SI,2,0.08
2015.0,570663,SI,IN,2,0.08
2015.0,570663,FF,IN,2,0.05714285714285714
2015.0,570663,CH,AB,1,0.06666666666666667
2015.0,570663,SL,IN,1,0.029411764705882353
2015.0,570663,AB,SI,1,0.2
2015.0,570663,FF,AB,1,0.02857142857142857
2015.0,571057,CU,CH,17,0.4857142857142857
2015.0,571057,CH,CU,16,0.45714285714285713
2015.0,571057,CU,FF,14,0.4
2015.0,571057,FF,CU,14,0.4
2015.0,571057,SI,FF,9,0.6428571428571429
2015.0,571057,CH,CH,8,0.22857142857142856
2015.0,571057,FF,SI,8,0.22857142857142856
2015.0,571057,FF,CH,7,0.2
2015.0,571057,CH,FF,6,0.17142857142857143
2015.0,571057,CH,SI,4,0.11428571428571428
2015.0,571057,FF,FF,4,0.11428571428571428
2015.0,571057,CU,CU,3,0.08571428571428572
2015.0,571057,SI,IN,2,0.14285714285714285
2015.0,571057,IN,FF,2,0.4
2015.0,571057,FF,IN,2,0.05714285714285714
2015.0,571057,CH,IN,1,0.02857142857142857
2015.0,571057,CU,SI,1,0.02857142857142857
2015.0,571057,SI,CH,1,0.07142857142857142
2015.0,571057,IN,CU,1,0.2
2015.0,571057,IN,CH,1,0.2
2015.0,571057,SI,CU,1,0.07142857142857142
2015.0,571057,SI,SI,1,0.07142857142857142
2015.0,571057,IN,SI,1,0.2
2015.0,571439,CH,FF,10,0.5
2015.0,571439,FF,SL,10,0.4166666666666667
2015.0,571439,SL,FF,7,0.35
2015.0,571439,FF,CH,7,0.2916666666666667
2015.0,571439,CH,CH,6,0.3
2015.0,571439,SL,SL,6,0.3
2015.0,571439,FF,FF,6,0.25
2015.0,571439,SL,CH,5,0.25
2015.0,571439,CH,IN,2,0.1
2015.0,571439,CH,SL,2,0.1
2015.0,571439,SL,IN,2,0.1
2015.0,571439,IN,SL,2,0.4
2015.0,571439,IN,FF,2,0.4
2015.0,571439,IN,CH,1,0.2
2015.0,571439,FF,IN,1,0.041666666666666664
2015.0,571476,SL,SI,3,0.6
2015.0,571476,CU,CH,3,0.6
2015.0,571476,FF,CU,3,0.6
2015.0,571476,SI,FF,3,0.75
2015.0,571476,CH,CU,2,0.4
2015.0,571476,SL,SL,2,0.4
2015.0,571476,CU,FF,2,0.4
2015.0,571476,CH,SL,1,0.2
2015.0,571476,CH,CH,1,0.2
2015.0,571476,CH,SI,1,0.2
2015.0,571476,FF,SI,1,0.2
2015.0,571476,FF,CH,1,0.2
2015.0,571476,SI,SL,1,0.25
2015.0,571479,FF,SL,12,0.5
2015.0,571479,SL,CH,10,0.4
2015.0,571479,CH,FF,9,0.45
2015.0,571479,SL,FF,8,0.32
2015.0,571479,SL,SL,7,0.28
2015.0,571479,FF,FF,7,0.2916666666666667
2015.0,571479,CH,SL,6,0.3
2015.0,571479,CH,CH,5,0.25
2015.0,571479,FF,CH,5,0.20833333333333334
2015.0,571510,CU,FF,11,0.55
2015.0,571510,CH,CU,11,0.5789473684210527
2015.0,571510,SL,FF,9,0.45
2015.0,571510,FF,SL,8,0.4
2015.0,571510,CU,CH,7,0.35
2015.0,571510,FF,CU,7,0.35
2015.0,571510,FF,CH,5,0.25
2015.0,571510,SL,SL,5,0.25
2015.0,571510,CH,SL,4,0.21052631578947367
2015.0,571510,CH,CH,4,0.21052631578947367
2015.0,571510,SL,CH,4,0.2
2015.0,571510,CU,SL,2,0.1
2015.0,571510,SL,CU,2,0.1
2015.0,571521,FF,FF,10,0.5263157894736842
2015.0,571521,SL,SL,9,0.45
2015.0,571521,SL,FF,9,0.45
2015.0,571521,FF,SL,7,0.3684210526315789
2015.0,571521,CH,SL,3,0.6
2015.0,571521,FF,CH,2,0.10526315789473684
2015.0,571521,SL,CH,2,0.1
2015.0,571521,CH,FF,1,0.2
2015.0,571521,CH,CH,1,0.2
2015.0,571527,CU,FC,11,0.44
2015.0,571527,FC,FF,11,0.44
2015.0,571527,CH,CU,10,0.4166666666666667
2015.0,571527,FF,SI,10,0.4
2015.0,571527,FF,FC,7,0.28
2015.0,571527,SI,FF,7,0.28
2015.0,571527,CU,CH,6,0.24
2015.0,571527,FC,CU,6,0.24
2015.0,571527,SI,CH,6,0.24
2015.0,571527,FC,CH,6,0.24
2015.0,571527,CH,CH,5,0.20833333333333334
2015.0,571527,CH,SI,5,0.20833333333333334
2015.0,571527,SI,SI,5,0.2
2015.0,571527,SI,CU,4,0.16
2015.0,571527,CU,SI,3,0.12
2015.0,571527,CU,CU,3,0.12
2015.0,571527,CH,FF,2,0.08333333333333333
2015.0,571527,CU,FF,2,0.08
2015.0,571527,FF,IN,2,0.08
2015.0,571527,FF,CH,2,0.08
2015.0,571527,FF,FF,2,0.08
2015.0,571527,FF,CU,2,0.08
2015.0,571527,SI,IN,2,0.08
2015.0,571527,FC,FC,2,0.08
2015.0,571527,IN,SI,2,0.4
2015.0,571527,IN,FC,2,0.4
2015.0,571527,CH,FC,1,0.041666666666666664
2015.0,571527,CH,IN,1,0.041666666666666664
2015.0,571527,SI,FC,1,0.04
2015.0,571527,IN,FF,1,0.2
2015.0,571561,SL,FF,12,0.4
2015.0,571561,FF,CH,11,0.36666666666666664
2015.0,571561,FF,SL,9,0.3
2015.0,571561,SL,IN,8,0.26666666666666666
2015.0,571561,IN,SL,7,0.5
2015.0,571561,CH,FF,7,0.4666666666666667
2015.0,571561,SL,SL,6,0.2
2015.0,571561,IN,FF,5,0.35714285714285715
2015.0,571561,FF,FF,5,0.16666666666666666
2015.0,571561,CH,SL,4,0.26666666666666666
2015.0,571561,SI,SL,4,0.8
2015.0,571561,SL,CH,3,0.1
2015.0,571561,FF,IN,3,0.1
2015.0,571561,IN,IN,2,0.14285714285714285
2015.0,571561,CH,IN,2,0.13333333333333333
2015.0,571561,FF,SI,2,0.06666666666666667
2015.0,571561,CH,CH,1,0.06666666666666667
2015.0,571561,CH,SI,1,0.06666666666666667
2015.0,571561,SL,SI,1,0.03333333333333333
2015.0,571561,SI,FF,1,0.2
2015.0,571577,CH,FF,4,0.4
2015.0,571577,SL,SI,4,0.4
2015.0,571577,SI,SL,4,0.4
2015.0,571577,SI,FF,4,0.4
2015.0,571577,CH,SL,3,0.3
2015.0,571577,SL,CH,3,0.3
2015.0,571577,CU,CH,3,0.75
2015.0,571577,FF,CU,3,0.3
2015.0,571577,FF,CH,3,0.3
2015.0,571577,CH,SI,2,0.2
2015.0,571577,SL,FF,2,0.2
2015.0,571577,FF,SI,2,0.2
2015.0,571577,FF,SL,2,0.2
2015.0,571577,CH,CU,1,0.1
2015.0,571577,SL,SL,1,0.1
2015.0,571577,CU,SI,1,0.25
2015.0,571577,SI,SI,1,0.1
2015.0,571577,SI,CU,1,0.1
2015.0,571578,FF,CH,10,0.5
2015.0,571578,CH,FF,9,0.45
2015.0,571578,SL,SI,9,0.45
2015.0,571578,SI,SL,7,0.3684210526315789
2015.0,571578,CH,SL,6,0.3
2015.0,571578,SI,FF,5,0.2631578947368421
2015.0,571578,FF,SI,5,0.25
2015.0,571578,SL,SL,5,0.25
2015.0,571578,SI,CH,4,0.21052631578947367
2015.0,571578,FF,FF,3,0.15
2015.0,571578,SI,SI,3,0.15789473684210525
2015.0,571578,CH,CH,3,0.15
2015.0,571578,SL,FF,3,0.15
2015.0,571578,SL,CH,3,0.15
2015.0,571578,FF,SL,2,0.1
2015.0,571578,CH,SI,2,0.1
2015.0,571584,SL,SL,8,0.4
2015.0,571584,FC,FF,8,0.8
2015.0,571584,FF,SL,7,0.3684210526315789
2015.0,571584,CU,FC,6,0.4
2015.0,571584,SL,CU,5,0.25
2015.0,571584,FF,CU,5,0.2631578947368421
2015.0,571584,CU,FF,4,0.26666666666666666
2015.0,571584,SL,FF,3,0.15
2015.0,571584,FF,FF,3,0.15789473684210525
2015.0,571584,CU,SL,3,0.2
2015.0,571584,PO,CU,2,0.4
2015.0,571584,SL,FC,2,0.1
2015.0,571584,PO,SL,2,0.4
2015.0,571584,SL,PO,2,0.1
2015.0,571584,FF,PO,2,0.10526315789473684
2015.0,571584,FC,CU,2,0.2
2015.0,571584,FF,FC,2,0.10526315789473684
2015.0,571584,PO,FF,1,0.2
2015.0,571584,CU,PO,1,0.06666666666666667
2015.0,571584,CU,CU,1,0.06666666666666667
2015.0,571656,CH,CU,13,0.52
2015.0,571656,CU,CH,10,0.4
2015.0,571656,FF,CU,7,0.28
2015.0,571656,SI,FF,7,0.35
2015.0,571656,FF,SI,6,0.24
2015.0,571656,CU,FF,5,0.2
2015.0,571656,SI,PO,5,0.25
2015.0,571656,CH,FF,4,0.16
2015.0,571656,FF,IN,4,0.16
2015.0,571656,SI,CH,4,0.2
2015.0,571656,CH,SI,3,0.12
2015.0,571656,CH,CH,3,0.12
2015.0,571656,PO,FF,3,0.3
2015.0,571656,CU,SI,3,0.12
2015.0,571656,CU,IN,3,0.12
2015.0,571656,FF,CH,3,0.12
2015.0,571656,FF,FF,3,0.12
2015.0,571656,CH,IN,2,0.08
2015.0,571656,PO,SI,2,0.2
2015.0,571656,PO,CH,2,0.2
2015.0,571656,CU,CU,2,0.08
2015.0,571656,IN,SI,2,0.2222222222222222
2015.0,571656,IN,CH,2,0.2222222222222222
2015.0,571656,IN,FF,2,0.2222222222222222
2015.0,571656,SI,SI,2,0.1
2015.0,571656,FC,SI,2,0.4
2015.0,571656,PO,FC,1,0.1
2015.0,571656,PO,PO,1,0.1
2015.0,571656,PO,CU,1,0.1
2015.0,571656,CU,FC,1,0.04
2015.0,571656,CU,PO,1,0.04
2015.0,571656,FC,CH,1,0.2
2015.0,571656,FF,PO,1,0.04
2015.0,571656,IN,PO,1,0.1111111111111111
2015.0,571656,IN,IN,1,0.1111111111111111
2015.0,571656,IN,FC,1,0.1111111111111111
2015.0,571656,FF,FC,1,0.04
2015.0,571656,SI,CU,1,0.05
2015.0,571656,SI,FC,1,0.05
2015.0,571656,FC,FF,1,0.2
2015.0,571656,FC,CU,1,0.2
2015.0,571666,CH,CU,16,0.45714285714285713
2015.0,571666,CU,CH,13,0.37142857142857144
2015.0,571666,FC,CU,12,0.4
2015.0,571666,FF,FC,11,0.3235294117647059
2015.0,571666,CU,FC,10,0.2857142857142857
2015.0,571666,FC,FF,8,0.26666666666666666
2015.0,571666,FF,FF,8,0.23529411764705882
2015.0,571666,CH,CH,7,0.2
2015.0,571666,CH,FF,7,0.2
2015.0,571666,CU,FF,7,0.2
2015.0,571666,FC,FC,6,0.2
2015.0,571666,SL,CH,5,0.5
2015.0,571666,IN,FF,4,0.4
2015.0,571666,FF,CH,4,0.11764705882352941
2015.0,571666,FF,CU,4,0.11764705882352941
2015.0,571666,FF,IN,4,0.11764705882352941
2015.0,571666,FC,CH,3,0.1
2015.0,571666,SL,IN,3,0.3
2015.0,571666,FF,SL,3,0.08823529411764706
2015.0,571666,IN,CH,3,0.3
2015.0,571666,CH,SL,3,0.08571428571428572
2015.0,571666,IN,SL,2,0.2
2015.0,571666,CU,IN,2,0.05714285714285714
2015.0,571666,CU,CU,2,0.05714285714285714
2015.0,571666,CH,FC,2,0.05714285714285714
2015.0,571666,FC,SL,1,0.03333333333333333
2015.0,571666,SL,CU,1,0.1
2015.0,571666,SL,FC,1,0.1
2015.0,571666,IN,IN,1,0.1
2015.0,571666,CU,SL,1,0.02857142857142857
2015.0,571704,SI,FF,13,0.52
2015.0,571704,FF,SL,12,0.35294117647058826
2015.0,571704,SL,FF,12,0.34285714285714286
2015.0,571704,FF,SI,11,0.3235294117647059
2015.0,571704,SL,SI,11,0.3142857142857143
2015.0,571704,SL,SL,10,0.2857142857142857
2015.0,571704,SI,SL,9,0.36
2015.0,571704,FF,FF,6,0.17647058823529413
2015.0,571704,FF,IN,5,0.14705882352941177
2015.0,571704,IN,FF,4,0.4
2015.0,571704,IN,SL,4,0.4
2015.0,571704,SI,IN,2,0.08
2015.0,571704,SL,IN,2,0.05714285714285714
2015.0,571704,IN,SI,2,0.2
2015.0,571704,SI,SI,1,0.04
2015.0,571710,SL,FF,12,0.48
2015.0,571710,FF,SL,10,0.4166666666666667
2015.0,571710,FF,CH,10,0.4166666666666667
2015.0,571710,CH,FF,9,0.45
2015.0,571710,SL,SL,9,0.36
2015.0,571710,CH,CH,6,0.3
2015.0,571710,CH,SL,5,0.25
2015.0,571710,FF,FF,4,0.16666666666666666
2015.0,571710,SL,CH,4,0.16
2015.0,571735,CH,CU,11,0.36666666666666664
2015.0,571735,CU,CH,10,0.3448275862068966
2015.0,571735,FF,IN,10,0.3333333333333333
2015.0,571735,CU,FF,8,0.27586206896551724
2015.0,571735,FF,SI,8,0.26666666666666666
2015.0,571735,SI,CH,8,0.26666666666666666
2015.0,571735,SI,FF,7,0.23333333333333334
2015.0,571735,CH,CH,7,0.23333333333333334
2015.0,571735,CH,SI,7,0.23333333333333334
2015.0,571735,FC,FF,5,0.5
2015.0,571735,SI,CU,5,0.16666666666666666
2015.0,571735,CH,FF,5,0.16666666666666666
2015.0,571735,IN,CU,4,0.26666666666666666
2015.0,571735,IN,SI,4,0.26666666666666666
2015.0,571735,CU,FC,4,0.13793103448275862
2015.0,571735,CU,CU,4,0.13793103448275862
2015.0,571735,SI,SI,4,0.13333333333333333
2015.0,571735,FF,CU,4,0.13333333333333333
2015.0,571735,IN,CH,3,0.2
2015.0,571735,FC,SI,3,0.3
2015.0,571735,SI,PO,3,0.1
2015.0,571735,FF,FC,3,0.1
2015.0,571735,CU,SI,2,0.06896551724137931
2015.0,571735,PO,SI,2,0.4
2015.0,571735,PO,IN,2,0.4
2015.0,571735,FC,CU,2,0.2
2015.0,571735,SI,FC,2,0.06666666666666667
2015.0,571735,FF,CH,2,0.06666666666666667
2015.0,571735,FF,FF,2,0.06666666666666667
2015.0,571735,IN,FC,1,0.06666666666666667
2015.0,571735,IN,IN,1,0.06666666666666667
2015.0,571735,IN,PO,1,0.06666666666666667
2015.0,571735,IN,FF,1,0.06666666666666667
2015.0,571735,CU,IN,1,0.034482758620689655
2015.0,571735,SI,IN,1,0.03333333333333333
2015.0,571735,PO,FF,1,0.2
2015.0,571735,FF,PO,1,0.03333333333333333
2015.0,571760,CH,SI,12,0.48
2015.0,571760,SI,SL,11,0.44
2015.0,571760,SL,SI,9,0.375
2015.0,571760,SI,CH,9,0.36
2015.0,571760,SL,SL,7,0.2916666666666667
2015.0,571760,SL,CH,6,0.25
2015.0,571760,CH,CH,6,0.24
2015.0,571760,CH,SL,5,0.2
2015.0,571760,FF,CH,4,0.8
2015.0,571760,SI,IN,3,0.12
2015.0,571760,SL,FF,2,0.08333333333333333
2015.0,571760,IN,SL,2,0.4
2015.0,571760,SI,SI,2,0.08
2015.0,571760,IN,FF,2,0.4
2015.0,571760,IN,SI,1,0.2
2015.0,571760,FF,SI,1,0.2
2015.0,571760,CH,FF,1,0.04
2015.0,571760,CH,IN,1,0.04
2015.0,571787,CU,FF,6,0.6
2015.0,571787,FF,SL,5,0.5
2015.0,571787,SL,CH,4,0.4
2015.0,571787,FF,CU,3,0.3
2015.0,571787,CH,CH,3,0.3333333333333333
2015.0,571787,CH,CU,3,0.3333333333333333
2015.0,571787,SL,CU,3,0.3
2015.0,571787,CH,SL,2,0.2222222222222222
2015.0,571787,CU,CH,2,0.2
2015.0,571787,SL,FF,2,0.2
2015.0,571787,FF,FF,1,0.1
2015.0,571787,FF,CH,1,0.1
2015.0,571787,CU,SL,1,0.1
2015.0,571787,CU,CU,1,0.1
2015.0,571787,CH,FF,1,0.1111111111111111
2015.0,571787,SL,SL,1,0.1
2015.0,571800,CH,FF,12,0.34285714285714286
2015.0,571800,FF,CH,11,0.3142857142857143
2015.0,571800,SL,FF,10,0.2857142857142857
2015.0,571800,CH,CH,9,0.2571428571428571
2015.0,571800,SL,SI,9,0.2571428571428571
2015.0,571800,FF,SL,9,0.2571428571428571
2015.0,571800,SI,SL,9,0.375
2015.0,571800,FF,SI,8,0.22857142857142856
2015.0,571800,SI,FF,8,0.3333333333333333
2015.0,571800,SL,SL,7,0.2
2015.0,571800,CH,SL,5,0.14285714285714285
2015.0,571800,CH,SI,5,0.14285714285714285
2015.0,571800,SL,CH,5,0.14285714285714285
2015.0,571800,PO,SL,4,0.4
2015.0,571800,FF,PO,4,0.11428571428571428
2015.0,571800,SI,CH,4,0.16666666666666666
2015.0,571800,PO,FF,3,0.3
2015.0,571800,SL,PO,3,0.08571428571428572
2015.0,571800,CU,CH,3,0.6
2015.0,571800,CH,CU,2,0.05714285714285714
2015.0,571800,CH,PO,2,0.05714285714285714
2015.0,571800,PO,CH,2,0.2
2015.0,571800,FF,CU,2,0.05714285714285714
2015.0,571800,SI,SI,2,0.08333333333333333
2015.0,571800,PO,SI,1,0.1
2015.0,571800,SL,CU,1,0.02857142857142857
2015.0,571800,CU,SL,1,0.2
2015.0,571800,CU,FF,1,0.2
2015.0,571800,SI,PO,1,0.041666666666666664
2015.0,571800,FF,FF,1,0.02857142857142857
2015.0,571871,SI,FF,13,0.43333333333333335
2015.0,571871,SI,SL,12,0.4
2015.0,571871,CU,CH,11,0.36666666666666664
2015.0,571871,FF,CU,10,0.3333333333333333
2015.0,571871,SL,SI,10,0.4166666666666667
2015.0,571871,CU,FF,9,0.3
2015.0,571871,CH,CU,9,0.36
2015.0,571871,FF,SI,8,0.26666666666666666
2015.0,571871,SL,CH,6,0.25
2015.0,571871,SL,CU,6,0.25
2015.0,571871,CH,SI,5,0.2
2015.0,571871,CH,CH,5,0.2
2015.0,571871,FF,SL,4,0.13333333333333333
2015.0,571871,CU,SI,4,0.13333333333333333
2015.0,571871,CH,SL,4,0.16
2015.0,571871,FF,FF,3,0.1
2015.0,571871,FF,IN,3,0.1
2015.0,571871,CU,SL,3,0.1
2015.0,571871,CU,CU,3,0.1
2015.0,571871,IN,SI,2,0.4
2015.0,571871,SI,IN,2,0.06666666666666667
2015.0,571871,SI,CU,2,0.06666666666666667
2015.0,571871,FF,CH,2,0.06666666666666667
2015.0,571871,CH,FF,2,0.08
2015.0,571871,IN,FF,1,0.2
2015.0,571871,IN,CH,1,0.2
2015.0,571871,SI,SI,1,0.03333333333333333
2015.0,571871,IN,SL,1,0.2
2015.0,571871,SL,FF,1,0.041666666666666664
2015.0,571871,SL,SL,1,0.041666666666666664
2015.0,571893,FF,CH,12,0.48
2015.0,571893,CH,CH,9,0.375
2015.0,571893,IN,FF,8,0.5333333333333333
2015.0,571893,SL,FF,7,0.28
2015.0,571893,CH,FF,7,0.2916666666666667
2015.0,571893,SL,SL,6,0.24
2015.0,571893,IN,SL,5,0.3333333333333333
2015.0,571893,FF,IN,5,0.2
2015.0,571893,SI,SL,5,0.5
2015.0,571893,SL,SI,5,0.2
2015.0,571893,FF,SL,5,0.2
2015.0,571893,SL,IN,4,0.16
2015.0,571893,CH,SL,4,0.16666666666666666
2015.0,571893,SL,CH,3,0.12
2015.0,571893,CH,IN,3,0.125
2015.0,571893,IN,SI,2,0.13333333333333333
2015.0,571893,SI,FF,2,0.2
2015.0,571893,SI,IN,2,0.2
2015.0,571893,FF,SI,2,0.08
2015.0,571893,SI,CH,1,0.1
2015.0,571893,FF,FF,1,0.04
2015.0,571893,CH,SI,1,0.041666666666666664
2015.0,571901,SI,SL,16,0.45714285714285713
2015.0,571901,SL,SI,14,0.4
2015.0,571901,CH,SI,13,0.38235294117647056
2015.0,571901,CH,CH,12,0.35294117647058826
2015.0,571901,SI,CH,12,0.34285714285714286
2015.0,571901,SL,CH,11,0.3142857142857143
2015.0,571901,SL,SL,10,0.2857142857142857
2015.0,571901,CH,SL,9,0.2647058823529412
2015.0,571901,SI,SI,7,0.2
2015.0,571927,CH,CU,8,0.42105263157894735
2015.0,571927,CU,SI,8,0.4
2015.0,571927,CH,SI,6,0.3157894736842105
2015.0,571927,SI,CH,6,0.3
2015.0,571927,SI,CU,6,0.3
2015.0,571927,CU,CH,5,0.25
2015.0,571927,CH,CH,4,0.21052631578947367
2015.0,571927,SL,CH,3,0.6
2015.0,571927,SI,SI,3,0.15
2015.0,571927,SI,SL,3,0.15
2015.0,571927,CU,CU,3,0.15
2015.0,571927,CU,IN,3,0.15
2015.0,571927,IN,CH,2,0.4
2015.0,571927,SI,IN,2,0.1
2015.0,571927,IN,CU,2,0.4
2015.0,571927,SL,CU,1,0.2
2015.0,571927,SL,SI,1,0.2
2015.0,571927,CH,SL,1,0.05263157894736842
2015.0,571927,IN,SI,1,0.2
2015.0,571927,CU,SL,1,0.05
2015.0,571946,CU,CH,14,0.4
2015.0,571946,FC,CU,14,0.4
2015.0,571946,CH,CU,12,0.34285714285714286
2015.0,571946,FF,FC,12,0.34285714285714286
2015.0,571946,FC,FF,11,0.3142857142857143
2015.0,571946,CU,FC,10,0.2857142857142857
2015.0,571946,SI,FF,10,0.2857142857142857
2015.0,571946,FF,SI,9,0.2571428571428571
2015.0,571946,CH,SI,8,0.22857142857142856
2015.0,571946,IN,FF,7,0.3684210526315789
2015.0,571946,SI,IN,7,0.2
2015.0,571946,SI,FC,7,0.2
2015.0,571946,CU,SI,6,0.17142857142857143
2015.0,571946,CH,CH,6,0.17142857142857143
2015.0,571946,FF,IN,6,0.17142857142857143
2015.0,571946,IN,SI,5,0.2631578947368421
2015.0,571946,SI,CH,5,0.14285714285714285
2015.0,571946,FF,CH,5,0.14285714285714285
2015.0,571946,SI,SI,5,0.14285714285714285
2015.0,571946,IN,CU,4,0.21052631578947367
2015.0,571946,FC,CH,4,0.11428571428571428
2015.0,571946,CU,FF,3,0.08571428571428572
2015.0,571946,CH,IN,3,0.08571428571428572
2015.0,571946,CH,FF,3,0.08571428571428572
2015.0,571946,CH,FC,3,0.08571428571428572
2015.0,571946,FC,IN,3,0.08571428571428572
2015.0,571946,IN,FC,2,0.10526315789473684
2015.0,571946,FC,SI,2,0.05714285714285714
2015.0,571946,FF,CU,2,0.05714285714285714
2015.0,571946,CU,CU,1,0.02857142857142857
2015.0,571946,CU,IN,1,0.02857142857142857
2015.0,571946,IN,CH,1,0.05263157894736842
2015.0,571946,FC,FC,1,0.02857142857142857
2015.0,571946,SI,CU,1,0.02857142857142857
2015.0,571946,FF,FF,1,0.02857142857142857
2015.0,571951,FC,FF,12,0.48
2015.0,571951,CU,FC,11,0.44
2015.0,571951,CH,CU,9,0.45
2015.0,571951,FC,CU,7,0.28
2015.0,571951,FF,FC,7,0.2916666666666667
2015.0,571951,FF,CH,7,0.2916666666666667
2015.0,571951,FF,FF,6,0.25
2015.0,571951,CU,CU,6,0.24
2015.0,571951,CH,CH,4,0.2
2015.0,571951,CH,FF,4,0.2
2015.0,571951,CU,CH,4,0.16
2015.0,571951,FC,FC,3,0.12
2015.0,571951,SI,CH,3,0.6
2015.0,571951,CH,FC,2,0.1
2015.0,571951,FF,IN,2,0.08333333333333333
2015.0,571951,FC,SI,2,0.08
2015.0,571951,FF,CU,2,0.08333333333333333
2015.0,571951,IN,CH,2,0.4
2015.0,571951,CU,FF,2,0.08
2015.0,571951,CU,SI,2,0.08
2015.0,571951,CH,IN,1,0.05
2015.0,571951,SI,CU,1,0.2
2015.0,571951,SI,IN,1,0.2
2015.0,571951,FC,IN,1,0.04
2015.0,571951,IN,FC,1,0.2
2015.0,571951,IN,SI,1,0.2
2015.0,571951,IN,FF,1,0.2
2015.0,572020,FF,FC,5,0.3333333333333333
2015.0,572020,CH,FC,5,0.3333333333333333
2015.0,572020,FC,CH,5,0.35714285714285715
2015.0,572020,SI,FF,4,0.4
2015.0,572020,SI,KC,4,0.4
2015.0,572020,FF,KC,3,0.2
2015.0,572020,FF,CH,3,0.2
2015.0,572020,KC,KC,3,0.2
2015.0,572020,KC,CH,3,0.2
2015.0,572020,KC,SI,3,0.2
2015.0,572020,CH,FF,3,0.2
2015.0,572020,CH,CH,3,0.2
2015.0,572020,KC,IN,3,0.2
2015.0,572020,FC,FC,3,0.21428571428571427
2015.0,572020,FC,FF,3,0.21428571428571427
2015.0,572020,IN,SI,2,0.4
2015.0,572020,FF,IN,2,0.13333333333333333
2015.0,572020,CH,SI,2,0.13333333333333333
2015.0,572020,CH,KC,2,0.13333333333333333
2015.0,572020,KC,FF,2,0.13333333333333333
2015.0,572020,FC,KC,2,0.14285714285714285
2015.0,572020,SI,SI,1,0.1
2015.0,572020,FF,SI,1,0.06666666666666667
2015.0,572020,IN,KC,1,0.2
2015.0,572020,IN,FF,1,0.2
2015.0,572020,SI,CH,1,0.1
2015.0,572020,FF,FF,1,0.06666666666666667
2015.0,572020,IN,FC,1,0.2
2015.0,572020,KC,FC,1,0.06666666666666667
2015.0,572020,FC,SI,1,0.07142857142857142
2015.0,572021,SI,SL,5,0.5
2015.0,572021,SL,SL,5,0.5555555555555556
2015.0,572021,SL,SI,4,0.4444444444444444
2015.0,572021,FF,SI,3,0.6
2015.0,572021,SI,FF,3,0.3
2015.0,572021,FF,FF,2,0.4
2015.0,572021,SI,SI,2,0.2
2015.0,572038,FF,SL,17,0.4857142857142857
2015.0,572038,SL,FF,16,0.47058823529411764
2015.0,572038,SL,SL,14,0.4117647058823529
2015.0,572038,FF,FF,13,0.37142857142857144
2015.0,572038,IN,FF,4,0.8
2015.0,572038,FF,FC,3,0.08571428571428572
2015.0,572038,SL,IN,3,0.08823529411764706
2015.0,572038,FC,SL,3,0.6
2015.0,572038,FF,IN,2,0.05714285714285714
2015.0,572038,FC,FF,2,0.4
2015.0,572038,IN,SL,1,0.2
2015.0,572038,SL,FC,1,0.029411764705882353
2015.0,572070,CU,FC,17,0.4857142857142857
2015.0,572070,SI,SL,14,0.4
2015.0,572070,FC,FF,11,0.3142857142857143
2015.0,572070,FC,CU,11,0.3142857142857143
2015.0,572070,FF,SI,11,0.3142857142857143
2015.0,572070,SL,SI,10,0.29411764705882354
2015.0,572070,SL,CU,10,0.29411764705882354
2015.0,572070,FC,SL,8,0.22857142857142856
2015.0,572070,SI,CU,7,0.2
2015.0,572070,SI,FF,7,0.2
2015.0,572070,FF,SL,7,0.2
2015.0,572070,SL,FC,6,0.17647058823529413
2015.0,572070,IN,SI,6,0.6
2015.0,572070,FF,IN,6,0.17142857142857143
2015.0,572070,FF,FC,6,0.17142857142857143
2015.0,572070,CU,FF,6,0.17142857142857143
2015.0,572070,SL,FF,5,0.14705882352941177
2015.0,572070,SI,FC,4,0.11428571428571428
2015.0,572070,CU,CU,4,0.11428571428571428
2015.0,572070,FC,SI,3,0.08571428571428572
2015.0,572070,IN,FF,3,0.3
2015.0,572070,FF,FF,3,0.08571428571428572
2015.0,572070,CU,SL,3,0.08571428571428572
2015.0,572070,CU,SI,3,0.08571428571428572
2015.0,572070,FC,FC,2,0.05714285714285714
2015.0,572070,SL,SL,2,0.058823529411764705
2015.0,572070,FF,CU,2,0.05714285714285714
2015.0,572070,SI,SI,2,0.05714285714285714
2015.0,572070,CU,IN,2,0.05714285714285714
2015.0,572070,SL,IN,1,0.029411764705882353
2015.0,572070,IN,CU,1,0.1
2015.0,572070,SI,IN,1,0.02857142857142857
2015.0,572089,CH,CU,5,0.5
2015.0,572089,SL,SI,4,0.4
2015.0,572089,SI,FF,4,0.4444444444444444
2015.0,572089,SL,SL,3,0.3
2015.0,572089,FF,CU,3,0.3
2015.0,572089,FF,CH,3,0.3
2015.0,572089,CU,FF,3,0.3
2015.0,572089,CU,CH,3,0.3
2015.0,572089,SL,CH,2,0.2
2015.0,572089,CH,SL,2,0.2
2015.0,572089,CH,CH,2,0.2
2015.0,572089,SI,SL,2,0.2222222222222222
2015.0,572089,SI,CU,2,0.2222222222222222
2015.0,572089,FF,SI,2,0.2
2015.0,572089,CU,SL,2,0.2
2015.0,572089,CU,SI,2,0.2
2015.0,572089,SL,FF,1,0.1
2015.0,572089,CH,SI,1,0.1
2015.0,572089,FF,SL,1,0.1
2015.0,572089,SI,SI,1,0.1111111111111111
2015.0,572089,FF,FF,1,0.1
2015.0,572096,SL,FF,13,0.38235294117647056
2015.0,572096,CU,CH,11,0.44
2015.0,572096,CH,FF,10,0.2857142857142857
2015.0,572096,CH,CU,9,0.2571428571428571
2015.0,572096,FF,CU,9,0.2571428571428571
2015.0,572096,SL,SL,8,0.23529411764705882
2015.0,572096,CH,CH,8,0.22857142857142856
2015.0,572096,FF,SL,8,0.22857142857142856
2015.0,572096,SL,IN,7,0.20588235294117646
2015.0,572096,CH,SL,7,0.2
2015.0,572096,FF,CH,7,0.2
2015.0,572096,FF,IN,7,0.2
2015.0,572096,SL,CH,6,0.17647058823529413
2015.0,572096,IN,SL,6,0.4
2015.0,572096,IN,FF,6,0.4
2015.0,572096,CU,FF,5,0.2
2015.0,572096,CU,SL,5,0.2
2015.0,572096,FF,FA,4,0.11428571428571428
2015.0,572096,CU,CU,3,0.12
2015.0,572096,FA,CU,2,0.4
2015.0,572096,IN,CU,2,0.13333333333333333
2015.0,572096,CH,IN,1,0.02857142857142857
2015.0,572096,FA,CH,1,0.2
2015.0,572096,FA,FF,1,0.2
2015.0,572096,FA,SL,1,0.2
2015.0,572096,IN,CH,1,0.06666666666666667
2015.0,572096,CU,FA,1,0.04
2015.0,572102,CU,FF,10,0.5
2015.0,572102,CH,CU,8,0.4
2015.0,572102,FF,SL,7,0.35
2015.0,572102,FF,CU,7,0.35
2015.0,572102,CH,CH,7,0.35
2015.0,572102,CU,CH,5,0.25
2015.0,572102,SL,SL,4,0.26666666666666666
2015.0,572102,SL,CH,4,0.26666666666666666
2015.0,572102,FF,CH,3,0.15
2015.0,572102,SL,CU,3,0.2
2015.0,572102,PO,FF,3,0.75
2015.0,572102,CU,SL,3,0.15
2015.0,572102,CH,FF,3,0.15
2015.0,572102,FF,FF,2,0.1
2015.0,572102,SL,FF,2,0.13333333333333333
2015.0,572102,SL,PO,2,0.13333333333333333
2015.0,572102,FF,PO,1,0.05
2015.0,572102,PO,CU,1,0.25
2015.0,572102,CH,SL,1,0.05
2015.0,572102,CH,PO,1,0.05
2015.0,572102,CU,PO,1,0.05
2015.0,572102,CU,CU,1,0.05
2015.0,572193,CH,FC,12,0.48
2015.0,572193,FF,FC,11,0.44
2015.0,572193,FC,CH,10,0.4166666666666667
2015.0,572193,SL,FF,9,0.36
2015.0,572193,SL,CH,8,0.32
2015.0,572193,FF,SL,8,0.32
2015.0,572193,FC,FF,8,0.3333333333333333
2015.0,572193,FC,SL,6,0.25
2015.0,572193,SL,SL,6,0.24
2015.0,572193,CH,SL,5,0.2
2015.0,572193,CH,FF,4,0.16
2015.0,572193,CH,CH,4,0.16
2015.0,572193,FF,FF,3,0.12
2015.0,572193,FF,CH,3,0.12
2015.0,572193,SL,FC,2,0.08
2015.0,572308,FF,SL,5,0.5555555555555556
2015.0,572308,CH,FF,5,0.5
2015.0,572308,SL,FF,4,0.4
2015.0,572308,FF,CH,3,0.3333333333333333
2015.0,572308,SL,SL,3,0.3
2015.0,572308,SL,CH,3,0.3
2015.0,572308,CH,CH,3,0.3
2015.0,572308,CH,SL,2,0.2
2015.0,572308,FF,FF,1,0.1111111111111111
2015.0,572309,SL,SI,5,0.5
2015.0,572309,CU,CH,5,0.5
2015.0,572309,FF,CU,4,0.4444444444444444
2015.0,572309,SI,IN,4,0.4
2015.0,572309,SL,SL,3,0.3
2015.0,572309,CU,FF,3,0.3
2015.0,572309,CH,FF,2,0.2
2015.0,572309,CH,CU,2,0.2
2015.0,572309,CH,CH,2,0.2
2015.0,572309,CH,SL,2,0.2
2015.0,572309,CH,SI,2,0.2
2015.0,572309,SL,CU,2,0.2
2015.0,572309,IN,CH,2,0.4
2015.0,572309,FF,SL,2,0.2222222222222222
2015.0,572309,IN,FF,2,0.4
2015.0,572309,SI,FF,2,0.2
2015.0,572309,CU,SL,1,0.1
2015.0,572309,CU,CU,1,0.1
2015.0,572309,SI,SL,1,0.1
2015.0,572309,FF,FF,1,0.1111111111111111
2015.0,572309,SI,CH,1,0.1
2015.0,572309,SI,SI,1,0.1
2015.0,572309,FF,SI,1,0.1111111111111111
2015.0,572309,SI,CU,1,0.1
2015.0,572309,FF,IN,1,0.1111111111111111
2015.0,572309,IN,SL,1,0.2
2015.0,572362,FF,CU,6,0.6
2015.0,572362,CU,CH,5,0.5555555555555556
2015.0,572362,CH,FF,4,0.4
2015.0,572362,CU,FF,3,0.3333333333333333
2015.0,572362,CH,CH,3,0.3
2015.0,572362,CH,CU,3,0.3
2015.0,572362,FF,FF,2,0.2
2015.0,572362,FF,CH,2,0.2
2015.0,572362,CU,CU,1,0.1111111111111111
2015.0,572403,CU,FF,8,0.4
2015.0,572403,CH,CU,7,0.5
2015.0,572403,CU,CH,6,0.3
2015.0,572403,FF,IN,6,0.3
2015.0,572403,FF,CU,6,0.3
2015.0,572403,SI,FF,6,0.3
2015.0,572403,SI,SI,5,0.25
2015.0,572403,IN,SI,5,0.5
2015.0,572403,CU,SI,4,0.2
2015.0,572403,FF,SI,4,0.2
2015.0,572403,SI,CH,4,0.2
2015.0,572403,SI,CU,4,0.2
2015.0,572403,CU,CU,2,0.1
2015.0,572403,IN,FF,2,0.2
2015.0,572403,FF,FF,2,0.1
2015.0,572403,FF,CH,2,0.1
2015.0,572403,CH,SI,2,0.14285714285714285
2015.0,572403,CH,CH,2,0.14285714285714285
2015.0,572403,CH,FF,2,0.14285714285714285
2015.0,572403,IN,CU,1,0.1
2015.0,572403,IN,IN,1,0.1
2015.0,572403,IN,CH,1,0.1
2015.0,572403,SI,IN,1,0.05
2015.0,572403,CH,IN,1,0.07142857142857142
2015.0,572750,SI,SL,12,0.48
2015.0,572750,SL,SI,10,0.4
2015.0,572750,CH,CU,9,0.375
2015.0,572750,CU,FF,8,0.4
2015.0,572750,IN,SI,8,0.5333333333333333
2015.0,572750,CH,CH,6,0.25
2015.0,572750,CU,CH,6,0.3
2015.0,572750,FF,IN,6,0.24
2015.0,572750,SL,SL,5,0.2
2015.0,572750,SL,FF,5,0.2
2015.0,572750,FF,CU,5,0.2
2015.0,572750,SI,IN,5,0.2
2015.0,572750,FF,SI,5,0.2
2015.0,572750,SL,CH,4,0.16
2015.0,572750,FF,CH,4,0.16
2015.0,572750,CH,FF,3,0.125
2015.0,572750,CU,CU,3,0.15
2015.0,572750,SI,FF,3,0.12
2015.0,572750,FF,FF,3,0.12
2015.0,572750,IN,FF,3,0.2
2015.0,572750,SI,CH,3,0.12
2015.0,572750,CH,SI,2,0.08333333333333333
2015.0,572750,CH,SL,2,0.08333333333333333
2015.0,572750,CH,IN,2,0.08333333333333333
2015.0,572750,CU,SL,2,0.1
2015.0,572750,FF,SL,2,0.08
2015.0,572750,SI,CU,2,0.08
2015.0,572750,IN,SL,2,0.13333333333333333
2015.0,572750,IN,CH,2,0.13333333333333333
2015.0,572750,SL,CU,1,0.04
2015.0,572750,CU,IN,1,0.05
2015.0,572788,FF,CU,12,0.48
2015.0,572788,CU,CH,11,0.4583333333333333
2015.0,572788,SI,SL,11,0.55
2015.0,572788,CH,CU,8,0.32
2015.0,572788,SL,SI,7,0.28
2015.0,572788,CU,FF,7,0.2916666666666667
2015.0,572788,CH,CH,6,0.24
2015.0,572788,CH,FF,5,0.2
2015.0,572788,SL,SL,5,0.2
2015.0,572788,SL,CH,5,0.2
2015.0,572788,SL,FF,5,0.2
2015.0,572788,FF,SI,5,0.2
2015.0,572788,SI,FF,4,0.2
2015.0,572788,CH,SI,3,0.12
2015.0,572788,CH,SL,3,0.12
2015.0,572788,SL,IN,3,0.12
2015.0,572788,CU,SL,3,0.125
2015.0,572788,CU,CU,3,0.125
2015.0,572788,FF,SL,3,0.12
2015.0,572788,SI,SI,3,0.15
2015.0,572788,FF,FF,2,0.08
2015.0,572788,FF,CH,2,0.08
2015.0,572788,IN,SI,2,0.4
2015.0,572788,IN,FF,2,0.4
2015.0,572788,SI,IN,1,0.05
2015.0,572788,FF,IN,1,0.04
2015.0,572788,IN,CU,1,0.2
2015.0,572788,SI,CU,1,0.05
2015.0,572888,SL,SI,10,0.4
2015.0,572888,CH,CU,9,0.45
2015.0,572888,FF,CU,7,0.28
2015.0,572888,SI,FF,7,0.28
2015.0,572888,SI,SL,7,0.28
2015.0,572888,CU,FF,7,0.3684210526315789
2015.0,572888,IN,SI,6,0.4
2015.0,572888,FF,IN,6,0.24
2015.0,572888,CU,CH,6,0.3157894736842105
2015.0,572888,IN,FF,4,0.26666666666666666
2015.0,572888,FF,SL,4,0.16
2015.0,572888,CU,SL,4,0.21052631578947367
2015.0,572888,SL,ST,4,0.16
2015.0,572888,CH,CH,4,0.2
2015.0,572888,FF,SI,3,0.12
2015.0,572888,SI,CH,3,0.12
2015.0,572888,SL,SL,3,0.12
2015.0,572888,SL,CH,3,0.12
2015.0,572888,PO,SI,3,0.6
2015.0,572888,IN,SL,2,0.13333333333333333
2015.0,572888,IN,PO,2,0.13333333333333333
2015.0,572888,FF,CH,2,0.08
2015.0,572888,SI,CU,2,0.08
2015.0,572888,SI,IN,2,0.08
2015.0,572888,FF,FF,2,0.08
2015.0,572888,SI,PO,2,0.08
2015.0,572888,CU,IN,2,0.10526315789473684
2015.0,572888,SL,CU,2,0.08
2015.0,572888,PO,IN,2,0.4
2015.0,572888,ST,SL,2,0.4
2015.0,572888,SL,FF,2,0.08
2015.0,572888,CH,SI,2,0.1
2015.0,572888,CH,FF,2,0.1
2015.0,572888,CH,SL,2,0.1
2015.0,572888,SI,ST,1,0.04
2015.0,572888,IN,CH,1,0.06666666666666667
2015.0,572888,FF,PO,1,0.04
2015.0,572888,SI,SI,1,0.04
2015.0,572888,ST,FF,1,0.2
2015.0,572888,SL,IN,1,0.04
2015.0,572888,ST,CH,1,0.2
2015.0,572888,ST,IN,1,0.2
2015.0,572888,CH,IN,1,0.05
2015.0,572889,CH,SI,4,0.8
2015.0,572889,SI,SL,3,0.6
2015.0,572889,SI,CH,2,0.4
2015.0,572889,SL,SL,2,0.5
2015.0,572889,CH,CH,1,0.2
2015.0,572889,SL,CH,1,0.25
2015.0,572889,SL,SI,1,0.25
2015.0,572971,CH,FC,15,0.4411764705882353
2015.0,572971,SL,SI,13,0.37142857142857144
2015.0,572971,FC,CH,13,0.37142857142857144
2015.0,572971,SI,SL,13,0.37142857142857144
2015.0,572971,FC,FF,11,0.3142857142857143
2015.0,572971,FF,SI,11,0.3142857142857143
2015.0,572971,CH,SL,10,0.29411764705882354
2015.0,572971,SI,FF,10,0.2857142857142857
2015.0,572971,SL,CH,7,0.2
2015.0,572971,FF,FC,7,0.2
2015.0,572971,SL,FC,6,0.17142857142857143
2015.0,572971,SL,FF,6,0.17142857142857143
2015.0,572971,FF,SL,6,0.17142857142857143
2015.0,572971,FC,FC,5,0.14285714285714285
2015.0,572971,FF,CH,5,0.14285714285714285
2015.0,572971,SI,CH,5,0.14285714285714285
2015.0,572971,FC,SL,4,0.11428571428571428
2015.0,572971,SI,SI,4,0.11428571428571428
2015.0,572971,CH,CH,3,0.08823529411764706
2015.0,572971,CH,FF,3,0.08823529411764706
2015.0,572971,CH,SI,3,0.08823529411764706
2015.0,572971,FF,IN,3,0.08571428571428572
2015.0,572971,FF,FF,3,0.08571428571428572
2015.0,572971,SL,SL,2,0.05714285714285714
2015.0,572971,IN,CH,2,0.4
2015.0,572971,FC,SI,2,0.05714285714285714
2015.0,572971,IN,SI,2,0.4
2015.0,572971,SI,FC,2,0.05714285714285714
2015.0,572971,SL,IN,1,0.02857142857142857
2015.0,572971,SI,IN,1,0.02857142857142857
2015.0,572971,IN,FF,1,0.2
2015.0,573046,CH,FF,10,0.4166666666666667
2015.0,573046,FF,SI,9,0.3
2015.0,573046,FF,CH,8,0.26666666666666666
2015.0,573046,SL,SL,8,0.32
2015.0,573046,CH,CH,6,0.25
2015.0,573046,CH,SL,6,0.25
2015.0,573046,SI,FF,6,0.3
2015.0,573046,SL,SI,6,0.24
2015.0,573046,SL,FF,6,0.24
2015.0,573046,SI,SL,5,0.25
2015.0,573046,FF,SL,5,0.16666666666666666
2015.0,573046,FF,FF,4,0.13333333333333333
2015.0,573046,SI,CH,4,0.2
2015.0,573046,IN,FF,4,0.4
2015.0,573046,SL,CH,4,0.16
2015.0,573046,FF,IN,4,0.13333333333333333
2015.0,573046,SI,IN,4,0.2
2015.0,573046,IN,SI,3,0.3
2015.0,573046,IN,CH,2,0.2
2015.0,573046,CH,IN,1,0.041666666666666664
2015.0,573046,CH,SI,1,0.041666666666666664
2015.0,573046,SI,SI,1,0.05
2015.0,573046,IN,SL,1,0.1
2015.0,573046,SL,IN,1,0.04
2015.0,573064,SL,SI,12,0.4
2015.0,573064,CH,CU,12,0.4
2015.0,573064,FF,CU,12,0.4
2015.0,573064,CU,FF,12,0.4
2015.0,573064,CU,CH,10,0.3333333333333333
2015.0,573064,SL,SL,7,0.23333333333333334
2015.0,573064,CH,SL,7,0.23333333333333334
2015.0,573064,SI,SL,7,0.2413793103448276
2015.0,573064,SL,CH,6,0.2
2015.0,573064,FF,SI,6,0.2
2015.0,573064,SI,CH,6,0.20689655172413793
2015.0,573064,SI,PO,5,0.1724137931034483
2015.0,573064,CU,SL,5,0.16666666666666666
2015.0,573064,PO,FF,4,0.4
2015.0,573064,CH,CH,4,0.13333333333333333
2015.0,573064,SI,FF,4,0.13793103448275862
2015.0,573064,CH,FF,3,0.1
2015.0,573064,CH,SI,3,0.1
2015.0,573064,FF,FF,3,0.1
2015.0,573064,FF,PO,3,0.1
2015.0,573064,FF,IN,3,0.1
2015.0,573064,SI,SI,3,0.10344827586206896
2015.0,573064,SL,FF,2,0.06666666666666667
2015.0,573064,SL,CU,2,0.06666666666666667
2015.0,573064,PO,SL,2,0.2
2015.0,573064,PO,SI,2,0.2
2015.0,573064,IN,SI,2,0.4
2015.0,573064,FF,CH,2,0.06666666666666667
2015.0,573064,IN,FF,2,0.4
2015.0,573064,SI,CU,2,0.06896551724137931
2015.0,573064,SI,IN,2,0.06896551724137931
2015.0,573064,CU,SI,2,0.06666666666666667
2015.0,573064,SL,PO,1,0.03333333333333333
2015.0,573064,PO,CU,1,0.1
2015.0,573064,PO,CH,1,0.1
2015.0,573064,CH,PO,1,0.03333333333333333
2015.0,573064,FF,SL,1,0.03333333333333333
2015.0,573064,IN,SL,1,0.2
2015.0,573064,CU,CU,1,0.03333333333333333
2015.0,573109,SL,SI,18,0.5142857142857142
2015.0,573109,SI,FF,17,0.4857142857142857
2015.0,573109,FF,FC,17,0.4857142857142857
2015.0,573109,SI,SL,14,0.4
2015.0,573109,FC,FF,12,0.34285714285714286
2015.0,573109,FF,SI,10,0.2857142857142857
2015.0,573109,CU,CH,10,0.5
2015.0,573109,CH,SL,10,0.29411764705882354
2015.0,573109,FC,CU,9,0.2571428571428571
2015.0,573109,CH,FC,8,0.23529411764705882
2015.0,573109,CH,CH,7,0.20588235294117646
2015.0,573109,SL,CH,6,0.17142857142857143
2015.0,573109,CH,CU,6,0.17647058823529413
2015.0,573109,FC,CH,5,0.14285714285714285
2015.0,573109,FF,CH,4,0.11428571428571428
2015.0,573109,CU,FC,4,0.2
2015.0,573109,FC,SI,4,0.11428571428571428
2015.0,573109,FC,SL,4,0.11428571428571428
2015.0,573109,SL,FC,3,0.08571428571428572
2015.0,573109,SL,SL,3,0.08571428571428572
2015.0,573109,SL,FF,3,0.08571428571428572
2015.0,573109,SI,CH,2,0.05714285714285714
2015.0,573109,SI,FC,2,0.05714285714285714
2015.0,573109,FF,CU,2,0.05714285714285714
2015.0,573109,FF,SL,2,0.05714285714285714
2015.0,573109,CU,SL,2,0.1
2015.0,573109,CU,FF,2,0.1
2015.0,573109,SL,CU,2,0.05714285714285714
2015.0,573109,CH,SI,2,0.058823529411764705
2015.0,573109,CU,CU,1,0.05
2015.0,573109,CU,SI,1,0.05
2015.0,573109,FC,FC,1,0.02857142857142857
2015.0,573109,CH,FF,1,0.029411764705882353
2015.0,573127,SI,FF,17,0.68
2015.0,573127,SL,SI,12,0.5
2015.0,573127,FF,SI,12,0.48
2015.0,573127,FF,SL,9,0.36
2015.0,573127,SL,SL,7,0.2916666666666667
2015.0,573127,SI,SL,7,0.28
2015.0,573127,SL,FF,4,0.16666666666666666
2015.0,573127,FF,EP,3,0.12
2015.0,573127,EP,FF,2,0.4
2015.0,573127,EP,SL,2,0.4
2015.0,573127,SL,EP,1,0.041666666666666664
2015.0,573127,EP,EP,1,0.2
2015.0,573127,FF,FF,1,0.04
2015.0,573127,SI,SI,1,0.04
2015.0,573185,CH,FF,6,0.4
2015.0,573185,FF,CH,6,0.4
2015.0,573185,FF,SI,6,0.4
2015.0,573185,SI,SL,5,0.5
2015.0,573185,CH,SL,4,0.26666666666666666
2015.0,573185,SL,CH,4,0.26666666666666666
2015.0,573185,SI,FF,4,0.4
2015.0,573185,SL,SL,4,0.26666666666666666
2015.0,573185,SL,FF,3,0.2
2015.0,573185,SL,SI,3,0.2
2015.0,573185,CH,CH,2,0.13333333333333333
2015.0,573185,CH,CU,2,0.13333333333333333
2015.0,573185,CU,CH,2,0.5
2015.0,573185,CU,FF,2,0.5
2015.0,573185,FF,SL,2,0.13333333333333333
2015.0,573185,CH,SI,1,0.06666666666666667
2015.0,573185,SL,CU,1,0.06666666666666667
2015.0,573185,FF,CU,1,0.06666666666666667
2015.0,573185,SI,CU,1,0.1
2015.0,573186,FC,CU,5,0.5
2015.0,573186,CH,CU,5,0.5
2015.0,573186,FF,FC,5,0.5
2015.0,573186,SI,FF,5,0.5
2015.0,573186,CU,CH,5,0.5
2015.0,573186,SL,SI,4,0.4444444444444444
2015.0,573186,ST,SL,3,0.6
2015.0,573186,FF,SI,3,0.3
2015.0,573186,SI,SL,3,0.3
2015.0,573186,CU,FC,3,0.3
2015.0,573186,FC,FF,2,0.2
2015.0,573186,CH,SV,2,0.2
2015.0,573186,SV,ST,2,0.4
2015.0,573186,SL,ST,2,0.2222222222222222
2015.0,573186,FC,CH,1,0.1
2015.0,573186,ST,SV,1,0.2
2015.0,573186,ST,FF,1,0.2
2015.0,573186,FC,SI,1,0.1
2015.0,573186,FC,SL,1,0.1
2015.0,573186,CH,CH,1,0.1
2015.0,573186,CH,SI,1,0.1
2015.0,573186,CH,SL,1,0.1
2015.0,573186,SV,FC,1,0.2
2015.0,573186,SV,SI,1,0.2
2015.0,573186,SV,SL,1,0.2
2015.0,573186,FF,FF,1,0.1
2015.0,573186,SI,ST,1,0.1
2015.0,573186,SL,SV,1,0.1111111111111111
2015.0,573186,FF,CH,1,0.1
2015.0,573186,SI,CH,1,0.1
2015.0,573186,SL,CH,1,0.1111111111111111
2015.0,573186,SL,SL,1,0.1111111111111111
2015.0,573186,CU,FF,1,0.1
2015.0,573186,CU,SV,1,0.1
2015.0,573204,SI,SL,3,0.75
2015.0,573204,SL,FF,3,0.6
2015.0,573204,FF,CU,2,0.4
2015.0,573204,CU,CH,2,0.4
2015.0,573204,CH,SI,2,0.4
2015.0,573204,FF,SI,1,0.2
2015.0,573204,SI,SI,1,0.25
2015.0,573204,FF,CH,1,0.2
2015.0,573204,FF,FF,1,0.2
2015.0,573204,CU,CU,1,0.2
2015.0,573204,CU,SL,1,0.2
2015.0,573204,CU,SI,1,0.2
2015.0,573204,SL,CU,1,0.2
2015.0,573204,SL,CH,1,0.2
2015.0,573204,CH,SL,1,0.2
2015.0,573204,CH,CH,1,0.2
2015.0,573204,CH,CU,1,0.2
2015.0,573244,CU,CH,3,0.6
2015.0,573244,SI,FF,3,0.6
2015.0,573244,FF,CU,3,0.6
2015.0,573244,SL,SI,2,0.4
2015.0,573244,SI,SL,2,0.4
2015.0,573244,FF,SI,2,0.4
2015.0,573244,SL,CU,1,0.2
2015.0,573244,SL,CH,1,0.2
2015.0,573244,SL,SL,1,0.2
2015.0,573244,CH,SL,1,0.25
2015.0,573244,CU,SI,1,0.2
2015.0,573244,CU,FF,1,0.2
2015.0,573244,CH,CH,1,0.25
2015.0,573244,CH,CU,1,0.25
2015.0,573244,CH,FF,1,0.25
2015.0,580792,SL,FF,9,0.47368421052631576
2015.0,580792,SL,SL,7,0.3684210526315789
2015.0,580792,FF,SL,7,0.35
2015.0,580792,FF,FF,7,0.35
2015.0,580792,CH,SL,6,0.6
2015.0,580792,FF,CH,6,0.3
2015.0,580792,CH,FF,3,0.3
2015.0,580792,SL,CH,3,0.15789473684210525
2015.0,580792,CH,CH,1,0.1
2015.0,592091,FC,CH,5,0.5
2015.0,592091,FF,CH,5,0.3333333333333333
2015.0,592091,CH,FF,5,0.35714285714285715
2015.0,592091,FF,FC,4,0.26666666666666666
2015.0,592091,FC,FF,3,0.3
2015.0,592091,SL,SI,3,0.3
2015.0,592091,CH,CH,3,0.21428571428571427
2015.0,592091,IN,SI,2,0.4
2015.0,592091,SL,SL,2,0.2
2015.0,592091,FF,PO,2,0.13333333333333333
2015.0,592091,FF,FF,2,0.13333333333333333
2015.0,592091,PO,FF,2,0.4
2015.0,592091,SL,PO,2,0.2
2015.0,592091,PO,SL,2,0.4
2015.0,592091,SI,IN,2,0.4
2015.0,592091,CH,FC,2,0.14285714285714285
2015.0,592091,CH,SL,2,0.14285714285714285
2015.0,592091,IN,SL,1,0.2
2015.0,592091,IN,CH,1,0.2
2015.0,592091,IN,FF,1,0.2
2015.0,592091,SI,SL,1,0.2
2015.0,592091,SL,FC,1,0.1
2015.0,592091,SL,IN,1,0.1
2015.0,592091,SL,FF,1,0.1
2015.0,592091,SI,FC,1,0.2
2015.0,592091,SI,FF,1,0.2
2015.0,592091,FF,IN,1,0.06666666666666667
2015.0,592091,FC,FC,1,0.1
2015.0,592091,PO,CH,1,0.2
2015.0,592091,FF,SL,1,0.06666666666666667
2015.0,592091,FC,SL,1,0.1
2015.0,592091,CH,PO,1,0.07142857142857142
2015.0,592091,CH,IN,1,0.07142857142857142
2015.0,592102,FF,KC,15,0.4411764705882353
2015.0,592102,KC,FF,15,0.42857142857142855
2015.0,592102,FF,FF,10,0.29411764705882354
2015.0,592102,KC,KC,9,0.2571428571428571
2015.0,592102,IN,FF,5,0.5
2015.0,592102,FF,IN,5,0.14705882352941177
2015.0,592102,KC,IN,5,0.14285714285714285
2015.0,592102,IN,KC,4,0.4
2015.0,592102,SI,KC,3,0.6
2015.0,592102,SI,FF,2,0.4
2015.0,592102,FF,CH,2,0.058823529411764705
2015.0,592102,SL,SI,2,0.4
2015.0,592102,KC,SL,2,0.05714285714285714
2015.0,592102,KC,CH,2,0.05714285714285714
2015.0,592102,CH,FF,2,0.4
2015.0,592102,KC,SI,2,0.05714285714285714
2015.0,592102,CH,KC,2,0.4
2015.0,592102,IN,SL,1,0.1
2015.0,592102,FF,SL,1,0.029411764705882353
2015.0,592102,FF,SI,1,0.029411764705882353
2015.0,592102,SL,FF,1,0.2
2015.0,592102,SL,KC,1,0.2
2015.0,592102,SL,CH,1,0.2
2015.0,592102,CH,SL,1,0.2
2015.0,592135,SL,FF,11,0.36666666666666664
2015.0,592135,FF,FC,10,0.3448275862068966
2015.0,592135,FC,FF,9,0.36
2015.0,592135,FC,CH,8,0.32
2015.0,592135,SL,FC,7,0.23333333333333334
2015.0,592135,CH,FC,7,0.35
2015.0,592135,FF,SL,7,0.2413793103448276
2015.0,592135,FC,SL,6,0.24
2015.0,592135,CH,SL,6,0.3
2015.0,592135,FF,CH,6,0.20689655172413793
2015.0,592135,IN,SL,6,0.6
2015.0,592135,SL,IN,5,0.16666666666666666
2015.0,592135,SL,SL,5,0.16666666666666666
2015.0,592135,CH,FF,4,0.2
2015.0,592135,CH,CH,3,0.15
2015.0,592135,IN,FF,3,0.3
2015.0,592135,FF,IN,3,0.10344827586206896
2015.0,592135,FF,FF,3,0.10344827586206896
2015.0,592135,FC,IN,2,0.08
2015.0,592135,SL,CH,2,0.06666666666666667
2015.0,592135,IN,CH,1,0.1
2015.0,592181,SL,SI,11,0.55
2015.0,592181,FF,SL,7,0.7
2015.0,592181,SI,FF,7,0.3684210526315789
2015.0,592181,SI,SL,7,0.3684210526315789
2015.0,592181,SL,SL,6,0.3
2015.0,592181,SI,SI,5,0.2631578947368421
2015.0,592181,FF,SI,3,0.3
2015.0,592181,SL,FF,3,0.15
2015.0,592222,CH,CU,7,0.4666666666666667
2015.0,592222,SL,SI,7,0.5
2015.0,592222,CU,CH,6,0.4
2015.0,592222,CH,SL,5,0.3333333333333333
2015.0,592222,CU,SI,5,0.3333333333333333
2015.0,592222,CU,SL,4,0.26666666666666666
2015.0,592222,SL,CH,4,0.2857142857142857
2015.0,592222,IN,CU,4,0.8
2015.0,592222,SI,CU,4,0.26666666666666666
2015.0,592222,SI,SI,3,0.2
2015.0,592222,SI,CH,3,0.2
2015.0,592222,SI,SL,3,0.2
2015.0,592222,CH,CH,2,0.13333333333333333
2015.0,592222,SI,IN,2,0.13333333333333333
2015.0,592222,SL,IN,2,0.14285714285714285
2015.0,592222,CH,IN,1,0.06666666666666667
2015.0,592222,SL,SL,1,0.07142857142857142
2015.0,592222,IN,SL,1,0.2
2015.0,592314,SI,FF,10,0.4
2015.0,592314,SL,SI,10,0.4
2015.0,592314,SI,SL,9,0.36
2015.0,592314,FF,SI,9,0.375
2015.0,592314,CH,CU,8,0.4
2015.0,592314,CU,FF,8,0.32
2015.0,592314,FF,SL,7,0.2916666666666667
2015.0,592314,FF,CU,6,0.25
2015.0,592314,CU,CH,6,0.24
2015.0,592314,SL,CU,5,0.2
2015.0,592314,CH,CH,5,0.25
2015.0,592314,CU,SL,5,0.2
2015.0,592314,SI,CH,4,0.16
2015.0,592314,SL,FF,4,0.16
2015.0,592314,CH,SI,4,0.2
2015.0,592314,CU,CU,4,0.16
2015.0,592314,SL,SL,3,0.12
2015.0,592314,SL,CH,3,0.12
2015.0,592314,SI,CU,2,0.08
2015.0,592314,CH,FF,2,0.1
2015.0,592314,CU,SI,2,0.08
2015.0,592314,FF,CH,1,0.041666666666666664
2015.0,592314,FF,FF,1,0.041666666666666664
2015.0,592314,CH,SL,1,0.05
2015.0,592329,SI,FF,9,0.45
2015.0,592329,SL,SI,8,0.4
2015.0,592329,FF,SI,7,0.35
2015.0,592329,CH,SL,7,0.3684210526315789
2015.0,592329,FF,CH,6,0.3
2015.0,592329,CH,FF,5,0.2631578947368421
2015.0,592329,SL,CH,5,0.25
2015.0,592329,SI,CH,4,0.2
2015.0,592329,SI,SL,4,0.2
2015.0,592329,SL,SL,4,0.2
2015.0,592329,FF,SL,3,0.15
2015.0,592329,CH,SI,3,0.15789473684210525
2015.0,592329,CH,CH,3,0.15789473684210525
2015.0,592329,SL,FF,3,0.15
2015.0,592329,IN,CH,2,0.4
2015.0,592329,FF,IN,2,0.1
2015.0,592329,SI,IN,2,0.1
2015.0,592329,FF,FF,2,0.1
2015.0,592329,IN,SL,1,0.2
2015.0,592329,IN,FF,1,0.2
2015.0,592329,IN,SI,1,0.2
2015.0,592329,SI,SI,1,0.05
2015.0,592329,CH,IN,1,0.05263157894736842
2015.0,592332,FF,FS,17,0.5862068965517241
2015.0,592332,SI,SL,14,0.56
2015.0,592332,CH,FF,11,0.55
2015.0,592332,SL,SI,9,0.3
2015.0,592332,FS,FF,7,0.23333333333333334
2015.0,592332,FS,SL,7,0.23333333333333334
2015.0,592332,FF,CH,7,0.2413793103448276
2015.0,592332,SL,FF,6,0.2
2015.0,592332,FS,SI,6,0.2
2015.0,592332,SL,CH,6,0.2
2015.0,592332,PO,SI,5,1.0
2015.0,592332,SL,SL,5,0.16666666666666666
2015.0,592332,FS,PO,4,0.13333333333333333
2015.0,592332,SL,FS,4,0.13333333333333333
2015.0,592332,SI,FS,3,0.12
2015.0,592332,FS,CH,3,0.1
2015.0,592332,FF,FF,3,0.10344827586206896
2015.0,592332,SI,IN,3,0.12
2015.0,592332,CH,SI,2,0.1
2015.0,592332,CH,SL,2,0.1
2015.0,592332,CH,FS,2,0.1
2015.0,592332,CH,CH,2,0.1
2015.0,592332,SI,CH,2,0.08
2015.0,592332,SI,FF,2,0.08
2015.0,592332,FS,IN,2,0.06666666666666667
2015.0,592332,IN,FS,2,0.4
2015.0,592332,CH,PO,1,0.05
2015.0,592332,FS,FS,1,0.03333333333333333
2015.0,592332,FF,SL,1,0.034482758620689655
2015.0,592332,FF,SI,1,0.034482758620689655
2015.0,592332,IN,SI,1,0.2
2015.0,592332,IN,FF,1,0.2
2015.0,592332,SI,SI,1,0.04
2015.0,592332,IN,SL,1,0.2
2015.0,592340,CU,CH,16,0.5333333333333333
2015.0,592340,CH,CU,12,0.4
2015.0,592340,FF,CU,9,0.3103448275862069
2015.0,592340,FF,FF,9,0.3103448275862069
2015.0,592340,CH,CH,8,0.26666666666666666
2015.0,592340,CU,FF,7,0.23333333333333334
2015.0,592340,CH,FF,6,0.2
2015.0,592340,FF,FC,4,0.13793103448275862
2015.0,592340,CU,CU,4,0.13333333333333333
2015.0,592340,SL,FF,4,0.4
2015.0,592340,FF,CH,3,0.10344827586206896
2015.0,592340,FF,SL,3,0.10344827586206896
2015.0,592340,CU,SL,3,0.1
2015.0,592340,FC,CU,3,0.6
2015.0,592340,IN,FF,3,0.6
2015.0,592340,SL,IN,2,0.2
2015.0,592340,SL,SL,2,0.2
2015.0,592340,CH,IN,2,0.06666666666666667
2015.0,592340,FF,IN,1,0.034482758620689655
2015.0,592340,IN,CH,1,0.2
2015.0,592340,IN,CU,1,0.2
2015.0,592340,SL,CU,1,0.1
2015.0,592340,SL,CH,1,0.1
2015.0,592340,FC,FF,1,0.2
2015.0,592340,FC,SL,1,0.2
2015.0,592340,CH,FC,1,0.03333333333333333
2015.0,592340,CH,SL,1,0.03333333333333333
2015.0,592341,SI,SL,12,0.5
2015.0,592341,SL,SI,9,0.36
2015.0,592341,FF,SI,8,0.32
2015.0,592341,SL,SL,7,0.28
2015.0,592341,SL,FF,6,0.24
2015.0,592341,FF,FF,6,0.24
2015.0,592341,SI,FF,6,0.25
2015.0,592341,FF,SL,5,0.2
2015.0,592341,CU,FF,3,0.6
2015.0,592341,IN,SI,3,0.6
2015.0,592341,CH,FF,3,0.6
2015.0,592341,FF,IN,3,0.12
2015.0,592341,SI,CU,3,0.125
2015.0,592341,FF,CH,2,0.08
2015.0,592341,SI,SI,2,0.08333333333333333
2015.0,592341,SL,CH,2,0.08
2015.0,592341,CU,SI,1,0.2
2015.0,592341,CU,IN,1,0.2
2015.0,592341,IN,CH,1,0.2
2015.0,592341,IN,FF,1,0.2
2015.0,592341,CH,SI,1,0.2
2015.0,592341,CH,SL,1,0.2
2015.0,592341,FF,CU,1,0.04
2015.0,592341,SL,CU,1,0.04
2015.0,592341,SI,IN,1,0.041666666666666664
2015.0,592346,CH,CU,14,0.4666666666666667
2015.0,592346,SI,SL,14,0.4666666666666667
2015.0,592346,FF,SI,13,0.43333333333333335
2015.0,592346,CU,CH,11,0.3793103448275862
2015.0,592346,CU,FF,11,0.3793103448275862
2015.0,592346,SL,SI,9,0.3
2015.0,592346,SL,CH,9,0.3
2015.0,592346,CH,SL,6,0.2
2015.0,592346,SI,FF,6,0.2
2015.0,592346,SL,FF,6,0.2
2015.0,592346,FF,CU,5,0.16666666666666666
2015.0,592346,CH,FF,4,0.13333333333333333
2015.0,592346,SI,CU,4,0.13333333333333333
2015.0,592346,FF,FC,4,0.13333333333333333
2015.0,592346,FF,CH,4,0.13333333333333333
2015.0,592346,CH,CH,3,0.1
2015.0,592346,CH,SI,3,0.1
2015.0,592346,FC,CU,3,0.6
2015.0,592346,CU,SL,3,0.10344827586206896
2015.0,592346,FF,SL,3,0.1
2015.0,592346,SI,SI,3,0.1
2015.0,592346,FC,FF,2,0.4
2015.0,592346,CU,CU,2,0.06896551724137931
2015.0,592346,SL,CU,2,0.06666666666666667
2015.0,592346,SL,SL,2,0.06666666666666667
2015.0,592346,IN,SL,2,0.4
2015.0,592346,SI,CH,2,0.06666666666666667
2015.0,592346,SL,IN,2,0.06666666666666667
2015.0,592346,IN,SI,2,0.4
2015.0,592346,CU,IN,1,0.034482758620689655
2015.0,592346,CU,FC,1,0.034482758620689655
2015.0,592346,SI,IN,1,0.03333333333333333
2015.0,592346,FF,IN,1,0.03333333333333333
2015.0,592346,IN,FF,1,0.2
2015.0,592351,FF,IN,6,0.6
2015.0,592351,CH,FF,5,0.5
2015.0,592351,SL,SI,4,0.4
2015.0,592351,IN,FF,3,0.3
2015.0,592351,FF,CH,3,0.3
2015.0,592351,SI,SL,3,0.6
2015.0,592351,CH,CH,3,0.3
2015.0,592351,SL,CH,2,0.2
2015.0,592351,SL,IN,2,0.2
2015.0,592351,IN,PO,2,0.2
2015.0,592351,IN,SL,2,0.2
2015.0,592351,IN,CH,2,0.2
2015.0,592351,CH,SL,2,0.2
2015.0,592351,SL,SL,1,0.1
2015.0,592351,SL,PO,1,0.1
2015.0,592351,PO,IN,1,0.25
2015.0,592351,PO,FF,1,0.25
2015.0,592351,PO,SI,1,0.25
2015.0,592351,PO,SL,1,0.25
2015.0,592351,SI,FF,1,0.2
2015.0,592351,FF,SL,1,0.1
2015.0,592351,IN,IN,1,0.1
2015.0,592351,SI,PO,1,0.2
2015.0,592390,SL,FF,16,0.5517241379310345
2015.0,592390,FF,SL,13,0.43333333333333335
2015.0,592390,FF,CH,8,0.26666666666666666
2015.0,592390,CH,FF,8,0.32
2015.0,592390,CH,SL,8,0.32
2015.0,592390,SL,CH,6,0.20689655172413793
2015.0,592390,CH,CH,6,0.24
2015.0,592390,CU,CH,4,0.4
2015.0,592390,SL,SL,4,0.13793103448275862
2015.0,592390,FF,CU,4,0.13333333333333333
2015.0,592390,IN,SL,3,0.6
2015.0,592390,CU,FF,3,0.3
2015.0,592390,SL,CU,3,0.10344827586206896
2015.0,592390,FF,IN,3,0.1
2015.0,592390,CU,SL,2,0.2
2015.0,592390,FF,FF,2,0.06666666666666667
2015.0,592390,CH,CU,2,0.08
2015.0,592390,IN,FF,1,0.2
2015.0,592390,IN,CU,1,0.2
2015.0,592390,CU,IN,1,0.1
2015.0,592390,CH,IN,1,0.04
2015.0,592398,FF,SI,6,0.6
2015.0,592398,SI,SL,4,0.4444444444444444
2015.0,592398,CH,FF,4,0.4
2015.0,592398,SI,CH,3,0.3333333333333333
2015.0,592398,CH,CH,3,0.3
2015.0,592398,SL,SL,3,0.3
2015.0,592398,CU,FF,2,0.4
2015.0,592398,CH,CU,2,0.2
2015.0,592398,CU,CH,2,0.4
2015.0,592398,SL,FF,2,0.2
2015.0,592398,SL,CU,2,0.2
2015.0,592398,SL,SI,2,0.2
2015.0,592398,FF,FF,1,0.1
2015.0,592398,SI,FF,1,0.1111111111111111
2015.0,592398,FF,CU,1,0.1
2015.0,592398,FF,SL,1,0.1
2015.0,592398,FF,CH,1,0.1
2015.0,592398,SI,SI,1,0.1111111111111111
2015.0,592398,CU,SI,1,0.2
2015.0,592398,CH,SL,1,0.1
2015.0,592398,SL,CH,1,0.1
2015.0,592426,CH,CU,4,0.8
2015.0,592426,CU,FF,3,0.6
2015.0,592426,FF,FF,2,0.5
2015.0,592426,CU,CH,2,0.4
2015.0,592426,CH,CH,1,0.2
2015.0,592426,FF,CH,1,0.25
2015.0,592426,FF,CU,1,0.25
2015.0,592454,FF,CH,9,0.45
2015.0,592454,SL,SI,8,0.8
2015.0,592454,SI,FF,7,0.35
2015.0,592454,FF,SI,6,0.3
2015.0,592454,CH,FF,5,0.25
2015.0,592454,CH,CH,5,0.25
2015.0,592454,CH,SI,4,0.2
2015.0,592454,SI,CH,4,0.2
2015.0,592454,SI,SL,4,0.2
2015.0,592454,IN,FF,3,0.75
2015.0,592454,CH,SL,3,0.15
2015.0,592454,SI,IN,3,0.15
2015.0,592454,CU,FC,2,0.4
2015.0,592454,CU,FF,2,0.4
2015.0,592454,CH,CU,2,0.1
2015.0,592454,FC,FF,2,0.4
2015.0,592454,SI,SI,2,0.1
2015.0,592454,FF,FC,2,0.1
2015.0,592454,FC,CU,2,0.4
2015.0,592454,CU,SL,1,0.2
2015.0,592454,IN,CU,1,0.25
2015.0,592454,CH,FC,1,0.05
2015.0,592454,FC,SL,1,0.2
2015.0,592454,FF,FF,1,0.05
2015.0,592454,FF,SL,1,0.05
2015.0,592454,FF,IN,1,0.05
2015.0,592454,SL,CH,1,0.1
2015.0,592454,SL,IN,1,0.1
2015.0,592527,SI,SL,6,0.6
2015.0,592527,FF,SI,5,0.5555555555555556
2015.0,592527,CH,FF,4,0.8
2015.0,592527,SL,SI,4,0.4
2015.0,592527,SL,FF,4,0.4
2015.0,592527,SI,FF,2,0.2
2015.0,592527,FF,SL,2,0.2222222222222222
2015.0,592527,FF,CH,2,0.2222222222222222
2015.0,592527,SL,SL,2,0.2
2015.0,592527,SI,SI,1,0.1
2015.0,592527,SI,CH,1,0.1
2015.0,592527,CH,CH,1,0.2
2015.0,592533,SL,FF,11,0.44
2015.0,592533,FF,CU,9,0.36
2015.0,592533,FC,CU,8,0.5714285714285714
2015.0,592533,CU,SL,7,0.28
2015.0,592533,FF,SL,6,0.24
2015.0,592533,SL,SL,6,0.24
2015.0,592533,FF,FC,5,0.2
2015.0,592533,SI,SL,5,0.5
2015.0,592533,CU,FF,5,0.2
2015.0,592533,CU,CU,4,0.16
2015.0,592533,FC,FF,3,0.21428571428571427
2015.0,592533,SL,SI,3,0.12
2015.0,592533,SL,FC,3,0.12
2015.0,592533,FF,FF,3,0.12
2015.0,592533,CU,FC,3,0.12
2015.0,592533,CU,CH,3,0.12
2015.0,592533,CU,SI,3,0.12
2015.0,592533,FC,CH,2,0.14285714285714285
2015.0,592533,CH,FC,2,0.4
2015.0,592533,CH,CU,2,0.4
2015.0,592533,SI,FC,2,0.2
2015.0,592533,FF,SI,2,0.08
2015.0,592533,SL,CU,2,0.08
2015.0,592533,SI,FF,2,0.2
2015.0,592533,FC,SI,1,0.07142857142857142
2015.0,592533,CH,SL,1,0.2
2015.0,592533,SI,SI,1,0.1
2015.0,592570,CH,SL,4,0.8
2015.0,592570,SL,CH,3,0.75
2015.0,592570,CH,CH,1,0.2
2015.0,592570,SL,SL,1,0.25
2015.0,592593,CU,FC,9,0.45
2015.0,592593,FC,FF,9,0.45
2015.0,592593,FC,CU,8,0.4
2015.0,592593,FF,FC,7,0.3684210526315789
2015.0,592593,CU,CH,6,0.3
2015.0,592593,CH,CU,6,0.3
2015.0,592593,FF,IN,5,0.2631578947368421
2015.0,592593,CH,CH,5,0.25
2015.0,592593,CH,FF,5,0.25
2015.0,592593,FF,CH,4,0.21052631578947367
2015.0,592593,CU,CU,3,0.15
2015.0,592593,IN,FF,3,0.3
2015.0,592593,IN,CH,3,0.3
2015.0,592593,FF,FF,2,0.10526315789473684
2015.0,592593,IN,CU,2,0.2
2015.0,592593,CH,IN,2,0.1
2015.0,592593,CH,FC,2,0.1
2015.0,592593,FC,CH,2,0.1
2015.0,592593,CU,FF,1,0.05
2015.0,592593,CU,IN,1,0.05
2015.0,592593,FF,CU,1,0.05263157894736842
2015.0,592593,IN,IN,1,0.1
2015.0,592593,IN,FC,1,0.1
2015.0,592593,FC,FC,1,0.05
2015.0,592612,FF,FC,9,0.45
2015.0,592612,SI,FF,8,0.42105263157894735
2015.0,592612,FC,CH,8,0.4
2015.0,592612,CH,FC,8,0.4
2015.0,592612,SI,SI,6,0.3157894736842105
2015.0,592612,FF,SI,6,0.3
2015.0,592612,CH,FF,6,0.3
2015.0,592612,FC,SI,5,0.25
2015.0,592612,FC,FF,5,0.25
2015.0,592612,SI,CH,4,0.21052631578947367
2015.0,592612,FF,CH,4,0.2
2015.0,592612,CH,SI,3,0.15
2015.0,592612,CH,CH,3,0.15
2015.0,592612,FC,FC,2,0.1
2015.0,592612,SI,FC,1,0.05263157894736842
2015.0,592612,FF,FF,1,0.05
2015.0,592662,FF,CH,10,0.3333333333333333
2015.0,592662,FF,SI,10,0.3333333333333333
2015.0,592662,SI,SL,10,0.3448275862068966
2015.0,592662,CH,FF,9,0.3
2015.0,592662,SI,FF,9,0.3103448275862069
2015.0,592662,SL,SI,9,0.3
2015.0,592662,CH,CH,8,0.26666666666666666
2015.0,592662,SL,SL,8,0.26666666666666666
2015.0,592662,CH,SI,6,0.2
2015.0,592662,FF,SL,5,0.16666666666666666
2015.0,592662,SL,CH,5,0.16666666666666666
2015.0,592662,SL,FF,5,0.16666666666666666
2015.0,592662,SI,CH,4,0.13793103448275862
2015.0,592662,IN,FF,3,0.3
2015.0,592662,IN,SL,3,0.3
2015.0,592662,CH,SL,3,0.1
2015.0,592662,CH,CU,3,0.1
2015.0,592662,SI,SI,3,0.10344827586206896
2015.0,592662,SI,IN,3,0.10344827586206896
2015.0,592662,CU,FF,2,0.4
2015.0,592662,CU,CH,2,0.4
2015.0,592662,IN,SI,2,0.2
2015.0,592662,FF,IN,2,0.06666666666666667
2015.0,592662,FF,FF,2,0.06666666666666667
2015.0,592662,SL,IN,2,0.06666666666666667
2015.0,592662,CU,SL,1,0.2
2015.0,592662,IN,IN,1,0.1
2015.0,592662,IN,CH,1,0.1
2015.0,592662,CH,IN,1,0.03333333333333333
2015.0,592662,SL,CU,1,0.03333333333333333
2015.0,592662,FF,CU,1,0.03333333333333333
2015.0,592665,FC,FF,15,0.375
2015.0,592665,FF,FC,15,0.375
2015.0,592665,FF,IN,14,0.35
2015.0,592665,IN,FF,13,0.37142857142857144
2015.0,592665,SI,SL,13,0.52
2015.0,592665,SL,SI,11,0.28205128205128205
2015.0,592665,CH,FC,11,0.44
2015.0,592665,FC,CH,9,0.225
2015.0,592665,IN,SI,9,0.2571428571428571
2015.0,592665,SL,IN,8,0.20512820512820512
2015.0,592665,IN,SL,8,0.22857142857142856
2015.0,592665,SL,SL,7,0.1794871794871795
2015.0,592665,SI,IN,7,0.28
2015.0,592665,FC,SL,6,0.15
2015.0,592665,FC,FC,6,0.15
2015.0,592665,SL,CH,6,0.15384615384615385
2015.0,592665,CH,FF,6,0.24
2015.0,592665,SL,FC,4,0.10256410256410256
2015.0,592665,CH,CH,4,0.16
2015.0,592665,FF,CH,4,0.1
2015.0,592665,SL,FF,3,0.07692307692307693
2015.0,592665,FC,IN,3,0.075
2015.0,592665,CH,SL,3,0.12
2015.0,592665,FF,SI,3,0.075
2015.0,592665,FF,SL,3,0.075
2015.0,592665,PO,IN,2,0.4
2015.0,592665,PO,SI,2,0.4
2015.0,592665,IN,PO,2,0.05714285714285714
2015.0,592665,IN,CH,2,0.05714285714285714
2015.0,592665,SI,FC,2,0.08
2015.0,592665,SI,PO,2,0.08
2015.0,592665,FC,PO,1,0.025
2015.0,592665,PO,FF,1,0.2
2015.0,592665,CH,IN,1,0.04
2015.0,592665,IN,FC,1,0.02857142857142857
2015.0,592665,SI,FF,1,0.04
2015.0,592665,FF,FF,1,0.025
2015.0,592677,FF,CH,14,0.56
2015.0,592677,CH,FF,11,0.44
2015.0,592677,SL,SL,10,0.4166666666666667
2015.0,592677,CH,SL,9,0.36
2015.0,592677,SL,FF,8,0.3333333333333333
2015.0,592677,SL,CH,6,0.25
2015.0,592677,FF,SL,6,0.24
2015.0,592677,CH,CH,5,0.2
2015.0,592677,FF,FF,5,0.2
2015.0,592705,CU,FF,10,0.5
2015.0,592705,CH,CU,9,0.45
2015.0,592705,FF,CH,6,0.3157894736842105
2015.0,592705,FF,CU,6,0.3157894736842105
2015.0,592705,CH,CH,5,0.25
2015.0,592705,FF,FF,5,0.2631578947368421
2015.0,592705,CH,FF,4,0.2
2015.0,592705,CU,CH,4,0.2
2015.0,592705,PO,CH,3,0.6
2015.0,592705,IN,CH,2,0.4
2015.0,592705,CU,IN,2,0.1
2015.0,592705,CU,CU,2,0.1
2015.0,592705,CU,PO,2,0.1
2015.0,592705,CH,IN,1,0.05
2015.0,592705,CH,PO,1,0.05
2015.0,592705,IN,PO,1,0.2
2015.0,592705,IN,CU,1,0.2
2015.0,592705,IN,FF,1,0.2
2015.0,592705,FF,PO,1,0.05263157894736842
2015.0,592705,PO,IN,1,0.2
2015.0,592705,FF,IN,1,0.05263157894736842
2015.0,592705,PO,CU,1,0.2
2015.0,592717,FF,SI,11,0.3142857142857143
2015.0,592717,SI,FF,11,0.3142857142857143
2015.0,592717,CH,CU,10,0.6666666666666666
2015.0,592717,FF,FC,9,0.2571428571428571
2015.0,592717,CU,FF,8,0.22857142857142856
2015.0,592717,FF,CU,7,0.2
2015.0,592717,FC,FF,6,0.3157894736842105
2015.0,592717,CU,CU,6,0.17142857142857143
2015.0,592717,IN,FF,6,0.6
2015.0,592717,CU,CH,5,0.14285714285714285
2015.0,592717,CU,FC,5,0.14285714285714285
2015.0,592717,CU,SI,5,0.14285714285714285
2015.0,592717,SI,CU,5,0.14285714285714285
2015.0,592717,SI,SI,5,0.14285714285714285
2015.0,592717,SI,SL,5,0.14285714285714285
2015.0,592717,CH,CH,4,0.26666666666666666
2015.0,592717,FC,CU,4,0.21052631578947367
2015.0,592717,SI,IN,4,0.11428571428571428
2015.0,592717,SL,SI,4,0.4
2015.0,592717,SI,FC,4,0.11428571428571428
2015.0,592717,FC,SI,3,0.15789473684210525
2015.0,592717,FC,FA,3,0.15789473684210525
2015.0,592717,FF,FF,3,0.08571428571428572
2015.0,592717,IN,SI,3,0.3
2015.0,592717,FF,SL,3,0.08571428571428572
2015.0,592717,FC,IN,2,0.10526315789473684
2015.0,592717,CU,IN,2,0.05714285714285714
2015.0,592717,CU,FA,2,0.05714285714285714
2015.0,592717,CU,SL,2,0.05714285714285714
2015.0,592717,FF,CH,2,0.05714285714285714
2015.0,592717,FA,FC,2,0.4
2015.0,592717,SL,CH,2,0.2
2015.0,592717,SL,CU,2,0.2
2015.0,592717,FA,SI,2,0.4
2015.0,592717,CH,SI,1,0.06666666666666667
2015.0,592717,FC,CH,1,0.05263157894736842
2015.0,592717,SL,FF,1,0.1
2015.0,592717,SL,IN,1,0.1
2015.0,592717,SI,CH,1,0.02857142857142857
2015.0,592717,IN,IN,1,0.1
2015.0,592717,FA,CU,1,0.2
2015.0,592741,CH,FF,16,0.45714285714285713
2015.0,592741,FF,CH,13,0.38235294117647056
2015.0,592741,SL,FF,12,0.34285714285714286
2015.0,592741,FF,SL,11,0.3235294117647059
2015.0,592741,SL,SL,9,0.2571428571428571
2015.0,592741,SL,CH,9,0.2571428571428571
2015.0,592741,CH,CH,9,0.2571428571428571
2015.0,592741,CH,SL,8,0.22857142857142856
2015.0,592741,FF,IN,5,0.14705882352941177
2015.0,592741,IN,SL,5,0.5
2015.0,592741,FF,FF,3,0.08823529411764706
2015.0,592741,SL,IN,3,0.08571428571428572
2015.0,592741,SI,SL,2,0.4
2015.0,592741,SI,FF,2,0.4
2015.0,592741,FF,SI,2,0.058823529411764705
2015.0,592741,SL,SI,2,0.05714285714285714
2015.0,592741,IN,CH,2,0.2
2015.0,592741,IN,FF,2,0.2
2015.0,592741,CH,IN,2,0.05714285714285714
2015.0,592741,SI,CH,1,0.2
2015.0,592741,IN,SI,1,0.1
2015.0,592767,FC,FF,10,0.5
2015.0,592767,FF,FC,9,0.45
2015.0,592767,CH,CU,8,0.5714285714285714
2015.0,592767,CU,FC,7,0.35
2015.0,592767,FC,CU,6,0.3
2015.0,592767,FF,FF,5,0.25
2015.0,592767,CU,FF,5,0.25
2015.0,592767,CU,CH,5,0.25
2015.0,592767,FF,CH,4,0.2
2015.0,592767,FC,CH,3,0.15
2015.0,592767,CH,FC,3,0.21428571428571427
2015.0,592767,CH,CH,3,0.21428571428571427
2015.0,592767,CU,CU,3,0.15
2015.0,592767,FF,CU,2,0.1
2015.0,592767,FC,FC,1,0.05
2015.0,592781,SL,FF,10,0.5263157894736842
2015.0,592781,FF,CH,8,0.4
2015.0,592781,FF,SL,8,0.4
2015.0,592781,CH,SL,8,0.4
2015.0,592781,CH,CH,7,0.35
2015.0,592781,CH,FF,5,0.25
2015.0,592781,SL,CH,5,0.2631578947368421
2015.0,592781,FF,FF,4,0.2
2015.0,592781,SL,SL,4,0.21052631578947367
2015.0,592789,FF,CU,20,0.6666666666666666
2015.0,592789,CU,CH,19,0.6551724137931034
2015.0,592789,SL,SI,14,0.56
2015.0,592789,IN,FF,11,0.7333333333333333
2015.0,592789,CH,SL,10,0.3333333333333333
2015.0,592789,SI,IN,10,0.3333333333333333
2015.0,592789,SI,SL,9,0.3
2015.0,592789,CH,CU,8,0.26666666666666666
2015.0,592789,CU,FF,8,0.27586206896551724
2015.0,592789,SI,FF,6,0.2
2015.0,592789,CH,SI,5,0.16666666666666666
2015.0,592789,SL,CH,5,0.2
2015.0,592789,FF,SI,5,0.16666666666666666
2015.0,592789,CH,CH,3,0.1
2015.0,592789,SL,FF,3,0.12
2015.0,592789,FF,IN,3,0.1
2015.0,592789,IN,SI,3,0.2
2015.0,592789,CH,IN,2,0.06666666666666667
2015.0,592789,CH,FF,2,0.06666666666666667
2015.0,592789,SL,SL,2,0.08
2015.0,592789,CU,SL,2,0.06896551724137931
2015.0,592789,SI,SI,2,0.06666666666666667
2015.0,592789,SI,CH,2,0.06666666666666667
2015.0,592789,SL,CU,1,0.04
2015.0,592789,SI,CU,1,0.03333333333333333
2015.0,592789,FF,CH,1,0.03333333333333333
2015.0,592789,FF,SL,1,0.03333333333333333
2015.0,592789,IN,SL,1,0.06666666666666667
2015.0,592804,CU,CH,10,0.5
2015.0,592804,FF,CU,7,0.3684210526315789
2015.0,592804,CH,FF,7,0.35
2015.0,592804,FF,FF,5,0.2631578947368421
2015.0,592804,CH,CH,5,0.25
2015.0,592804,CU,FF,4,0.2
2015.0,592804,CU,CU,4,0.2
2015.0,592804,FF,CH,4,0.21052631578947367
2015.0,592804,CH,CU,4,0.2
2015.0,592804,IN,FF,3,0.6
2015.0,592804,CU,IN,2,0.1
2015.0,592804,FF,FC,2,0.10526315789473684
2015.0,592804,CH,FC,2,0.1
2015.0,592804,CH,IN,2,0.1
2015.0,592804,IN,CU,2,0.4
2015.0,592804,FC,CU,2,0.4
2015.0,592804,FF,IN,1,0.05263157894736842
2015.0,592804,FC,FC,1,0.2
2015.0,592804,FC,CH,1,0.2
2015.0,592804,FC,FF,1,0.2
2015.0,592815,FF,SL,9,0.45
2015.0,592815,CU,FF,6,0.42857142857142855
2015.0,592815,FF,CU,6,0.3
2015.0,592815,SL,FF,6,0.3
2015.0,592815,SL,SL,5,0.25
2015.0,592815,SL,SI,5,0.25
2015.0,592815,SI,SL,4,0.4
2015.0,592815,SI,FF,4,0.4
2015.0,592815,SL,CU,4,0.2
2015.0,592815,CU,CU,3,0.21428571428571427
2015.0,592815,CU,SI,3,0.21428571428571427
2015.0,592815,FF,FF,3,0.15
2015.0,592815,CU,SL,2,0.14285714285714285
2015.0,592815,SI,CU,2,0.2
2015.0,592815,FF,SI,2,0.1
2015.0,592826,SL,FF,8,0.32
2015.0,592826,FF,CH,7,0.28
2015.0,592826,CU,CH,7,0.35
2015.0,592826,CH,CU,7,0.2916666666666667
2015.0,592826,CU,FF,7,0.35
2015.0,592826,FF,SL,6,0.24
2015.0,592826,SL,SL,6,0.24
2015.0,592826,CH,CH,6,0.25
2015.0,592826,SL,CU,5,0.2
2015.0,592826,CH,FF,5,0.20833333333333334
2015.0,592826,CH,SL,5,0.20833333333333334
2015.0,592826,FF,PO,4,0.16
2015.0,592826,SL,CH,4,0.16
2015.0,592826,CU,SL,4,0.2
2015.0,592826,FF,FF,3,0.12
2015.0,592826,FF,CU,3,0.12
2015.0,592826,FF,SI,2,0.08
2015.0,592826,SI,FF,2,0.4
2015.0,592826,SI,CU,2,0.4
2015.0,592826,PO,CU,2,0.4
2015.0,592826,PO,SL,2,0.4
2015.0,592826,SI,SL,1,0.2
2015.0,592826,PO,CH,1,0.2
2015.0,592826,SL,PO,1,0.04
2015.0,592826,SL,SI,1,0.04
2015.0,592826,CH,SI,1,0.041666666666666664
2015.0,592826,CU,CU,1,0.05
2015.0,592826,CU,SI,1,0.05
2015.0,592836,CU,FC,16,0.5333333333333333
2015.0,592836,FC,CU,13,0.43333333333333335
2015.0,592836,FC,FF,12,0.4
2015.0,592836,SI,FS,11,0.36666666666666664
2015.0,592836,FS,FF,10,0.3448275862068966
2015.0,592836,FF,FS,10,0.3333333333333333
2015.0,592836,FS,SI,9,0.3103448275862069
2015.0,592836,FF,FC,8,0.26666666666666666
2015.0,592836,SI,SI,6,0.2
2015.0,592836,FF,SI,5,0.16666666666666666
2015.0,592836,SI,CU,5,0.16666666666666666
2015.0,592836,CU,CU,4,0.13333333333333333
2015.0,592836,IN,SI,4,0.8
2015.0,592836,FF,CU,4,0.13333333333333333
2015.0,592836,CU,FF,3,0.1
2015.0,592836,CU,SI,3,0.1
2015.0,592836,CU,FS,3,0.1
2015.0,592836,FS,PO,3,0.10344827586206896
2015.0,592836,FS,CU,3,0.10344827586206896
2015.0,592836,SI,FC,3,0.1
2015.0,592836,FF,FF,3,0.1
2015.0,592836,PO,FS,3,0.6
2015.0,592836,FS,IN,2,0.06896551724137931
2015.0,592836,SI,PO,2,0.06666666666666667
2015.0,592836,FC,SI,2,0.06666666666666667
2015.0,592836,FC,FS,2,0.06666666666666667
2015.0,592836,SI,IN,2,0.06666666666666667
2015.0,592836,CU,IN,1,0.03333333333333333
2015.0,592836,IN,FF,1,0.2
2015.0,592836,FS,FC,1,0.034482758620689655
2015.0,592836,FS,FS,1,0.034482758620689655
2015.0,592836,FC,FC,1,0.03333333333333333
2015.0,592836,SI,FF,1,0.03333333333333333
2015.0,592836,PO,CU,1,0.2
2015.0,592836,PO,SI,1,0.2
2015.0,592869,FF,CU,12,0.48
2015.0,592869,CU,CH,11,0.44
2015.0,592869,SI,FF,11,0.44
2015.0,592869,CH,CU,9,0.375
2015.0,592869,FF,SI,9,0.36
2015.0,592869,CU,FF,8,0.32
2015.0,592869,CH,CH,6,0.25
2015.0,592869,SI,SI,6,0.24
2015.0,592869,CU,SI,5,0.2
2015.0,592869,CH,FF,4,0.16666666666666666
2015.0,592869,CH,SI,3,0.125
2015.0,592869,FF,CH,3,0.12
2015.0,592869,SI,CH,3,0.12
2015.0,592869,SI,CU,3,0.12
2015.0,592869,CH,IN,2,0.08333333333333333
2015.0,592869,SI,IN,2,0.08
2015.0,592869,IN,FF,2,0.4
2015.0,592869,IN,SI,2,0.4
2015.0,592869,CU,CU,1,0.04
2015.0,592869,FF,IN,1,0.04
2015.0,592869,IN,CH,1,0.2
2015.0,592879,SL,FF,4,0.8
2015.0,592879,FF,FC,4,0.4444444444444444
2015.0,592879,FC,CH,3,0.6
2015.0,592879,CH,SL,2,0.4
2015.0,592879,CH,FF,2,0.4
2015.0,592879,FF,FF,2,0.2222222222222222
2015.0,592879,FF,SL,2,0.2222222222222222
2015.0,592879,FC,FF,2,0.4
2015.0,592879,CH,FC,1,0.2
2015.0,592879,SL,CH,1,0.2
2015.0,592879,FF,CH,1,0.1111111111111111
2015.0,593140,SL,CH,7,0.4666666666666667
2015.0,593140,CH,FF,7,0.5
2015.0,593140,FF,SL,6,0.4
2015.0,593140,CH,SL,5,0.35714285714285715
2015.0,593140,SL,FF,4,0.26666666666666666
2015.0,593140,FF,CH,4,0.26666666666666666
2015.0,593140,SL,SL,3,0.2
2015.0,593140,FF,SI,3,0.2
2015.0,593140,SI,FF,2,0.4
2015.0,593140,SI,CH,2,0.4
2015.0,593140,FF,FF,2,0.13333333333333333
2015.0,593140,SL,SI,1,0.06666666666666667
2015.0,593140,CH,SI,1,0.07142857142857142
2015.0,593140,CH,CH,1,0.07142857142857142
2015.0,593140,SI,SL,1,0.2
2015.0,593372,CH,CU,11,0.3793103448275862
2015.0,593372,FF,CU,11,0.36666666666666664
2015.0,593372,CU,CH,11,0.36666666666666664
2015.0,593372,CU,FF,10,0.3333333333333333
2015.0,593372,FF,IN,8,0.26666666666666666
2015.0,593372,SI,CH,7,0.23333333333333334
2015.0,593372,IN,SI,7,0.35
2015.0,593372,SI,FF,7,0.23333333333333334
2015.0,593372,CH,CH,6,0.20689655172413793
2015.0,593372,SI,IN,6,0.2
2015.0,593372,FF,SI,6,0.2
2015.0,593372,IN,FF,6,0.3
2015.0,593372,CU,SI,6,0.2
2015.0,593372,CH,SI,5,0.1724137931034483
2015.0,593372,CH,FF,4,0.13793103448275862
2015.0,593372,SI,SI,4,0.13333333333333333
2015.0,593372,SI,CU,4,0.13333333333333333
2015.0,593372,FF,CH,4,0.13333333333333333
2015.0,593372,CU,CU,3,0.1
2015.0,593372,PO,SI,2,0.4
2015.0,593372,PO,IN,2,0.4
2015.0,593372,CH,IN,2,0.06896551724137931
2015.0,593372,SI,PO,2,0.06666666666666667
2015.0,593372,IN,CH,2,0.1
2015.0,593372,IN,PO,2,0.1
2015.0,593372,IN,IN,2,0.1
2015.0,593372,PO,FF,1,0.2
2015.0,593372,CH,PO,1,0.034482758620689655
2015.0,593372,IN,CU,1,0.05
2015.0,593372,FF,FF,1,0.03333333333333333
2015.0,593423,CH,FC,4,0.4444444444444444
2015.0,593423,FF,SL,4,0.4
2015.0,593423,SL,FF,3,0.3
2015.0,593423,FF,CH,3,0.3
2015.0,593423,SL,CH,2,0.2
2015.0,593423,SL,IN,2,0.2
2015.0,593423,SL,SL,2,0.2
2015.0,593423,CH,FF,2,0.2222222222222222
2015.0,593423,CH,SL,2,0.2222222222222222
2015.0,593423,FF,FF,2,0.2
2015.0,593423,FC,CH,2,0.4
2015.0,593423,IN,CH,2,0.4
2015.0,593423,SL,FC,1,0.1
2015.0,593423,CH,CH,1,0.1111111111111111
2015.0,593423,FC,IN,1,0.2
2015.0,593423,IN,SL,1,0.2
2015.0,593423,FF,IN,1,0.1
2015.0,593423,IN,IN,1,0.2
2015.0,593423,FC,FF,1,0.2
2015.0,593423,FC,SL,1,0.2
2015.0,593423,IN,FF,1,0.2
2015.0,593576,SL,SI,12,0.48
2015.0,593576,FS,FF,10,0.4
2015.0,593576,FF,SL,9,0.36
2015.0,593576,FF,FS,9,0.36
2015.0,593576,FS,SI,8,0.32
2015.0,593576,SI,FS,8,0.3333333333333333
2015.0,593576,SI,SL,7,0.2916666666666667
2015.0,593576,SL,FF,5,0.2
2015.0,593576,SL,SL,4,0.16
2015.0,593576,FS,SL,3,0.12
2015.0,593576,FF,CH,3,0.12
2015.0,593576,SI,FF,3,0.125
2015.0,593576,CH,FF,3,0.6
2015.0,593576,PO,FS,3,0.6
2015.0,593576,SL,FS,3,0.12
2015.0,593576,SI,CH,2,0.08333333333333333
2015.0,593576,FS,FS,2,0.08
2015.0,593576,FS,PO,2,0.08
2015.0,593576,FF,SI,2,0.08
2015.0,593576,FF,FF,2,0.08
2015.0,593576,SI,PO,2,0.08333333333333333
2015.0,593576,SI,SI,2,0.08333333333333333
2015.0,593576,CH,SL,2,0.4
2015.0,593576,PO,SI,1,0.2
2015.0,593576,SL,PO,1,0.04
2015.0,593576,PO,FF,1,0.2
2015.0,593582,CH,CU,3,0.6
2015.0,593582,CU,FF,3,0.6
2015.0,593582,FF,SI,3,0.6
2015.0,593582,FF,CH,2,0.4
2015.0,593582,SI,CH,2,0.5
2015.0,593582,CH,FF,1,0.2
2015.0,593582,CH,SI,1,0.2
2015.0,593582,CU,CH,1,0.2
2015.0,593582,CU,CU,1,0.2
2015.0,593582,SI,CU,1,0.25
2015.0,593582,SI,FF,1,0.25
2015.0,593958,SI,SL,12,0.5
2015.0,593958,FF,CH,10,0.4
2015.0,593958,SL,SI,10,0.4
2015.0,593958,SI,FF,8,0.3333333333333333
2015.0,593958,CH,CH,8,0.32
2015.0,593958,CH,FF,8,0.32
2015.0,593958,FF,SI,7,0.28
2015.0,593958,SL,SL,7,0.28
2015.0,593958,SL,CH,5,0.2
2015.0,593958,CH,SI,5,0.2
2015.0,593958,FF,FF,4,0.16
2015.0,593958,CH,SL,4,0.16
2015.0,593958,SL,FF,3,0.12
2015.0,593958,FF,IN,2,0.08
2015.0,593958,FF,SL,2,0.08
2015.0,593958,IN,SI,2,0.4
2015.0,593958,IN,FF,2,0.4
2015.0,593958,SI,IN,2,0.08333333333333333
2015.0,593958,SI,CH,1,0.041666666666666664
2015.0,593958,SI,SI,1,0.041666666666666664
2015.0,593958,IN,CH,1,0.2
2015.0,594736,FC,FF,10,0.5
2015.0,594736,CH,CU,10,0.5263157894736842
2015.0,594736,CU,FC,9,0.45
2015.0,594736,FF,FC,6,0.3
2015.0,594736,CU,CH,6,0.3
2015.0,594736,FC,CH,5,0.25
2015.0,594736,FC,CU,5,0.25
2015.0,594736,CH,CH,4,0.21052631578947367
2015.0,594736,FF,IN,4,0.2
2015.0,594736,FF,CH,4,0.2
2015.0,594736,FF,FF,4,0.2
2015.0,594736,CU,FF,3,0.15
2015.0,594736,CH,FC,2,0.10526315789473684
2015.0,594736,CH,FF,2,0.10526315789473684
2015.0,594736,IN,FC,2,0.4
2015.0,594736,FF,CU,2,0.1
2015.0,594736,CU,CU,2,0.1
2015.0,594736,CH,IN,1,0.05263157894736842
2015.0,594736,IN,CU,1,0.2
2015.0,594736,IN,CH,1,0.2
2015.0,594736,IN,FF,1,0.2
2015.0,594742,FF,CU,8,0.5333333333333333
2015.0,594742,SI,FF,7,0.4666666666666667
2015.0,594742,SL,SI,7,0.4666666666666667
2015.0,594742,CU,CH,6,0.42857142857142855
2015.0,594742,CH,CU,6,0.4
2015.0,594742,SI,SL,4,0.26666666666666666
2015.0,594742,FF,SI,4,0.26666666666666666
2015.0,594742,CU,SL,4,0.2857142857142857
2015.0,594742,SL,SL,4,0.26666666666666666
2015.0,594742,CH,CH,4,0.26666666666666666
2015.0,594742,CU,FF,3,0.21428571428571427
2015.0,594742,CH,SL,3,0.2
2015.0,594742,SI,CH,2,0.13333333333333333
2015.0,594742,FF,FF,2,0.13333333333333333
2015.0,594742,SL,FF,2,0.13333333333333333
2015.0,594742,SL,CH,2,0.13333333333333333
2015.0,594742,CH,SI,2,0.13333333333333333
2015.0,594742,SI,CU,1,0.06666666666666667
2015.0,594742,SI,SI,1,0.06666666666666667
2015.0,594742,FF,CH,1,0.06666666666666667
2015.0,594742,CU,SI,1,0.07142857142857142
2015.0,594762,FC,FF,6,0.6
2015.0,594762,FF,FC,5,0.5555555555555556
2015.0,594762,CU,FC,3,0.6
2015.0,594762,FC,CU,3,0.3
2015.0,594762,CU,FF,2,0.4
2015.0,594762,FF,CU,2,0.2222222222222222
2015.0,594762,FF,FF,2,0.2222222222222222
2015.0,594762,FC,FC,1,0.1
2015.0,594772,SL,SL,4,0.4
2015.0,594772,CU,FF,4,0.4444444444444444
2015.0,594772,CH,CH,3,0.3
2015.0,594772,CH,SI,3,0.3
2015.0,594772,SI,SL,3,0.3
2015.0,594772,SI,CU,3,0.3
2015.0,594772,FF,SI,3,0.6
2015.0,594772,CH,CU,2,0.2
2015.0,594772,CH,SL,2,0.2
2015.0,594772,SL,CH,2,0.2
2015.0,594772,SL,CU,2,0.2
2015.0,594772,SL,SI,2,0.2
2015.0,594772,CU,CU,2,0.2222222222222222
2015.0,594772,CU,CH,2,0.2222222222222222
2015.0,594772,SI,CH,2,0.2
2015.0,594772,CU,SI,1,0.1111111111111111
2015.0,594772,FF,CU,1,0.2
2015.0,594772,SI,FF,1,0.1
2015.0,594772,FF,SL,1,0.2
2015.0,594772,SI,SI,1,0.1
2015.0,594792,SL,SI,12,0.48
2015.0,594792,FF,CH,10,0.4166666666666667
2015.0,594792,CH,FF,10,0.4
2015.0,594792,SI,SL,8,0.32
2015.0,594792,CH,SL,8,0.32
2015.0,594792,FF,SI,7,0.2916666666666667
2015.0,594792,SI,FF,7,0.28
2015.0,594792,SI,CH,5,0.2
2015.0,594792,SL,SL,4,0.16
2015.0,594792,SL,FF,4,0.16
2015.0,594792,SL,CH,4,0.16
2015.0,594792,SI,PO,3,0.12
2015.0,594792,FF,SL,3,0.125
2015.0,594792,PO,CH,3,0.6
2015.0,594792,CH,CH,3,0.12
2015.0,594792,FF,FF,2,0.08333333333333333
2015.0,594792,FF,IN,2,0.08333333333333333
2015.0,594792,IN,SI,2,0.4
2015.0,594792,IN,FF,2,0.4
2015.0,594792,CH,SI,2,0.08
2015.0,594792,IN,SL,1,0.2
2015.0,594792,SI,SI,1,0.04
2015.0,594792,SI,IN,1,0.04
2015.0,594792,SL,PO,1,0.04
2015.0,594792,PO,SI,1,0.2
2015.0,594792,PO,IN,1,0.2
2015.0,594792,CH,IN,1,0.04
2015.0,594792,CH,PO,1,0.04
2015.0,594798,CU,CH,16,0.45714285714285713
2015.0,594798,SL,SI,14,0.4
2015.0,594798,FF,CU,14,0.4117647058823529
2015.0,594798,SI,SL,14,0.4
2015.0,594798,CH,CU,13,0.37142857142857144
2015.0,594798,CU,FF,12,0.34285714285714286
2015.0,594798,SL,SL,9,0.2571428571428571
2015.0,594798,FF,IN,8,0.23529411764705882
2015.0,594798,SI,FF,8,0.22857142857142856
2015.0,594798,CH,CH,7,0.2
2015.0,594798,SL,FF,7,0.2
2015.0,594798,IN,SI,7,0.4666666666666667
2015.0,594798,CH,SI,6,0.17142857142857143
2015.0,594798,FF,SI,6,0.17647058823529413
2015.0,594798,CH,SL,5,0.14285714285714285
2015.0,594798,IN,FF,4,0.26666666666666666
2015.0,594798,SL,CH,4,0.11428571428571428
2015.0,594798,SI,CU,4,0.11428571428571428
2015.0,594798,SI,IN,4,0.11428571428571428
2015.0,594798,SI,CH,4,0.11428571428571428
2015.0,594798,CH,FF,3,0.08571428571428572
2015.0,594798,CU,SL,3,0.08571428571428572
2015.0,594798,FF,SL,3,0.08823529411764706
2015.0,594798,CU,IN,2,0.05714285714285714
2015.0,594798,CU,CU,2,0.05714285714285714
2015.0,594798,IN,CH,2,0.13333333333333333
2015.0,594798,FF,CH,2,0.058823529411764705
2015.0,594798,CH,IN,1,0.02857142857142857
2015.0,594798,SL,CU,1,0.02857142857142857
2015.0,594798,IN,SL,1,0.06666666666666667
2015.0,594798,FF,FF,1,0.029411764705882353
2015.0,594798,SI,SI,1,0.02857142857142857
2015.0,594798,IN,CU,1,0.06666666666666667
2015.0,594815,CH,CU,7,0.7
2015.0,594815,CU,FF,6,0.6
2015.0,594815,FF,FF,5,0.3333333333333333
2015.0,594815,FF,CH,5,0.3333333333333333
2015.0,594815,FF,SI,4,0.26666666666666666
2015.0,594815,CU,CH,4,0.4
2015.0,594815,SI,CU,2,0.5
2015.0,594815,SI,FF,2,0.5
2015.0,594815,CH,FF,2,0.2
2015.0,594815,FF,CU,1,0.06666666666666667
2015.0,594815,CH,SI,1,0.1
2015.0,594835,CU,CH,6,0.6
2015.0,594835,CH,CU,6,0.6
2015.0,594835,FF,CU,4,0.4444444444444444
2015.0,594835,FF,FF,4,0.4444444444444444
2015.0,594835,CU,FF,4,0.4
2015.0,594835,CH,CH,3,0.3
2015.0,594835,FF,CH,1,0.1111111111111111
2015.0,594835,CH,FF,1,0.1
2015.0,594840,SL,SI,8,0.5333333333333333
2015.0,594840,SI,SI,6,0.3157894736842105
2015.0,594840,SI,SL,6,0.3157894736842105
2015.0,594840,SL,SL,4,0.26666666666666666
2015.0,594840,SI,FF,3,0.15789473684210525
2015.0,594840,CH,SI,3,0.3
2015.0,594840,SI,IN,2,0.10526315789473684
2015.0,594840,IN,SL,2,0.4
2015.0,594840,SI,CH,2,0.10526315789473684
2015.0,594840,IN,CH,2,0.4
2015.0,594840,FF,SI,2,0.4
2015.0,594840,FF,CH,2,0.4
2015.0,594840,CH,SL,2,0.2
2015.0,594840,CH,IN,2,0.2
2015.0,594840,CH,CH,2,0.2
2015.0,594840,SL,CH,2,0.13333333333333333
2015.0,594840,FF,IN,1,0.2
2015.0,594840,IN,SI,1,0.2
2015.0,594840,CH,FF,1,0.1
2015.0,594840,SL,FF,1,0.06666666666666667
2015.0,594857,FF,SL,7,0.5
2015.0,594857,SL,FF,6,0.4
2015.0,594857,SL,SL,5,0.3333333333333333
2015.0,594857,CH,FF,5,0.5
2015.0,594857,FF,CH,4,0.2857142857142857
2015.0,594857,CH,CH,3,0.3
2015.0,594857,FF,IN,2,0.14285714285714285
2015.0,594857,IN,SL,2,0.4
2015.0,594857,IN,FF,2,0.4
2015.0,594857,SL,CH,2,0.13333333333333333
2015.0,594857,SL,IN,2,0.13333333333333333
2015.0,594857,IN,CH,1,0.2
2015.0,594857,FF,FF,1,0.07142857142857142
2015.0,594857,CH,SL,1,0.1
2015.0,594857,CH,IN,1,0.1
2015.0,594951,SL,SI,8,0.4
2015.0,594951,FF,CH,8,0.42105263157894735
2015.0,594951,CH,SL,6,0.3
2015.0,594951,SI,SL,6,0.4
2015.0,594951,CU,CH,5,0.5
2015.0,594951,SI,FF,5,0.3333333333333333
2015.0,594951,SL,FF,4,0.2
2015.0,594951,SL,SL,4,0.2
2015.0,594951,CH,FF,4,0.2
2015.0,594951,FF,SL,4,0.21052631578947367
2015.0,594951,CU,FF,3,0.3
2015.0,594951,CH,CH,3,0.15
2015.0,594951,CH,CU,3,0.15
2015.0,594951,FF,CU,3,0.15789473684210525
2015.0,594951,SL,IN,2,0.1
2015.0,594951,CH,SI,2,0.1
2015.0,594951,CH,IN,2,0.1
2015.0,594951,IN,FF,2,0.4
2015.0,594951,FF,SI,2,0.10526315789473684
2015.0,594951,SI,CH,2,0.13333333333333333
2015.0,594951,SL,CH,1,0.05
2015.0,594951,SL,CU,1,0.05
2015.0,594951,CU,CU,1,0.1
2015.0,594951,CU,SI,1,0.1
2015.0,594951,SI,CU,1,0.06666666666666667
2015.0,594951,SI,SI,1,0.06666666666666667
2015.0,594951,IN,SI,1,0.2
2015.0,594951,FF,IN,1,0.05263157894736842
2015.0,594951,FF,FF,1,0.05263157894736842
2015.0,594951,IN,CH,1,0.2
2015.0,594951,IN,CU,1,0.2
2015.0,594977,FF,FF,8,0.4
2015.0,594977,CU,FF,7,0.4666666666666667
2015.0,594977,FF,CU,7,0.35
2015.0,594977,CH,CU,7,0.4666666666666667
2015.0,594977,CU,CH,5,0.3333333333333333
2015.0,594977,FF,CH,4,0.2
2015.0,594977,CH,CH,4,0.26666666666666666
2015.0,594977,CU,FC,3,0.2
2015.0,594977,CH,FF,3,0.2
2015.0,594977,FC,FF,2,0.5
2015.0,594977,FC,CU,1,0.25
2015.0,594977,FC,CH,1,0.25
2015.0,594977,FF,FC,1,0.05
2015.0,594977,CH,FC,1,0.06666666666666667
2015.0,594986,FF,FC,14,0.4666666666666667
2015.0,594986,FC,FF,11,0.36666666666666664
2015.0,594986,CU,CH,10,0.5
2015.0,594986,SI,FF,10,0.4
2015.0,594986,FC,CU,9,0.3
2015.0,594986,CU,FC,7,0.35
2015.0,594986,CH,SI,6,0.3157894736842105
2015.0,594986,FC,SI,6,0.2
2015.0,594986,FF,SI,6,0.2
2015.0,594986,CH,CU,5,0.2631578947368421
2015.0,594986,SI,SI,5,0.2
2015.0,594986,SI,FC,5,0.2
2015.0,594986,CH,FF,4,0.21052631578947367
2015.0,594986,FF,CU,4,0.13333333333333333
2015.0,594986,FF,CH,3,0.1
2015.0,594986,FF,FF,3,0.1
2015.0,594986,SI,CH,3,0.12
2015.0,594986,CU,SI,2,0.1
2015.0,594986,CH,FC,2,0.10526315789473684
2015.0,594986,CH,CH,2,0.10526315789473684
2015.0,594986,SI,CU,2,0.08
2015.0,594986,FC,FC,2,0.06666666666666667
2015.0,594986,FC,CH,2,0.06666666666666667
2015.0,594986,CU,FF,1,0.05
2015.0,594987,SI,CH,3,0.6
2015.0,594987,CH,SI,3,0.6
2015.0,594987,SI,SL,2,0.4
2015.0,594987,SL,SL,2,0.5
2015.0,594987,SL,CH,1,0.25
2015.0,594987,SL,SI,1,0.25
2015.0,594987,CH,SL,1,0.2
2015.0,594987,CH,CH,1,0.2
2015.0,595001,SL,SI,9,0.45
2015.0,595001,CU,CH,8,0.4
2015.0,595001,FF,CU,8,0.4
2015.0,595001,SI,SL,6,0.3
2015.0,595001,CH,CU,6,0.3
2015.0,595001,CH,SL,6,0.3
2015.0,595001,PO,SI,4,0.4
2015.0,595001,SI,FF,4,0.2
2015.0,595001,IN,FF,3,0.3333333333333333
2015.0,595001,CU,FF,3,0.15
2015.0,595001,CU,PO,3,0.15
2015.0,595001,FF,FF,3,0.15
2015.0,595001,FF,CH,3,0.15
2015.0,595001,FF,IN,3,0.15
2015.0,595001,SI,CH,3,0.15
2015.0,595001,SI,PO,3,0.15
2015.0,595001,SL,SL,3,0.15
2015.0,595001,SI,SI,3,0.15
2015.0,595001,SL,FF,3,0.15
2015.0,595001,CH,CH,3,0.15
2015.0,595001,IN,SI,2,0.2222222222222222
2015.0,595001,IN,PO,2,0.2222222222222222
2015.0,595001,CU,CU,2,0.1
2015.0,595001,CU,IN,2,0.1
2015.0,595001,PO,FF,2,0.2
2015.0,595001,PO,IN,2,0.2
2015.0,595001,FF,SL,2,0.1
2015.0,595001,SL,CH,2,0.1
2015.0,595001,CH,FF,2,0.1
2015.0,595001,CH,IN,2,0.1
2015.0,595001,IN,SL,1,0.1111111111111111
2015.0,595001,IN,CU,1,0.1111111111111111
2015.0,595001,CU,SL,1,0.05
2015.0,595001,CU,SI,1,0.05
2015.0,595001,PO,SL,1,0.1
2015.0,595001,SL,PO,1,0.05
2015.0,595001,PO,CH,1,0.1
2015.0,595001,FF,SI,1,0.05
2015.0,595001,SI,CU,1,0.05
2015.0,595001,SL,IN,1,0.05
2015.0,595001,SL,CU,1,0.05
2015.0,595001,CH,PO,1,0.05
2015.0,595014,SL,SI,15,0.42857142857142855
2015.0,595014,SI,SL,13,0.38235294117647056
2015.0,595014,SI,IN,13,0.38235294117647056
2015.0,595014,SL,FF,9,0.2571428571428571
2015.0,595014,FF,FF,9,0.2571428571428571
2015.0,595014,IN,FF,8,0.32
2015.0,595014,IN,SI,8,0.32
2015.0,595014,FF,SI,8,0.22857142857142856
2015.0,595014,SL,SL,7,0.2
2015.0,595014,FF,CH,7,0.2
2015.0,595014,CH,FF,6,0.4
2015.0,595014,FF,IN,6,0.17142857142857143
2015.0,595014,IN,SL,5,0.2
2015.0,595014,FF,SL,5,0.14285714285714285
2015.0,595014,CH,SL,4,0.26666666666666666
2015.0,595014,IN,CH,3,0.12
2015.0,595014,CH,IN,3,0.2
2015.0,595014,SI,SI,3,0.08823529411764706
2015.0,595014,SI,FF,3,0.08823529411764706
2015.0,595014,SL,IN,2,0.05714285714285714
2015.0,595014,SI,CH,2,0.058823529411764705
2015.0,595014,SL,CH,2,0.05714285714285714
2015.0,595014,IN,IN,1,0.04
2015.0,595014,CH,CH,1,0.06666666666666667
2015.0,595014,CH,SI,1,0.06666666666666667
2015.0,595032,CU,FF,6,0.6
2015.0,595032,SI,SL,6,0.6
2015.0,595032,FF,SI,6,0.6666666666666666
2015.0,595032,CH,CU,5,0.5
2015.0,595032,CH,CH,3,0.3
2015.0,595032,SL,CH,3,0.3
2015.0,595032,CU,CH,3,0.3
2015.0,595032,SI,FF,3,0.3
2015.0,595032,FF,CU,3,0.3333333333333333
2015.0,595032,SL,SL,2,0.2
2015.0,595032,SL,SI,2,0.2
2015.0,595032,SL,CU,2,0.2
2015.0,595032,CH,SL,1,0.1
2015.0,595032,CH,SI,1,0.1
2015.0,595032,SL,FF,1,0.1
2015.0,595032,CU,SL,1,0.1
2015.0,595032,SI,CH,1,0.1
2015.0,595191,CU,CH,7,0.4666666666666667
2015.0,595191,CH,CU,6,0.4
2015.0,595191,SL,SI,5,0.3333333333333333
2015.0,595191,SL,FF,5,0.3333333333333333
2015.0,595191,SI,SL,4,0.26666666666666666
2015.0,595191,SI,CH,4,0.26666666666666666
2015.0,595191,FF,SI,4,0.2857142857142857
2015.0,595191,CH,SL,4,0.26666666666666666
2015.0,595191,FF,CU,3,0.21428571428571427
2015.0,595191,SI,FF,3,0.2
2015.0,595191,FF,SL,3,0.21428571428571427
2015.0,595191,CU,FF,3,0.2
2015.0,595191,CH,SI,3,0.2
2015.0,595191,FF,FF,2,0.14285714285714285
2015.0,595191,SI,CU,2,0.13333333333333333
2015.0,595191,SI,SI,2,0.13333333333333333
2015.0,595191,FF,CH,2,0.14285714285714285
2015.0,595191,CU,CU,2,0.13333333333333333
2015.0,595191,CU,SL,2,0.13333333333333333
2015.0,595191,SL,SL,2,0.13333333333333333
2015.0,595191,SL,CU,2,0.13333333333333333
2015.0,595191,CU,SI,1,0.06666666666666667
2015.0,595191,SL,CH,1,0.06666666666666667
2015.0,595191,CH,FF,1,0.06666666666666667
2015.0,595191,CH,CH,1,0.06666666666666667
2015.0,595235,FF,CH,5,0.5
2015.0,595235,SL,SL,5,0.5555555555555556
2015.0,595235,CH,CH,4,0.4
2015.0,595235,CH,FF,4,0.4
2015.0,595235,FF,FF,3,0.3
2015.0,595235,SL,FF,3,0.3333333333333333
2015.0,595235,FF,SL,2,0.2
2015.0,595235,CH,SL,2,0.2
2015.0,595235,SL,CH,1,0.1111111111111111
2015.0,595307,SI,SL,15,0.42857142857142855
2015.0,595307,SL,SI,13,0.38235294117647056
2015.0,595307,FF,CH,11,0.3142857142857143
2015.0,595307,FF,SI,10,0.2857142857142857
2015.0,595307,CU,FF,10,0.5
2015.0,595307,SI,IN,9,0.2571428571428571
2015.0,595307,CH,CU,9,0.2571428571428571
2015.0,595307,IN,FF,8,0.4
2015.0,595307,SL,CH,7,0.20588235294117646
2015.0,595307,FF,IN,6,0.17142857142857143
2015.0,595307,FF,CU,6,0.17142857142857143
2015.0,595307,SI,FF,6,0.17142857142857143
2015.0,595307,CU,CH,6,0.3
2015.0,595307,SL,SL,6,0.17647058823529413
2015.0,595307,CH,SI,6,0.17142857142857143
2015.0,595307,CH,CH,6,0.17142857142857143
2015.0,595307,CH,FF,6,0.17142857142857143
2015.0,595307,SL,FF,5,0.14705882352941177
2015.0,595307,IN,SI,5,0.25
2015.0,595307,CH,SL,5,0.14285714285714285
2015.0,595307,SI,CH,3,0.08571428571428572
2015.0,595307,CU,SL,3,0.15
2015.0,595307,SL,CU,3,0.08823529411764706
2015.0,595307,IN,SL,3,0.15
2015.0,595307,CH,IN,3,0.08571428571428572
2015.0,595307,FF,SL,2,0.05714285714285714
2015.0,595307,IN,CH,2,0.1
2015.0,595307,SI,SI,1,0.02857142857142857
2015.0,595307,SI,CU,1,0.02857142857142857
2015.0,595307,CU,IN,1,0.05
2015.0,595307,IN,IN,1,0.05
2015.0,595307,IN,CU,1,0.05
2015.0,595371,FF,SL,4,0.8
2015.0,595371,SL,FF,3,0.75
2015.0,595371,SL,SL,1,0.25
2015.0,595371,FF,FF,1,0.2
2015.0,595441,CU,FF,3,0.75
2015.0,595441,FF,SI,3,0.6
2015.0,595441,SI,SL,3,0.6
2015.0,595441,CH,CU,2,0.4
2015.0,595441,SL,CH,2,0.4
2015.0,595441,CU,CU,1,0.25
2015.0,595441,CH,SI,1,0.2
2015.0,595441,CH,FF,1,0.2
2015.0,595441,CH,CH,1,0.2
2015.0,595441,SI,CU,1,0.2
2015.0,595441,FF,SL,1,0.2
2015.0,595441,SI,CH,1,0.2
2015.0,595441,SL,SL,1,0.2
2015.0,595441,FF,CH,1,0.2
2015.0,595441,SL,FF,1,0.2
2015.0,595441,SL,CU,1,0.2
2015.0,595465,SI,SI,2,0.4
2015.0,595465,SI,FF,2,0.4
2015.0,595465,FF,CU,2,0.4
2015.0,595465,SL,CU,2,0.4
2015.0,595465,CH,SL,2,0.5
2015.0,595465,CU,FF,2,0.4
2015.0,595465,CU,SL,2,0.4
2015.0,595465,SI,CU,1,0.2
2015.0,595465,FF,SI,1,0.2
2015.0,595465,FF,CH,1,0.2
2015.0,595465,FF,SL,1,0.2
2015.0,595465,SL,SI,1,0.2
2015.0,595465,SL,CH,1,0.2
2015.0,595465,SL,FF,1,0.2
2015.0,595465,CH,SI,1,0.25
2015.0,595465,CU,CH,1,0.2
2015.0,595465,CH,CH,1,0.25
2015.0,595918,CU,CH,5,0.5
2015.0,595918,IN,FF,4,0.8
2015.0,595918,CH,SI,3,0.3333333333333333
2015.0,595918,FF,CU,3,0.3
2015.0,595918,FF,SI,3,0.3
2015.0,595918,CH,CU,2,0.2222222222222222
2015.0,595918,SL,SI,2,0.4
2015.0,595918,PO,CH,2,0.4
2015.0,595918,SL,PO,2,0.4
2015.0,595918,CU,CU,2,0.2
2015.0,595918,CU,PO,2,0.2
2015.0,595918,SI,SI,2,0.2
2015.0,595918,SI,CH,2,0.2
2015.0,595918,SI,FF,2,0.2
2015.0,595918,SI,SL,2,0.2
2015.0,595918,CH,PO,1,0.1111111111111111
2015.0,595918,CH,IN,1,0.1111111111111111
2015.0,595918,CH,SL,1,0.1111111111111111
2015.0,595918,CH,FF,1,0.1111111111111111
2015.0,595918,PO,CU,1,0.2
2015.0,595918,PO,IN,1,0.2
2015.0,595918,PO,SL,1,0.2
2015.0,595918,SL,IN,1,0.2
2015.0,595918,CU,FF,1,0.1
2015.0,595918,IN,CU,1,0.2
2015.0,595918,FF,SL,1,0.1
2015.0,595918,FF,IN,1,0.1
2015.0,595918,FF,FF,1,0.1
2015.0,595918,SI,IN,1,0.1
2015.0,595918,SI,CU,1,0.1
2015.0,595918,FF,CH,1,0.1
2015.0,596057,CH,CU,11,0.55
2015.0,596057,FF,SL,11,0.5789473684210527
2015.0,596057,CU,FF,9,0.45
2015.0,596057,SL,CH,8,0.4
2015.0,596057,CU,CH,6,0.3
2015.0,596057,SL,FF,5,0.25
2015.0,596057,CH,FF,4,0.2
2015.0,596057,SL,SL,4,0.2
2015.0,596057,FF,CU,4,0.21052631578947367
2015.0,596057,CH,CH,3,0.15
2015.0,596057,SL,CU,3,0.15
2015.0,596057,CU,SL,3,0.15
2015.0,596057,CH,SL,2,0.1
2015.0,596057,CU,CU,2,0.1
2015.0,596057,FF,CH,2,0.10526315789473684
2015.0,596057,FF,FF,2,0.10526315789473684
2015.0,596064,CH,CU,7,0.4666666666666667
2015.0,596064,CU,CH,6,0.4
2015.0,596064,CH,FF,5,0.3333333333333333
2015.0,596064,SL,FF,4,0.4
2015.0,596064,FF,CH,4,0.2857142857142857
2015.0,596064,FF,CU,4,0.2857142857142857
2015.0,596064,CU,FF,3,0.2
2015.0,596064,CU,CU,3,0.2
2015.0,596064,CU,SL,3,0.2
2015.0,596064,SL,CH,3,0.3
2015.0,596064,SL,SL,3,0.3
2015.0,596064,FF,SL,3,0.21428571428571427
2015.0,596064,FF,FF,3,0.21428571428571427
2015.0,596064,CH,CH,2,0.13333333333333333
2015.0,596064,CH,SL,1,0.06666666666666667
2015.0,596331,FF,CH,5,0.5
2015.0,596331,SL,FF,4,0.4444444444444444
2015.0,596331,SL,SL,4,0.4444444444444444
2015.0,596331,SI,FF,3,0.6
2015.0,596331,FF,SL,3,0.3
2015.0,596331,CH,FF,2,0.4
2015.0,596331,CH,SI,2,0.4
2015.0,596331,FF,SI,2,0.2
2015.0,596331,SI,SL,2,0.4
2015.0,596331,CH,SL,1,0.2
2015.0,596331,SL,SI,1,0.1111111111111111
2015.0,598264,KC,FF,14,0.4
2015.0,598264,FF,KC,14,0.4117647058823529
2015.0,598264,CH,FF,12,0.4
2015.0,598264,FF,CH,12,0.35294117647058826
2015.0,598264,KC,KC,8,0.22857142857142856
2015.0,598264,SL,KC,8,0.5333333333333333
2015.0,598264,KC,SL,7,0.2
2015.0,598264,KC,CH,6,0.17142857142857143
2015.0,598264,CH,CH,6,0.2
2015.0,598264,CH,KC,5,0.16666666666666666
2015.0,598264,CH,SL,4,0.13333333333333333
2015.0,598264,CH,CU,3,0.1
2015.0,598264,SL,FF,3,0.2
2015.0,598264,SL,CH,3,0.2
2015.0,598264,CU,CH,3,0.6
2015.0,598264,FF,SL,3,0.08823529411764706
2015.0,598264,FF,FF,3,0.08823529411764706
2015.0,598264,CU,FF,2,0.4
2015.0,598264,FF,CU,2,0.058823529411764705
2015.0,598264,SL,SL,1,0.06666666666666667
2015.0,598271,SL,FF,3,0.6
2015.0,598271,FF,SL,3,0.6
2015.0,598271,SL,CU,2,0.4
2015.0,598271,FF,CU,2,0.4
2015.0,598271,CU,FF,2,0.5
2015.0,598271,CU,CU,1,0.25
2015.0,598271,CU,SL,1,0.25
2015.0,598287,SI,CU,6,0.42857142857142855
2015.0,598287,CU,CH,6,0.4
2015.0,598287,CH,CU,6,0.4
2015.0,598287,CH,SI,5,0.3333333333333333
2015.0,598287,SI,SI,4,0.2857142857142857
2015.0,598287,CH,CH,4,0.26666666666666666
2015.0,598287,CU,FF,4,0.26666666666666666
2015.0,598287,FF,SI,3,0.6
2015.0,598287,SI,CH,3,0.21428571428571427
2015.0,598287,CU,SI,3,0.2
2015.0,598287,CU,CU,2,0.13333333333333333
2015.0,598287,SI,FF,1,0.07142857142857142
2015.0,598287,FF,CU,1,0.2
2015.0,598287,FF,CH,1,0.2
2015.0,599998,SL,FF,3,0.75
2015.0,599998,FF,SL,3,0.6
2015.0,599998,FF,FF,2,0.4
2015.0,599998,SL,SL,1,0.25
2015.0,602083,FF,SI,7,0.7
2015.0,602083,CU,FF,5,0.5
2015.0,602083,CH,CU,4,0.4
2015.0,602083,CH,CH,4,0.4
2015.0,602083,SI,CH,3,0.3333333333333333
2015.0,602083,FF,CU,3,0.3
2015.0,602083,SI,FF,3,0.3333333333333333
2015.0,602083,CH,FF,2,0.2
2015.0,602083,CU,CH,2,0.2
2015.0,602083,CU,CU,2,0.2
2015.0,602083,SI,SI,2,0.2222222222222222
2015.0,602083,CU,SI,1,0.1
2015.0,602083,SI,CU,1,0.1111111111111111
2015.0,605135,SI,SL,17,0.5
2015.0,605135,CH,CU,15,0.42857142857142855
2015.0,605135,FF,CU,14,0.4
2015.0,605135,CU,CH,14,0.4
2015.0,605135,SL,SI,12,0.34285714285714286
2015.0,605135,SI,FF,11,0.3235294117647059
2015.0,605135,FF,SI,10,0.2857142857142857
2015.0,605135,SL,CH,10,0.2857142857142857
2015.0,605135,CU,FF,9,0.2571428571428571
2015.0,605135,CU,SL,7,0.2
2015.0,605135,CH,SI,7,0.2
2015.0,605135,SL,FF,6,0.17142857142857143
2015.0,605135,CH,FF,5,0.14285714285714285
2015.0,605135,CH,CH,5,0.14285714285714285
2015.0,605135,SL,SL,5,0.14285714285714285
2015.0,605135,FF,CH,4,0.11428571428571428
2015.0,605135,FF,SL,3,0.08571428571428572
2015.0,605135,FF,PO,3,0.08571428571428572
2015.0,605135,SI,CU,3,0.08823529411764706
2015.0,605135,CH,SL,3,0.08571428571428572
2015.0,605135,CU,SI,3,0.08571428571428572
2015.0,605135,PO,SI,3,0.6
2015.0,605135,SI,CH,2,0.058823529411764705
2015.0,605135,SL,CU,2,0.05714285714285714
2015.0,605135,PO,FF,2,0.4
2015.0,605135,SI,PO,1,0.029411764705882353
2015.0,605135,FF,FF,1,0.02857142857142857
2015.0,605135,CU,PO,1,0.02857142857142857
2015.0,605135,CU,CU,1,0.02857142857142857
2015.0,605151,FF,CH,7,0.4666666666666667
2015.0,605151,CH,KC,6,0.4
2015.0,605151,CH,FF,6,0.4
2015.0,605151,KC,IN,5,0.35714285714285715
2015.0,605151,KC,CH,4,0.2857142857142857
2015.0,605151,IN,CH,4,0.4
2015.0,605151,FF,KC,4,0.26666666666666666
2015.0,605151,KC,FF,3,0.21428571428571427
2015.0,605151,CH,IN,3,0.2
2015.0,605151,IN,KC,3,0.3
2015.0,605151,FF,FF,3,0.2
2015.0,605151,KC,KC,2,0.14285714285714285
2015.0,605151,IN,FF,2,0.2
2015.0,605151,FF,IN,1,0.06666666666666667
2015.0,605151,IN,IN,1,0.1
2015.0,605156,FF,CU,18,0.6
2015.0,605156,SL,SI,12,0.41379310344827586
2015.0,605156,CU,FF,12,0.4
2015.0,605156,SI,SL,12,0.48
2015.0,605156,CU,CH,11,0.36666666666666664
2015.0,605156,CH,SL,9,0.3
2015.0,605156,CH,CH,8,0.26666666666666666
2015.0,605156,FF,SI,7,0.23333333333333334
2015.0,605156,SI,FF,7,0.28
2015.0,605156,SL,CH,6,0.20689655172413793
2015.0,605156,CH,CU,6,0.2
2015.0,605156,SL,FF,5,0.1724137931034483
2015.0,605156,CH,SI,5,0.16666666666666666
2015.0,605156,PO,FF,4,0.8
2015.0,605156,CU,SL,4,0.13333333333333333
2015.0,605156,SL,SL,3,0.10344827586206896
2015.0,605156,FF,CH,3,0.1
2015.0,605156,SL,CU,2,0.06896551724137931
2015.0,605156,CU,CU,2,0.06666666666666667
2015.0,605156,CH,FF,2,0.06666666666666667
2015.0,605156,SI,CU,2,0.08
2015.0,605156,SI,CH,2,0.08
2015.0,605156,FF,PO,2,0.06666666666666667
2015.0,605156,SI,PO,2,0.08
2015.0,605156,SL,PO,1,0.034482758620689655
2015.0,605156,PO,SL,1,0.2
2015.0,605156,CU,SI,1,0.03333333333333333
2015.0,605169,KC,FF,16,0.64
2015.0,605169,FF,KC,16,0.6666666666666666
2015.0,605169,KC,KC,9,0.36
2015.0,605169,FF,FF,8,0.3333333333333333
2015.0,605177,SI,SL,18,0.5142857142857142
2015.0,605177,CH,FF,15,0.6
2015.0,605177,FF,CH,12,0.35294117647058826
2015.0,605177,SL,SI,11,0.36666666666666664
2015.0,605177,FF,SI,10,0.29411764705882354
2015.0,605177,SL,CH,8,0.26666666666666666
2015.0,605177,SI,FF,8,0.22857142857142856
2015.0,605177,IN,SI,7,0.4666666666666667
2015.0,605177,SL,FF,6,0.2
2015.0,605177,FF,IN,6,0.17647058823529413
2015.0,605177,IN,FF,5,0.3333333333333333
2015.0,605177,FF,SL,5,0.14705882352941177
2015.0,605177,SI,IN,5,0.14285714285714285
2015.0,605177,CH,SI,4,0.16
2015.0,605177,SL,SL,3,0.1
2015.0,605177,CH,SL,3,0.12
2015.0,605177,SL,IN,2,0.06666666666666667
2015.0,605177,CH,IN,2,0.08
2015.0,605177,SI,CH,2,0.05714285714285714
2015.0,605177,IN,CH,2,0.13333333333333333
2015.0,605177,SI,SI,2,0.05714285714285714
2015.0,605177,CH,CH,1,0.04
2015.0,605177,IN,SL,1,0.06666666666666667
2015.0,605177,FF,FF,1,0.029411764705882353
2015.0,605200,FC,CU,3,0.6
2015.0,605200,SI,SI,3,0.6
2015.0,605200,CH,CH,2,0.5
2015.0,605200,CU,CH,2,0.4
2015.0,605200,SI,FC,2,0.4
2015.0,605200,CH,FC,1,0.25
2015.0,605200,CH,CU,1,0.25
2015.0,605200,FC,FC,1,0.2
2015.0,605200,FC,SI,1,0.2
2015.0,605200,CU,FC,1,0.2
2015.0,605200,CU,CU,1,0.2
2015.0,605200,CU,SI,1,0.2
2015.0,605218,FF,CU,5,0.5
2015.0,605218,CU,FF,5,0.5555555555555556
2015.0,605218,CH,CU,3,0.6
2015.0,605218,FF,CH,3,0.3
2015.0,605218,CH,FF,2,0.4
2015.0,605218,FF,FF,2,0.2
2015.0,605218,CU,CU,2,0.2222222222222222
2015.0,605218,CU,CH,2,0.2222222222222222
2015.0,605226,FF,CU,9,0.6
2015.0,605226,CU,CH,7,0.4666666666666667
2015.0,605226,CU,FF,6,0.4
2015.0,605226,CH,CU,5,0.3333333333333333
2015.0,605226,CH,FF,5,0.3333333333333333
2015.0,605226,CH,CH,4,0.26666666666666666
2015.0,605226,FF,IN,3,0.2
2015.0,605226,FF,FF,2,0.13333333333333333
2015.0,605226,IN,FF,2,0.5
2015.0,605226,IN,CH,2,0.5
2015.0,605226,CU,IN,1,0.06666666666666667
2015.0,605226,CU,CU,1,0.06666666666666667
2015.0,605226,FF,CH,1,0.06666666666666667
2015.0,605226,CH,IN,1,0.06666666666666667
2015.0,605228,CH,CU,9,0.45
2015.0,605228,SI,FF,9,0.47368421052631576
2015.0,605228,CU,CH,8,0.4
2015.0,605228,CU,FF,8,0.4
2015.0,605228,FF,CU,8,0.4
2015.0,605228,FF,SI,8,0.4
2015.0,605228,CH,CH,5,0.25
2015.0,605228,CH,SI,4,0.2
2015.0,605228,CU,SI,4,0.2
2015.0,605228,FF,CH,4,0.2
2015.0,605228,SI,SI,4,0.21052631578947367
2015.0,605228,SI,CH,3,0.15789473684210525
2015.0,605228,SI,CU,3,0.15789473684210525
2015.0,605228,CH,FF,2,0.1
2015.0,605232,SL,SI,12,0.4
2015.0,605232,SI,SL,11,0.36666666666666664
2015.0,605232,SI,CH,10,0.3333333333333333
2015.0,605232,SL,SL,10,0.3333333333333333
2015.0,605232,FF,CH,9,0.45
2015.0,605232,CH,FF,8,0.27586206896551724
2015.0,605232,CH,SI,8,0.27586206896551724
2015.0,605232,CH,CH,7,0.2413793103448276
2015.0,605232,FF,SI,7,0.35
2015.0,605232,CH,SL,6,0.20689655172413793
2015.0,605232,SI,FF,6,0.2
2015.0,605232,SL,FF,5,0.16666666666666666
2015.0,605232,FF,SL,3,0.15
2015.0,605232,SL,CH,3,0.1
2015.0,605232,SI,SI,3,0.1
2015.0,605232,FF,FF,1,0.05
2015.0,605288,CU,SI,4,0.8
2015.0,605288,SI,CH,4,0.4444444444444444
2015.0,605288,CH,CU,3,0.3
2015.0,605288,CH,CH,3,0.3
2015.0,605288,SI,FF,3,0.3333333333333333
2015.0,605288,FF,SI,3,0.6
2015.0,605288,CH,FF,2,0.2
2015.0,605288,CH,SI,2,0.2
2015.0,605288,CU,CH,1,0.2
2015.0,605288,FF,CU,1,0.2
2015.0,605288,SI,SI,1,0.1111111111111111
2015.0,605288,SI,CU,1,0.1111111111111111
2015.0,605288,FF,CH,1,0.2
2015.0,605304,CH,CU,5,0.5
2015.0,605304,SL,SL,4,0.4
2015.0,605304,CH,SI,4,0.4
2015.0,605304,SI,SL,4,0.4444444444444444
2015.0,605304,FF,CU,4,0.4
2015.0,605304,CU,CH,4,0.4
2015.0,605304,PO,FF,3,0.6
2015.0,605304,SI,FF,3,0.3333333333333333
2015.0,605304,CU,FF,3,0.3
2015.0,605304,SL,CH,2,0.2
2015.0,605304,SL,SI,2,0.2
2015.0,605304,SL,PO,2,0.2
2015.0,605304,SI,PO,2,0.2222222222222222
2015.0,605304,FF,CH,2,0.2
2015.0,605304,PO,SI,1,0.2
2015.0,605304,PO,CH,1,0.2
2015.0,605304,CH,CH,1,0.1
2015.0,605304,FF,SI,1,0.1
2015.0,605304,FF,FF,1,0.1
2015.0,605304,FF,SL,1,0.1
2015.0,605304,FF,PO,1,0.1
2015.0,605304,CU,CU,1,0.1
2015.0,605304,CU,SL,1,0.1
2015.0,605304,CU,SI,1,0.1
2015.0,605309,CU,CH,19,0.5428571428571428
2015.0,605309,FF,CU,16,0.47058823529411764
2015.0,605309,SI,FF,15,0.42857142857142855
2015.0,605309,CH,CU,14,0.4
2015.0,605309,FF,SI,10,0.29411764705882354
2015.0,605309,SI,SI,10,0.2857142857142857
2015.0,605309,CU,FF,8,0.22857142857142856
2015.0,605309,CH,CH,8,0.22857142857142856
2015.0,605309,CH,FF,7,0.2
2015.0,605309,CH,SI,6,0.17142857142857143
2015.0,605309,CU,SI,5,0.14285714285714285
2015.0,605309,FF,CH,4,0.11764705882352941
2015.0,605309,SI,CH,4,0.11428571428571428
2015.0,605309,SI,CU,3,0.08571428571428572
2015.0,605309,FF,FF,3,0.08823529411764706
2015.0,605309,SI,PO,3,0.08571428571428572
2015.0,605309,PO,SI,3,0.6
2015.0,605309,CU,CU,2,0.05714285714285714
2015.0,605309,PO,FF,2,0.4
2015.0,605309,CU,PO,1,0.02857142857142857
2015.0,605309,FF,PO,1,0.029411764705882353
2015.0,605317,CH,FF,4,0.4
2015.0,605317,CH,SL,3,0.3
2015.0,605317,CH,CH,3,0.3
2015.0,605317,SL,FF,3,0.3
2015.0,605317,SL,SL,3,0.3
2015.0,605317,FF,CH,3,0.3333333333333333
2015.0,605317,FF,SL,3,0.3333333333333333
2015.0,605317,SL,IN,2,0.2
2015.0,605317,SL,CH,2,0.2
2015.0,605317,IN,CH,2,0.4
2015.0,605317,IN,FF,2,0.4
2015.0,605317,FF,IN,2,0.2222222222222222
2015.0,605317,IN,SL,1,0.2
2015.0,605317,FF,FF,1,0.1111111111111111
2015.0,605333,FF,CU,8,0.5333333333333333
2015.0,605333,CU,CH,7,0.4666666666666667
2015.0,605333,CU,FF,6,0.4
2015.0,605333,FF,FF,6,0.4
2015.0,605333,CH,CU,4,0.4444444444444444
2015.0,605333,CH,FF,3,0.3333333333333333
2015.0,605333,CU,CU,2,0.13333333333333333
2015.0,605333,CH,CH,2,0.2222222222222222
2015.0,605333,FF,CH,1,0.06666666666666667
2015.0,605338,SL,SI,5,0.5555555555555556
2015.0,605338,SI,FF,4,0.4
2015.0,605338,FF,FF,4,0.4
2015.0,605338,FF,SL,4,0.4
2015.0,605338,SI,SL,4,0.4
2015.0,605338,FF,SI,2,0.2
2015.0,605338,SI,SI,2,0.2
2015.0,605338,SL,SL,2,0.2222222222222222
2015.0,605338,SL,FF,2,0.2222222222222222
2015.0,605347,CH,SI,6,0.6
2015.0,605347,SI,FF,5,0.5555555555555556
2015.0,605347,FF,CU,4,0.4
2015.0,605347,SI,CH,4,0.4444444444444444
2015.0,605347,CU,CU,4,0.4
2015.0,605347,CU,FF,3,0.3
2015.0,605347,FF,CH,2,0.2
2015.0,605347,FF,FF,2,0.2
2015.0,605347,FF,SI,2,0.2
2015.0,605347,CH,CH,2,0.2
2015.0,605347,CH,CU,2,0.2
2015.0,605347,CU,CH,2,0.2
2015.0,605347,CU,SI,1,0.1
2015.0,605359,FF,CH,5,0.5555555555555556
2015.0,605359,CH,FF,4,0.4
2015.0,605359,SI,SL,3,0.3
2015.0,605359,SL,SL,3,0.3
2015.0,605359,SL,SI,3,0.3
2015.0,605359,IN,SI,3,0.6
2015.0,605359,CH,SL,2,0.2
2015.0,605359,CH,IN,2,0.2
2015.0,605359,SI,IN,2,0.2
2015.0,605359,FF,SI,2,0.2222222222222222
2015.0,605359,SI,FF,2,0.2
2015.0,605359,SI,CH,2,0.2
2015.0,605359,IN,FF,2,0.4
2015.0,605359,SL,CH,2,0.2
2015.0,605359,CH,CH,1,0.1
2015.0,605359,CH,SI,1,0.1
2015.0,605359,SI,SI,1,0.1
2015.0,605359,SL,IN,1,0.1
2015.0,605359,FF,SL,1,0.1111111111111111
2015.0,605359,FF,FF,1,0.1111111111111111
2015.0,605359,SL,FF,1,0.1
2015.0,605374,FF,SI,9,0.45
2015.0,605374,SI,SL,9,0.47368421052631576
2015.0,605374,SL,SI,8,0.4
2015.0,605374,SL,SL,7,0.35
2015.0,605374,FF,FF,6,0.3
2015.0,605374,SI,FF,6,0.3157894736842105
2015.0,605374,SL,FF,5,0.25
2015.0,605374,SI,IN,4,0.21052631578947367
2015.0,605374,FF,SL,4,0.2
2015.0,605374,IN,FF,3,0.6
2015.0,605374,IN,SI,2,0.4
2015.0,605374,FF,IN,1,0.05
2015.0,605388,SL,FF,11,0.55
2015.0,605388,FF,SL,10,0.5263157894736842
2015.0,605388,CH,CH,9,0.45
2015.0,605388,CU,CH,7,0.4666666666666667
2015.0,605388,FF,CU,7,0.3684210526315789
2015.0,605388,CH,CU,5,0.25
2015.0,605388,CU,FF,4,0.26666666666666666
2015.0,605388,CU,SL,4,0.26666666666666666
2015.0,605388,CH,FF,4,0.2
2015.0,605388,SL,SL,4,0.2
2015.0,605388,SL,CU,3,0.15
2015.0,605388,CH,SL,2,0.1
2015.0,605388,SL,CH,2,0.1
2015.0,605388,FF,FF,1,0.05263157894736842
2015.0,605388,FF,CH,1,0.05263157894736842
2015.0,605396,CU,FF,3,0.3
2015.0,605396,CU,CH,3,0.3
2015.0,605396,FF,FF,3,0.3333333333333333
2015.0,605396,FF,CU,3,0.3333333333333333
2015.0,605396,SL,CU,3,0.6
2015.0,605396,CU,CU,2,0.2
2015.0,605396,CU,SL,2,0.2
2015.0,605396,CH,CU,2,0.4
2015.0,605396,CH,SL,2,0.4
2015.0,605396,SL,FF,2,0.4
2015.0,605396,FF,CH,2,0.2222222222222222
2015.0,605396,CH,FF,1,0.2
2015.0,605396,FF,SL,1,0.1111111111111111
2015.0,605400,CU,CH,7,0.4666666666666667
2015.0,605400,CH,CU,7,0.4666666666666667
2015.0,605400,FF,CU,6,0.4
2015.0,605400,FF,SI,5,0.3333333333333333
2015.0,605400,SI,FF,4,0.2857142857142857
2015.0,605400,SI,PO,4,0.2857142857142857
2015.0,605400,PO,IN,4,0.4
2015.0,605400,CU,FF,4,0.26666666666666666
2015.0,605400,IN,FF,3,0.6
2015.0,605400,SI,CH,3,0.21428571428571427
2015.0,605400,PO,SI,3,0.3
2015.0,605400,CU,PO,3,0.2
2015.0,605400,CH,CH,3,0.2
2015.0,605400,FF,CH,2,0.13333333333333333
2015.0,605400,SI,SI,2,0.14285714285714285
2015.0,605400,PO,FF,2,0.2
2015.0,605400,CH,FF,2,0.13333333333333333
2015.0,605400,CH,SI,2,0.13333333333333333
2015.0,605400,SI,CU,1,0.07142857142857142
2015.0,605400,IN,PO,1,0.2
2015.0,605400,IN,SI,1,0.2
2015.0,605400,FF,PO,1,0.06666666666666667
2015.0,605400,FF,IN,1,0.06666666666666667
2015.0,605400,PO,CU,1,0.1
2015.0,605400,CU,SI,1,0.06666666666666667
2015.0,605400,CH,PO,1,0.06666666666666667
2015.0,605452,SL,SI,11,0.55
2015.0,605452,CH,SL,8,0.42105263157894735
2015.0,605452,SI,CH,8,0.4
2015.0,605452,CH,CH,7,0.3684210526315789
2015.0,605452,SI,SL,6,0.3
2015.0,605452,SL,FF,4,0.2
2015.0,605452,SL,SL,3,0.15
2015.0,605452,SI,SI,3,0.15
2015.0,605452,FF,SL,3,0.3
2015.0,605452,FF,SI,3,0.3
2015.0,605452,FF,CH,3,0.3
2015.0,605452,SI,FF,3,0.15
2015.0,605452,SL,CH,2,0.1
2015.0,605452,CH,FF,2,0.10526315789473684
2015.0,605452,CH,SI,2,0.10526315789473684
2015.0,605452,FF,FF,1,0.1
2015.0,605476,SI,SL,14,0.4117647058823529
2015.0,605476,SL,SI,12,0.34285714285714286
2015.0,605476,SL,SL,10,0.2857142857142857
2015.0,605476,FF,CH,8,0.32
2015.0,605476,CH,SI,7,0.28
2015.0,605476,CH,FF,7,0.28
2015.0,605476,SL,FF,6,0.17142857142857143
2015.0,605476,IN,FF,6,0.4
2015.0,605476,SI,CH,5,0.14705882352941177
2015.0,605476,SI,SI,5,0.14705882352941177
2015.0,605476,FF,SI,5,0.2
2015.0,605476,FF,SL,5,0.2
2015.0,605476,SL,CH,4,0.11428571428571428
2015.0,605476,CH,IN,4,0.16
2015.0,605476,CH,SL,4,0.16
2015.0,605476,SI,IN,4,0.11764705882352941
2015.0,605476,SI,FF,4,0.11764705882352941
2015.0,605476,FF,IN,4,0.16
2015.0,605476,IN,SI,4,0.26666666666666666
2015.0,605476,CH,CH,3,0.12
2015.0,605476,IN,CH,3,0.2
2015.0,605476,PO,SI,2,0.4
2015.0,605476,SL,IN,2,0.05714285714285714
2015.0,605476,FF,FF,2,0.08
2015.0,605476,SI,PO,2,0.058823529411764705
2015.0,605476,PO,SL,1,0.2
2015.0,605476,PO,IN,1,0.2
2015.0,605476,SL,PO,1,0.02857142857142857
2015.0,605476,PO,CH,1,0.2
2015.0,605476,IN,SL,1,0.06666666666666667
2015.0,605476,IN,PO,1,0.06666666666666667
2015.0,605476,FF,PO,1,0.04
2015.0,605477,AB,FF,3,0.6
2015.0,605477,SL,SI,2,0.5
2015.0,605477,SI,SL,2,0.4
2015.0,605477,SI,FF,2,0.4
2015.0,605477,FF,SI,2,0.4
2015.0,605477,FF,AB,2,0.4
2015.0,605477,AB,AB,1,0.2
2015.0,605477,SL,AB,1,0.25
2015.0,605477,FF,SL,1,0.2
2015.0,605477,SI,AB,1,0.2
2015.0,605477,AB,SI,1,0.2
2015.0,605477,SL,SL,1,0.25
2015.0,605538,FF,CU,11,0.44
2015.0,605538,CH,SL,10,0.4
2015.0,605538,CU,CH,9,0.36
2015.0,605538,SI,FF,8,0.32
2015.0,605538,CH,CU,8,0.32
2015.0,605538,SI,SL,7,0.28
2015.0,605538,IN,SI,6,0.6
2015.0,605538,SL,CH,6,0.25
2015.0,605538,SI,SI,6,0.24
2015.0,605538,CU,SI,5,0.2
2015.0,605538,CU,FF,5,0.2
2015.0,605538,SL,FF,5,0.20833333333333334
2015.0,605538,FF,CH,5,0.2
2015.0,605538,SL,SI,4,0.16666666666666666
2015.0,605538,CU,CU,3,0.12
2015.0,605538,CU,SL,3,0.12
2015.0,605538,SL,IN,3,0.125
2015.0,605538,SL,CU,3,0.125
2015.0,605538,SL,SL,3,0.125
2015.0,605538,SI,IN,3,0.12
2015.0,605538,FF,IN,3,0.12
2015.0,605538,CH,FF,3,0.12
2015.0,605538,IN,CH,2,0.2
2015.0,605538,FF,SL,2,0.08
2015.0,605538,FF,FF,2,0.08
2015.0,605538,FF,SI,2,0.08
2015.0,605538,CH,SI,2,0.08
2015.0,605538,CH,CH,2,0.08
2015.0,605538,IN,FF,1,0.1
2015.0,605538,IN,IN,1,0.1
2015.0,605538,SI,CH,1,0.04
2015.0,605541,SI,SL,8,0.4
2015.0,605541,CU,CH,7,0.4666666666666667
2015.0,605541,SL,SI,7,0.3684210526315789
2015.0,605541,SL,CH,6,0.3157894736842105
2015.0,605541,FF,CU,6,0.3
2015.0,605541,CH,SL,5,0.25
2015.0,605541,CH,CU,5,0.25
2015.0,605541,FF,SI,5,0.25
2015.0,605541,SI,FF,5,0.25
2015.0,605541,IN,SI,5,0.5
2015.0,605541,IN,FF,5,0.5
2015.0,605541,CH,FF,4,0.2
2015.0,605541,CU,FF,4,0.26666666666666666
2015.0,605541,FF,IN,4,0.2
2015.0,605541,SI,IN,4,0.2
2015.0,605541,CH,CH,3,0.15
2015.0,605541,CU,SL,3,0.2
2015.0,605541,CH,SI,2,0.1
2015.0,605541,SL,SL,2,0.10526315789473684
2015.0,605541,SL,CU,2,0.10526315789473684
2015.0,605541,FF,SL,2,0.1
2015.0,605541,SI,CH,2,0.1
2015.0,605541,FF,CH,2,0.1
2015.0,605541,CH,IN,1,0.05
2015.0,605541,CU,CU,1,0.06666666666666667
2015.0,605541,SL,FF,1,0.05263157894736842
2015.0,605541,SL,IN,1,0.05263157894736842
2015.0,605541,SI,SI,1,0.05
2015.0,605541,FF,FF,1,0.05
2015.0,605894,SI,FF,10,0.5263157894736842
2015.0,605894,CH,CU,9,0.45
2015.0,605894,CU,CH,8,0.4
2015.0,605894,FF,CU,7,0.35
2015.0,605894,FF,SI,6,0.3
2015.0,605894,CH,SI,5,0.25
2015.0,605894,CU,FF,5,0.25
2015.0,605894,SI,CH,5,0.2631578947368421
2015.0,605894,CU,SI,4,0.2
2015.0,605894,CH,CH,3,0.15
2015.0,605894,CH,FF,3,0.15
2015.0,605894,CU,FC,3,0.15
2015.0,605894,FF,CH,3,0.15
2015.0,605894,FC,CU,2,0.4
2015.0,605894,FC,SI,2,0.4
2015.0,605894,FF,FF,2,0.1
2015.0,605894,SI,CU,2,0.10526315789473684
2015.0,605894,SI,SI,2,0.10526315789473684
2015.0,605894,FF,FC,2,0.1
2015.0,605894,FC,CH,1,0.2
2015.0,606160,SL,SI,3,0.75
2015.0,606160,SI,IN,3,0.6
2015.0,606160,CH,FF,2,0.4
2015.0,606160,CH,SI,2,0.4
2015.0,606160,IN,SL,2,0.4
2015.0,606160,IN,FF,2,0.4
2015.0,606160,FF,CH,2,0.4
2015.0,606160,SL,SL,1,0.25
2015.0,606160,CH,IN,1,0.2
2015.0,606160,FF,FF,1,0.2
2015.0,606160,IN,CH,1,0.2
2015.0,606160,SI,CH,1,0.2
2015.0,606160,SI,SL,1,0.2
2015.0,606160,FF,IN,1,0.2
2015.0,606160,FF,SL,1,0.2
2015.0,606273,SI,FF,15,0.42857142857142855
2015.0,606273,CU,CH,14,0.4
2015.0,606273,FF,CU,13,0.37142857142857144
2015.0,606273,CH,CU,11,0.3235294117647059
2015.0,606273,FF,SI,11,0.3142857142857143
2015.0,606273,CU,FF,9,0.2571428571428571
2015.0,606273,CH,CH,8,0.23529411764705882
2015.0,606273,CH,SI,8,0.23529411764705882
2015.0,606273,IN,SI,6,0.6
2015.0,606273,CH,FF,6,0.17647058823529413
2015.0,606273,FF,CH,6,0.17142857142857143
2015.0,606273,SI,CH,6,0.17142857142857143
2015.0,606273,SI,SI,6,0.17142857142857143
2015.0,606273,CU,CU,5,0.14285714285714285
2015.0,606273,SI,CU,5,0.14285714285714285
2015.0,606273,CU,SI,4,0.11428571428571428
2015.0,606273,CU,IN,3,0.08571428571428572
2015.0,606273,IN,FF,3,0.3
2015.0,606273,FF,IN,3,0.08571428571428572
2015.0,606273,SI,IN,3,0.08571428571428572
2015.0,606273,FF,FF,2,0.05714285714285714
2015.0,606273,IN,CU,1,0.1
2015.0,606273,CH,IN,1,0.029411764705882353
2015.0,607067,FC,FF,6,0.6
2015.0,607067,CU,FC,6,0.6
2015.0,607067,SI,CU,4,0.4
2015.0,607067,FF,SI,4,0.4444444444444444
2015.0,607067,FC,CU,4,0.4
2015.0,607067,FS,SI,3,0.6
2015.0,607067,SI,FS,3,0.3
2015.0,607067,FF,FC,2,0.2222222222222222
2015.0,607067,CU,SI,2,0.2
2015.0,607067,SI,FC,1,0.1
2015.0,607067,FF,FS,1,0.1111111111111111
2015.0,607067,SI,SI,1,0.1
2015.0,607067,SI,FF,1,0.1
2015.0,607067,FF,FF,1,0.1111111111111111
2015.0,607067,FF,CU,1,0.1111111111111111
2015.0,607067,FS,CU,1,0.2
2015.0,607067,FS,FF,1,0.2
2015.0,607067,CU,FS,1,0.1
2015.0,607067,CU,FF,1,0.1
2015.0,607068,CH,SL,4,0.4
2015.0,607068,CH,SI,4,0.4
2015.0,607068,SL,SI,4,0.4444444444444444
2015.0,607068,SI,CH,4,0.4
2015.0,607068,SI,SL,4,0.4
2015.0,607068,FF,CH,3,0.6
2015.0,607068,SL,CH,2,0.2222222222222222
2015.0,607068,SL,FF,2,0.2222222222222222
2015.0,607068,SI,FF,2,0.2
2015.0,607068,CH,FF,1,0.1
2015.0,607068,CH,CH,1,0.1
2015.0,607068,SL,SL,1,0.1111111111111111
2015.0,607068,FF,SI,1,0.2
2015.0,607068,FF,SL,1,0.2
2015.0,607074,SI,SL,18,0.6
2015.0,607074,CH,FF,13,0.52
2015.0,607074,FF,SI,13,0.43333333333333335
2015.0,607074,SL,SI,11,0.3793103448275862
2015.0,607074,FF,CH,10,0.3333333333333333
2015.0,607074,SI,FF,8,0.26666666666666666
2015.0,607074,SL,CH,7,0.2413793103448276
2015.0,607074,SL,SL,6,0.20689655172413793
2015.0,607074,CH,CH,6,0.24
2015.0,607074,SL,FF,5,0.1724137931034483
2015.0,607074,CH,SI,4,0.16
2015.0,607074,FF,SL,4,0.13333333333333333
2015.0,607074,FF,FF,3,0.1
2015.0,607074,CH,SL,2,0.08
2015.0,607074,SI,CH,2,0.06666666666666667
2015.0,607074,SI,SI,2,0.06666666666666667
2015.0,607259,CH,CU,14,0.4666666666666667
2015.0,607259,CU,CH,13,0.43333333333333335
2015.0,607259,CU,FF,12,0.4
2015.0,607259,SI,SL,11,0.36666666666666664
2015.0,607259,FF,SI,11,0.36666666666666664
2015.0,607259,FF,CU,11,0.36666666666666664
2015.0,607259,SI,FF,9,0.3
2015.0,607259,SL,SI,9,0.3103448275862069
2015.0,607259,SL,CH,7,0.2413793103448276
2015.0,607259,SL,SL,6,0.20689655172413793
2015.0,607259,CH,SL,5,0.16666666666666666
2015.0,607259,CH,FF,5,0.16666666666666666
2015.0,607259,SI,CH,4,0.13333333333333333
2015.0,607259,FF,IN,4,0.13333333333333333
2015.0,607259,IN,SI,4,0.4
2015.0,607259,CH,CH,4,0.13333333333333333
2015.0,607259,SI,IN,3,0.1
2015.0,607259,FF,SL,3,0.1
2015.0,607259,CU,SI,3,0.1
2015.0,607259,IN,SL,3,0.3
2015.0,607259,SL,IN,3,0.10344827586206896
2015.0,607259,SL,CU,3,0.10344827586206896
2015.0,607259,SI,CU,2,0.06666666666666667
2015.0,607259,CU,SL,2,0.06666666666666667
2015.0,607259,IN,FF,2,0.2
2015.0,607259,CH,SI,2,0.06666666666666667
2015.0,607259,SI,SI,1,0.03333333333333333
2015.0,607259,FF,CH,1,0.03333333333333333
2015.0,607259,SL,FF,1,0.034482758620689655
2015.0,607259,IN,CH,1,0.1
2015.0,607309,FF,CH,11,0.55
2015.0,607309,SI,FF,10,0.5
2015.0,607309,CH,FF,9,0.45
2015.0,607309,SL,SI,9,0.47368421052631576
2015.0,607309,SL,SL,7,0.3684210526315789
2015.0,607309,CH,CH,6,0.3
2015.0,607309,SI,SL,5,0.25
2015.0,607309,FF,SI,5,0.25
2015.0,607309,SI,SI,4,0.2
2015.0,607309,FF,SL,4,0.2
2015.0,607309,CH,SL,3,0.15
2015.0,607309,CH,SI,2,0.1
2015.0,607309,SL,CH,2,0.10526315789473684
2015.0,607309,SL,FF,1,0.05263157894736842
2015.0,607309,SI,CH,1,0.05
2015.0,607359,SL,SI,11,0.55
2015.0,607359,SI,SL,9,0.47368421052631576
2015.0,607359,FF,CH,8,0.4
2015.0,607359,SI,FF,7,0.3684210526315789
2015.0,607359,CH,CH,6,0.3
2015.0,607359,CH,FF,5,0.25
2015.0,607359,CH,SL,5,0.25
2015.0,607359,FF,SI,4,0.2
2015.0,607359,SL,CH,4,0.2
2015.0,607359,FF,FF,3,0.15
2015.0,607359,FF,SL,3,0.15
2015.0,607359,SL,SL,3,0.15
2015.0,607359,PO,FF,3,0.6
2015.0,607359,CH,SI,3,0.15
2015.0,607359,FF,PO,2,0.1
2015.0,607359,SI,PO,2,0.10526315789473684
2015.0,607359,PO,SI,2,0.4
2015.0,607359,SL,FF,2,0.1
2015.0,607359,SI,CH,1,0.05263157894736842
2015.0,607359,CH,PO,1,0.05
2015.0,607374,SL,SI,10,0.5
2015.0,607374,CH,FF,9,0.47368421052631576
2015.0,607374,FF,CH,8,0.4
2015.0,607374,SI,SL,8,0.4
2015.0,607374,FF,PO,6,0.3
2015.0,607374,SL,SL,5,0.25
2015.0,607374,CH,CH,4,0.21052631578947367
2015.0,607374,SI,FF,4,0.2
2015.0,607374,PO,SI,4,0.4
2015.0,607374,CH,SL,3,0.15789473684210525
2015.0,607374,SI,CH,3,0.15
2015.0,607374,SI,PO,3,0.15
2015.0,607374,SL,CH,3,0.15
2015.0,607374,PO,FF,3,0.3
2015.0,607374,CH,SI,2,0.10526315789473684
2015.0,607374,FF,SI,2,0.1
2015.0,607374,PO,SL,2,0.2
2015.0,607374,SL,FF,2,0.1
2015.0,607374,FF,SL,2,0.1
2015.0,607374,FF,FF,2,0.1
2015.0,607374,SI,SI,2,0.1
2015.0,607374,CH,PO,1,0.05263157894736842
2015.0,607374,PO,CH,1,0.1
2015.0,607405,CU,FF,3,0.6
2015.0,607405,FF,SL,2,0.5
2015.0,607405,FF,CU,2,0.5
2015.0,607405,CU,SL,2,0.4
2015.0,607405,SL,FF,2,0.4
2015.0,607405,SL,CU,2,0.4
2015.0,607405,SL,SL,1,0.2
2015.0,607457,SL,FF,8,0.5333333333333333
2015.0,607457,FF,CH,6,0.4
2015.0,607457,IN,SL,5,0.5555555555555556
2015.0,607457,CH,SL,4,0.4
2015.0,607457,FF,SL,4,0.26666666666666666
2015.0,607457,SL,IN,4,0.26666666666666666
2015.0,607457,CH,FF,3,0.3
2015.0,607457,FF,IN,3,0.2
2015.0,607457,CH,IN,2,0.2
2015.0,607457,FF,FF,2,0.13333333333333333
2015.0,607457,IN,CH,2,0.2222222222222222
2015.0,607457,SL,SL,2,0.13333333333333333
2015.0,607457,CH,CH,1,0.1
2015.0,607457,IN,FF,1,0.1111111111111111
2015.0,607457,IN,IN,1,0.1111111111111111
2015.0,607457,SL,CH,1,0.06666666666666667
2015.0,607968,CH,SL,4,0.4
2015.0,607968,FF,CH,4,0.4
2015.0,607968,SL,SI,4,0.4444444444444444
2015.0,607968,FF,SI,3,0.3
2015.0,607968,SL,FF,3,0.3333333333333333
2015.0,607968,SI,PO,3,0.3
2015.0,607968,SI,FF,3,0.3
2015.0,607968,SI,SL,3,0.3
2015.0,607968,CH,CH,2,0.2
2015.0,607968,CH,FF,2,0.2
2015.0,607968,FF,SL,2,0.2
2015.0,607968,PO,SI,2,0.4
2015.0,607968,PO,CH,2,0.4
2015.0,607968,CH,SI,1,0.1
2015.0,607968,CH,PO,1,0.1
2015.0,607968,FF,FF,1,0.1
2015.0,607968,SL,SL,1,0.1111111111111111
2015.0,607968,SL,CH,1,0.1111111111111111
2015.0,607968,PO,FF,1,0.2
2015.0,607968,SI,CH,1,0.1
2015.0,608167,SI,FF,9,0.45
2015.0,608167,CH,FF,8,0.4
2015.0,608167,FF,SI,8,0.4
2015.0,608167,FF,CH,8,0.4
2015.0,608167,SI,SL,7,0.35
2015.0,608167,SL,SI,7,0.3684210526315789
2015.0,608167,SL,SL,7,0.3684210526315789
2015.0,608167,CH,CH,6,0.3
2015.0,608167,SL,CH,4,0.21052631578947367
2015.0,608167,CH,SL,3,0.15
2015.0,608167,CH,SI,3,0.15
2015.0,608167,FF,SL,3,0.15
2015.0,608167,SI,SI,2,0.1
2015.0,608167,SI,CH,2,0.1
2015.0,608167,FF,FF,1,0.05
2015.0,608167,SL,FF,1,0.05263157894736842
2015.0,608349,FF,KC,14,0.5833333333333334
2015.0,608349,KC,FF,10,0.4
2015.0,608349,CH,FF,8,0.8
2015.0,608349,KC,CH,7,0.28
2015.0,608349,KC,KC,6,0.24
2015.0,608349,FF,FF,5,0.20833333333333334
2015.0,608349,FF,CH,3,0.125
2015.0,608349,IN,KC,3,0.6
2015.0,608349,FF,IN,2,0.08333333333333333
2015.0,608349,IN,FF,2,0.4
2015.0,608349,KC,IN,2,0.08
2015.0,608349,CH,KC,2,0.2
2015.0,608379,CU,CH,20,0.5714285714285714
2015.0,608379,FF,FC,19,0.5428571428571428
2015.0,608379,CH,CU,14,0.4
2015.0,608379,FC,CU,13,0.4482758620689655
2015.0,608379,IN,FF,11,0.55
2015.0,608379,FC,FF,9,0.3103448275862069
2015.0,608379,CH,FF,8,0.22857142857142856
2015.0,608379,CU,FC,7,0.2
2015.0,608379,CH,IN,6,0.17142857142857143
2015.0,608379,FF,IN,5,0.14285714285714285
2015.0,608379,CU,FF,4,0.11428571428571428
2015.0,608379,FC,CH,4,0.13793103448275862
2015.0,608379,FF,CU,4,0.11428571428571428
2015.0,608379,FF,CH,4,0.11428571428571428
2015.0,608379,IN,CH,3,0.15
2015.0,608379,IN,CU,3,0.15
2015.0,608379,FC,IN,3,0.10344827586206896
2015.0,608379,PO,IN,3,0.6
2015.0,608379,FF,FF,3,0.08571428571428572
2015.0,608379,CH,CH,3,0.08571428571428572
2015.0,608379,IN,PO,2,0.1
2015.0,608379,CU,IN,2,0.05714285714285714
2015.0,608379,CH,FC,2,0.05714285714285714
2015.0,608379,CH,PO,2,0.05714285714285714
2015.0,608379,IN,FC,1,0.05
2015.0,608379,CU,CU,1,0.02857142857142857
2015.0,608379,CU,PO,1,0.02857142857142857
2015.0,608379,PO,FC,1,0.2
2015.0,608379,PO,CH,1,0.2
2015.0,608641,CH,CU,6,0.6
2015.0,608641,CU,FF,5,0.5
2015.0,608641,CH,FF,4,0.4
2015.0,608641,FF,CU,4,0.4
2015.0,608641,SL,SL,3,0.3
2015.0,608641,SL,CH,3,0.3
2015.0,608641,IN,CH,3,0.6
2015.0,608641,SI,SL,3,0.75
2015.0,608641,SL,IN,2,0.2
2015.0,608641,CU,CH,2,0.2
2015.0,608641,CU,SL,2,0.2
2015.0,608641,IN,SI,2,0.4
2015.0,608641,FF,SL,2,0.2
2015.0,608641,FF,CH,2,0.2
2015.0,608641,SL,SI,1,0.1
2015.0,608641,SL,FF,1,0.1
2015.0,608641,CU,SI,1,0.1
2015.0,608641,SI,IN,1,0.25
2015.0,608641,FF,IN,1,0.1
2015.0,608641,FF,SI,1,0.1
2015.0,608648,SI,KC,7,0.4666666666666667
2015.0,608648,KC,SI,7,0.4666666666666667
2015.0,608648,FF,KC,6,0.4
2015.0,608648,FC,FF,6,0.42857142857142855
2015.0,608648,FF,FC,5,0.3333333333333333
2015.0,608648,KC,FF,4,0.26666666666666666
2015.0,608648,SI,SI,3,0.2
2015.0,608648,KC,FC,3,0.2
2015.0,608648,CH,FC,3,0.6
2015.0,608648,FC,SI,3,0.21428571428571427
2015.0,608648,SI,CH,2,0.13333333333333333
2015.0,608648,FF,FF,2,0.13333333333333333
2015.0,608648,SI,FC,2,0.13333333333333333
2015.0,608648,FF,SI,2,0.13333333333333333
2015.0,608648,CH,FF,2,0.4
2015.0,608648,FC,CH,2,0.14285714285714285
2015.0,608648,FC,FC,2,0.14285714285714285
2015.0,608648,SI,FF,1,0.06666666666666667
2015.0,608648,KC,KC,1,0.06666666666666667
2015.0,608648,FC,KC,1,0.07142857142857142
2015.0,608665,FF,FC,14,0.56
2015.0,608665,SI,FF,13,0.52
2015.0,608665,CH,SL,11,0.44
2015.0,608665,FC,CH,10,0.4
2015.0,608665,SL,SI,10,0.4166666666666667
2015.0,608665,CH,CH,6,0.24
2015.0,608665,FF,SI,6,0.24
2015.0,608665,SI,SL,5,0.2
2015.0,608665,FC,FC,4,0.16
2015.0,608665,FC,SL,4,0.16
2015.0,608665,SL,FF,4,0.16666666666666666
2015.0,608665,SL,CH,3,0.125
2015.0,608665,FC,CU,3,0.12
2015.0,608665,FC,FF,3,0.12
2015.0,608665,SL,FC,3,0.125
2015.0,608665,SL,SL,3,0.125
2015.0,608665,PO,FF,3,0.6
2015.0,608665,CH,SI,3,0.12
2015.0,608665,PO,SI,2,0.4
2015.0,608665,CH,FC,2,0.08
2015.0,608665,CH,CU,2,0.08
2015.0,608665,FF,SL,2,0.08
2015.0,608665,SI,SI,2,0.08
2015.0,608665,SI,CH,2,0.08
2015.0,608665,SI,PO,2,0.08
2015.0,608665,CU,CH,2,0.4
2015.0,608665,FC,SI,1,0.04
2015.0,608665,SL,PO,1,0.041666666666666664
2015.0,608665,CH,PO,1,0.04
2015.0,608665,FF,FF,1,0.04
2015.0,608665,SI,FC,1,0.04
2015.0,608665,FF,CH,1,0.04
2015.0,608665,FF,PO,1,0.04
2015.0,608665,CU,FC,1,0.2
2015.0,608665,CU,SI,1,0.2
2015.0,608665,CU,FF,1,0.2
2015.0,608678,SI,SL,10,0.5
2015.0,608678,FC,FF,8,0.4
2015.0,608678,CH,FC,7,0.7
2015.0,608678,SL,SI,6,0.3157894736842105
2015.0,608678,FF,SI,6,0.3
2015.0,608678,IN,SI,5,0.5
2015.0,608678,FF,FC,5,0.25
2015.0,608678,FC,CH,4,0.2
2015.0,608678,SL,FC,4,0.21052631578947367
2015.0,608678,SL,SL,4,0.21052631578947367
2015.0,608678,FC,SL,4,0.2
2015.0,608678,IN,FF,4,0.4
2015.0,608678,SI,IN,4,0.2
2015.0,608678,FF,IN,4,0.2
2015.0,608678,SL,FF,3,0.15789473684210525
2015.0,608678,FC,FC,3,0.15
2015.0,608678,SI,SI,3,0.15
2015.0,608678,CH,CH,2,0.2
2015.0,608678,FF,CH,2,0.1
2015.0,608678,FF,SL,2,0.1
2015.0,608678,SI,FF,2,0.1
2015.0,608678,FC,IN,1,0.05
2015.0,608678,SL,IN,1,0.05263157894736842
2015.0,608678,SL,CH,1,0.05263157894736842
2015.0,608678,CH,FF,1,0.1
2015.0,608678,IN,CH,1,0.1
2015.0,608678,FF,FF,1,0.05
2015.0,608678,SI,FC,1,0.05
2015.0,611093,CH,CH,8,0.5333333333333333
2015.0,611093,SL,SL,5,0.3333333333333333
2015.0,611093,FF,CH,5,0.35714285714285715
2015.0,611093,IN,FF,4,0.8
2015.0,611093,CH,FF,4,0.26666666666666666
2015.0,611093,SL,FF,3,0.2
2015.0,611093,SL,SI,3,0.2
2015.0,611093,SL,IN,3,0.2
2015.0,611093,FF,SL,3,0.21428571428571427
2015.0,611093,SI,SL,3,0.6
2015.0,611093,CH,SL,3,0.2
2015.0,611093,FF,FF,2,0.14285714285714285
2015.0,611093,FF,SI,2,0.14285714285714285
2015.0,611093,FF,IN,2,0.14285714285714285
2015.0,611093,SL,CH,1,0.06666666666666667
2015.0,611093,SI,FF,1,0.2
2015.0,611093,IN,SL,1,0.2
2015.0,611093,SI,CH,1,0.2
2015.0,612272,FF,CH,6,0.6666666666666666
2015.0,612272,SL,FF,5,0.5
2015.0,612272,CH,FF,5,0.5
2015.0,612272,CH,SL,4,0.4
2015.0,612272,SL,CH,3,0.3
2015.0,612272,FF,SL,3,0.3333333333333333
2015.0,612272,SL,SL,2,0.2
2015.0,612272,CH,CH,1,0.1
2015.0,612434,SL,CH,8,0.4
2015.0,612434,CH,FF,8,0.4
2015.0,612434,FF,SL,7,0.3684210526315789
2015.0,612434,CH,CH,6,0.3
2015.0,612434,FF,CH,6,0.3157894736842105
2015.0,612434,CH,SL,5,0.25
2015.0,612434,IN,FF,5,0.5
2015.0,612434,SL,SL,4,0.2
2015.0,612434,SL,IN,4,0.2
2015.0,612434,SL,FF,4,0.2
2015.0,612434,FF,IN,4,0.21052631578947367
2015.0,612434,IN,SL,4,0.4
2015.0,612434,FF,FF,2,0.10526315789473684
2015.0,612434,CH,IN,1,0.05
2015.0,612434,IN,IN,1,0.1
2015.0,612672,CH,CU,19,0.5428571428571428
2015.0,612672,FF,SI,16,0.45714285714285713
2015.0,612672,CU,CH,15,0.42857142857142855
2015.0,612672,SI,SL,13,0.38235294117647056
2015.0,612672,CU,FF,11,0.3142857142857143
2015.0,612672,SL,SI,10,0.2857142857142857
2015.0,612672,SI,CH,8,0.23529411764705882
2015.0,612672,FF,CU,8,0.22857142857142856
2015.0,612672,SI,FF,8,0.23529411764705882
2015.0,612672,SL,SL,7,0.2
2015.0,612672,SL,FF,7,0.2
2015.0,612672,CU,SL,6,0.17142857142857143
2015.0,612672,CH,SL,6,0.17142857142857143
2015.0,612672,SL,CH,6,0.17142857142857143
2015.0,612672,CH,FF,5,0.14285714285714285
2015.0,612672,SL,CU,5,0.14285714285714285
2015.0,612672,FF,CH,4,0.11428571428571428
2015.0,612672,FF,FF,4,0.11428571428571428
2015.0,612672,CH,SI,3,0.08571428571428572
2015.0,612672,SI,SI,3,0.08823529411764706
2015.0,612672,FF,SL,3,0.08571428571428572
2015.0,612672,CU,SI,2,0.05714285714285714
2015.0,612672,CH,CH,2,0.05714285714285714
2015.0,612672,SI,CU,2,0.058823529411764705
2015.0,612672,CU,CU,1,0.02857142857142857
2015.0,621121,CH,FF,10,0.3333333333333333
2015.0,621121,KC,FF,10,0.3333333333333333
2015.0,621121,CH,CH,8,0.26666666666666666
2015.0,621121,SI,KC,8,0.4
2015.0,621121,FF,CH,8,0.26666666666666666
2015.0,621121,FF,KC,8,0.26666666666666666
2015.0,621121,FF,FF,8,0.26666666666666666
2015.0,621121,KC,SI,7,0.23333333333333334
2015.0,621121,SI,CH,7,0.35
2015.0,621121,CH,KC,6,0.2
2015.0,621121,CH,SI,5,0.16666666666666666
2015.0,621121,KC,KC,5,0.16666666666666666
2015.0,621121,KC,CH,4,0.13333333333333333
2015.0,621121,FF,SI,4,0.13333333333333333
2015.0,621121,IN,CH,3,0.75
2015.0,621121,KC,IN,2,0.06666666666666667
2015.0,621121,KC,PO,2,0.06666666666666667
2015.0,621121,PO,KC,2,0.4
2015.0,621121,PO,SI,2,0.4
2015.0,621121,FF,IN,2,0.06666666666666667
2015.0,621121,SI,SI,2,0.1
2015.0,621121,SI,PO,2,0.1
2015.0,621121,CH,IN,1,0.03333333333333333
2015.0,621121,PO,PO,1,0.2
2015.0,621121,IN,FF,1,0.25
2015.0,621121,SI,FF,1,0.05
2015.0,621209,SL,CH,3,0.75
2015.0,621209,SI,SL,3,0.6
2015.0,621209,FF,SI,3,0.6
2015.0,621209,CU,FF,3,0.6
2015.0,621209,CH,CU,3,0.6
2015.0,621209,SI,FF,2,0.4
2015.0,621209,SL,CU,1,0.25
2015.0,621209,FF,CU,1,0.2
2015.0,621209,FF,CH,1,0.2
2015.0,621209,CH,SI,1,0.2
2015.0,621209,CU,SL,1,0.2
2015.0,621209,CH,CH,1,0.2
2015.0,621209,CU,SI,1,0.2
2015.0,621281,CU,FC,7,0.4666666666666667
2015.0,621281,FF,FC,6,0.42857142857142855
2015.0,621281,FC,CU,6,0.4
2015.0,621281,FC,FF,6,0.4
2015.0,621281,CH,CU,6,0.4
2015.0,621281,CU,CH,5,0.3333333333333333
2015.0,621281,FF,CH,4,0.2857142857142857
2015.0,621281,SI,FF,3,0.6
2015.0,621281,FC,CH,3,0.2
2015.0,621281,CH,SI,3,0.2
2015.0,621281,CH,FF,3,0.2
2015.0,621281,SI,CH,2,0.4
2015.0,621281,FF,CU,2,0.14285714285714285
2015.0,621281,CH,FC,2,0.13333333333333333
2015.0,621281,FF,SI,1,0.07142857142857142
2015.0,621281,FF,FF,1,0.07142857142857142
2015.0,621281,CU,CU,1,0.06666666666666667
2015.0,621281,CU,SI,1,0.06666666666666667
2015.0,621281,CU,FF,1,0.06666666666666667
2015.0,621281,CH,CH,1,0.06666666666666667
2015.0,621397,FF,IN,6,0.6
2015.0,621397,CU,FF,5,0.5
2015.0,621397,CU,CH,5,0.5
2015.0,621397,CH,CU,5,0.5
2015.0,621397,IN,FF,4,0.4
2015.0,621397,SI,SI,3,0.3333333333333333
2015.0,621397,SI,IN,3,0.3333333333333333
2015.0,621397,SI,CH,3,0.3333333333333333
2015.0,621397,FF,CU,3,0.3
2015.0,621397,IN,SI,3,0.3
2015.0,621397,IN,CU,2,0.2
2015.0,621397,CH,CH,2,0.2
2015.0,621397,CH,SI,2,0.2
2015.0,621397,FF,SI,1,0.1
2015.0,621397,IN,IN,1,0.1
2015.0,621397,CH,FF,1,0.1
2015.0,621408,SL,FF,8,0.4
2015.0,621408,SL,SL,7,0.35
2015.0,621408,FF,SL,6,0.3
2015.0,621408,FF,FF,5,0.25
2015.0,621408,FF,CU,4,0.2
2015.0,621408,CH,FF,4,0.4444444444444444
2015.0,621408,CH,SL,4,0.4444444444444444
2015.0,621408,SL,CH,3,0.15
2015.0,621408,FF,CH,3,0.15
2015.0,621408,IN,SL,2,0.4
2015.0,621408,IN,FF,2,0.4
2015.0,621408,FF,IN,2,0.1
2015.0,621408,CU,CH,2,0.4
2015.0,621408,SL,CU,1,0.05
2015.0,621408,SL,IN,1,0.05
2015.0,621408,IN,IN,1,0.2
2015.0,621408,CU,FF,1,0.2
2015.0,621408,CH,CH,1,0.1111111111111111
2015.0,621408,CU,IN,1,0.2
2015.0,621408,CU,SL,1,0.2
2015.0,621962,FC,FF,10,0.4
2015.0,621962,FF,FC,10,0.4
2015.0,621962,CH,CU,9,0.36
2015.0,621962,CU,FC,9,0.375
2015.0,621962,FC,CU,8,0.32
2015.0,621962,CH,CH,7,0.28
2015.0,621962,FF,FF,7,0.28
2015.0,621962,FC,CH,6,0.24
2015.0,621962,CU,CH,6,0.25
2015.0,621962,CH,FF,5,0.2
2015.0,621962,FF,CU,5,0.2
2015.0,621962,CU,EP,4,0.16666666666666666
2015.0,621962,CH,FC,3,0.12
2015.0,621962,CU,CU,3,0.125
2015.0,621962,EP,CH,3,0.6
2015.0,621962,FF,CH,3,0.12
2015.0,621962,CU,FF,2,0.08333333333333333
2015.0,621962,CH,EP,1,0.04
2015.0,621962,FC,FC,1,0.04
2015.0,621962,EP,FC,1,0.2
2015.0,621962,EP,FF,1,0.2
2015.0,622072,SI,KC,15,0.42857142857142855
2015.0,622072,KC,SI,15,0.42857142857142855
2015.0,622072,SI,CH,10,0.2857142857142857
2015.0,622072,IN,CH,10,0.4
2015.0,622072,KC,CH,10,0.2857142857142857
2015.0,622072,CH,SI,10,0.29411764705882354
2015.0,622072,CH,IN,10,0.29411764705882354
2015.0,622072,IN,KC,9,0.36
2015.0,622072,CH,KC,9,0.2647058823529412
2015.0,622072,KC,IN,8,0.22857142857142856
2015.0,622072,SI,SI,6,0.17142857142857143
2015.0,622072,CH,CH,5,0.14705882352941177
2015.0,622072,SI,IN,4,0.11428571428571428
2015.0,622072,IN,SI,4,0.16
2015.0,622072,IN,IN,2,0.08
2015.0,622072,KC,KC,2,0.05714285714285714
2015.0,622663,FC,CH,6,0.4
2015.0,622663,FC,FF,5,0.3333333333333333
2015.0,622663,CH,FC,5,0.35714285714285715
2015.0,622663,FF,SL,5,0.3333333333333333
2015.0,622663,FF,FC,4,0.26666666666666666
2015.0,622663,SL,FC,4,0.26666666666666666
2015.0,622663,SL,FF,4,0.26666666666666666
2015.0,622663,SL,CH,4,0.26666666666666666
2015.0,622663,FF,CH,4,0.26666666666666666
2015.0,622663,CH,SI,3,0.21428571428571427
2015.0,622663,CH,FF,3,0.21428571428571427
2015.0,622663,SL,SL,3,0.2
2015.0,622663,SI,SL,3,0.6
2015.0,622663,FC,SL,2,0.13333333333333333
2015.0,622663,CH,SL,2,0.14285714285714285
2015.0,622663,FC,SI,1,0.06666666666666667
2015.0,622663,FC,FC,1,0.06666666666666667
2015.0,622663,CH,CH,1,0.07142857142857142
2015.0,622663,SI,FF,1,0.2
2015.0,622663,FF,FF,1,0.06666666666666667
2015.0,622663,FF,SI,1,0.06666666666666667
2015.0,622663,SI,FC,1,0.2
2015.0,623184,CU,FF,18,0.5142857142857142
2015.0,623184,SI,SL,13,0.43333333333333335
2015.0,623184,CH,CU,13,0.5416666666666666
2015.0,623184,FF,CU,10,0.2857142857142857
2015.0,623184,CU,CH,7,0.2
2015.0,623184,FF,SL,7,0.2
2015.0,623184,SL,SI,7,0.2
2015.0,623184,SL,CH,7,0.2
2015.0,623184,IN,SI,6,0.6
2015.0,623184,FF,SI,6,0.17142857142857143
2015.0,623184,SL,FF,6,0.17142857142857143
2015.0,623184,SL,SL,6,0.17142857142857143
2015.0,623184,FF,IN,5,0.14285714285714285
2015.0,623184,CH,SL,5,0.20833333333333334
2015.0,623184,SL,CU,5,0.14285714285714285
2015.0,623184,CU,SI,4,0.11428571428571428
2015.0,623184,FF,CH,4,0.11428571428571428
2015.0,623184,SI,SI,4,0.13333333333333333
2015.0,623184,CU,CU,3,0.08571428571428572
2015.0,623184,CU,SL,3,0.08571428571428572
2015.0,623184,SI,CH,3,0.1
2015.0,623184,SI,FF,3,0.1
2015.0,623184,SI,CU,3,0.1
2015.0,623184,CH,CH,3,0.125
2015.0,623184,CH,FF,3,0.125
2015.0,623184,SL,IN,3,0.08571428571428572
2015.0,623184,PO,SI,3,0.6
2015.0,623184,IN,FF,2,0.2
2015.0,623184,FF,PO,2,0.05714285714285714
2015.0,623184,SI,PO,2,0.06666666666666667
2015.0,623184,SI,IN,2,0.06666666666666667
2015.0,623184,PO,FF,2,0.4
2015.0,623184,IN,CH,1,0.1
2015.0,623184,IN,SL,1,0.1
2015.0,623184,FF,FF,1,0.02857142857142857
2015.0,623184,SL,PO,1,0.02857142857142857
2015.0,623395,FF,CU,8,0.5333333333333333
2015.0,623395,CU,FF,7,0.4666666666666667
2015.0,623395,CH,CU,5,0.5
2015.0,623395,CH,FF,4,0.4
2015.0,623395,FF,CH,4,0.26666666666666666
2015.0,623395,CU,CH,4,0.26666666666666666
2015.0,623395,IN,FF,3,0.75
2015.0,623395,CU,IN,3,0.2
2015.0,623395,SI,CU,2,0.4
2015.0,623395,SI,SI,2,0.4
2015.0,623395,CH,IN,1,0.1
2015.0,623395,SI,CH,1,0.2
2015.0,623395,FF,FF,1,0.06666666666666667
2015.0,623395,FF,SI,1,0.06666666666666667
2015.0,623395,FF,IN,1,0.06666666666666667
2015.0,623395,IN,SI,1,0.25
2015.0,623395,CU,SI,1,0.06666666666666667
2015.0,623430,FF,SL,7,0.4666666666666667
2015.0,623430,FF,CH,6,0.4
2015.0,623430,CH,SL,6,0.6
2015.0,623430,SL,FF,6,0.42857142857142855
2015.0,623430,IN,FF,4,0.8
2015.0,623430,SL,IN,4,0.2857142857142857
2015.0,623430,CH,FF,3,0.3
2015.0,623430,SL,CH,3,0.21428571428571427
2015.0,623430,FF,FF,2,0.13333333333333333
2015.0,623430,IN,SL,1,0.2
2015.0,623430,CH,CH,1,0.1
2015.0,623430,SL,SL,1,0.07142857142857142
2015.0,628333,FC,FF,13,0.43333333333333335
2015.0,628333,CU,EP,11,0.36666666666666664
2015.0,628333,CU,CH,11,0.36666666666666664
2015.0,628333,FF,FC,11,0.36666666666666664
2015.0,628333,SL,SI,11,0.36666666666666664
2015.0,628333,CH,CU,10,0.3333333333333333
2015.0,628333,FC,EP,10,0.3333333333333333
2015.0,628333,EP,FC,10,0.3448275862068966
2015.0,628333,EP,CU,10,0.3448275862068966
2015.0,628333,SI,IN,7,0.23333333333333334
2015.0,628333,CH,SL,6,0.2
2015.0,628333,FF,IN,6,0.2
2015.0,628333,SI,SL,6,0.2
2015.0,628333,CH,SI,5,0.16666666666666666
2015.0,628333,EP,SI,5,0.1724137931034483
2015.0,628333,IN,SI,5,0.3333333333333333
2015.0,628333,IN,FF,5,0.3333333333333333
2015.0,628333,SL,CH,5,0.16666666666666666
2015.0,628333,CU,SL,4,0.13333333333333333
2015.0,628333,SI,FC,4,0.13333333333333333
2015.0,628333,SI,CH,4,0.13333333333333333
2015.0,628333,SL,SL,4,0.13333333333333333
2015.0,628333,SI,FF,4,0.13333333333333333
2015.0,628333,CH,EP,3,0.1
2015.0,628333,CH,CH,3,0.1
2015.0,628333,EP,SL,3,0.10344827586206896
2015.0,628333,FF,SL,3,0.1
2015.0,628333,SL,FC,3,0.1
2015.0,628333,SL,EP,3,0.1
2015.0,628333,FF,CH,3,0.1
2015.0,628333,CH,FF,2,0.06666666666666667
2015.0,628333,FC,PO,2,0.06666666666666667
2015.0,628333,FC,SL,2,0.06666666666666667
2015.0,628333,FC,CU,2,0.06666666666666667
2015.0,628333,CU,FC,2,0.06666666666666667
2015.0,628333,FF,FF,2,0.06666666666666667
2015.0,628333,SL,CU,2,0.06666666666666667
2015.0,628333,FF,SI,2,0.06666666666666667
2015.0,628333,FF,PO,2,0.06666666666666667
2015.0,628333,SI,CU,2,0.06666666666666667
2015.0,628333,SL,FF,2,0.06666666666666667
2015.0,628333,PO,CU,2,0.4
2015.0,628333,CH,IN,1,0.03333333333333333
2015.0,628333,FC,CH,1,0.03333333333333333
2015.0,628333,CU,CU,1,0.03333333333333333
2015.0,628333,CU,FF,1,0.03333333333333333
2015.0,628333,EP,CH,1,0.034482758620689655
2015.0,628333,PO,SL,1,0.2
2015.0,628333,IN,SL,1,0.06666666666666667
2015.0,628333,IN,CH,1,0.06666666666666667
2015.0,628333,IN,EP,1,0.06666666666666667
2015.0,628333,IN,CU,1,0.06666666666666667
2015.0,628333,FF,EP,1,0.03333333333333333
2015.0,628333,SI,PO,1,0.03333333333333333
2015.0,628333,SI,EP,1,0.03333333333333333
2015.0,628333,IN,IN,1,0.06666666666666667
2015.0,628333,SI,SI,1,0.03333333333333333
2015.0,628333,PO,SI,1,0.2
2015.0,628333,PO,FF,1,0.2
2015.0,628452,CH,FF,12,0.48
2015.0,628452,SI,SL,11,0.44
2015.0,628452,FF,SI,10,0.4
2015.0,628452,FF,CH,9,0.36
2015.0,628452,SL,SI,9,0.375
2015.0,628452,SI,FF,7,0.28
2015.0,628452,SL,CH,6,0.25
2015.0,628452,SL,SL,6,0.25
2015.0,628452,CH,CH,6,0.24
2015.0,628452,SI,CH,4,0.16
2015.0,628452,SL,FF,3,0.125
2015.0,628452,FF,SL,3,0.12
2015.0,628452,CH,SL,3,0.12
2015.0,628452,CH,SI,3,0.12
2015.0,628452,SI,PO,2,0.08
2015.0,628452,FF,PO,2,0.08
2015.0,628452,PO,FF,2,0.4
2015.0,628452,PO,SI,2,0.4
2015.0,628452,FF,FF,1,0.04
2015.0,628452,PO,SL,1,0.2
2015.0,628452,SI,SI,1,0.04
2015.0,628452,CH,PO,1,0.04
2015.0,641490,CH,FF,16,0.6666666666666666
2015.0,641490,FF,CH,13,0.43333333333333335
2015.0,641490,FF,SL,12,0.4
2015.0,641490,SL,FF,11,0.36666666666666664
2015.0,641490,SL,SL,11,0.36666666666666664
2015.0,641490,SL,CH,6,0.2
2015.0,641490,CH,CH,5,0.20833333333333334
2015.0,641490,FF,FF,3,0.1
2015.0,641490,SI,SL,3,0.6
2015.0,641490,CH,SL,3,0.125
2015.0,641490,FF,SI,2,0.06666666666666667
2015.0,641490,SL,SI,2,0.06666666666666667
2015.0,641490,SI,SI,1,0.2
2015.0,641490,SI,CH,1,0.2
2015.0,641627,CH,SI,9,0.45
2015.0,641627,SI,CH,9,0.36
2015.0,641627,CH,CU,8,0.4
2015.0,641627,CU,FF,7,0.3684210526315789
2015.0,641627,FF,CU,7,0.4666666666666667
2015.0,641627,CU,CH,6,0.3157894736842105
2015.0,641627,SI,SI,5,0.2
2015.0,641627,SI,FF,5,0.2
2015.0,641627,CU,SI,4,0.21052631578947367
2015.0,641627,FF,SI,4,0.26666666666666666
2015.0,641627,SI,CU,4,0.16
2015.0,641627,CH,CH,3,0.15
2015.0,641627,CU,IN,2,0.10526315789473684
2015.0,641627,IN,SI,2,0.4
2015.0,641627,IN,FF,2,0.4
2015.0,641627,SI,IN,2,0.08
2015.0,641627,FF,CH,2,0.13333333333333333
2015.0,641627,IN,CU,1,0.2
2015.0,641627,FF,IN,1,0.06666666666666667
2015.0,641627,FF,FF,1,0.06666666666666667
2015.0,643327,FC,CU,8,0.5333333333333333
2015.0,643327,FF,FC,8,0.5333333333333333
2015.0,643327,FC,FF,6,0.4
2015.0,643327,CH,CU,6,0.4
2015.0,643327,CU,CH,6,0.4
2015.0,643327,CU,FC,5,0.3333333333333333
2015.0,643327,FF,SI,5,0.3333333333333333
2015.0,643327,CH,CH,4,0.26666666666666666
2015.0,643327,SI,FF,4,0.2857142857142857
2015.0,643327,SI,SI,4,0.2857142857142857
2015.0,643327,CU,SI,3,0.2
2015.0,643327,CH,SI,2,0.13333333333333333
2015.0,643327,CH,FF,2,0.13333333333333333
2015.0,643327,SI,IN,2,0.14285714285714285
2015.0,643327,SI,CH,2,0.14285714285714285
2015.0,643327,IN,FF,2,0.4
2015.0,643327,FC,CH,1,0.06666666666666667
2015.0,643327,CH,FC,1,0.06666666666666667
2015.0,643327,CU,FF,1,0.06666666666666667
2015.0,643327,SI,FC,1,0.07142857142857142
2015.0,643327,FF,CH,1,0.06666666666666667
2015.0,643327,FF,IN,1,0.06666666666666667
2015.0,643327,SI,CU,1,0.07142857142857142
2015.0,643327,IN,SI,1,0.2
2015.0,643327,IN,IN,1,0.2
2015.0,643327,IN,CH,1,0.2
2015.0,648737,FF,SL,10,0.4166666666666667
2015.0,648737,CH,FF,9,0.45
2015.0,648737,FF,CH,8,0.3333333333333333
2015.0,648737,SL,FF,7,0.28
2015.0,648737,SL,SI,7,0.28
2015.0,648737,SL,CH,6,0.24
2015.0,648737,CH,SL,5,0.25
2015.0,648737,SI,SL,5,0.3333333333333333
2015.0,648737,SL,SL,4,0.16
2015.0,648737,CH,CH,4,0.2
2015.0,648737,SI,FF,4,0.26666666666666666
2015.0,648737,IN,FF,4,0.8
2015.0,648737,FF,SI,3,0.125
2015.0,648737,SI,SI,3,0.2
2015.0,648737,FF,IN,2,0.08333333333333333
2015.0,648737,SI,CH,2,0.13333333333333333
2015.0,648737,SL,IN,1,0.04
2015.0,648737,SI,IN,1,0.06666666666666667
2015.0,648737,FF,FF,1,0.041666666666666664
2015.0,648737,CH,IN,1,0.05
2015.0,648737,CH,SI,1,0.05
2015.0,648737,IN,SI,1,0.2
2015.0,,UNK,UNK,1177422,0.9979717159046122
2015.0,,FF,FF,145661,0.7922860608434096
2015.0,,SI,SI,105382,0.7684992743952687
2015.0,,SL,SL,99519,0.7642374443249885
2015.0,,CH,CH,86789,0.7224770451272403
2015.0,,CU,CU,65938,0.7338022212824679
2015.0,,FC,FC,40976,0.73412641536477
2015.0,,SI,SL,19772,0.14418750501360053
2015.0,,KC,KC,18270,0.6958674538183203
2015.0,,SL,CH,17832,0.1369374904008601
2015.0,,CH,CU,15814,0.13164401008932214
2015.0,,FS,FS,13414,0.6763816054860831
2015.0,,FF,SI,13120,0.07136291195491952
2015.0,,CU,FF,10692,0.11898773620601394
2015.0,,FC,FF,10420,0.18668482155654292
2015.0,,IN,IN,8095,0.4574738626730715
2015.0,,CH,FF,7804,0.06496457915372897
2015.0,,CU,FC,7027,0.07820116183311447
2015.0,,FF,IN,6303,0.03428356966858672
2015.0,,SI,CH,5276,0.038475282037818956
2015.0,,IN,SI,4766,0.26934162192709804
2015.0,,FF,SL,4605,0.02504772938661619
2015.0,,FF,FS,3677,0.02000010878492676
2015.0,,SL,FF,3633,0.027898940254953156
2015.0,,KC,SI,3170,0.12073890687488098
2015.0,,SL,SI,3161,0.024274305022270005
2015.0,,SL,CU,2891,0.022200890800184305
2015.0,,CU,CH,2699,0.030036279463152973
2015.0,,FF,KC,2598,0.014131161986195193
2015.0,,FF,CH,2536,0.013793928713237494
2015.0,,CH,FC,2526,0.021027745635868705
2015.0,,SI,FF,2350,0.017137398178331036
2015.0,,KN,KN,2237,0.5713920817369094
2015.0,,CH,SL,2213,0.018422169870220682
2015.0,,FF,FC,2132,0.011596473192674423
2015.0,,PO,SI,1947,0.5539118065433855
2015.0,,CH,SI,1834,0.015267175572519083
2015.0,,IN,KC,1646,0.09302062729584629
2015.0,,FF,CU,1519,0.008262215187463624
2015.0,,FC,CU,1445,0.02588863408341694
2015.0,,FS,SI,1386,0.06988705123033481
2015.0,,UNK,CH,1373,0.0011637417730745922
2015.0,,FS,IN,1321,0.06660951996772892
2015.0,,CH,UNK,1248,0.010389004969740358
2015.0,,ST,ST,1136,0.45806451612903226
2015.0,,SL,FC,1134,0.008708339732759945
2015.0,,FS,FF,1070,0.05395320693828157
2015.0,,SI,CU,991,0.007226877274351513
2015.0,,SI,KC,947,0.006906006840374251
2015.0,,CU,SI,944,0.010505464176812303
2015.0,,PO,PO,911,0.2591749644381223
2015.0,,EP,EP,903,0.4178621008792226
2015.0,,IN,SL,883,0.04990110200621645
2015.0,,KC,CH,881,0.03355551323557417
2015.0,,FS,KC,869,0.04381807180314643
2015.0,,FC,CH,847,0.01517486025512398
2015.0,,FF,PO,810,0.004405789533802196
2015.0,,CU,SL,747,0.008313116250083465
2015.0,,CU,EP,699,0.007778940105499788
2015.0,,KC,KN,665,0.025328508855456105
2015.0,,KC,FF,663,0.02525233288897353
2015.0,,EP,FC,631,0.2919944470152707
2015.0,,SI,FC,620,0.004521356115134146
2015.0,,KC,SL,613,0.02334793372690916
2015.0,,IN,FF,602,0.03402090986154281
2015.0,,FS,CH,583,0.029396934247680518
2015.0,,CH,KC,575,0.004786600847436463
2015.0,,SL,ST,560,0.004300414682844417
2015.0,,KN,SI,539,0.13767560664112388
2015.0,,FC,SL,538,0.009638813243514404
2015.0,,KC,IN,515,0.019615311369263
2015.0,,IN,PO,511,0.028878214184797964
2015.0,,KC,FS,508,0.019348695486573985
2015.0,,FC,SI,480,0.008599684678228465
2015.0,,IN,FS,462,0.026109070358858434
2015.0,,SI,IN,442,0.003223289359498859
2015.0,,FO,FO,421,0.45760869565217394
2015.0,,FS,SL,408,0.020572811617587738
2015.0,,IN,CH,404,0.022831308279174907
2015.0,,CH,IN,401,0.0033381338083861246
2015.0,,CH,FS,391,0.003254888576256795
2015.0,,SL,KC,380,0.0029181385347872833
2015.0,,ST,CH,377,0.15201612903225806
2015.0,,ST,SL,373,0.1504032258064516
2015.0,,KN,KC,355,0.09067688378033206
2015.0,,KC,PO,354,0.01348314606741573
2015.0,,SI,FS,349,0.0025450859422287368
2015.0,,UNK,FF,322,0.0002729241448871221
2015.0,,SV,SV,316,0.35706214689265536
2015.0,,SL,FS,314,0.0024113039471663337
2015.0,,SI,PO,309,0.0022533855477039535
2015.0,,FF,UNK,295,0.0016045776697180838
2015.0,,SI,KN,286,0.0020856578208522025
2015.0,,SL,UNK,275,0.002111810781753955
2015.0,,EP,CU,273,0.1263304025913929
2015.0,,FF,FO,272,0.0014794750039434537
2015.0,,FC,EP,262,0.004693994553533037
2015.0,,UNK,CU,257,0.00021783076160245462
2015.0,,CU,UNK,249,0.0027710387500278215
2015.0,,FS,PO,229,0.01154699475594998
2015.0,,KC,CU,225,0.00856979622928966
2015.0,,CU,IN,223,0.0024816933383783302
2015.0,,FO,FS,205,0.22282608695652173
2015.0,,KN,PO,204,0.05210727969348659
2015.0,,CU,KC,198,0.0022034765964076652
2015.0,,KC,FC,195,0.007427156732051038
2015.0,,SI,UNK,190,0.001385576873992722
2015.0,,FC,KC,187,0.0033502938225598395
2015.0,,SV,CH,182,0.20564971751412428
2015.0,,EP,FF,181,0.08375751966682092
2015.0,,CU,FS,175,0.0019475171937946539
2015.0,,FC,FS,173,0.0030994696861115093
2015.0,,FF,KN,172,0.0009355503701407133
2015.0,,KN,CH,172,0.043933588761174966
2015.0,,FS,FC,168,0.008471157724889069
2015.0,,PO,SL,167,0.04751066856330014
2015.0,,CH,ST,150,0.001248678481939947
2015.0,,UNK,SL,148,0.00012544339578662758
2015.0,,FS,CU,147,0.007412263009277935
2015.0,,UNK,SI,146,0.00012374821476248394
2015.0,,SL,IN,141,0.001082782982644755
2015.0,,IN,CU,135,0.007629273806159932
2015.0,,FC,IN,133,0.002382829296259137
2015.0,,CH,KN,126,0.0010488899248295553
2015.0,,FO,FF,122,0.13260869565217392
2015.0,,FS,FO,120,0.0060508269463493344
2015.0,,ST,SV,120,0.04838709677419355
2015.0,,SL,SV,116,0.0008908001843034864
2015.0,,FC,ST,111,0.0019886770818403326
2015.0,,SL,EP,111,0.0008524036246352327
2015.0,,SI,ST,109,0.0007948835750800353
2015.0,,PO,KC,96,0.027311522048364154
2015.0,,IN,FC,96,0.005425261373269285
2015.0,,PO,KN,95,0.02702702702702703
2015.0,,UNK,FC,94,7.967350813474994e-05
2015.0,,KC,SV,90,0.0034279184917158636
2015.0,,ST,SI,87,0.03508064516129032
2015.0,,FF,ST,86,0.00046777518507035664
2015.0,,SL,KN,83,0.0006373828904930118
2015.0,,KN,FF,81,0.020689655172413793
2015.0,,PO,FF,81,0.023044096728307255
2015.0,,ST,CU,80,0.03225806451612903
2015.0,,SV,ST,80,0.0903954802259887
2015.0,,PO,CH,79,0.022475106685633
2015.0,,KN,SL,78,0.01992337164750958
2015.0,,FC,UNK,72,0.0012899527017342697
2015.0,,KN,FC,71,0.018135376756066413
2015.0,,SV,SL,70,0.07909604519774012
2015.0,,ST,FF,69,0.027822580645161292
2015.0,,CH,SV,65,0.0005410940088406437
2015.0,,CU,ST,64,0.0007122348594449019
2015.0,,CU,KN,63,0.0007011061897660753
2015.0,,SC,SI,62,0.5166666666666667
2015.0,,CH,PO,61,0.0005077959159889117
2015.0,,CH,EP,61,0.0005077959159889117
2015.0,,ST,KC,58,0.02338709677419355
2015.0,,ST,FC,58,0.02338709677419355
2015.0,,EP,CH,58,0.026839426191577972
2015.0,,KC,ST,58,0.002209103027994668
2015.0,,FC,KN,57,0.0010212125555396302
2015.0,,FO,SL,54,0.058695652173913045
2015.0,,CU,FA,51,0.0005675621536201563
2015.0,,PO,IN,49,0.013940256045519203
2015.0,,KN,CU,48,0.012260536398467433
2015.0,,KN,FS,47,0.012005108556832695
2015.0,,FS,ST,45,0.0022690601048810004
2015.0,,ST,FS,44,0.017741935483870968
2015.0,,SV,SI,43,0.04858757062146893
2015.0,,FS,KN,41,0.0020673658733360227
2015.0,,CU,PO,39,0.00043401811747423714
2015.0,,CU,SV,39,0.00043401811747423714
2015.0,,SI,SV,37,0.00026982286493542484
2015.0,,SL,PO,37,0.00028413454154507757
2015.0,,SV,FF,37,0.04180790960451977
2015.0,,FA,FA,35,0.2413793103448276
2015.0,,SC,SC,35,0.2916666666666667
2015.0,,FA,FF,34,0.23448275862068965
2015.0,,FA,FC,33,0.22758620689655173
2015.0,,SV,FC,33,0.03728813559322034
2015.0,,SV,KC,32,0.03615819209039548
2015.0,,FF,EP,30,0.0001631773901408221
2015.0,,FC,PO,30,0.000537480292389279
2015.0,,PO,FS,30,0.008534850640113799
2015.0,,FC,SV,30,0.000537480292389279
2015.0,,SV,CU,30,0.03389830508474576
2015.0,,CH,FO,29,0.0002414111731750564
2015.0,,EP,SI,29,0.013419713095788986
2015.0,,EP,SL,29,0.013419713095788986
2015.0,,IN,SC,28,0.0015823679005368748
2015.0,,FO,CH,26,0.02826086956521739
2015.0,,KN,ST,26,0.0066411238825031926
2015.0,,IN,KN,26,0.001469341621927098
2015.0,,SI,EP,24,0.00017502023671487016
2015.0,,ST,IN,24,0.00967741935483871
2015.0,,SV,FS,23,0.02598870056497175
2015.0,,AB,FF,22,0.43137254901960786
2015.0,,ST,KN,22,0.008870967741935484
2015.0,,FF,SV,21,0.00011422417309857547
2015.0,,FC,FA,21,0.0003762362046724953
2015.0,,IN,ST,20,0.0011302627860977678
2015.0,,PO,CU,20,0.005689900426742532
2015.0,,FC,SC,20,0.00035832019492618606
2015.0,,SL,FO,19,0.00014590692673936416
2015.0,,KC,EP,19,0.0007236716815844602
2015.0,,FO,KC,18,0.01956521739130435
2015.0,,FO,SI,18,0.01956521739130435
2015.0,,CH,FA,18,0.00014984141783279362
2015.0,,KN,SV,17,0.004342273307790549
2015.0,,SV,KN,17,0.0192090395480226
2015.0,,FA,CU,16,0.1103448275862069
2015.0,,SI,FO,16,0.00011668015780991344
2015.0,,CH,CS,16,0.00013319237140692767
2015.0,,SI,SC,15,0.00010938764794679385
2015.0,,AB,AB,15,0.29411764705882354
2015.0,,KN,IN,15,0.0038314176245210726
2015.0,,ST,UNK,15,0.006048387096774193
2015.0,,CS,CS,15,0.42857142857142855
2015.0,,CS,CU,15,0.42857142857142855
2015.0,,FS,SV,14,0.0007059298104074224
2015.0,,FO,IN,13,0.014130434782608696
2015.0,,FO,KN,13,0.014130434782608696
2015.0,,SL,AB,13,9.983105513745969e-05
2015.0,,PO,ST,13,0.003698435277382646
2015.0,,EP,FS,13,0.006015733456732994
2015.0,,EP,KC,13,0.006015733456732994
2015.0,,FO,CU,12,0.013043478260869565
2015.0,,PO,FC,12,0.0034139402560455193
2015.0,,FC,FO,12,0.0002149921169557116
2015.0,,KC,UNK,12,0.0004570557988954485
2015.0,,FS,EP,11,0.000554659136748689
2015.0,,FF,FA,10,5.439246338027403e-05
2015.0,,FA,SI,10,0.06896551724137931
2015.0,,KC,FO,10,0.00038087983241287375
2015.0,,UNK,ST,10,8.475905120718079e-06
2015.0,,SI,AB,9,6.563258876807631e-05
2015.0,,UNK,IN,9,7.628314608646271e-06
2015.0,,SV,UNK,9,0.010169491525423728
2015.0,,FA,EP,8,0.05517241379310345
2015.0,,PO,SC,8,0.002275960170697013
2015.0,,ST,PO,8,0.0032258064516129032
2015.0,,EP,UNK,8,0.0037019898195279964
2015.0,,UNK,EP,8,6.780724096574463e-06
2015.0,,KN,FO,7,0.0017879948914431673
2015.0,,IN,EP,7,0.0003955919751342187
2015.0,,IN,SV,7,0.0003955919751342187
2015.0,,UNK,KC,7,5.9331335845026555e-06
2015.0,,FS,UNK,6,0.0003025413473174667
2015.0,,FA,CH,6,0.041379310344827586
2015.0,,FO,ST,6,0.006521739130434782
2015.0,,CU,FO,6,6.677201807295956e-05
2015.0,,KN,EP,6,0.0015325670498084292
2015.0,,KN,SC,6,0.0015325670498084292
2015.0,,IN,UNK,6,0.0003390788358293303
2015.0,,EP,FA,6,0.002776492364645997
2015.0,,KC,SC,6,0.00022852789944772424
2015.0,,CH,AB,6,4.994713927759787e-05
2015.0,,FO,FC,5,0.005434782608695652
2015.0,,KN,UNK,5,0.001277139208173691
2015.0,,SC,KC,5,0.041666666666666664
2015.0,,EP,ST,5,0.0023137436372049976
2015.0,,EP,IN,5,0.0023137436372049976
2015.0,,UNK,KN,5,4.237952560359039e-06
2015.0,,SV,EP,5,0.005649717514124294
2015.0,,UNK,FS,5,4.237952560359039e-06
2015.0,,AB,CH,4,0.0784313725490196
2015.0,,SC,PO,4,0.03333333333333333
2015.0,,PO,SV,4,0.0011379800853485065
2015.0,,ST,FO,4,0.0016129032258064516
2015.0,,ST,EP,4,0.0016129032258064516
2015.0,,EP,KN,4,0.0018509949097639982
2015.0,,UNK,SV,4,3.3903620482872316e-06
2015.0,,SV,IN,4,0.004519774011299435
2015.0,,SI,FA,3,2.187752958935877e-05
2015.0,,FO,EP,3,0.003260869565217391
2015.0,,CU,AB,3,3.338600903647978e-05
2015.0,,SC,FC,3,0.025
2015.0,,SC,KN,3,0.025
2015.0,,SV,PO,3,0.003389830508474576
2015.0,,UNK,PO,3,2.5427715362154235e-06
2015.0,,AB,FC,2,0.0392156862745098
2015.0,,AB,UNK,2,0.0392156862745098
2015.0,,AB,SI,2,0.0392156862745098
2015.0,,FO,SV,2,0.002173913043478261
2015.0,,CU,CS,2,2.2257339357653185e-05
2015.0,,SC,FF,2,0.016666666666666666
2015.0,,PO,FO,2,0.0005689900426742532
2015.0,,SC,IN,2,0.016666666666666666
2015.0,,EP,SV,2,0.0009254974548819991
2015.0,,CS,CH,2,0.05714285714285714
2015.0,,CS,FF,2,0.05714285714285714
2015.0,,UNK,AB,2,1.6951810241436158e-06
2015.0,,FF,AB,1,5.439246338027403e-06
2015.0,,FA,ST,1,0.006896551724137931
2015.0,,FA,FS,1,0.006896551724137931
2015.0,,FA,SL,1,0.006896551724137931
2015.0,,AB,FS,1,0.0196078431372549
2015.0,,AB,KC,1,0.0196078431372549
2015.0,,AB,CU,1,0.0196078431372549
2015.0,,AB,SL,1,0.0196078431372549
2015.0,,FF,SC,1,5.439246338027403e-06
2015.0,,FO,UNK,1,0.0010869565217391304
2015.0,,FO,PO,1,0.0010869565217391304
2015.0,,KN,FA,1,0.0002554278416347382
2015.0,,SL,CS,1,7.679311933650744e-06
2015.0,,SC,SL,1,0.008333333333333333
2015.0,,SC,SV,1,0.008333333333333333
2015.0,,SC,CH,1,0.008333333333333333
2015.0,,SC,CU,1,0.008333333333333333
2015.0,,PO,UNK,1,0.0002844950213371266
2015.0,,FC,CS,1,1.7916009746309302e-05
2015.0,,FC,AB,1,1.7916009746309302e-05
2015.0,,IN,FO,1,5.6513139304888384e-05
2015.0,,ST,SC,1,0.0004032258064516129
2015.0,,KC,AB,1,3.8087983241287376e-05
2015.0,,EP,PO,1,0.00046274872744099955
2015.0,,CS,SI,1,0.02857142857142857
2015.0,,SV,FO,1,0.0011299435028248588
2025.0,,SI,SL,3399,0.3765370555001662
2025.0,,FC,FF,3051,0.4050179211469534
2025.0,,CH,CU,2383,0.2131484794275492
2025.0,,FF,SI,2101,0.18606092809068367
2025.0,,SL,ST,2023,0.2161093900224335
2025.0,,SL,SI,2019,0.21568208524730265
2025.0,,FF,FC,1848,0.1636556854410202
2025.0,,CH,CH,1826,0.16332737030411448
2025.0,,UNK,UNK,1725,0.24268429938097918
2025.0,,FF,FS,1651,0.14620970598653915
2025.0,,CU,CH,1614,0.21995094031071136
2025.0,,CU,FC,1523,0.2075497410738621
2025.0,,UNK,CH,1456,0.20483961733258302
2025.0,,CH,FF,1451,0.12978533094812164
2025.0,,ST,SL,1305,0.20518867924528303
2025.0,,FF,SL,1244,0.11016648955012398
2025.0,,SL,CH,1179,0.1259480824698216
2025.0,,SI,FF,1168,0.129389608950925
2025.0,,CU,FF,1160,0.15808122104115563
2025.0,,FS,KC,1131,0.23946644082151175
2025.0,,KC,SI,1125,0.31512605042016806
2025.0,,CH,FC,1089,0.09740608228980321
2025.0,,FF,CH,1070,0.09475735033652143
2025.0,,SL,UNK,1065,0.11376989637859203
2025.0,,FS,FF,1057,0.22379843319923778
2025.0,,ST,CH,955,0.1501572327044025
2025.0,,SL,FF,946,0.10105757931844889
2025.0,,FC,CU,935,0.12412053630691623
2025.0,,ST,UNK,923,0.145125786163522
2025.0,,ST,SV,876,0.13773584905660377
2025.0,,CH,UNK,869,0.07772808586762076
2025.0,,SI,ST,842,0.09327572837044422
2025.0,,FF,FF,824,0.07297201558625575
2025.0,,KC,FS,800,0.22408963585434175
2025.0,,FC,CH,800,0.10619938935351121
2025.0,,CH,SL,781,0.06985688729874777
2025.0,,SI,KC,757,0.0838595325135704
2025.0,,FF,CU,727,0.06438186326602904
2025.0,,SV,ST,680,0.24028268551236748
2025.0,,SV,UNK,672,0.23745583038869258
2025.0,,UNK,SL,617,0.08680360157568937
2025.0,,CH,SI,616,0.05509838998211091
2025.0,,CH,ST,610,0.05456171735241502
2025.0,,FS,SI,604,0.12788481897099302
2025.0,,SI,CH,568,0.06292234407887448
2025.0,,CU,EP,562,0.0765876260561461
2025.0,,UNK,ST,557,0.07836240855374227
2025.0,,SI,SI,532,0.05893430818655146
2025.0,,FC,FC,530,0.07035709544670118
2025.0,,UNK,FF,522,0.07343837929093978
2025.0,,SL,SL,520,0.05554962076701207
2025.0,,UNK,SV,509,0.07160945413618458
2025.0,,ST,SI,506,0.07955974842767295
2025.0,,CU,CU,491,0.06691196511310984
2025.0,,FA,FC,485,0.3050314465408805
2025.0,,FF,UNK,471,0.04171094580233794
2025.0,,EP,FA,466,0.25053763440860216
2025.0,,SL,CU,442,0.04721717765196026
2025.0,,UNK,CU,442,0.062183455261676984
2025.0,,EP,CU,425,0.22849462365591397
2025.0,,SI,FS,409,0.045308518887781105
2025.0,,CH,CS,399,0.035688729874776386
2025.0,,FC,SI,388,0.05150670383645294
2025.0,,FF,ST,385,0.03409493446687921
2025.0,,ST,FF,378,0.059433962264150944
2025.0,,ST,ST,377,0.05927672955974843
2025.0,,CS,CU,377,0.33933393339333934
2025.0,,FC,FA,375,0.04978096375945838
2025.0,,UNK,FC,374,0.0526167698368036
2025.0,,SL,FC,368,0.03931203931203931
2025.0,,SI,FC,351,0.038883349950149554
2025.0,,FS,SL,350,0.07410544145670125
2025.0,,FA,EP,335,0.21069182389937108
2025.0,,ST,CU,327,0.051415094339622644
2025.0,,SV,CH,325,0.11484098939929328
2025.0,,FF,KC,325,0.028781438186326603
2025.0,,FS,CH,318,0.06733008680923142
2025.0,,CU,UNK,315,0.04292722812755519
2025.0,,CU,SL,314,0.04279095121286454
2025.0,,CS,CH,311,0.27992799279927993
2025.0,,UNK,SI,294,0.0413618458075408
2025.0,,SI,UNK,293,0.032458181012518
2025.0,,CU,SI,283,0.03856636685745435
2025.0,,FC,UNK,279,0.037037037037037035
2025.0,,CU,CS,276,0.03761242845461979
2025.0,,FC,SL,275,0.03650604009026948
2025.0,,CH,FS,272,0.024329159212880144
2025.0,,EP,FC,265,0.1424731182795699
2025.0,,FS,FS,252,0.0533559178488249
2025.0,,CH,SV,249,0.02227191413237925
2025.0,,KC,CH,247,0.06918767507002802
2025.0,,SI,CU,245,0.02714079982275396
2025.0,,ST,FC,242,0.038050314465408804
2025.0,,FF,FO,239,0.02116542685086787
2025.0,,PO,SI,237,0.4601941747572815
2025.0,,CU,ST,237,0.032297628781684386
2025.0,,FO,FS,236,0.3548872180451128
2025.0,,FC,ST,229,0.030399575202442585
2025.0,,SL,FS,220,0.023501762632197415
2025.0,,KC,FF,216,0.06050420168067227
2025.0,,CH,KC,215,0.019230769230769232
2025.0,,EP,CH,215,0.11559139784946236
2025.0,,SL,SV,212,0.02264715308193569
2025.0,,FC,FS,210,0.027877339705296694
2025.0,,KC,KC,208,0.05826330532212885
2025.0,,SV,SV,188,0.06643109540636043
2025.0,,FA,CH,185,0.11635220125786164
2025.0,,CU,FA,182,0.024802398473698556
2025.0,,FC,EP,180,0.023894862604540025
2025.0,,CH,EP,178,0.01592128801431127
2025.0,,FS,FO,178,0.03768791022655092
2025.0,,KC,SL,177,0.04957983193277311
2025.0,,FO,FF,176,0.2646616541353383
2025.0,,SV,SL,174,0.06148409893992933
2025.0,,FS,FC,170,0.03599407156468346
2025.0,,UNK,FS,158,0.022228474957794037
2025.0,,FA,CU,157,0.09874213836477988
2025.0,,CU,FS,152,0.020714091032979012
2025.0,,CH,FA,150,0.013416815742397137
2025.0,,FS,UNK,147,0.031124285411814525
2025.0,,ST,FS,142,0.02232704402515723
2025.0,,SL,KC,141,0.015062493323362888
2025.0,,FS,ST,139,0.02943044674994707
2025.0,,SI,SV,136,0.015065913370998116
2025.0,,UNK,KC,134,0.018851997749015192
2025.0,,ST,KC,132,0.020754716981132074
2025.0,,SI,PO,132,0.014622798271851114
2025.0,,FS,CU,131,0.02773660808807961
2025.0,,FF,SV,123,0.010892667375132838
2025.0,,UNK,EP,117,0.016460326392796848
2025.0,,SV,SI,116,0.04098939929328622
2025.0,,KC,UNK,114,0.031932773109243695
2025.0,,SV,CU,113,0.03992932862190813
2025.0,,FF,PO,111,0.009829968119022316
2025.0,,SV,FC,110,0.038869257950530034
2025.0,,CU,SV,110,0.014990460615971654
2025.0,,KC,ST,107,0.02997198879551821
2025.0,,FC,KC,107,0.014204168326032125
2025.0,,EP,UNK,104,0.05591397849462366
2025.0,,KC,CU,100,0.028011204481792718
2025.0,,SV,KC,99,0.03498233215547703
2025.0,,SV,FS,96,0.03392226148409894
2025.0,,KC,SV,95,0.02661064425770308
2025.0,,SV,FF,94,0.033215547703180213
2025.0,,KC,PO,94,0.026330532212885154
2025.0,,FS,SV,93,0.019690874444209187
2025.0,,FC,SV,93,0.012345679012345678
2025.0,,KC,FC,92,0.0257703081232493
2025.0,,SL,EP,91,0.009721183634227113
2025.0,,FA,FF,86,0.05408805031446541
2025.0,,CU,KC,81,0.011038430089942763
2025.0,,ST,EP,74,0.011635220125786163
2025.0,,KN,SI,73,0.28076923076923077
2025.0,,UNK,FA,72,0.010129431626336522
2025.0,,UNK,CS,70,0.009848058525604952
2025.0,,PO,KC,67,0.13009708737864079
2025.0,,EP,SL,66,0.035483870967741936
2025.0,,KC,KN,65,0.018207282913165267
2025.0,,FF,EP,63,0.005579171094580234
2025.0,,SI,KN,60,0.006646726487205052
2025.0,,EP,FF,59,0.031720430107526884
2025.0,,ST,CS,55,0.008647798742138365
2025.0,,FA,UNK,55,0.03459119496855346
2025.0,,PO,FF,52,0.10097087378640776
2025.0,,SV,EP,51,0.01802120141342756
2025.0,,CS,EP,51,0.04590459045904591
2025.0,,FF,FA,51,0.004516471838469713
2025.0,,KN,KC,50,0.19230769230769232
2025.0,,EP,SV,49,0.026344086021505377
2025.0,,FA,ST,48,0.03018867924528302
2025.0,,FO,CH,48,0.07218045112781955
2025.0,,SV,FA,47,0.016607773851590107
2025.0,,EP,ST,47,0.025268817204301075
2025.0,,SL,FA,46,0.004914004914004914
2025.0,,SI,EP,44,0.004874266090617038
2025.0,,CH,FO,43,0.0038461538461538464
2025.0,,FA,SL,43,0.027044025157232705
2025.0,,FS,PO,43,0.009104382807537581
2025.0,,CS,FF,41,0.0369036903690369
2025.0,,SL,CS,39,0.004166221557525905
2025.0,,CS,ST,39,0.0351035103510351
2025.0,,KN,CH,39,0.15
2025.0,,PO,SL,38,0.07378640776699029
2025.0,,SI,FA,37,0.004098814667109782
2025.0,,EP,FS,37,0.01989247311827957
2025.0,,ST,FA,36,0.005660377358490566
2025.0,,CS,SL,36,0.032403240324032405
2025.0,,CS,UNK,36,0.032403240324032405
2025.0,,FA,SI,36,0.022641509433962263
2025.0,,FS,EP,36,0.007622273978403557
2025.0,,EP,SI,36,0.01935483870967742
2025.0,,FA,SV,35,0.0220125786163522
2025.0,,FF,CS,35,0.0030995394969890186
2025.0,,CS,FC,34,0.0306030603060306
2025.0,,UNK,FO,34,0.004783342712436691
2025.0,,KC,EP,34,0.009523809523809525
2025.0,,FC,CS,34,0.004513474047524227
2025.0,,SV,CS,33,0.011660777385159011
2025.0,,CS,SV,33,0.0297029702970297
2025.0,,CS,SI,32,0.0288028802880288
2025.0,,FS,CS,32,0.0067753546474698285
2025.0,,SI,CS,32,0.0035449207931760275
2025.0,,CS,CS,31,0.0279027902790279
2025.0,,FS,FA,31,0.006563624814736396
2025.0,,EP,KC,31,0.016666666666666666
2025.0,,CS,KC,30,0.027002700270027002
2025.0,,FA,FS,30,0.018867924528301886
2025.0,,FO,FC,30,0.045112781954887216
2025.0,,KC,CS,28,0.00784313725490196
2025.0,,FC,FO,28,0.0037169786273728925
2025.0,,KC,FA,27,0.007563025210084034
2025.0,,FA,KN,27,0.016981132075471698
2025.0,,KC,FO,26,0.007282913165266107
2025.0,,CH,PO,26,0.002325581395348837
2025.0,,FA,KC,26,0.016352201257861635
2025.0,,FO,CU,25,0.03759398496240601
2025.0,,EP,CS,25,0.013440860215053764
2025.0,,SL,FO,24,0.0025638286507851725
2025.0,,PO,CH,24,0.04660194174757282
2025.0,,CS,FS,24,0.021602160216021602
2025.0,,CS,FA,24,0.021602160216021602
2025.0,,PO,FS,23,0.04466019417475728
2025.0,,FO,UNK,23,0.03458646616541353
2025.0,,FO,KC,23,0.03458646616541353
2025.0,,CH,KN,22,0.001967799642218247
2025.0,,EP,EP,22,0.011827956989247311
2025.0,,FO,ST,21,0.031578947368421054
2025.0,,FF,KN,20,0.001771165426850868
2025.0,,SL,PO,19,0.002029697681871595
2025.0,,FA,FA,19,0.011949685534591196
2025.0,,SC,SI,17,0.425
2025.0,,FO,SV,17,0.02556390977443609
2025.0,,CU,PO,17,0.0023167075497410737
2025.0,,ST,FO,16,0.0025157232704402514
2025.0,,SV,FO,16,0.005653710247349823
2025.0,,FC,PO,16,0.0021239877870702245
2025.0,,CU,FO,16,0.0021804306350504225
2025.0,,UNK,KN,15,0.0021102982554867754
2025.0,,KC,SC,15,0.004201680672268907
2025.0,,PO,ST,14,0.027184466019417475
2025.0,,SC,KC,13,0.325
2025.0,,PO,CU,13,0.02524271844660194
2025.0,,FA,CS,13,0.008176100628930818
2025.0,,FO,FO,13,0.019548872180451128
2025.0,,FO,SL,13,0.019548872180451128
2025.0,,KN,FA,13,0.05
2025.0,,FO,SI,12,0.01804511278195489
2025.0,,KN,UNK,12,0.046153846153846156
2025.0,,UNK,PO,11,0.0015475520540236354
2025.0,,SI,FO,11,0.0012185665226542594
2025.0,,SI,SC,11,0.0012185665226542594
2025.0,,KN,FS,11,0.04230769230769231
2025.0,,PO,FC,10,0.019417475728155338
2025.0,,FO,EP,10,0.015037593984962405
2025.0,,KN,FC,10,0.038461538461538464
2025.0,,KN,PO,10,0.038461538461538464
2025.0,,ST,PO,9,0.0014150943396226414
2025.0,,SV,PO,9,0.0031802120141342758
2025.0,,FS,KN,9,0.0019055684946008892
2025.0,,KN,SL,9,0.03461538461538462
2025.0,,KN,FF,9,0.03461538461538462
2025.0,,FA,FO,8,0.005031446540880503
2025.0,,PO,KN,7,0.013592233009708738
2025.0,,PO,FA,7,0.013592233009708738
2025.0,,FO,PO,7,0.010526315789473684
2025.0,,EP,KN,7,0.003763440860215054
2025.0,,KN,EP,7,0.026923076923076925
2025.0,,ST,KN,6,0.0009433962264150943
2025.0,,PO,SV,6,0.011650485436893204
2025.0,,SV,KN,6,0.0021201413427561835
2025.0,,CS,FO,6,0.0054005400540054005
2025.0,,FO,FA,6,0.009022556390977444
2025.0,,KN,CU,6,0.023076923076923078
2025.0,,SL,KN,5,0.0005341309689135776
2025.0,,FO,CS,5,0.007518796992481203
2025.0,,CU,KN,5,0.000681384573453257
2025.0,,PO,EP,4,0.007766990291262136
2025.0,,PO,UNK,4,0.007766990291262136
2025.0,,CS,PO,4,0.0036003600360036
2025.0,,FF,SC,4,0.00035423308537017357
2025.0,,KN,ST,4,0.015384615384615385
2025.0,,KN,SV,4,0.015384615384615385
2025.0,,PO,CS,3,0.005825242718446602
2025.0,,PO,PO,3,0.005825242718446602
2025.0,,PO,FO,3,0.005825242718446602
2025.0,,FC,KN,3,0.00039824771007566706
2025.0,,EP,FO,3,0.0016129032258064516
2025.0,,SC,FC,2,0.05
2025.0,,SC,FF,2,0.05
2025.0,,SC,SV,2,0.05
2025.0,,SL,SC,2,0.00021365238756543105
2025.0,,CS,KN,2,0.0018001800180018
2025.0,,FA,PO,2,0.0012578616352201257
2025.0,,FS,SC,2,0.0004234596654668643
2025.0,,EP,PO,2,0.001075268817204301
2025.0,,SC,SC,1,0.025
2025.0,,SC,UNK,1,0.025
2025.0,,SC,FA,1,0.025
2025.0,,SC,ST,1,0.025
2025.0,,ST,SC,1,0.00015723270440251572
2025.0,,SV,SC,1,0.00035335689045936394
2025.0,,UNK,SC,1,0.00014068655036578504
2025.0,,CH,SC,1,8.944543828264758e-05
2025.0,,KN,CS,1,0.0038461538461538464
2025.0,,EP,SC,1,0.0005376344086021505
2025.0,,KN,KN,1,0.0038461538461538464
2025.0,,KN,FO,1,0.0038461538461538464
,,UNK,UNK,22738,0.9988139688117724
,,SI,SL,8438,0.7499111269107714
,,SL,CH,6821,0.5511028520643129
,,CH,CU,6647,0.5590412111017662
,,FC,FF,5028,0.8353547100847317
,,FF,SI,4903,0.3352707877461707
,,CU,FF,4088,0.44849149753154144
,,CU,FC,3408,0.3738891936368623
,,FF,IN,2544,0.1739606126914661
,,CH,FF,2495,0.20984020185029437
,,PO,SI,2203,0.8969869706840391
,,FF,SL,1983,0.13559901531728666
,,SL,ST,1880,0.15189464328997335
,,ST,CH,1715,0.5530474040632054
,,FF,FS,1487,0.10168216630196937
,,IN,SI,1418,0.46491803278688526
,,CH,FC,1202,0.10109335576114382
,,IN,PO,1100,0.36065573770491804
,,SL,CU,1001,0.08087581804960814
,,SL,FF,894,0.07223075058576392
,,SI,CH,837,0.07438677568432278
,,FF,PO,808,0.05525164113785558
,,SL,SI,766,0.061888987638361474
,,SI,FF,754,0.06701030927835051
,,FF,CH,742,0.05073851203501094
,,CU,CH,566,0.06209544706527702
,,FF,FC,564,0.038566739606126915
,,CH,SL,548,0.04608915054667788
,,FA,CH,541,0.5152380952380953
,,FF,FF,528,0.036105032822757115
,,EP,FA,519,0.7013513513513514
,,FS,SI,511,0.28804960541149943
,,SI,ST,497,0.04416992534660505
,,FS,IN,450,0.25366403607666294
,,KC,SI,393,0.47985347985347987
,,FF,CU,378,0.02584792122538293
,,FF,KC,342,0.02338621444201313
,,IN,KC,320,0.10491803278688525
,,ST,FF,300,0.09674298613350532
,,CU,SL,299,0.03280307185957213
,,FC,CU,282,0.04685163648446586
,,CH,SI,266,0.022371740958788897
,,CU,FA,257,0.028195282501371367
,,SL,EP,256,0.02068352589480488
,,KC,PO,255,0.31135531135531136
,,CH,ST,254,0.021362489486963836
,,ST,CU,243,0.07836181876813932
,,SL,FC,242,0.019552395572432737
,,ST,SL,231,0.0744920993227991
,,FF,ST,211,0.014428336980306346
,,FS,SL,206,0.1161217587373168
,,FC,CH,205,0.03405881375643795
,,FC,SI,204,0.03389267320152849
,,FS,FF,201,0.1133032694475761
,,FS,PO,197,0.11104847801578353
,,SI,SI,186,0.016530394596516174
,,CH,CS,186,0.015643397813288478
,,CS,CU,180,0.7058823529411765
,,SI,CU,179,0.015908282971916102
,,CU,EP,175,0.019199122325836534
,,ST,SI,173,0.05578845533698807
,,SL,SL,162,0.013088793730306213
,,FA,FF,154,0.14666666666666667
,,CU,SI,151,0.016566099835436093
,,IN,SL,145,0.047540983606557376
,,SL,FA,142,0.011472893269774583
,,SI,FC,139,0.01235335940277284
,,SV,CH,127,0.5313807531380753
,,PO,SL,124,0.050488599348534204
,,ST,FC,123,0.03966462431473718
,,CH,CH,114,0.009587888982338099
,,FC,FC,112,0.01860774214985878
,,ST,ST,106,0.03418252176717188
,,FA,FC,104,0.09904761904761905
,,SL,SV,88,0.007109962026339177
,,ST,EP,85,0.027410512737826506
,,FS,KC,81,0.04565952649379933
,,SI,FS,79,0.007020974049057945
,,EP,FC,79,0.10675675675675676
,,FA,EP,70,0.06666666666666667
,,FC,SL,70,0.011629838843661738
,,FA,SL,63,0.06
,,FA,CU,63,0.06
,,ST,SV,63,0.020316027088036117
,,SL,FS,55,0.0044437262664619856
,,FS,FS,54,0.030439684329199548
,,CU,CU,54,0.0059243006034009876
,,FC,ST,53,0.00880544941020103
,,CH,EP,53,0.004457527333894029
,,KN,CH,53,0.4076923076923077
,,CS,EP,52,0.20392156862745098
,,KC,SL,52,0.06349206349206349
,,SI,PO,51,0.004532527550657661
,,EP,FF,50,0.06756756756756757
,,CH,FA,49,0.0041211101766190075
,,PO,FF,48,0.019543973941368076
,,KC,FF,47,0.057387057387057384
,,FA,KN,45,0.04285714285714286
,,CU,ST,45,0.004936917169500823
,,FF,KN,38,0.002598468271334792
,,EP,CH,37,0.05
,,IN,CH,35,0.011475409836065573
,,KN,SI,33,0.25384615384615383
,,SL,CS,32,0.00258544073685061
,,PO,CH,30,0.012214983713355049
,,FF,FO,29,0.0019830415754923413
,,FS,ST,28,0.015783540022547914
,,SI,SV,26,0.002310700319943121
,,CU,FS,26,0.002852441031267142
,,CH,IN,25,0.0021026072329688814
,,KC,CH,25,0.030525030525030524
,,EP,SL,24,0.032432432432432434
,,SI,KC,23,0.0020440810522573765
,,ST,FA,23,0.007416962270235408
,,FS,CH,22,0.012401352874859075
,,CU,IN,21,0.002303894679100384
,,FF,EP,20,0.0013676148796498905
,,SI,FA,20,0.0017774617845716318
,,PO,FS,18,0.007328990228013029
,,SV,SV,18,0.07531380753138076
,,SV,CU,18,0.07531380753138076
,,SV,SI,17,0.07112970711297072
,,FF,SV,16,0.0010940919037199124
,,SI,EP,15,0.0013330963384287238
,,SC,SI,15,0.75
,,ST,FS,15,0.004837149306675266
,,CH,SV,15,0.001261564339781329
,,SV,FF,15,0.06276150627615062
,,KN,CU,15,0.11538461538461539
,,FC,FS,13,0.0021598272138228943
,,SL,KC,13,0.0010503352993455604
,,ST,CS,13,0.00419219606578523
,,SV,SL,13,0.05439330543933055
,,FS,FC,12,0.006764374295377677
,,KC,KC,12,0.014652014652014652
,,FF,FA,11,0.0007521881838074399
,,FO,SI,11,0.24444444444444444
,,FC,FA,11,0.0018275461040039873
,,SL,PO,11,0.0008887452532923972
,,CH,FS,11,0.0009251471825063078
,,IN,KN,10,0.003278688524590164
,,IN,CU,10,0.003278688524590164
,,FS,CU,10,0.005636978579481398
,,AB,CH,10,0.6666666666666666
,,EP,ST,10,0.013513513513513514
,,EP,CU,10,0.013513513513513514
,,SL,AB,10,0.0008079502302658156
,,SV,EP,10,0.04184100418410042
,,CH,KC,10,0.0008410428931875525
,,KC,CU,10,0.01221001221001221
,,KN,SL,10,0.07692307692307693
,,KN,FA,10,0.07692307692307693
,,KC,KN,10,0.01221001221001221
,,KC,FS,10,0.01221001221001221
,,PO,ST,9,0.0036644951140065146
,,FF,SC,8,0.0005470459518599562
,,EP,KN,8,0.010810810810810811
,,FC,PO,8,0.0013291244392756273
,,PO,CU,8,0.003257328990228013
,,CS,FA,8,0.03137254901960784
,,SV,FC,8,0.03347280334728033
,,CU,PO,8,0.000877674163466813
,,FA,CS,7,0.006666666666666667
,,FF,UNK,7,0.0004786652078774617
,,FO,FF,7,0.15555555555555556
,,FC,KC,7,0.0011629838843661739
,,PO,FC,7,0.0028501628664495114
,,CH,KN,7,0.0005887300252312868
,,IN,FC,6,0.0019672131147540984
,,FO,FO,6,0.13333333333333333
,,UNK,CH,6,0.0002635624862727872
,,AB,FF,5,0.3333333333333333
,,SI,AB,5,0.00044436544614290794
,,IN,SC,5,0.001639344262295082
,,FF,CS,5,0.00034190371991247264
,,FO,IN,5,0.1111111111111111
,,FO,KC,5,0.1111111111111111
,,FO,PO,5,0.1111111111111111
,,FC,FO,5,0.000830702774547267
,,FC,IN,5,0.000830702774547267
,,FC,KN,5,0.000830702774547267
,,FC,UNK,5,0.000830702774547267
,,PO,SC,5,0.002035830618892508
,,CS,FC,5,0.0196078431372549
,,UNK,SL,5,0.00021963540522732265
,,SV,CS,5,0.02092050209205021
,,SV,FS,5,0.02092050209205021
,,CH,PO,5,0.00042052144659377626
,,KC,SV,5,0.006105006105006105
,,KN,PO,5,0.038461538461538464
,,CU,KN,5,0.0005485463521667581
,,FO,FC,4,0.08888888888888889
,,PO,KC,4,0.0016286644951140066
,,ST,UNK,4,0.0012899064817800709
,,ST,FO,4,0.0012899064817800709
,,FC,SV,4,0.0006645622196378136
,,SL,UNK,4,0.00032318009210632626
,,CS,CH,4,0.01568627450980392
,,UNK,FC,4,0.00017570832418185812
,,UNK,FF,4,0.00017570832418185812
,,CU,CS,4,0.0004388370817334065
,,UNK,CU,4,0.00017570832418185812
,,EP,CS,3,0.004054054054054054
,,SC,CU,3,0.15
,,SV,ST,3,0.012552301255230125
,,CH,UNK,3,0.00025231286795626576
,,CU,UNK,3,0.00032912781130005483
,,CS,SL,3,0.011764705882352941
,,FS,SV,2,0.0011273957158962795
,,FA,ST,2,0.0019047619047619048
,,SI,KN,2,0.00017774617845716317
,,FC,EP,2,0.0003322811098189068
,,ST,PO,2,0.0006449532408900354
,,SC,FF,2,0.1
,,KN,FF,2,0.015384615384615385
,,CS,ST,2,0.00784313725490196
,,KN,EP,2,0.015384615384615385
,,CU,SV,2,0.00021941854086670324
,,CU,SC,2,0.00021941854086670324
,,IN,FF,1,0.0003278688524590164
,,FA,SI,1,0.0009523809523809524
,,SI,UNK,1,8.887308922858158e-05
,,FO,ST,1,0.022222222222222223
,,FO,SL,1,0.022222222222222223
,,ST,KC,1,0.0003224766204450177
,,CS,FF,1,0.00392156862745098
,,UNK,FS,1,4.392708104546453e-05
,,CU,FO,1,0.00010970927043335162
,,UNK,PO,1,4.392708104546453e-05
,,UNK,KC,1,4.392708104546453e-05
,,UNK,SI,1,4.392708104546453e-05
