season,pitcher_id,dominant_pitch,usage_entropy,repeat_rate,_role_pitch,batter_id,ev_mean,n_bbe,_role_bat
2025,450203,CH,1.5991654107425068,0.23076923076923078,Bulk/Swing,,,,
2025,502054,CH,2.56010089119047,0.045454545454545456,Mixing Starter,,,,
2025,516782,CH,2.4797076717021445,0.04918032786885246,Mixing Starter,,,,
2025,543243,CH,2.190596802970671,0.06521739130434782,Mixing Starter,,,,
2025,543518,FF,1.374545192908375,0.14285714285714285,Bulk/Swing,,,,
2025,546991,CH,1.5991654107425068,0.11538461538461539,Bulk/Swing,,,,
2025,571948,CH,1.5991654107425068,0.23076923076923078,Bulk/Swing,,,,
2025,573186,CU,1.9378230905790836,0.16666666666666666,Bulk/Swing,,,,
2025,592206,CH,2.5601008911904697,0.0,Mixing Starter,,,,
2025,592325,CH,1.782694688604736,0.06451612903225806,Bulk/Swing,,,,
2025,594798,CH,1.374545192908375,0.14285714285714285,Bulk/Swing,,,,
2025,595345,CH,1.5991654107425068,0.11538461538461539,Bulk/Swing,,,,
2025,596001,CH,1.374545192908375,0.0,Bulk/Swing,,,,
2025,596019,CH,2.3009381253732895,0.297029702970297,Bulk/Swing,,,,
2025,606160,FF,1.374545192908375,0.2857142857142857,Bulk/Swing,,,,
2025,606192,CH,2.4797076717021445,0.01639344262295082,Mixing Starter,,,,
2025,606930,FC,1.374545192908375,0.09523809523809523,Bulk/Swing,,,,
2025,621016,CH,1.374545192908375,0.09523809523809523,Bulk/Swing,,,,
2025,640458,CH,1.782694688604736,0.16129032258064516,Bulk/Swing,,,,
2025,641427,CU,1.5991654107425068,0.11538461538461539,Bulk/Swing,,,,
2025,641680,CH,2.4582674669088345,0.26126126126126126,Bulk/Swing,,,,
2025,642239,CH,1.782694688604736,0.12903225806451613,Bulk/Swing,,,,
2025,643446,CH,2.3922922035346867,0.05357142857142857,Mixing Starter,,,,
2025,644433,CH,2.190596802970671,0.10869565217391304,Mixing Starter,,,,
2025,650402,CH,2.3922922035346867,0.017857142857142856,Mixing Starter,,,,
2025,657649,CH,1.5991654107425068,0.15384615384615385,Bulk/Swing,,,,
2025,660688,CH,2.3688937313105387,0.2376237623762376,Bulk/Swing,,,,
2025,661563,CH,1.0852280400722045,0.0625,Bulk/Swing,,,,
2025,663432,CH,1.0852280400722045,0.1875,Bulk/Swing,,,,
2025,663623,CH,1.9378230905790836,0.08333333333333333,Mixing Starter,,,,
2025,663853,CH,2.3922922035346867,0.08928571428571429,Mixing Starter,,,,
2025,664351,CH,1.7826946886047361,0.0967741935483871,Bulk/Swing,,,,
2025,665152,CU,1.9378230905790836,0.05555555555555555,Mixing Starter,,,,
2025,665161,CH,2.3922922035346867,0.08928571428571429,Mixing Starter,,,,
2025,665489,CH,2.56010089119047,0.06060606060606061,Mixing Starter,,,,
2025,665861,CH,2.3922922035346867,0.07142857142857142,Mixing Starter,,,,
2025,666134,CH,2.2965114666021638,0.0784313725490196,Mixing Starter,,,,
2025,669200,CH,2.190596802970671,0.15217391304347827,Bulk/Swing,,,,
2025,669256,CH,2.0721529997457324,0.1951219512195122,Bulk/Swing,,,,
2025,669742,FC,0.6791932659915256,0.45454545454545453,Bulk/Swing,,,,
2025,669854,CH,1.374545192908375,0.19047619047619047,Bulk/Swing,,,,
2025,672373,CH,2.0721529997457324,0.07317073170731707,Mixing Starter,,,,
2025,672537,SI,-0.0,1.0,High-Leverage RP,,,,
2025,672710,CH,1.7826946886047361,0.1935483870967742,Bulk/Swing,,,,
2025,676428,CH,1.374545192908375,0.19047619047619047,Bulk/Swing,,,,
2025,676466,CH,2.0721529997457324,0.04878048780487805,Mixing Starter,,,,
2025,677049,FF,-0.0,1.0,High-Leverage RP,,,,
2025,677588,CH,2.3922922035346867,0.05357142857142857,Mixing Starter,,,,
2025,677594,CH,2.3922922035346867,0.07142857142857142,Mixing Starter,,,,
2025,677651,CH,1.5991654107425068,0.07692307692307693,Bulk/Swing,,,,
2025,680574,CH,2.4797076717021445,0.06557377049180328,Mixing Starter,,,,
2025,680730,CU,1.374545192908375,0.14285714285714285,Bulk/Swing,,,,
2025,681370,FF,1.374545192908375,0.14285714285714285,Bulk/Swing,,,,
2025,681962,EP,2.43845433608751,0.045454545454545456,Mixing Starter,,,,
2025,682626,CH,2.3922922035346867,0.05357142857142857,Mixing Starter,,,,
2025,682646,CH,0.6791932659915256,0.36363636363636365,Bulk/Swing,,,,
2025,683737,CH,2.4797076717021445,0.09836065573770492,Mixing Starter,,,,
2025,684384,FF,1.0852280400722045,0.25,Bulk/Swing,,,,
2025,685133,CH,1.9378230905790836,0.1111111111111111,Mixing Starter,,,,
2025,685321,CH,1.374545192908375,0.23809523809523808,Bulk/Swing,,,,
2025,686249,CH,1.374545192908375,0.047619047619047616,Bulk/Swing,,,,
2025,686555,CH,2.520155608030258,0.25225225225225223,Bulk/Swing,,,,
2025,686638,CH,1.374545192908375,0.19047619047619047,Bulk/Swing,,,,
2025,687071,CH,1.0852280400722045,0.25,Bulk/Swing,,,,
2025,687396,FF,1.374545192908375,0.23809523809523808,Bulk/Swing,,,,
2025,687589,CH,1.782694688604736,0.16129032258064516,Bulk/Swing,,,,
2025,688617,SI,0.6791932659915256,0.45454545454545453,Bulk/Swing,,,,
2025,689041,CH,2.190596802970671,0.10869565217391304,Mixing Starter,,,,
2025,689750,CU,1.0852280400722045,0.5,High-Leverage RP,,,,
2025,690984,CH,1.9378230905790836,0.05555555555555555,Mixing Starter,,,,
2025,690990,CH,1.7826946886047361,0.0967741935483871,Bulk/Swing,,,,
2025,691410,CU,1.374545192908375,0.14285714285714285,Bulk/Swing,,,,
2025,691441,CH,1.5991654107425068,0.23076923076923078,Bulk/Swing,,,,
2025,691718,CH,2.56010089119047,0.06060606060606061,Mixing Starter,,,,
2025,692064,CH,1.374545192908375,0.047619047619047616,Bulk/Swing,,,,
2025,692230,CH,1.782694688604736,0.3225806451612903,Bulk/Swing,,,,
2025,694037,CU,1.5991654107425068,0.07692307692307693,Bulk/Swing,,,,
2025,694182,CH,1.0852280400722045,0.125,Bulk/Swing,,,,
2025,694214,FC,1.0852280400722045,0.1875,Bulk/Swing,,,,
2025,694851,CH,1.0852280400722045,0.25,Bulk/Swing,,,,
2025,694978,CH,1.0852280400722045,0.25,Bulk/Swing,,,,
2025,696285,CH,2.5601008911904697,0.045454545454545456,Mixing Starter,,,,
2025,700337,CH,2.4469666295694656,0.27358490566037735,Bulk/Swing,,,,
2025,701158,FC,0.6791932659915256,0.45454545454545453,Bulk/Swing,,,,
2025,701656,CH,1.374545192908375,0.14285714285714285,Bulk/Swing,,,,
2025,702140,CU,1.5991654107425068,0.23076923076923078,Bulk/Swing,,,,
2025,702352,CH,1.9378230905790836,0.1111111111111111,Mixing Starter,,,,
2025,802353,CU,0.6791932659915256,0.2727272727272727,Bulk/Swing,,,,
2025,806367,FF,1.0852280400722045,0.3125,Bulk/Swing,,,,
2025,807747,CH,1.782694688604736,0.0967741935483871,Bulk/Swing,,,,
2025,808975,CH,2.56010089119047,0.045454545454545456,Mixing Starter,,,,
2025,814172,CH,1.0852280400722045,0.1875,Bulk/Swing,,,,
2025,814409,CH,1.7826946886047361,0.12903225806451613,Bulk/Swing,,,,
2025,815039,CH,1.9378230905790836,0.05555555555555555,Mixing Starter,,,,
2015,150212,CH,2.2551362794817553,0.6081871345029239,Bulk/Swing,,,,
2015,279824,FF,1.717876054660348,0.6549421193232413,Bulk/Swing,,,,
2015,408045,CH,2.4832824020217275,0.5612244897959183,Bulk/Swing,,,,
2015,429664,CH,2.453824380552326,0.4973821989528796,Bulk/Swing,,,,
2015,430681,FF,1.9542070989370632,0.46153846153846156,Bulk/Swing,,,,
2015,430897,SI,2.1751949836986606,0.6051660516605166,Bulk/Swing,,,,
2015,431145,CH,2.404096711154294,0.4973821989528796,Bulk/Swing,,,,
2015,434563,CH,2.280871363597434,0.4375,Bulk/Swing,,,,
2015,444482,CH,2.3347184934562106,0.49171270718232046,Bulk/Swing,,,,
2015,444836,FC,1.67965982755941,0.47509578544061304,Bulk/Swing,,,,
2015,445170,SI,1.2462366416416202,0.5694444444444444,High-Leverage RP,,,,
2015,445276,FC,1.2363834968638285,0.6342213114754098,High-Leverage RP,,,,
2015,446334,CH,2.5342136287067545,0.5185185185185185,Bulk/Swing,,,,
2015,447714,SI,1.4514935417125732,0.5414078674948241,High-Leverage RP,,,,
2015,448605,CH,2.162336285641346,0.5033112582781457,Bulk/Swing,,,,
2015,451584,FF,1.3991934454502664,0.6275820170109356,High-Leverage RP,,,,
2015,451596,SI,1.6869950945371084,0.6409176029962547,Bulk/Swing,,,,
2015,453385,SI,1.682610135529114,0.5526315789473685,Bulk/Swing,,,,
2015,456781,SI,2.0585847010580753,0.5648854961832062,Bulk/Swing,,,,
2015,458015,CH,2.3110084325398548,0.5138121546961326,Bulk/Swing,,,,
2015,465753,FF,1.8876762485324359,0.6312056737588653,Bulk/Swing,,,,
2015,468504,FF,1.8064321571168642,0.5777479892761395,Bulk/Swing,,,,
2015,474892,CH,2.4264602879456296,0.5124378109452736,Bulk/Swing,,,,
2015,476192,CH,1.9184103886816664,0.5258620689655172,Bulk/Swing,,,,
2015,491159,FF,1.0775173004151832,0.6174934725848564,High-Leverage RP,,,,
2015,493128,FF,1.990009799406303,0.46875,Bulk/Swing,,,,
2015,501303,FF,1.9787202826606154,0.6066350710900474,Bulk/Swing,,,,
2015,502582,CH,2.05403216402767,0.6323529411764706,Bulk/Swing,,,,
2015,503285,SL,1.3489749966954876,0.6386430678466076,High-Leverage RP,,,,
2015,518693,SI,1.5307934131394234,0.598731165741475,Bulk/Swing,,,,
2015,518748,FF,1.3929492282475398,0.5960548885077187,High-Leverage RP,,,,
2015,518792,CH,2.3347184934562106,0.5911602209944752,Bulk/Swing,,,,
2015,541608,FF,1.7601957278003335,0.4603174603174603,Bulk/Swing,,,,
2015,543144,FF,1.6494946294824833,0.5529265255292652,Bulk/Swing,,,,
2015,543321,FF,1.9518607863329314,0.37037037037037035,Bulk/Swing,,,,
2015,543351,FF,0.6826871405907657,0.6290322580645161,High-Leverage RP,,,,
2015,543510,CH,2.4040967111542937,0.5130890052356021,Bulk/Swing,,,,
2015,543548,FF,1.5695487916141488,0.5789110957960028,Bulk/Swing,,,,
2015,543607,SI,1.763201697250992,0.4953051643192488,Bulk/Swing,,,,
2015,543716,FF,1.3130412592422185,0.541501976284585,High-Leverage RP,,,,
2015,543939,CH,2.3724301575610376,0.43010752688172044,Bulk/Swing,,,,
2015,544725,CH,1.6841191329646104,0.40298507462686567,Bulk/Swing,,,,
2015,572089,SL,1.597991163264525,0.629277566539924,Bulk/Swing,,,,
2015,572096,FF,1.4970404968201327,0.5580693815987934,Bulk/Swing,,,,
2015,572309,FF,1.682787229309809,0.5143953934740882,Bulk/Swing,,,,
2015,592398,SI,1.4999051530142513,0.48404255319148937,Bulk/Swing,,,,
2015,592609,CH,2.0430360169662847,0.4523809523809524,Bulk/Swing,,,,
2015,592621,CH,1.7811026532576955,0.5495495495495496,Bulk/Swing,,,,
2015,593525,FF,1.342444232757342,0.23076923076923078,Bulk/Swing,,,,
2015,594736,CH,1.5447741294063897,0.6094853683148335,Bulk/Swing,,,,
2015,594772,SI,1.5319517434486047,0.5454545454545454,Bulk/Swing,,,,
2015,595885,SI,2.3333404270945253,0.5341614906832298,Bulk/Swing,,,,
2015,596143,FF,2.1145134796273712,0.5497630331753555,Bulk/Swing,,,,
2015,605131,FF,2.0506777766955873,0.4628099173553719,Bulk/Swing,,,,
2015,605141,CH,2.5378137819295516,0.39800995024875624,Bulk/Swing,,,,
2015,608678,FF,1.6376330260367988,0.5334928229665071,Bulk/Swing,,,,
2015,621035,SI,2.12769732603353,0.5,Bulk/Swing,,,,
2015,625329,FF,2.0201230511255783,0.36633663366336633,Bulk/Swing,,,,
2015,150029,CH,2.2177688877836843,0.639751552795031,Bulk/Swing,,,,
2015,346798,SI,1.7090904543909011,0.6869158878504673,Bulk/Swing,,,,
2015,407819,SI,1.5364495295255476,0.6545981173062998,Bulk/Swing,,,,
2015,408234,CH,2.36799529550013,0.675392670157068,Bulk/Swing,,,,
2015,430652,CH,2.1037326842518977,0.5106382978723404,Bulk/Swing,,,,
2015,431151,SI,2.1772317214797634,0.5448717948717948,Bulk/Swing,,,,
2015,433586,SI,1.6684242292283846,0.654535274356103,Bulk/Swing,,,,
2015,434636,CH,2.1394908561373422,0.793918918918919,Bulk/Swing,,,,
2015,434778,CH,2.397948503435026,0.6416184971098265,Bulk/Swing,,,,
2015,435045,FF,1.3705392190829149,0.6050955414012739,High-Leverage RP,,,,
2015,445163,FF,1.8323001932209817,0.5546875,Bulk/Swing,,,,
2015,446899,SI,1.260889693191467,0.6038394415357766,High-Leverage RP,,,,
2015,450212,SI,1.1644911234623456,0.6743978590544157,High-Leverage RP,,,,
2015,453211,CH,2.23457756768385,0.5705128205128205,Bulk/Swing,,,,
2015,453269,SL,2.047322746654321,0.5396825396825397,Bulk/Swing,,,,
2015,460156,FF,1.662315667261201,0.615648201027984,Bulk/Swing,,,,
2015,460283,CU,1.0733942812811266,0.6293103448275862,High-Leverage RP,,,,
2015,475243,FF,1.8945468791278517,0.6509869802603948,Bulk/Swing,,,,
2015,489138,CH,2.265191947545354,0.5592417061611374,Bulk/Swing,,,,
2015,489265,SL,1.6103843300403615,0.6244430299172502,Bulk/Swing,,,,
2015,502083,FF,1.8217682345560953,0.6045016077170418,Bulk/Swing,,,,
2015,502087,SI,1.03581801478616,0.6772908366533864,High-Leverage RP,,,,
2015,519058,CH,2.4185823616976867,0.5591397849462365,Bulk/Swing,,,,
2015,519166,FF,1.1803838260467703,0.5853658536585366,High-Leverage RP,,,,
2015,519168,FF,1.3504993693779304,0.5879556259904913,High-Leverage RP,,,,
2015,523253,CH,2.510699156466016,0.5145631067961165,Bulk/Swing,,,,
2015,542942,SI,2.0101567708822996,0.5315315315315315,Bulk/Swing,,,,
2015,543380,FF,1.6714114589105122,0.6447848285922684,Bulk/Swing,,,,
2015,543456,SI,1.6827391669573522,0.6160714285714286,Bulk/Swing,,,,
2015,543964,FF,1.2169222004657572,0.5947712418300654,High-Leverage RP,,,,
2015,547989,CH,2.5540994862495046,0.4212962962962963,Bulk/Swing,,,,
2015,553988,FF,2.0415502030541406,0.46551724137931033,Bulk/Swing,,,,
2015,554431,FF,1.411438625354948,0.4519230769230769,Bulk/Swing,,,,
2015,571974,CH,2.2237559729835064,0.46153846153846156,Bulk/Swing,,,,
2015,572233,FF,1.8710207465890525,0.28169014084507044,Bulk/Swing,,,,
2015,573204,SI,1.556447653444868,0.4212962962962963,Bulk/Swing,,,,
2015,592407,FF,2.1021081770370245,0.5045045045045045,Bulk/Swing,,,,
2015,593372,FF,1.6416423592550706,0.591614014933946,Bulk/Swing,,,,
2015,605228,FF,1.462517777434594,0.5639958376690947,High-Leverage RP,,,,
2015,607208,FF,1.8740644087632496,0.4583333333333333,Bulk/Swing,,,,
2025,455117,CH,2.6345156280215596,0.014084507042253521,Mixing Starter,,,,
2025,543807,CH,2.3922922035346867,0.05357142857142857,Mixing Starter,,,,
2025,545358,CU,1.5991654107425068,0.038461538461538464,Bulk/Swing,,,,
2025,592094,CH,1.5991654107425068,0.2692307692307692,Bulk/Swing,,,,
2025,592662,CH,1.5991654107425068,0.038461538461538464,Bulk/Swing,,,,
2025,596103,EP,2.5213167503563056,0.056338028169014086,Mixing Starter,,,,
2025,605130,CU,1.782694688604736,0.0,Bulk/Swing,,,,
2025,605138,CH,1.374545192908375,0.3333333333333333,Bulk/Swing,,,,
2025,605452,CH,1.5991654107425068,0.23076923076923078,Bulk/Swing,,,,
2025,607536,CH,1.7826946886047361,0.03225806451612903,Bulk/Swing,,,,
2025,608360,CH,1.5991654107425068,0.11538461538461539,Bulk/Swing,,,,
2025,608379,CH,1.782694688604736,0.0967741935483871,Bulk/Swing,,,,
2025,621097,CH,1.374545192908375,0.14285714285714285,Bulk/Swing,,,,
2025,623993,CH,2.270764496273168,0.32967032967032966,Bulk/Swing,,,,
2025,625643,CH,1.374545192908375,0.19047619047619047,Bulk/Swing,,,,
2025,641487,CH,2.4797076717021445,0.06557377049180328,Mixing Starter,,,,
2025,650671,CH,1.374545192908375,0.19047619047619047,Bulk/Swing,,,,
2025,650895,FF,1.0852280400722045,0.3125,Bulk/Swing,,,,
2025,656730,FF,0.6791932659915256,0.45454545454545453,Bulk/Swing,,,,
2025,656976,CH,2.3922922035346867,0.03571428571428571,Mixing Starter,,,,
2025,657041,CH,2.2965114666021638,0.0392156862745098,Mixing Starter,,,,
2025,657376,FC,1.782694688604736,0.0967741935483871,Bulk/Swing,,,,
2025,657510,FC,0.6791932659915256,0.18181818181818182,Bulk/Swing,,,,
2025,657757,CH,2.4797076717021445,0.0,Mixing Starter,,,,
2025,663559,CU,1.5991654107425068,0.19230769230769232,Bulk/Swing,,,,
2025,665833,CH,2.4797076717021445,0.06557377049180328,Mixing Starter,,,,
2025,665923,CH,2.0721529997457324,0.07317073170731707,Mixing Starter,,,,
2025,665926,CH,2.2965114666021638,0.0784313725490196,Mixing Starter,,,,
2025,666157,CH,1.3745451929083752,0.23809523809523808,Bulk/Swing,,,,
2025,666160,CH,2.3922922035346867,0.03571428571428571,Mixing Starter,,,,
2025,666168,CH,1.5991654107425068,0.19230769230769232,Bulk/Swing,,,,
2025,666464,CH,2.3922922035346867,0.05357142857142857,Mixing Starter,,,,
2025,666915,CH,2.190596802970671,0.043478260869565216,Mixing Starter,,,,
2025,666971,CH,2.5601008911904697,0.015151515151515152,Mixing Starter,,,,
2025,666974,CH,1.7826946886047361,0.0967741935483871,Bulk/Swing,,,,
2025,667356,CU,1.374545192908375,0.09523809523809523,Bulk/Swing,,,,
2025,668390,CU,1.782694688604736,0.03225806451612903,Bulk/Swing,,,,
2025,668731,CH,2.190596802970671,0.15217391304347827,Bulk/Swing,,,,
2025,669003,CH,2.3922922035346867,0.07142857142857142,Mixing Starter,,,,
2025,669084,CH,1.782694688604736,0.25806451612903225,Bulk/Swing,,,,
2025,669276,CH,1.0852280400722045,0.3125,Bulk/Swing,,,,
2025,669357,CH,2.4797076717021445,0.03278688524590164,Mixing Starter,,,,
2025,669923,CH,1.782694688604736,0.1935483870967742,Bulk/Swing,,,,
2025,670092,CH,2.190596802970671,0.021739130434782608,Mixing Starter,,,,
2025,670224,CH,2.4797076717021445,0.03278688524590164,Mixing Starter,,,,
2025,670232,FF,1.374545192908375,0.19047619047619047,Bulk/Swing,,,,
2025,671106,CH,1.5991654107425068,0.07692307692307693,Bulk/Swing,,,,
2025,672012,CH,2.190596802970671,0.043478260869565216,Mixing Starter,,,,
2025,672284,CH,2.190596802970671,0.021739130434782608,Mixing Starter,,,,
2025,672456,CH,1.7826946886047361,0.03225806451612903,Bulk/Swing,,,,
2025,676070,EP,2.348250910542494,0.04918032786885246,Mixing Starter,,,,
2025,676480,CH,2.190596802970671,0.043478260869565216,Mixing Starter,,,,
2025,676680,FF,1.0852280400722045,0.25,Bulk/Swing,,,,
2025,676969,FC,1.374545192908375,0.19047619047619047,Bulk/Swing,,,,
2025,677338,CH,1.0852280400722045,0.375,Bulk/Swing,,,,
2025,678493,FC,1.0852280400722045,0.25,Bulk/Swing,,,,
2025,678662,CH,2.3922922035346867,0.03571428571428571,Mixing Starter,,,,
2025,679788,FC,0.6791932659915256,0.45454545454545453,Bulk/Swing,,,,
2025,680518,CH,1.9378230905790834,0.05555555555555555,Bulk/Swing,,,,
2025,680519,FC,1.0852280400722045,0.375,Bulk/Swing,,,,
2025,680552,CH,1.0852280400722045,0.3125,Bulk/Swing,,,,
2025,680636,CH,1.782694688604736,0.0967741935483871,Bulk/Swing,,,,
2025,680769,CH,2.190596802970671,0.06521739130434782,Mixing Starter,,,,
2025,680885,CU,1.782694688604736,0.16129032258064516,Bulk/Swing,,,,
2025,680977,CH,2.3922922035346867,0.0,Mixing Starter,,,,
2025,681293,CH,1.7826946886047361,0.12903225806451613,Bulk/Swing,,,,
2025,681343,CH,1.7826946886047361,0.12903225806451613,Bulk/Swing,,,,
2025,681895,CU,1.782694688604736,0.03225806451612903,Bulk/Swing,,,,
2025,682985,CH,2.4797076717021445,0.01639344262295082,Mixing Starter,,,,
2025,683090,CH,2.2965114666021638,0.058823529411764705,Mixing Starter,,,,
2025,683175,CU,1.0852280400722045,0.25,Bulk/Swing,,,,
2025,683357,CH,1.9378230905790834,0.1111111111111111,Bulk/Swing,,,,
2025,686981,FC,1.782694688604736,0.0967741935483871,Bulk/Swing,,,,
2025,687749,CH,1.5991654107425068,0.2692307692307692,Bulk/Swing,,,,
2025,687982,CH,1.374545192908375,0.19047619047619047,Bulk/Swing,,,,
2025,688138,CH,1.7826946886047361,0.12903225806451613,Bulk/Swing,,,,
2025,689520,CH,1.374545192908375,0.047619047619047616,Bulk/Swing,,,,
2025,689821,CU,1.0852280400722045,0.3125,Bulk/Swing,,,,
2025,690374,CU,1.5991654107425068,0.23076923076923078,Bulk/Swing,,,,
2025,691011,CH,1.782694688604736,0.03225806451612903,Bulk/Swing,,,,
2025,691645,CH,1.5991654107425068,0.19230769230769232,Bulk/Swing,,,,
2025,694212,CH,2.2965114666021638,0.0392156862745098,Mixing Starter,,,,
2025,694224,FF,0.6791932659915256,0.45454545454545453,Bulk/Swing,,,,
2025,694977,CH,1.5991654107425068,0.3076923076923077,Bulk/Swing,,,,
2025,695336,CH,2.4797076717021445,0.04918032786885246,Mixing Starter,,,,
2025,695342,FF,1.374545192908375,0.23809523809523808,Bulk/Swing,,,,
2025,695534,CH,1.5991654107425068,0.11538461538461539,Bulk/Swing,,,,
2025,698929,FS,1.0852280400722045,0.25,Bulk/Swing,,,,
2025,699615,CH,1.0852280400722045,0.25,Bulk/Swing,,,,
2025,700187,CH,1.0852280400722045,0.125,Bulk/Swing,,,,
2025,701481,CH,1.5991654107425068,0.0,Bulk/Swing,,,,
2025,703639,CH,1.0852280400722045,0.1875,Bulk/Swing,,,,
2025,801432,CH,1.0852280400722045,0.25,Bulk/Swing,,,,
2025,801802,CH,1.374545192908375,0.23809523809523808,Bulk/Swing,,,,
2025,802544,CU,1.374545192908375,0.2857142857142857,Bulk/Swing,,,,
2025,805123,CH,1.782694688604736,0.03225806451612903,Bulk/Swing,,,,
2025,808967,CU,1.9378230905790836,0.027777777777777776,Mixing Starter,,,,
2025,810897,CH,1.374545192908375,0.14285714285714285,Bulk/Swing,,,,
2025,827744,CU,1.0852280400722045,0.1875,Bulk/Swing,,,,
2015,234194,SI,1.3583982154353071,0.5876288659793815,High-Leverage RP,,,,
2015,429781,SI,1.8096889965162841,0.6076487252124646,Bulk/Swing,,,,
2015,443558,CH,2.41756822303528,0.5918367346938775,Bulk/Swing,,,,
2015,452718,SI,1.6824578008819362,0.6435061464457509,Bulk/Swing,,,,
2015,457754,FF,0.6922237395388735,0.700587084148728,High-Leverage RP,,,,
2015,457768,SI,1.3827329601160523,0.6361854996734161,High-Leverage RP,,,,
2015,462089,FF,1.0165529508314672,0.5754716981132075,High-Leverage RP,,,,
2015,462564,CH,2.1334525705652707,0.5273972602739726,Bulk/Swing,,,,
2015,464416,SL,1.5580384465592734,0.5465465465465466,Bulk/Swing,,,,
2015,465657,FF,1.679579095238405,0.6496308915388983,Bulk/Swing,,,,
2015,465674,CH,2.1460863564683113,0.5460992907801419,Bulk/Swing,,,,
2015,467055,CH,2.307349877787458,0.6573208722741433,Bulk/Swing,,,,
2015,475100,CH,2.1796064710370127,0.5769230769230769,Bulk/Swing,,,,
2015,488671,CH,2.254893711578318,0.5900621118012422,Bulk/Swing,,,,
2015,488984,CU,1.6328808895652833,0.6149425287356322,Bulk/Swing,,,,
2015,501925,SI,1.36950318241067,0.6332312404287902,High-Leverage RP,,,,
2015,502004,SI,1.8335158634284894,0.6344928956393925,Bulk/Swing,,,,
2015,502085,FC,1.5443624314141329,0.603882099209202,Bulk/Swing,,,,
2015,502706,SI,1.6414308720663913,0.5624256837098692,Bulk/Swing,,,,
2015,504379,FF,1.4776857035700501,0.5139616055846422,Bulk/Swing,,,,
2015,517593,FF,1.636182033359065,0.635386119257087,Bulk/Swing,,,,
2015,518716,SI,1.9439204425497298,0.6169429097605893,Bulk/Swing,,,,
2015,519085,FF,1.6281739368634982,0.6099290780141844,Bulk/Swing,,,,
2015,519141,FF,1.5977738094992329,0.5940860215053764,Bulk/Swing,,,,
2015,519295,CH,2.0416307744805606,0.5808823529411765,Bulk/Swing,,,,
2015,519411,FF,1.2937763704085739,0.5380116959064327,High-Leverage RP,,,,
2015,541650,CH,2.2453991623841936,0.5769230769230769,Bulk/Swing,,,,
2015,542921,CH,2.301568690680006,0.572289156626506,Bulk/Swing,,,,
2015,542963,FF,1.772143117271047,0.6263736263736264,Bulk/Swing,,,,
2015,543219,FF,1.7207284453256566,0.5623356128353498,Bulk/Swing,,,,
2015,543401,CH,2.4821370349375904,0.5223880597014925,Bulk/Swing,,,,
2015,543760,CH,2.556823371559843,0.6019417475728155,Bulk/Swing,,,,
2015,545338,CH,1.990442640011136,0.6089238845144357,Bulk/Swing,,,,
2015,571527,FF,1.7093900713598724,0.5766710353866317,Bulk/Swing,,,,
2015,571561,FF,1.2935916445401698,0.6016260162601627,High-Leverage RP,,,,
2015,571710,FF,1.0674243474313412,0.607871720116618,High-Leverage RP,,,,
2015,572019,CH,2.145124175649091,0.6026490066225165,Bulk/Swing,,,,
2015,572033,CH,2.133946607438868,0.609271523178808,Bulk/Swing,,,,
2015,592781,FF,1.0940241665507153,0.6027944111776448,High-Leverage RP,,,,
2015,592804,FF,1.4032682392610476,0.6561314791403287,High-Leverage RP,,,,
2015,592815,FF,1.2523907306029172,0.6275752773375595,High-Leverage RP,,,,
2015,593934,CH,2.359146387333703,0.5340314136125655,Bulk/Swing,,,,
2015,594792,FF,1.5190058263215604,0.5665961945031712,Bulk/Swing,,,,
2015,595032,CH,1.6036709203531596,0.5441696113074205,Bulk/Swing,,,,
2015,605412,CH,2.285902578591247,0.5240963855421686,Bulk/Swing,,,,
2015,606299,FF,1.9542070989370632,0.3956043956043956,Bulk/Swing,,,,
2015,608369,CH,2.1040972570497822,0.4931506849315068,Bulk/Swing,,,,
2015,622072,SI,1.483012385897486,0.628719275549806,Bulk/Swing,,,,
2015,656941,CH,2.2177688877836843,0.42857142857142855,Bulk/Swing,,,,
2025,477132,CS,2.0721529997457324,0.07317073170731707,Mixing Starter,,,,
2025,506433,CH,2.2965114666021638,0.058823529411764705,Mixing Starter,,,,
2025,518489,FC,1.374545192908375,0.19047619047619047,Bulk/Swing,,,,
2025,518876,CH,1.782694688604736,0.0967741935483871,Bulk/Swing,,,,
2025,543101,FF,1.782694688604736,0.06451612903225806,Bulk/Swing,,,,
2025,543135,CU,1.782694688604736,0.0967741935483871,Bulk/Swing,,,,
2025,543592,EP,2.3922922035346867,0.07142857142857142,Mixing Starter,,,,
2025,544150,CH,1.5991654107425068,0.15384615384615385,Bulk/Swing,,,,
2025,592791,CH,1.7826946886047361,0.0967741935483871,Bulk/Swing,,,,
2025,593428,CH,2.3922922035346867,0.03571428571428571,Mixing Starter,,,,
2025,595453,CH,1.9378230905790836,0.05555555555555555,Mixing Starter,,,,
2025,595897,CH,1.374545192908375,0.09523809523809523,Bulk/Swing,,,,
2025,600869,CH,2.270764496273168,0.3076923076923077,Bulk/Swing,,,,
2025,605154,CH,1.374545192908375,0.09523809523809523,Bulk/Swing,,,,
2025,605177,CH,1.374545192908375,0.14285714285714285,Bulk/Swing,,,,
2025,605483,CH,1.374545192908375,0.09523809523809523,Bulk/Swing,,,,
2025,608334,CH,1.782694688604736,0.12903225806451613,Bulk/Swing,,,,
2025,608717,CH,1.7826946886047361,0.16129032258064516,Bulk/Swing,,,,
2025,622569,FA,2.367909739353766,0.08196721311475409,Mixing Starter,,,,
2025,641941,FC,1.0852280400722045,0.25,Bulk/Swing,,,,
2025,642020,CH,1.9378230905790836,0.16666666666666666,Bulk/Swing,,,,
2025,642180,EP,2.5079117087202816,0.06578947368421052,Mixing Starter,,,,
2025,642216,CH,1.5991654107425068,0.15384615384615385,Bulk/Swing,,,,
2025,642851,CH,2.4797076717021445,0.11475409836065574,Mixing Starter,,,,
2025,643376,CH,2.4797076717021445,0.08196721311475409,Mixing Starter,,,,
2025,656354,SI,0.6791932659915256,0.2727272727272727,Bulk/Swing,,,,
2025,656811,CH,2.56010089119047,0.015151515151515152,Mixing Starter,,,,
2025,656818,CH,1.782694688604736,0.1935483870967742,Bulk/Swing,,,,
2025,657756,CH,1.374545192908375,0.2857142857142857,Bulk/Swing,,,,
2025,663158,CH,1.374545192908375,0.19047619047619047,Bulk/Swing,,,,
2025,663647,CH,2.4797076717021445,0.01639344262295082,Mixing Starter,,,,
2025,663671,CH,1.374545192908375,0.14285714285714285,Bulk/Swing,,,,
2025,663765,CH,1.5991654107425068,0.15384615384615385,Bulk/Swing,,,,
2025,663837,CH,2.2965114666021638,0.058823529411764705,Mixing Starter,,,,
2025,663969,CU,1.5991654107425068,0.11538461538461539,Bulk/Swing,,,,
2025,664056,CH,2.7037791242722005,0.02631578947368421,Mixing Starter,,,,
2025,664954,CH,1.9378230905790836,0.08333333333333333,Mixing Starter,,,,
2025,665877,CH,2.190596802970671,0.0,Mixing Starter,,,,
2025,665953,CH,1.9378230905790836,0.1111111111111111,Mixing Starter,,,,
2025,665998,CH,2.0721529997457324,0.12195121951219512,Mixing Starter,,,,
2025,666142,CH,1.5991654107425068,0.15384615384615385,Bulk/Swing,,,,
2025,666632,FF,1.5631489389250592,0.2777777777777778,Bulk/Swing,,,,
2025,666808,FA,1.374545192908375,0.14285714285714285,Bulk/Swing,,,,
2025,667690,CH,1.7826946886047361,0.06451612903225806,Bulk/Swing,,,,
2025,668751,CH,1.5991654107425068,0.11538461538461539,Bulk/Swing,,,,
2025,668970,FF,1.0852280400722045,0.375,Bulk/Swing,,,,
2025,669194,FF,1.5631489389250592,0.027777777777777776,Bulk/Swing,,,,
2025,669212,CH,1.0852280400722045,0.3125,Bulk/Swing,,,,
2025,669221,CH,2.2965114666021638,0.09803921568627451,Mixing Starter,,,,
2025,670097,CH,2.2965114666021638,0.0196078431372549,Mixing Starter,,,,
2025,671155,CH,1.0852280400722045,0.125,Bulk/Swing,,,,
2025,673357,CH,2.3922922035346867,0.0,Mixing Starter,,,,
2025,674841,CH,1.5991654107425068,0.07692307692307693,Bulk/Swing,,,,
2025,675848,FF,0.6791932659915256,0.2727272727272727,Bulk/Swing,,,,
2025,676044,CH,2.2965114666021638,0.058823529411764705,Mixing Starter,,,,
2025,676106,CH,1.5991654107425068,0.23076923076923078,Bulk/Swing,,,,
2025,676116,CH,2.2965114666021638,0.058823529411764705,Mixing Starter,,,,
2025,676280,FF,1.0852280400722045,0.125,Bulk/Swing,,,,
2025,676442,CH,1.0852280400722045,0.3125,Bulk/Swing,,,,
2025,676571,CH,1.5991654107425068,0.15384615384615385,Bulk/Swing,,,,
2025,676742,CH,1.374545192908375,0.3333333333333333,Bulk/Swing,,,,
2025,678020,FF,1.0852280400722045,0.3125,Bulk/Swing,,,,
2025,678368,CH,1.782694688604736,0.12903225806451613,Bulk/Swing,,,,
2025,678894,CH,2.2965114666021638,0.058823529411764705,Mixing Starter,,,,
2025,679885,FF,1.374545192908375,0.047619047619047616,Bulk/Swing,,,,
2025,680779,CH,2.4797076717021445,0.0,Mixing Starter,,,,
2025,681051,CH,1.5991654107425068,0.11538461538461539,Bulk/Swing,,,,
2025,681184,CH,1.9378230905790834,0.05555555555555555,Bulk/Swing,,,,
2025,681857,CH,1.7826946886047361,0.16129032258064516,Bulk/Swing,,,,
2025,682796,FC,1.374545192908375,0.14285714285714285,Bulk/Swing,,,,
2025,682998,CH,2.4797076717021445,0.08196721311475409,Mixing Starter,,,,
2025,683011,CH,2.56010089119047,0.045454545454545456,Mixing Starter,,,,
2025,683510,CU,1.374545192908375,0.23809523809523808,Bulk/Swing,,,,
2025,683627,CH,1.5991654107425068,0.19230769230769232,Bulk/Swing,,,,
2025,686531,CH,1.782694688604736,0.1935483870967742,Bulk/Swing,,,,
2025,686611,CH,2.2965114666021638,0.0392156862745098,Mixing Starter,,,,
2025,686613,CH,1.782694688604736,0.0967741935483871,Bulk/Swing,,,,
2025,687287,CH,1.782694688604736,0.0967741935483871,Bulk/Swing,,,,
2025,687352,CU,1.374545192908375,0.09523809523809523,Bulk/Swing,,,,
2025,687817,FF,0.6791932659915256,0.36363636363636365,Bulk/Swing,,,,
2025,687847,CH,1.0852280400722045,0.25,Bulk/Swing,,,,
2025,687922,CH,1.5991654107425068,0.11538461538461539,Bulk/Swing,,,,
2025,687956,CH,1.0852280400722045,0.125,Bulk/Swing,,,,
2025,690464,CH,1.0852280400722045,0.375,Bulk/Swing,,,,
2025,692446,CH,1.0852280400722045,0.125,Bulk/Swing,,,,
2025,693304,CH,2.4797076717021445,0.03278688524590164,Mixing Starter,,,,
2025,694754,CH,1.374545192908375,0.14285714285714285,Bulk/Swing,,,,
2025,694900,CU,1.0852280400722045,0.25,Bulk/Swing,,,,
2025,694946,CH,1.5991654107425068,0.11538461538461539,Bulk/Swing,,,,
2025,695418,CH,1.5991654107425068,0.15384615384615385,Bulk/Swing,,,,
2025,696146,CH,1.0852280400722045,0.1875,Bulk/Swing,,,,
2025,696149,CH,1.374545192908375,0.19047619047619047,Bulk/Swing,,,,
2025,699166,FC,0.6791932659915256,0.36363636363636365,Bulk/Swing,,,,
2025,700363,CU,1.374545192908375,0.19047619047619047,Bulk/Swing,,,,
2025,700675,CH,1.5991654107425068,0.23076923076923078,Bulk/Swing,,,,
2025,701121,CH,1.5991654107425068,0.11538461538461539,Bulk/Swing,,,,
2025,702302,CH,1.782694688604736,0.06451612903225806,Bulk/Swing,,,,
2025,800765,FF,0.6791932659915256,0.45454545454545453,Bulk/Swing,,,,
2025,805234,CU,1.5991654107425068,0.15384615384615385,Bulk/Swing,,,,
2025,806077,FC,1.374545192908375,0.14285714285714285,Bulk/Swing,,,,
2025,806188,CH,1.7826946886047361,0.06451612903225806,Bulk/Swing,,,,
2025,807276,FF,0.6791932659915256,0.36363636363636365,Bulk/Swing,,,,
2025,810938,CH,2.56010089119047,0.030303030303030304,Mixing Starter,,,,
2025,815318,CH,1.5991654107425068,0.07692307692307693,Bulk/Swing,,,,
2015,346793,SI,1.2300263944172505,0.6760037348272643,High-Leverage RP,,,,
2015,346874,CH,2.174982024786157,0.6894409937888198,Bulk/Swing,,,,
2015,407822,FF,1.860270675924288,0.6439522998296422,Bulk/Swing,,,,
2015,425772,SL,2.111095851100495,0.46564885496183206,Bulk/Swing,,,,
2015,429719,FF,1.5989847974830107,0.5696804894629504,Bulk/Swing,,,,
2015,429783,FF,1.5350154573947332,0.6297229219143576,Bulk/Swing,,,,
2015,433579,CH,1.8141489000014452,0.6657917760279966,Bulk/Swing,,,,
2015,433587,CH,1.7182298353962933,0.631551901336074,Bulk/Swing,,,,
2015,445197,FF,1.2059260164659908,0.6606118546845124,High-Leverage RP,,,,
2015,450308,FF,1.9043943224287418,0.6128277153558053,Bulk/Swing,,,,
2015,452252,CH,2.3347184934562106,0.6077348066298343,Bulk/Swing,,,,
2015,452254,CH,2.0569443876239357,0.5068493150684932,Bulk/Swing,,,,
2015,456379,SL,1.2583950313980439,0.6821705426356589,High-Leverage RP,,,,
2015,456496,SL,1.1560777459770075,0.6754057428214731,High-Leverage RP,,,,
2015,456701,FF,1.8202016564945165,0.5505952380952381,Bulk/Swing,,,,
2015,457117,FF,1.5174759079256996,0.5523349436392915,Bulk/Swing,,,,
2015,457574,FF,2.0101567708822996,0.4774774774774775,Bulk/Swing,,,,
2015,457711,FF,1.7828582667457864,0.6199095022624435,Bulk/Swing,,,,
2015,457918,FF,1.7418914281671034,0.5872176838058626,Bulk/Swing,,,,
2015,460059,SI,1.7137410509932955,0.6195063214930765,Bulk/Swing,,,,
2015,461235,CH,2.177051233094387,0.5662650602409639,Bulk/Swing,,,,
2015,473879,SI,1.7120238245330286,0.5764439411098528,Bulk/Swing,,,,
2015,475857,FF,1.4838664923558877,0.5296671490593343,Bulk/Swing,,,,
2015,501800,FF,2.0253263277390317,0.5135135135135135,Bulk/Swing,,,,
2015,502023,SI,0.6791932659915256,0.2727272727272727,Bulk/Swing,,,,
2015,502166,CH,1.0869566680902718,0.6622516556291391,High-Leverage RP,,,,
2015,502523,FF,1.8724571538730097,0.5652173913043478,Bulk/Swing,,,,
2015,516416,CH,2.162336285641346,0.4900662251655629,Bulk/Swing,,,,
2015,518468,CU,1.5165741295852546,0.5885129819040126,Bulk/Swing,,,,
2015,518516,FF,1.8346169779598285,0.5420666290231507,Bulk/Swing,,,,
2015,518813,FF,1.366616049231656,0.5219885277246654,High-Leverage RP,,,,
2015,519151,FF,1.6683691629732138,0.47756874095513746,Bulk/Swing,,,,
2015,519317,CH,2.271272547959276,0.48863636363636365,Bulk/Swing,,,,
2015,520980,FF,1.4354261230947207,0.6232590529247911,High-Leverage RP,,,,
2015,523848,FF,0.6825538000062858,0.75,High-Leverage RP,,,,
2015,527038,CH,2.3348132422664856,0.5170454545454546,Bulk/Swing,,,,
2015,542914,FF,1.782052331746006,0.615343057806591,Bulk/Swing,,,,
2015,543068,CH,2.3347184934562106,0.5138121546961326,Bulk/Swing,,,,
2015,543766,FC,1.1030802331944467,0.6405622489959839,High-Leverage RP,,,,
2015,543881,SI,1.7720200481779025,0.5670731707317073,Bulk/Swing,,,,
2015,543901,CU,1.5488438303219594,0.5717255717255717,Bulk/Swing,,,,
2015,543935,SL,1.751490424707368,0.6152919927754364,Bulk/Swing,,,,
2015,544365,FF,1.562702410280751,0.6501416430594901,Bulk/Swing,,,,
2015,571740,CH,2.1274157512581735,0.7366548042704626,Bulk/Swing,,,,
2015,571800,FF,1.4250600691089637,0.6637107776261937,High-Leverage RP,,,,
2015,592518,CH,2.5540994862495046,0.6296296296296297,Bulk/Swing,,,,
2015,592665,FF,1.6770669941467056,0.5687462144155058,Bulk/Swing,,,,
2015,605200,SI,1.6346093407147124,0.5769230769230769,Bulk/Swing,,,,
2015,605894,FF,1.5372227207730296,0.6024217961654894,Bulk/Swing,,,,
2015,607067,CU,1.666036638799933,0.5782747603833865,Bulk/Swing,,,,
2015,608349,FF,1.014357938489091,0.6396648044692738,High-Leverage RP,,,,
2015,608365,CH,2.335734788849191,0.47953216374269003,Bulk/Swing,,,,
2015,608700,CH,2.23457756768385,0.5128205128205128,Bulk/Swing,,,,
2025,518595,CH,2.2965114666021638,0.0196078431372549,Mixing Starter,,,,
2025,519242,CH,1.374545192908375,0.047619047619047616,Bulk/Swing,,,,
2025,553882,CH,2.0721529997457324,0.07317073170731707,Mixing Starter,,,,
2025,553993,CH,2.56010089119047,0.045454545454545456,Mixing Starter,,,,
2025,573262,CU,2.5846338146612955,0.024691358024691357,Mixing Starter,,,,
2025,592155,CH,1.374545192908375,0.19047619047619047,Bulk/Swing,,,,
2025,602104,CH,2.4797076717021445,0.09836065573770492,Mixing Starter,,,,
2025,605346,CH,1.9378230905790836,0.1111111111111111,Mixing Starter,,,,
2025,605400,CH,1.5991654107425068,0.15384615384615385,Bulk/Swing,,,,
2025,608718,CH,1.374545192908375,0.047619047619047616,Bulk/Swing,,,,
2025,621383,CH,1.5991654107425068,0.11538461538461539,Bulk/Swing,,,,
2025,622503,CH,1.782694688604736,0.03225806451612903,Bulk/Swing,,,,
2025,641796,FF,1.374545192908375,0.19047619047619047,Bulk/Swing,,,,
2025,641927,CH,1.7826946886047361,0.12903225806451613,Bulk/Swing,,,,
2025,642201,CH,2.6345156280215596,0.04225352112676056,Mixing Starter,,,,
2025,642528,CH,1.5991654107425068,0.15384615384615385,Bulk/Swing,,,,
2025,642731,CH,2.56010089119047,0.030303030303030304,Mixing Starter,,,,
2025,656248,CH,2.0721529997457324,0.024390243902439025,Mixing Starter,,,,
2025,656420,CH,1.374545192908375,0.09523809523809523,Bulk/Swing,,,,
2025,656896,CH,2.43845433608751,0.06060606060606061,Mixing Starter,,,,
2025,657077,CH,2.3922922035346867,0.10714285714285714,Mixing Starter,,,,
2025,657746,CU,1.782694688604736,0.12903225806451613,Bulk/Swing,,,,
2025,660825,FC,1.5991654107425068,0.11538461538461539,Bulk/Swing,,,,
2025,662253,CH,1.374545192908375,0.14285714285714285,Bulk/Swing,,,,
2025,663656,CH,2.3922922035346867,0.05357142857142857,Mixing Starter,,,,
2025,663947,CH,1.7826946886047361,0.1935483870967742,Bulk/Swing,,,,
2025,663977,FF,0.6791932659915256,0.45454545454545453,Bulk/Swing,,,,
2025,664139,CH,1.782694688604736,0.0967741935483871,Bulk/Swing,,,,
2025,664353,CH,1.374545192908375,0.14285714285714285,Bulk/Swing,,,,
2025,665487,CH,2.3922922035346867,0.03571428571428571,Mixing Starter,,,,
2025,665645,CU,1.5991654107425068,0.07692307692307693,Bulk/Swing,,,,
2025,666176,CH,2.4797076717021445,0.0,Mixing Starter,,,,
2025,666703,CH,1.782694688604736,0.16129032258064516,Bulk/Swing,,,,
2025,668472,CH,1.9378230905790836,0.08333333333333333,Mixing Starter,,,,
2025,669134,CH,2.2965114666021638,0.058823529411764705,Mixing Starter,,,,
2025,669289,CH,2.56010089119047,0.045454545454545456,Mixing Starter,,,,
2025,669620,CH,1.5991654107425068,0.15384615384615385,Bulk/Swing,,,,
2025,670623,CH,2.4797076717021445,0.06557377049180328,Mixing Starter,,,,
2025,670868,CH,2.2965114666021638,0.0784313725490196,Mixing Starter,,,,
2025,671277,CH,2.6345156280215596,0.028169014084507043,Mixing Starter,,,,
2025,671737,CU,1.5991654107425068,0.0,Bulk/Swing,,,,
2025,671739,CH,2.56010089119047,0.10606060606060606,Mixing Starter,,,,
2025,675659,CU,1.0852280400722045,0.3125,Bulk/Swing,,,,
2025,676391,CH,2.6345156280215596,0.028169014084507043,Mixing Starter,,,,
2025,676395,CH,1.0852280400722045,0.1875,Bulk/Swing,,,,
2025,676467,CH,1.5991654107425068,0.19230769230769232,Bulk/Swing,,,,
2025,676475,CH,2.43845433608751,0.06060606060606061,Mixing Starter,,,,
2025,676617,CH,1.374545192908375,0.09523809523809523,Bulk/Swing,,,,
2025,677943,CH,2.0721529997457324,0.17073170731707318,Bulk/Swing,,,,
2025,677951,CH,2.5601008911904697,0.030303030303030304,Mixing Starter,,,,
2025,679200,CH,1.374545192908375,0.3333333333333333,Bulk/Swing,,,,
2025,679775,CH,1.0852280400722045,0.0,Bulk/Swing,,,,
2025,681402,CH,1.374545192908375,0.19047619047619047,Bulk/Swing,,,,
2025,681916,CU,1.5991654107425068,0.038461538461538464,Bulk/Swing,,,,
2025,682707,CH,0.6791932659915256,0.8181818181818182,High-Leverage RP,,,,
2025,683953,FC,1.5991654107425068,0.11538461538461539,Bulk/Swing,,,,
2025,684007,CU,1.782694688604736,0.0967741935483871,Bulk/Swing,,,,
2025,685001,CH,1.374545192908375,0.14285714285714285,Bulk/Swing,,,,
2025,685126,CH,1.374545192908375,0.14285714285714285,Bulk/Swing,,,,
2025,685301,CH,2.0721529997457324,0.0975609756097561,Mixing Starter,,,,
2025,687625,CH,1.9378230905790836,0.08333333333333333,Mixing Starter,,,,
2025,687798,CH,1.0852280400722045,0.375,Bulk/Swing,,,,
2025,687888,CH,1.5991654107425068,0.11538461538461539,Bulk/Swing,,,,
2025,688642,FC,1.5991654107425068,0.07692307692307693,Bulk/Swing,,,,
2025,689172,CH,2.3922922035346867,0.05357142857142857,Mixing Starter,,,,
2025,689254,FC,1.0852280400722045,0.25,Bulk/Swing,,,,
2025,690382,FC,1.3745451929083752,0.14285714285714285,Bulk/Swing,,,,
2025,690976,CH,2.2707644962731686,0.2857142857142857,Bulk/Swing,,,,
2025,694185,FF,1.0852280400722045,0.3125,Bulk/Swing,,,,
2025,694186,CH,1.374545192908375,0.09523809523809523,Bulk/Swing,,,,
2025,694378,FF,0.6791932659915256,0.2727272727272727,Bulk/Swing,,,,
2025,694514,CH,1.5991654107425068,0.15384615384615385,Bulk/Swing,,,,
2025,694738,CH,1.5991654107425068,0.15384615384615385,Bulk/Swing,,,,
2025,694819,CH,1.374545192908375,0.2857142857142857,Bulk/Swing,,,,
2025,695299,FC,0.6791932659915256,0.6363636363636364,High-Leverage RP,,,,
2025,695391,CH,2.3922922035346867,0.03571428571428571,Mixing Starter,,,,
2025,695505,CH,1.782694688604736,0.0967741935483871,Bulk/Swing,,,,
2025,695521,CH,2.0721529997457324,0.07317073170731707,Mixing Starter,,,,
2025,699127,CH,1.782694688604736,0.03225806451612903,Bulk/Swing,,,,
2025,702315,CH,1.9378230905790836,0.08333333333333333,Mixing Starter,,,,
2025,702616,CH,2.56010089119047,0.015151515151515152,Mixing Starter,,,,
2025,800203,CH,1.0852280400722045,0.3125,Bulk/Swing,,,,
2025,800724,CU,1.5991654107425068,0.2692307692307692,Bulk/Swing,,,,
2025,805796,CU,1.374545192908375,0.19047619047619047,Bulk/Swing,,,,
2025,814280,SI,0.6791932659915256,0.45454545454545453,Bulk/Swing,,,,
2025,814291,CH,1.5991654107425068,0.11538461538461539,Bulk/Swing,,,,
2025,815464,FF,0.6791932659915256,0.45454545454545453,Bulk/Swing,,,,
2025,815793,CH,1.782694688604736,0.1935483870967742,Bulk/Swing,,,,
2025,592848,FC,1.0852280400722045,0.125,Bulk/Swing,,,,
2025,683344,FC,1.0852280400722045,0.25,Bulk/Swing,,,,
2025,695692,CU,0.6791932659915256,0.2727272727272727,Bulk/Swing,,,,
2025,806191,FF,0.6791932659915256,0.45454545454545453,Bulk/Swing,,,,
2025,605447,FF,0.6791932659915256,0.36363636363636365,Bulk/Swing,,,,
2025,656464,FF,1.0852280400722045,0.0625,Bulk/Swing,,,,
2025,657612,FF,1.0852280400722045,0.4375,Bulk/Swing,,,,
2025,691437,FC,0.6791932659915256,0.2727272727272727,Bulk/Swing,,,,
2025,700731,CU,0.6791932659915256,0.5454545454545454,High-Leverage RP,,,,
2025,702878,CU,1.0852280400722045,0.1875,Bulk/Swing,,,,
2015,516935,SI,1.0978912788159936,0.5558912386706949,High-Leverage RP,,,,
2025,643511,SI,0.6791932659915256,0.36363636363636365,Bulk/Swing,,,,
2025,681123,CU,1.374545192908375,0.19047619047619047,Bulk/Swing,,,,
2025,694829,FF,0.6791932659915256,0.2727272727272727,Bulk/Swing,,,,
2025,700032,FF,-0.0,1.0,High-Leverage RP,,,,
2025,668860,SI,0.6791932659915256,0.5454545454545454,High-Leverage RP,,,,
2025,669993,CU,0.6791932659915256,0.18181818181818182,Bulk/Swing,,,,
2025,690448,CU,1.0852280400722045,0.125,Bulk/Swing,,,,
2025,690925,FF,0.6791932659915256,0.5454545454545454,High-Leverage RP,,,,
2025,814458,CH,0.6791932659915256,0.5454545454545454,High-Leverage RP,,,,
2025,660613,SI,0.6791932659915256,0.36363636363636365,Bulk/Swing,,,,
2025,691669,SI,-0.0,1.0,High-Leverage RP,,,,
2025,676502,SI,-0.0,1.0,High-Leverage RP,,,,
2025,656883,SI,-0.0,1.0,High-Leverage RP,,,,
2025,702222,FC,-0.0,1.0,High-Leverage RP,,,,
2025,622491,CH,1.374545192908375,0.14285714285714285,Bulk/Swing,,,,
2025,656945,CH,1.0852280400722045,0.3125,Bulk/Swing,,,,
2025,663568,CH,1.9378230905790836,0.1111111111111111,Mixing Starter,,,,
2025,670541,CH,2.3922922035346867,0.07142857142857142,Mixing Starter,,,,
2025,671289,CH,2.4797076717021445,0.03278688524590164,Mixing Starter,,,,
2025,681146,FA,2.6840279511478604,0.012345679012345678,Mixing Starter,,,,
2025,686810,CH,1.9378230905790836,0.1388888888888889,Mixing Starter,,,,
2025,686830,CH,1.0852280400722045,0.1875,Bulk/Swing,,,,
2025,695501,FC,1.782694688604736,0.0967741935483871,Bulk/Swing,,,,
2025,699625,CH,2.0721529997457324,0.12195121951219512,Mixing Starter,,,,
2025,806394,CH,1.0852280400722045,0.3125,Bulk/Swing,,,,
2025,814413,CH,1.782694688604736,0.12903225806451613,Bulk/Swing,,,,
2015,435622,CH,2.2855576831889968,0.38596491228070173,Bulk/Swing,,,,
2015,444446,FF,1.3438548247033775,0.5489443378119002,High-Leverage RP,,,,
2015,461325,FF,1.3720051009410446,0.6339541547277937,High-Leverage RP,,,,
2015,476451,FF,1.7727913767395629,0.5973843998131714,Bulk/Swing,,,,
2015,488862,CH,2.3815156675500964,0.44086021505376344,Bulk/Swing,,,,
2015,501992,FF,1.2801598919870156,0.6536833192209992,High-Leverage RP,,,,
2015,519169,FF,1.3222004550600697,0.5498938428874734,High-Leverage RP,,,,
2015,543742,CH,2.145124175649091,0.44370860927152317,Bulk/Swing,,,,
2015,594986,FF,1.5735148276479607,0.5846394984326019,Bulk/Swing,,,,
2015,605169,FF,0.7685610782949731,0.6986817325800376,High-Leverage RP,,,,
2015,608336,CH,2.1735138538515697,0.5761589403973509,Bulk/Swing,,,,
2015,425657,SI,1.4873793540771163,0.5684754521963824,Bulk/Swing,,,,
2015,434665,SI,1.7087154570533682,0.5545350172215844,Bulk/Swing,,,,
2015,449107,CH,2.1462785637908635,0.6538461538461539,Bulk/Swing,,,,
2015,489119,FF,1.6063386230879315,0.7006985491671145,Bulk/Swing,,,,
2015,493596,CH,2.426192539623879,0.5510204081632653,Bulk/Swing,,,,
2015,502261,CH,2.177051233094387,0.5542168674698795,Bulk/Swing,,,,
2015,506693,SI,1.8272229044270663,0.5855704697986577,Bulk/Swing,,,,
2015,541652,FF,1.2751495026670576,0.6089385474860335,High-Leverage RP,,,,
2015,572182,FF,1.9983518935784559,0.5621890547263682,Bulk/Swing,,,,
2015,573627,CH,2.1783167127478693,0.5266903914590747,Bulk/Swing,,,,
2015,594940,FF,1.9508336295500168,0.6312056737588653,Bulk/Swing,,,,
2025,592696,CH,1.782694688604736,0.0967741935483871,Bulk/Swing,,,,
2025,641355,CH,2.4797076717021445,0.03278688524590164,Mixing Starter,,,,
2025,642759,CH,0.6791932659915256,0.45454545454545453,Bulk/Swing,,,,
2025,663584,CH,2.190596802970671,0.021739130434782608,Mixing Starter,,,,
2025,664199,CH,1.5991654107425068,0.11538461538461539,Bulk/Swing,,,,
2025,670231,CH,2.4797076717021445,0.03278688524590164,Mixing Starter,,,,
2025,677960,CH,1.5991654107425068,0.11538461538461539,Bulk/Swing,,,,
2025,692150,CU,1.5991654107425068,0.038461538461538464,Bulk/Swing,,,,
2025,694193,FC,1.374545192908375,0.23809523809523808,Bulk/Swing,,,,
2025,694298,FC,1.0852280400722045,0.4375,Bulk/Swing,,,,
2025,700932,CH,2.3922922035346867,0.03571428571428571,Mixing Starter,,,,
2025,815653,CU,1.0852280400722045,0.25,Bulk/Swing,,,,
2015,407893,CH,2.3087703537990656,0.7914110429447853,Bulk/Swing,,,,
2015,408241,FF,1.8302695041019652,0.6400911161731208,Bulk/Swing,,,,
2015,435221,FF,1.5032054197468818,0.6478405315614618,Bulk/Swing,,,,
2015,453286,FF,1.6743256810149292,0.6286876907426246,Bulk/Swing,,,,
2015,457926,SI,2.129572061937296,0.4482758620689655,Bulk/Swing,,,,
2015,488818,FF,1.870221133728601,0.5348837209302325,Bulk/Swing,,,,
2015,518626,CH,2.36910267722603,0.5459183673469388,Bulk/Swing,,,,
2015,554340,FF,1.4911081825225692,0.5686433793663688,Bulk/Swing,,,,
2015,572038,FF,0.958859424138,0.6600467289719626,High-Leverage RP,,,,
2015,592879,FF,1.3738906747135573,0.5859375,High-Leverage RP,,,,
2025,571466,EP,2.190596802970671,0.06521739130434782,Mixing Starter,,,,
2025,642727,CH,1.873179489619525,0.13725490196078433,Bulk/Swing,,,,
2025,677008,CH,2.3922922035346867,0.07142857142857142,Mixing Starter,,,,
2025,680996,CU,1.374545192908375,0.23809523809523808,Bulk/Swing,,,,
2025,691019,CH,2.2965114666021638,0.0,Mixing Starter,,,,
2025,801406,FF,0.6791932659915256,0.5454545454545454,High-Leverage RP,,,,
2015,408242,FC,1.757698486276278,0.4868421052631579,Bulk/Swing,,,,
2015,501245,SL,1.7470638178518492,0.4098360655737705,Bulk/Swing,,,,
2015,547973,FF,1.2183415160759132,0.6389588581024349,High-Leverage RP,,,,
2015,553878,FF,1.3932618882008891,0.5733610822060354,High-Leverage RP,,,,
2015,598264,FF,1.3711868232774502,0.5878693623639192,High-Leverage RP,,,,
2025,645302,CH,2.190596802970671,0.06521739130434782,Mixing Starter,,,,
2025,663993,CH,2.6345156280215596,0.028169014084507043,Mixing Starter,,,,
2025,669127,CH,2.4797076717021445,0.09836065573770492,Mixing Starter,,,,
2025,671111,CH,1.5991654107425068,0.23076923076923078,Bulk/Swing,,,,
2025,691023,CH,2.2965114666021638,0.0,Mixing Starter,,,,
2025,691182,CH,2.285299877481216,0.25,Bulk/Swing,,,,
2025,691406,CH,2.56010089119047,0.045454545454545456,Mixing Starter,,,,
2025,800176,SI,0.6791932659915256,0.09090909090909091,Bulk/Swing,,,,
2025,703177,CU,0.6791932659915256,0.6363636363636364,High-Leverage RP,,,,
2025,815083,CH,1.0852280400722045,0.25,Bulk/Swing,,,,
2025,687282,FF,-0.0,1.0,High-Leverage RP,,,,
2025,467793,CH,2.4582674669088345,0.16216216216216217,Bulk/Swing,,,,
2025,502043,CH,1.9378230905790836,0.05555555555555555,Mixing Starter,,,,
2025,547179,CH,1.9378230905790836,0.1111111111111111,Mixing Starter,,,,
2025,666159,CU,1.374545192908375,0.14285714285714285,Bulk/Swing,,,,
2025,669387,CU,1.9378230905790836,0.08333333333333333,Mixing Starter,,,,
2025,678882,CH,2.6345156280215596,0.04225352112676056,Mixing Starter,,,,
2025,679777,CH,1.374545192908375,0.14285714285714285,Bulk/Swing,,,,
2025,691442,CH,1.374545192908375,0.23809523809523808,Bulk/Swing,,,,
2025,694249,CH,1.782694688604736,0.0967741935483871,Bulk/Swing,,,,
2025,695481,FC,1.374545192908375,0.14285714285714285,Bulk/Swing,,,,
2025,804668,CH,2.0721529997457324,0.12195121951219512,Mixing Starter,,,,
2015,115629,FF,1.533528479628036,0.6186511240632806,Bulk/Swing,,,,
2015,433584,FF,1.4999733492836793,0.6409048067860509,Bulk/Swing,,,,
2015,434137,CU,1.3552910926546486,0.5824175824175825,High-Leverage RP,,,,
2015,452666,FF,1.7256208891030336,0.6132914704343275,Bulk/Swing,,,,
2015,488852,FC,2.2169704661953076,0.5,Bulk/Swing,,,,
2015,547749,FF,1.5650371655711035,0.636617749825297,Bulk/Swing,,,,
2015,572138,CH,2.0673314866457524,0.5267175572519084,Bulk/Swing,,,,
2015,136600,SI,1.8087799989771767,0.5907473309608541,Bulk/Swing,,,,
2015,453400,CH,2.1737641121142817,0.5769230769230769,Bulk/Swing,,,,
2015,457454,FF,2.0335876567010525,0.6597510373443983,Bulk/Swing,,,,
2015,571584,SL,1.3253635701927062,0.5353356890459364,High-Leverage RP,,,,
2015,607385,CH,2.0668842234234086,0.46099290780141844,Bulk/Swing,,,,
2015,608671,FF,2.0580059937384774,0.4264705882352941,Bulk/Swing,,,,
2025,548384,CH,1.374545192908375,0.09523809523809523,Bulk/Swing,,,,
2025,571946,FF,1.374545192908375,0.2857142857142857,Bulk/Swing,,,,
2025,608665,CH,1.5991654107425068,0.15384615384615385,Bulk/Swing,,,,
2025,621512,CU,2.127699379017182,0.07142857142857142,Mixing Starter,,,,
2025,624503,FF,1.0852280400722045,0.1875,Bulk/Swing,,,,
2025,665052,CH,2.3922922035346867,0.08928571428571429,Mixing Starter,,,,
2025,665804,CH,2.4797076717021445,0.03278688524590164,Mixing Starter,,,,
2025,669004,CH,2.190596802970671,0.08695652173913043,Mixing Starter,,,,
2025,676510,CH,1.374545192908375,0.14285714285714285,Bulk/Swing,,,,
2025,681481,CH,2.3922922035346867,0.017857142857142856,Mixing Starter,,,,
2025,687830,CH,1.5991654107425068,0.07692307692307693,Bulk/Swing,,,,
2025,690544,FC,1.3745451929083752,0.14285714285714285,Bulk/Swing,,,,
2025,691094,CH,1.5991654107425068,0.07692307692307693,Bulk/Swing,,,,
2025,694689,CU,1.5991654107425068,0.15384615384615385,Bulk/Swing,,,,
2025,695491,CH,1.374545192908375,0.2857142857142857,Bulk/Swing,,,,
2015,400085,CH,2.2131998884905797,0.5507246376811594,Bulk/Swing,,,,
2015,425386,FF,1.9105289189108408,0.6695205479452054,Bulk/Swing,,,,
2015,453311,CH,1.7178314950136384,0.6663479923518164,Bulk/Swing,,,,
2015,489039,SI,1.1727286289902137,0.5224719101123596,High-Leverage RP,,,,
2015,489334,SI,1.4480755068628741,0.5323383084577115,High-Leverage RP,,,,
2015,501983,CH,2.271272547959276,0.6477272727272727,Bulk/Swing,,,,
2015,504186,FF,1.4886730481732675,0.5552208835341366,Bulk/Swing,,,,
2015,592274,CH,1.6893737695953923,0.42424242424242425,Bulk/Swing,,,,
2025,571760,CH,1.782694688604736,0.12903225806451613,Bulk/Swing,,,,
2025,578428,CH,2.2965114666021638,0.0392156862745098,Mixing Starter,,,,
2025,592332,FF,1.374545192908375,0.14285714285714285,Bulk/Swing,,,,
2025,595751,CH,2.0721529997457324,0.04878048780487805,Mixing Starter,,,,
2025,641313,CH,2.190596802970671,0.08695652173913043,Mixing Starter,,,,
2025,641584,CH,2.56010089119047,0.09090909090909091,Mixing Starter,,,,
2025,662914,CH,1.374545192908375,0.14285714285714285,Bulk/Swing,,,,
2025,668723,CH,2.0721529997457324,0.04878048780487805,Mixing Starter,,,,
2025,671913,FC,0.6791932659915256,0.09090909090909091,Bulk/Swing,,,,
2025,682144,FF,1.374545192908375,0.23809523809523808,Bulk/Swing,,,,
2025,685326,CH,1.5991654107425068,0.23076923076923078,Bulk/Swing,,,,
2025,690986,CH,1.5991654107425068,0.23076923076923078,Bulk/Swing,,,,
2025,701392,FF,0.6791932659915256,0.36363636363636365,Bulk/Swing,,,,
2015,435043,SI,1.731745658062181,0.6336206896551724,Bulk/Swing,,,,
2015,447755,FF,1.4194554293837534,0.651685393258427,High-Leverage RP,,,,
2015,454560,FS,2.1783426091712226,0.5031055900621118,Bulk/Swing,,,,
2015,460008,FF,1.3072121122648979,0.6018957345971564,High-Leverage RP,,,,
2015,488721,CH,2.1737641121142817,0.5,Bulk/Swing,,,,
2015,502042,FF,1.1962554857544236,0.6690363349131122,High-Leverage RP,,,,
2015,543278,FF,1.5763756589208568,0.5632424877707897,Bulk/Swing,,,,
2015,543391,FF,1.4547372296867516,0.592436974789916,High-Leverage RP,,,,
2025,471911,CH,1.7826946886047361,0.16129032258064516,Bulk/Swing,,,,
2025,472610,FF,1.5991654107425068,0.038461538461538464,Bulk/Swing,,,,
2025,534910,CU,1.0852280400722045,0.25,Bulk/Swing,,,,
2025,596146,CH,2.6345156280215596,0.014084507042253521,Mixing Starter,,,,
2025,607680,CH,2.190596802970671,0.10869565217391304,Mixing Starter,,,,
2025,607732,CH,2.43845433608751,0.06060606060606061,Mixing Starter,,,,
2025,620443,CH,2.500103670690571,0.037037037037037035,Mixing Starter,,,,
2025,621057,FC,1.374545192908375,0.2857142857142857,Bulk/Swing,,,,
2025,621242,CH,1.0852280400722045,0.25,Bulk/Swing,,,,
2025,641154,CH,1.7826946886047361,0.16129032258064516,Bulk/Swing,,,,
2025,656557,FF,1.374545192908375,0.38095238095238093,Bulk/Swing,,,,
2025,663474,CU,1.0852280400722045,0.1875,Bulk/Swing,,,,
2025,667463,CH,1.5991654107425068,0.15384615384615385,Bulk/Swing,,,,
2025,676440,CH,1.7826946886047361,0.06451612903225806,Bulk/Swing,,,,
2025,676812,CH,2.190596802970671,0.08695652173913043,Mixing Starter,,,,
2025,677958,CH,1.782694688604736,0.12903225806451613,Bulk/Swing,,,,
2025,681172,FF,-0.0,1.0,High-Leverage RP,,,,
2025,683227,CH,2.4797076717021445,0.01639344262295082,Mixing Starter,,,,
2025,686894,CH,2.2965114666021638,0.13725490196078433,Mixing Starter,,,,
2025,687166,CU,1.374545192908375,0.09523809523809523,Bulk/Swing,,,,
2025,689355,FF,1.0852280400722045,0.3125,Bulk/Swing,,,,
2025,691186,CH,1.0852280400722045,0.1875,Bulk/Swing,,,,
2025,694065,SI,0.6791932659915256,0.45454545454545453,Bulk/Swing,,,,
2025,694200,CH,1.0852280400722045,0.4375,Bulk/Swing,,,,
2025,694369,SI,0.6791932659915256,0.45454545454545453,Bulk/Swing,,,,
2025,695612,FC,1.374545192908375,0.14285714285714285,Bulk/Swing,,,,
2025,687248,SI,0.6791932659915256,0.2727272727272727,Bulk/Swing,,,,
2025,804645,SI,0.6791932659915256,0.5454545454545454,High-Leverage RP,,,,
2025,802531,CU,0.6791932659915256,0.36363636363636365,Bulk/Swing,,,,
2025,703725,CH,1.374545192908375,0.19047619047619047,Bulk/Swing,,,,
2015,452234,CH,2.3106462360190934,0.6081871345029239,Bulk/Swing,,,,
2015,608672,CH,2.054919502522324,0.5531914893617021,Bulk/Swing,,,,
2015,425543,CH,1.8150648354627148,0.5572139303482587,Bulk/Swing,,,,
2015,605509,CH,2.022534126897913,0.4264705882352941,Bulk/Swing,,,,
2015,607387,CH,1.9186585254699025,0.5289256198347108,Bulk/Swing,,,,
2015,608648,KC,1.5440145717212117,0.5227882037533512,Bulk/Swing,,,,
2025,518886,CH,1.374545192908375,0.2857142857142857,Bulk/Swing,,,,
2025,678011,FA,2.4797076717021445,0.04918032786885246,Mixing Starter,,,,
2025,687202,CU,1.0852280400722045,0.25,Bulk/Swing,,,,
2025,700681,CH,1.782694688604736,0.03225806451612903,Bulk/Swing,,,,
2015,434658,CH,2.478725157913602,0.5,Bulk/Swing,,,,
2015,518568,FF,2.137955541696668,0.5886524822695035,Bulk/Swing,,,,
2015,543242,FF,1.294937219685858,0.5817195972114639,High-Leverage RP,,,,
2015,547982,CH,2.5076236125393443,0.5549738219895288,Bulk/Swing,,,,
2015,450665,FF,1.3848993109670213,0.6669980119284294,High-Leverage RP,,,,
2015,476595,SL,1.5570019351609274,0.4731182795698925,Bulk/Swing,,,,
2025,702273,CH,1.5991654107425068,0.15384615384615385,Bulk/Swing,,,,
2025,686930,CH,1.374545192908375,0.047619047619047616,Bulk/Swing,,,,
2025,656537,CH,2.4797076717021445,0.03278688524590164,Mixing Starter,,,,
2025,663968,CH,2.5297542181017594,0.19827586206896552,Bulk/Swing,,,,
2025,669459,FC,1.0852280400722045,0.375,Bulk/Swing,,,,
2025,686958,FF,0.6791932659915256,0.45454545454545453,Bulk/Swing,,,,
2015,571787,FF,1.4907808822223905,0.6211812627291242,Bulk/Swing,,,,
2015,593643,SI,2.115279141721671,0.5634920634920635,Bulk/Swing,,,,
2025,571510,CH,1.5991654107425068,0.11538461538461539,Bulk/Swing,,,,
2025,669137,CU,1.5991654107425068,0.0,Bulk/Swing,,,,
2025,701548,CH,1.5991654107425068,0.11538461538461539,Bulk/Swing,,,,
2025,800311,CU,1.374545192908375,0.2857142857142857,Bulk/Swing,,,,
2025,802504,CH,1.374545192908375,0.09523809523809523,Bulk/Swing,,,,
2015,435044,SI,1.4393799419204494,0.5959595959595959,High-Leverage RP,,,,
2015,595001,FF,1.8224047129525007,0.5360915492957746,Bulk/Swing,,,,
2015,518764,CU,1.7501860456183933,0.48659003831417624,Bulk/Swing,,,,
2025,669203,CH,1.782694688604736,0.06451612903225806,Bulk/Swing,,,,
2025,701860,CH,1.782694688604736,0.06451612903225806,Bulk/Swing,,,,
2025,804240,SI,-0.0,1.0,High-Leverage RP,,,,
2025,570482,CH,2.4797076717021445,0.04918032786885246,Mixing Starter,,,,
2025,642585,FC,1.5991654107425068,0.15384615384615385,Bulk/Swing,,,,
2015,461872,FF,0.9395792524667766,0.632183908045977,High-Leverage RP,,,,
2015,425492,FF,1.3899677929220484,0.6929945054945055,High-Leverage RP,,,,
2015,519222,FF,1.3424442327573418,0.23076923076923078,Bulk/Swing,,,,
2015,546318,CH,2.301568690680006,0.4578313253012048,Bulk/Swing,,,,
2015,592710,FC,2.337165775642662,0.46794871794871795,Bulk/Swing,,,,
2015,430832,CH,2.404287813295063,0.5816326530612245,Bulk/Swing,,,,
2015,543408,FF,1.7542812539997283,0.639344262295082,Bulk/Swing,,,,
2025,677060,CH,1.9378230905790836,0.08333333333333333,Mixing Starter,,,,
2015,424825,CH,2.177303059874906,0.640625,Bulk/Swing,,,,
2015,466988,FF,2.0811338004326303,0.6635071090047393,Bulk/Swing,,,,
2015,488846,SI,1.6944804945043024,0.6257634647418101,Bulk/Swing,,,,
2025,693832,FC,1.374545192908375,0.09523809523809523,Bulk/Swing,,,,
2025,670059,FC,1.782694688604736,0.1935483870967742,Bulk/Swing,,,,
2025,685045,FF,1.374545192908375,0.19047619047619047,Bulk/Swing,,,,
2025,694497,CH,2.5601008911904697,0.06060606060606061,Mixing Starter,,,,
2025,621458,CH,1.782694688604736,0.06451612903225806,Bulk/Swing,,,,
2025,660853,CH,1.0852280400722045,0.25,Bulk/Swing,,,,
2025,666711,FF,1.0852280400722045,0.0,Bulk/Swing,,,,
2015,543359,FF,1.324836855383349,0.5930979133226324,High-Leverage RP,,,,
2015,594838,CH,2.054919502522324,0.574468085106383,Bulk/Swing,,,,
2025,670042,CH,2.6345156280215596,0.04225352112676056,Mixing Starter,,,,
2025,671284,CH,2.3922922035346867,0.05357142857142857,Mixing Starter,,,,
2025,663855,FF,1.5991654107425068,0.15384615384615385,Bulk/Swing,,,,
2025,676551,CH,1.0852280400722045,0.0,Bulk/Swing,,,,
2025,682877,FF,1.8956405559238863,0.17391304347826086,Bulk/Swing,,,,
2025,655889,FF,1.0852280400722045,0.0625,Bulk/Swing,,,,
2015,543261,CU,1.5265685184537046,0.4781704781704782,Bulk/Swing,,,,
2015,425877,CH,2.3912447453865293,0.42105263157894735,Bulk/Swing,,,,
2015,570560,SI,2.2098437601279786,0.6405693950177936,Bulk/Swing,,,,
2015,519083,CH,2.2452584285052786,0.6549707602339181,Bulk/Swing,,,,
2015,596142,FF,1.2973017369684954,0.3076923076923077,Bulk/Swing,,,,
2025,666148,CU,1.374545192908375,0.19047619047619047,Bulk/Swing,,,,
2015,435263,CH,2.5540994862495046,0.5138888888888888,Bulk/Swing,,,,
2015,502117,CH,1.9205011037446083,0.6746031746031746,Bulk/Swing,,,,
2025,677007,CH,1.7826946886047361,0.12903225806451613,Bulk/Swing,,,,
2025,686554,CH,2.2965114666021638,0.09803921568627451,Mixing Starter,,,,
2015,542454,SI,2.2789340085195913,0.5313653136531366,Bulk/Swing,,,,
2015,621281,FC,1.5180595730322286,0.6114911080711354,Bulk/Swing,,,,
2025,663743,CH,2.3922922035346867,0.0,Mixing Starter,,,,
2025,681867,CH,1.374545192908375,0.047619047619047616,Bulk/Swing,,,,
2015,543105,CH,1.7628850734593162,0.39285714285714285,Bulk/Swing,,,,
2015,542303,CH,2.301568690680006,0.46987951807228917,Bulk/Swing,,,,
2025,592351,CH,1.374545192908375,0.14285714285714285,Bulk/Swing,,,,
2015,451085,FF,1.6171054046978321,0.5844716031631919,Bulk/Swing,,,,
2015,605304,FF,1.7144051533692632,0.5604606525911708,Bulk/Swing,,,,
2015,518633,FF,1.6904896404851633,0.605344295991778,Bulk/Swing,,,,
2015,594835,FF,1.0688557055822145,0.5936254980079682,High-Leverage RP,,,,
2015,648737,FF,1.4484554182416545,0.5879682179341658,High-Leverage RP,,,,
2025,669707,EP,2.56010089119047,0.0,Mixing Starter,,,,
2015,592314,FF,1.6509284036332057,0.6245662734212353,Bulk/Swing,,,,
2025,493329,CH,2.190596802970671,0.043478260869565216,Mixing Starter,,,,
2015,400089,FF,1.575161634910459,0.6206896551724138,Bulk/Swing,,,,
2025,457705,CH,2.3922922035346867,0.03571428571428571,Mixing Starter,,,,
2025,669020,CH,1.374545192908375,0.2857142857142857,Bulk/Swing,,,,
2015,460003,CH,1.5953781075091722,0.5774647887323944,Bulk/Swing,,,,
2025,661395,FF,1.374545192908375,0.14285714285714285,Bulk/Swing,,,,
2025,669391,CH,1.9378230905790836,0.027777777777777776,Mixing Starter,,,,
2025,689557,FC,1.0852280400722045,0.1875,Bulk/Swing,,,,
2025,669302,CU,1.5991654107425068,0.07692307692307693,Bulk/Swing,,,,
2025,801881,FC,1.0852280400722045,0.25,Bulk/Swing,,,,
2025,691785,CH,2.4797076717021445,0.03278688524590164,Mixing Starter,,,,
2015,475416,SI,1.2774601967193544,0.6581782566111655,High-Leverage RP,,,,
2025,623167,CH,1.782694688604736,0.03225806451612903,Bulk/Swing,,,,
2015,453646,SL,1.791643972739659,0.6080550098231827,Bulk/Swing,,,,
2015,452678,CH,2.509559356389043,0.6832844574780058,Bulk/Swing,,,,
2025,680684,CH,1.5991654107425068,0.11538461538461539,Bulk/Swing,,,,
2025,694475,CH,1.374545192908375,0.2857142857142857,Bulk/Swing,,,,
2025,678391,CH,2.190596802970671,0.021739130434782608,Mixing Starter,,,,
2025,702103,CH,1.5991654107425068,0.038461538461538464,Bulk/Swing,,,,
2025,676946,FF,1.374545192908375,0.14285714285714285,Bulk/Swing,,,,
2015,435064,CH,2.223755972983506,0.5833333333333334,Bulk/Swing,,,,
2015,611093,FF,1.4106904255613217,0.47854077253218885,High-Leverage RP,,,,
2015,514913,CH,2.335734788849191,0.52046783625731,Bulk/Swing,,,,
2015,543063,CH,2.280871363597434,0.5340909090909091,Bulk/Swing,,,,
2015,523989,FF,1.7719297377551717,0.6284101599247413,Bulk/Swing,,,,
2015,544993,FF,1.2503359313222857,0.63915857605178,High-Leverage RP,,,,
2025,593958,CH,1.9378230905790836,0.05555555555555555,Mixing Starter,,,,
2015,408047,CH,2.270346981335376,0.6140350877192983,Bulk/Swing,,,,
2015,592836,FF,1.727052045601364,0.5985953538627768,Bulk/Swing,,,,
2015,548337,FF,1.703476165956527,0.6139630390143738,Bulk/Swing,,,,
2025,543294,CH,1.5991654107425068,0.15384615384615385,Bulk/Swing,,,,
2025,656484,CH,2.2965114666021638,0.09803921568627451,Mixing Starter,,,,
2015,150229,CH,2.286943556025376,0.6910994764397905,Bulk/Swing,,,,
2015,285064,FF,1.7082791528361432,0.6996904024767802,Bulk/Swing,,,,
2015,285078,CH,2.1872248281120754,0.572289156626506,Bulk/Swing,,,,
2015,407862,SL,2.00633073011567,0.4725274725274725,Bulk/Swing,,,,
2015,425549,CH,2.162336285641346,0.6026490066225165,Bulk/Swing,,,,
2015,425567,CH,2.3348132422664856,0.5909090909090909,Bulk/Swing,,,,
2015,425840,SL,1.3464812619897668,0.6430401366353544,High-Leverage RP,,,,
2015,430203,CH,2.474658085433129,0.5510204081632653,Bulk/Swing,,,,
2015,430404,CU,2.16902837396689,0.5844155844155844,Bulk/Swing,,,,
2015,434718,SI,1.2700280194454392,0.6399622997172478,High-Leverage RP,,,,
2015,435623,SL,1.8966188624329645,0.2549019607843137,Bulk/Swing,,,,
2015,444843,CH,2.245258428505279,0.5789473684210527,Bulk/Swing,,,,
2015,444857,CU,1.640377778727562,0.6522318454363758,Bulk/Swing,,,,
2015,448802,SL,1.8559234067979768,0.6181455633100698,Bulk/Swing,,,,
2015,450172,SI,1.5151015056320005,0.7055503292568204,Bulk/Swing,,,,
2015,450729,SI,1.7875611541187786,0.6149789029535865,Bulk/Swing,,,,
2015,452672,SI,2.262264563922035,0.5364238410596026,Bulk/Swing,,,,
2015,453329,SI,1.7824988563423865,0.6164672765657987,Bulk/Swing,,,,
2015,453568,CH,2.2443967593960408,0.6024096385542169,Bulk/Swing,,,,
2015,457762,SL,1.524966712480916,0.5535714285714286,Bulk/Swing,,,,
2015,457788,FF,2.0506777766955873,0.5537190082644629,Bulk/Swing,,,,
2015,475174,CH,2.2443967593960408,0.4397590361445783,Bulk/Swing,,,,
2015,475247,CH,2.3687918945531,0.4375,Bulk/Swing,,,,
2015,475582,CH,2.36799529550013,0.41361256544502617,Bulk/Swing,,,,
2015,488912,CH,2.1037326842518977,0.49645390070921985,Bulk/Swing,,,,
2015,489305,CH,2.0000147692322834,0.45689655172413796,Bulk/Swing,,,,
2015,491696,FF,1.9179935852435999,0.40202702702702703,Bulk/Swing,,,,
2015,493114,CH,2.1462785637908635,0.6025641025641025,Bulk/Swing,,,,
2015,500891,SL,1.093639938926923,0.6335403726708074,High-Leverage RP,,,,
2015,502239,SI,1.6783945470106536,0.6149341142020498,Bulk/Swing,,,,
2015,514669,FF,1.218825091860169,0.5606060606060606,High-Leverage RP,,,,
2015,516769,SL,1.780342583439296,0.5514018691588785,Bulk/Swing,,,,
2015,518863,FF,1.4326399616108663,0.5663189269746647,High-Leverage RP,,,,
2015,519096,SI,1.6617867956753587,0.6164095371669004,Bulk/Swing,,,,
2015,542908,FF,0.9888252503713348,0.23076923076923078,Bulk/Swing,,,,
2015,542994,CH,2.301568690680006,0.5843373493975904,Bulk/Swing,,,,
2015,543094,CH,1.499260916498506,0.6595744680851063,Bulk/Swing,,,,
2015,543213,FC,2.4405905833306454,0.48295454545454547,Bulk/Swing,,,,
2015,543434,CH,2.4264602879456296,0.5870646766169154,Bulk/Swing,,,,
2015,543706,SI,2.2430195681811447,0.5342465753424658,Bulk/Swing,,,,
2015,543883,SL,1.481396091238255,0.5983935742971888,Bulk/Swing,,,,
2015,544369,CH,2.469185348210745,0.572139303482587,Bulk/Swing,,,,
2015,545341,CH,2.244406116714405,0.546583850931677,Bulk/Swing,,,,
2015,570267,CH,2.1339466074388675,0.5298013245033113,Bulk/Swing,,,,
2015,571448,CH,2.271272547959276,0.6193181818181818,Bulk/Swing,,,,
2015,571656,FF,1.6682070828773095,0.6368805848903331,Bulk/Swing,,,,
2015,571704,FF,1.1283528297632424,0.6424474187380497,High-Leverage RP,,,,
2015,571771,CH,2.244406116714405,0.5590062111801242,Bulk/Swing,,,,
2015,571875,CH,2.2339185218504913,0.5527950310559007,Bulk/Swing,,,,
2015,571951,FF,1.5359454948098563,0.576427255985267,Bulk/Swing,,,,
2015,572180,CH,2.164510586882556,0.48936170212765956,Bulk/Swing,,,,
2015,572821,CH,2.4898526294767565,0.5728155339805825,Bulk/Swing,,,,
2015,572971,SL,1.6613778584920054,0.6237721021611002,Bulk/Swing,,,,
2015,592261,CH,2.367763666284401,0.6187845303867403,Bulk/Swing,,,,
2015,592767,FC,1.3304759684513172,0.6448598130841121,High-Leverage RP,,,,
2015,592885,CH,2.3117422856976946,0.572289156626506,Bulk/Swing,,,,
2015,593871,FF,1.9205242704062497,0.6036036036036037,Bulk/Swing,,,,
2015,594742,FF,1.642808818737709,0.5776081424936387,Bulk/Swing,,,,
2015,594987,SI,1.0773943148170995,0.6144578313253012,High-Leverage RP,,,,
2015,595014,SI,1.3871551266325013,0.595003785011355,High-Leverage RP,,,,
2015,596057,FF,1.4524434850889847,0.5993449781659389,High-Leverage RP,,,,
2015,607074,SL,1.3889447974286542,0.6338329764453962,High-Leverage RP,,,,
2015,608701,CH,2.0000147692322834,0.3879310344827586,Bulk/Swing,,,,
2025,543309,CH,2.7037791242722005,0.0,Mixing Starter,,,,
2025,543877,CH,2.4797076717021445,0.03278688524590164,Mixing Starter,,,,
2025,621020,CH,2.5601008911904697,0.015151515151515152,Mixing Starter,,,,
2025,621051,CH,1.374545192908375,0.23809523809523808,Bulk/Swing,,,,
2025,624424,CH,2.4797076717021445,0.03278688524590164,Mixing Starter,,,,
2025,641302,FF,1.566086194679753,0.1935483870967742,Bulk/Swing,,,,
2025,641511,CH,1.5991654107425068,0.07692307692307693,Bulk/Swing,,,,
2025,641540,CH,1.782694688604736,0.0,Bulk/Swing,,,,
2025,641656,FF,1.0852280400722045,0.375,Bulk/Swing,,,,
2025,641943,CH,2.2965114666021638,0.0784313725490196,Mixing Starter,,,,
2025,642016,CH,1.5991654107425068,0.07692307692307693,Bulk/Swing,,,,
2025,656986,FF,1.0852280400722045,0.4375,Bulk/Swing,,,,
2025,660757,CH,2.2965114666021638,0.0392156862745098,Mixing Starter,,,,
2025,661403,FC,1.0852280400722045,0.3125,Bulk/Swing,,,,
2025,663457,CH,2.4797076717021445,0.0,Mixing Starter,,,,
2025,663604,CH,2.56010089119047,0.06060606060606061,Mixing Starter,,,,
2025,665648,FF,0.6791932659915256,0.6363636363636364,High-Leverage RP,,,,
2025,668820,CU,1.5991654107425068,0.038461538461538464,Bulk/Swing,,,,
2025,668885,CH,2.2965114666021638,0.0196078431372549,Mixing Starter,,,,
2025,668930,CH,2.7037791242722005,0.013157894736842105,Mixing Starter,,,,
2025,669065,CH,2.56010089119047,0.030303030303030304,Mixing Starter,,,,
2025,669145,CU,1.782694688604736,0.0967741935483871,Bulk/Swing,,,,
2025,669224,CH,2.3922922035346867,0.017857142857142856,Mixing Starter,,,,
2025,669364,CH,2.38218651923676,0.2169811320754717,Bulk/Swing,,,,
2025,669456,CH,1.5991654107425068,0.038461538461538464,Bulk/Swing,,,,
2025,670174,CH,1.5991654107425068,0.038461538461538464,Bulk/Swing,,,,
2025,670970,CH,1.782694688604736,0.12903225806451613,Bulk/Swing,,,,
2025,671096,CH,1.5991654107425068,0.2692307692307692,Bulk/Swing,,,,
2025,673995,CH,1.5991654107425068,0.11538461538461539,Bulk/Swing,,,,
2025,676059,CH,2.4797076717021445,0.01639344262295082,Mixing Starter,,,,
2025,676113,CH,2.0721529997457324,0.07317073170731707,Mixing Starter,,,,
2025,676879,CH,1.5991654107425068,0.038461538461538464,Bulk/Swing,,,,
2025,677605,CH,2.0721529997457324,0.024390243902439025,Mixing Starter,,,,
2025,677673,CH,1.374545192908375,0.19047619047619047,Bulk/Swing,,,,
2025,677870,CH,2.1905968029706706,0.021739130434782608,Mixing Starter,,,,
2025,677976,CH,1.374545192908375,0.14285714285714285,Bulk/Swing,,,,
2025,678010,CH,1.7826946886047361,0.0,Bulk/Swing,,,,
2025,678246,CH,2.56010089119047,0.06060606060606061,Mixing Starter,,,,
2025,680732,CH,1.5991654107425068,0.15384615384615385,Bulk/Swing,,,,
2025,681415,SI,0.6791932659915256,0.2727272727272727,Bulk/Swing,,,,
2025,682171,CH,1.374545192908375,0.14285714285714285,Bulk/Swing,,,,
2025,682634,CH,1.7826946886047361,0.03225806451612903,Bulk/Swing,,,,
2025,682942,CH,1.5991654107425068,0.11538461538461539,Bulk/Swing,,,,
2025,683766,EP,2.584633814661296,0.07407407407407407,Mixing Starter,,,,
2025,684712,CH,0.6791932659915256,0.36363636363636365,Bulk/Swing,,,,
2025,686463,CU,1.5991654107425068,0.15384615384615385,Bulk/Swing,,,,
2025,686563,CH,1.5991654107425068,0.11538461538461539,Bulk/Swing,,,,
2025,686826,CH,1.782694688604736,0.22580645161290322,Bulk/Swing,,,,
2025,687263,CH,2.4797076717021445,0.01639344262295082,Mixing Starter,,,,
2025,687859,CH,2.3922922035346867,0.10714285714285714,Mixing Starter,,,,
2025,688162,CH,1.0852280400722045,0.375,Bulk/Swing,,,,
2025,690914,CH,1.5991654107425068,0.038461538461538464,Bulk/Swing,,,,
2025,690928,CU,1.782694688604736,0.0967741935483871,Bulk/Swing,,,,
2025,692238,CU,1.374545192908375,0.19047619047619047,Bulk/Swing,,,,
2025,694381,FF,1.0852280400722045,0.25,Bulk/Swing,,,,
2025,694646,CU,1.782694688604736,0.06451612903225806,Bulk/Swing,,,,
2025,694660,FC,1.374545192908375,0.19047619047619047,Bulk/Swing,,,,
2025,695445,CH,1.374545192908375,0.14285714285714285,Bulk/Swing,,,,
2025,696270,FC,1.5991654107425068,0.15384615384615385,Bulk/Swing,,,,
2025,699073,CH,1.7222295092877518,0.2391304347826087,Bulk/Swing,,,,
2025,699229,CU,1.0852280400722045,0.3125,Bulk/Swing,,,,
2025,700669,CH,1.5991654107425068,0.11538461538461539,Bulk/Swing,,,,
2025,701581,CH,1.374545192908375,0.19047619047619047,Bulk/Swing,,,,
2025,701682,SI,0.6791932659915256,0.2727272727272727,Bulk/Swing,,,,
2025,702332,CH,2.6345156280215596,0.014084507042253521,Mixing Starter,,,,
2025,703151,FC,1.0852280400722045,0.125,Bulk/Swing,,,,
2025,703159,SI,-0.0,1.0,High-Leverage RP,,,,
2025,703715,CU,0.6791932659915256,0.18181818181818182,Bulk/Swing,,,,
2025,800051,FF,1.0852280400722045,0.25,Bulk/Swing,,,,
2025,801430,CH,1.374545192908375,0.047619047619047616,Bulk/Swing,,,,
2025,804858,CU,0.6791932659915256,0.6363636363636364,High-Leverage RP,,,,
2025,805808,CH,1.7826946886047361,0.0967741935483871,Bulk/Swing,,,,
2025,808767,FC,1.5991654107425068,0.07692307692307693,Bulk/Swing,,,,
2025,457759,CH,2.4797076717021445,0.03278688524590164,Mixing Starter,,,,
2025,518585,FF,1.374545192908375,0.14285714285714285,Bulk/Swing,,,,
2025,518692,CH,2.4797076717021445,0.03278688524590164,Mixing Starter,,,,
2025,521692,CH,2.6345156280215596,0.056338028169014086,Mixing Starter,,,,
2025,547180,CH,2.4797076717021445,0.04918032786885246,Mixing Starter,,,,
2025,571970,CH,2.6345156280215596,0.014084507042253521,Mixing Starter,,,,
2025,572143,CU,1.374545192908375,0.09523809523809523,Bulk/Swing,,,,
2025,592192,CH,2.2965114666021638,0.09803921568627451,Mixing Starter,,,,
2025,606992,CH,2.4797076717021445,0.01639344262295082,Mixing Starter,,,,
2025,606996,CH,1.782694688604736,0.06451612903225806,Bulk/Swing,,,,
2025,608638,SI,0.6791932659915256,0.2727272727272727,Bulk/Swing,,,,
2025,612434,CH,1.0852280400722045,0.375,Bulk/Swing,,,,
2025,622534,CH,2.0721529997457324,0.04878048780487805,Mixing Starter,,,,
2025,623474,CH,1.782694688604736,0.03225806451612903,Bulk/Swing,,,,
2025,640902,FF,2.367909739353766,0.08196721311475409,Mixing Starter,,,,
2025,650556,CH,1.374545192908375,0.2857142857142857,Bulk/Swing,,,,
2025,650911,CH,1.0852280400722045,0.375,Bulk/Swing,,,,
2025,656180,CH,2.3922922035346867,0.03571428571428571,Mixing Starter,,,,
2025,656786,CU,1.5991654107425068,0.19230769230769232,Bulk/Swing,,,,
2025,657656,CH,2.56010089119047,0.045454545454545456,Mixing Starter,,,,
2025,662139,CH,2.2965114666021638,0.0196078431372549,Mixing Starter,,,,
2025,663462,CU,1.5991654107425068,0.07692307692307693,Bulk/Swing,,,,
2025,663465,CH,1.5991654107425068,0.15384615384615385,Bulk/Swing,,,,
2025,663616,CH,2.2965114666021638,0.058823529411764705,Mixing Starter,,,,
2025,663795,CH,1.374545192908375,0.19047619047619047,Bulk/Swing,,,,
2025,663804,CH,1.374545192908375,0.3333333333333333,Bulk/Swing,,,,
2025,665862,CH,2.4797076717021445,0.08196721311475409,Mixing Starter,,,,
2025,666121,FC,1.0852280400722045,0.375,Bulk/Swing,,,,
2025,666183,FC,1.0852280400722045,0.1875,Bulk/Swing,,,,
2025,666198,CH,1.9378230905790836,0.1388888888888889,Mixing Starter,,,,
2025,666659,CH,1.374545192908375,0.14285714285714285,Bulk/Swing,,,,
2025,668670,FA,2.5382451862771225,0.028169014084507043,Mixing Starter,,,,
2025,668901,CH,2.4797076717021445,0.08196721311475409,Mixing Starter,,,,
2025,668904,CH,2.2965114666021638,0.058823529411764705,Mixing Starter,,,,
2025,669236,CH,2.2965114666021638,0.058823529411764705,Mixing Starter,,,,
2025,669398,CH,2.190596802970671,0.043478260869565216,Mixing Starter,,,,
2025,669467,FF,1.5991654107425068,0.15384615384615385,Bulk/Swing,,,,
2025,669724,CH,1.374545192908375,0.2857142857142857,Bulk/Swing,,,,
2025,670329,CH,1.374545192908375,0.047619047619047616,Bulk/Swing,,,,
2025,670950,CH,1.0852280400722045,0.375,Bulk/Swing,,,,
2025,672578,FF,1.782694688604736,0.0967741935483871,Bulk/Swing,,,,
2025,672782,CH,1.9378230905790836,0.1111111111111111,Mixing Starter,,,,
2025,672851,CH,1.374545192908375,0.047619047619047616,Bulk/Swing,,,,
2025,675448,CH,1.9378230905790836,0.1111111111111111,Mixing Starter,,,,
2025,676249,CH,1.374545192908375,0.14285714285714285,Bulk/Swing,,,,
2025,676263,CU,1.0852280400722045,0.125,Bulk/Swing,,,,
2025,676508,CU,1.5991654107425068,0.19230769230769232,Bulk/Swing,,,,
2025,676545,CU,1.0852280400722045,0.125,Bulk/Swing,,,,
2025,676609,CH,2.5763717181808774,0.011627906976744186,Mixing Starter,,,,
2025,676701,CH,2.2493041475364706,0.017857142857142856,Mixing Starter,,,,
2025,677956,CH,2.190596802970671,0.021739130434782608,Mixing Starter,,,,
2025,678024,CH,1.7826946886047361,0.1935483870967742,Bulk/Swing,,,,
2025,679821,CH,1.0852280400722045,0.375,Bulk/Swing,,,,
2025,680474,CH,2.56010089119047,0.015151515151515152,Mixing Starter,,,,
2025,680777,CH,2.4797076717021445,0.03278688524590164,Mixing Starter,,,,
2025,680837,CU,2.236452978194116,0.03278688524590164,Mixing Starter,,,,
2025,681134,CH,1.782694688604736,0.16129032258064516,Bulk/Swing,,,,
2025,682515,SL,1.9071179567552692,0.07317073170731707,Bulk/Swing,,,,
2025,682799,FF,0.6791932659915256,0.45454545454545453,Bulk/Swing,,,,
2025,686642,CH,1.5991654107425068,0.15384615384615385,Bulk/Swing,,,,
2025,686960,FC,0.6791932659915256,0.2727272727272727,Bulk/Swing,,,,
2025,687069,FC,1.782694688604736,0.16129032258064516,Bulk/Swing,,,,
2025,687075,CH,1.7826946886047361,0.0967741935483871,Bulk/Swing,,,,
2025,687473,CH,1.9378230905790836,0.16666666666666666,Bulk/Swing,,,,
2025,687985,CH,1.0852280400722045,0.1875,Bulk/Swing,,,,
2025,690443,FF,1.0852280400722045,0.1875,Bulk/Swing,,,,
2025,690993,CH,2.3922922035346867,0.05357142857142857,Mixing Starter,,,,
2025,694217,FF,1.0852280400722045,0.125,Bulk/Swing,,,,
2025,694355,CU,1.374545192908375,0.14285714285714285,Bulk/Swing,,,,
2025,694477,CH,1.9378230905790836,0.1388888888888889,Mixing Starter,,,,
2025,695578,CH,2.4797076717021445,0.01639344262295082,Mixing Starter,,,,
2025,695603,CH,1.9378230905790836,0.027777777777777776,Mixing Starter,,,,
2025,699232,CU,1.0852280400722045,0.125,Bulk/Swing,,,,
2025,702258,CH,2.0721529997457324,0.1951219512195122,Bulk/Swing,,,,
2025,801194,CU,1.5991654107425068,0.19230769230769232,Bulk/Swing,,,,
2025,801870,CH,1.0852280400722045,0.1875,Bulk/Swing,,,,
2025,801938,FF,0.6791932659915256,0.45454545454545453,Bulk/Swing,,,,
2025,803011,CH,1.782694688604736,0.16129032258064516,Bulk/Swing,,,,
2025,804446,CH,1.7826946886047361,0.0,Bulk/Swing,,,,
2025,805871,CH,1.374545192908375,0.23809523809523808,Bulk/Swing,,,,
2025,806146,FF,1.0852280400722045,0.125,Bulk/Swing,,,,
2025,806230,CU,1.5991654107425068,0.11538461538461539,Bulk/Swing,,,,
2025,806288,CH,1.782694688604736,0.22580645161290322,Bulk/Swing,,,,
2025,806585,FC,1.0852280400722045,0.1875,Bulk/Swing,,,,
2025,807957,CU,0.6791932659915256,0.36363636363636365,Bulk/Swing,,,,
2025,815043,FC,1.0852280400722045,0.375,Bulk/Swing,,,,
2025,815589,FF,0.6791932659915256,0.2727272727272727,Bulk/Swing,,,,
2015,121347,CH,2.555151157938095,0.5924170616113744,Bulk/Swing,,,,
2015,285079,KN,1.1969741914647887,0.6985845129059117,High-Leverage RP,,,,
2015,424325,CU,1.9749270792488907,0.6704980842911877,Bulk/Swing,,,,
2015,425532,FC,1.9657730415515493,0.6343906510851419,Bulk/Swing,,,,
2015,425557,CH,2.0322892108075985,0.4628099173553719,Bulk/Swing,,,,
2015,425834,CH,2.162336285641346,0.5033112582781457,Bulk/Swing,,,,
2015,430605,CH,1.9658600051109787,0.5652173913043478,Bulk/Swing,,,,
2015,434442,SI,1.242265784802696,0.66921768707483,High-Leverage RP,,,,
2015,434622,SI,1.7446993067376186,0.6565970679697912,Bulk/Swing,,,,
2015,446099,FF,1.3232085725715304,0.6174863387978142,High-Leverage RP,,,,
2015,448170,CH,2.0108446147516745,0.5454545454545454,Bulk/Swing,,,,
2015,449079,FF,1.5775842677510203,0.4896373056994819,Bulk/Swing,,,,
2015,451713,FF,2.026722426033669,0.5238095238095238,Bulk/Swing,,,,
2015,451775,FF,1.4714328398090468,0.5711906744379683,Bulk/Swing,,,,
2015,452733,SL,1.467881759797477,0.680278019113814,High-Leverage RP,,,,
2015,456071,SI,1.519311709315026,0.6326352530541012,Bulk/Swing,,,,
2015,457789,CH,1.768254019693311,0.5416666666666666,Bulk/Swing,,,,
2015,458708,FF,1.736102856718451,0.5901262916188289,Bulk/Swing,,,,
2015,460060,CU,2.1298176305644163,0.5917721518987342,Bulk/Swing,,,,
2015,460701,FF,1.8829159577109849,0.6280729579698652,Bulk/Swing,,,,
2015,461314,CH,2.0789207039271886,0.5962732919254659,Bulk/Swing,,,,
2015,467070,FF,2.097052257411817,0.6203007518796992,Bulk/Swing,,,,
2015,474463,SI,1.7348269886223682,0.6376083979917846,Bulk/Swing,,,,
2015,475115,FF,1.8521723324330885,0.5882352941176471,Bulk/Swing,,,,
2015,476454,FF,1.219840506558307,0.644082332761578,High-Leverage RP,,,,
2015,477003,SI,1.834916587354622,0.6016350798959494,Bulk/Swing,,,,
2015,489446,FF,1.3645188801780392,0.5984095427435387,High-Leverage RP,,,,
2015,492841,FF,1.7485911943040144,0.5955882352941176,Bulk/Swing,,,,
2015,499864,FF,1.7916787407654329,0.4225352112676056,Bulk/Swing,,,,
2015,500207,FF,2.006423116492991,0.42574257425742573,Bulk/Swing,,,,
2015,500779,FF,1.6958321143548414,0.5918367346938775,Bulk/Swing,,,,
2015,502032,FF,1.502935597691993,0.5964802011313639,Bulk/Swing,,,,
2015,502082,CH,2.4040967111542937,0.5392670157068062,Bulk/Swing,,,,
2015,502202,FF,1.392535638930792,0.6157804459691252,High-Leverage RP,,,,
2015,502264,SI,1.4427341432859064,0.5633802816901409,High-Leverage RP,,,,
2015,502517,CH,2.24689271131082,0.5056818181818182,Bulk/Swing,,,,
2015,518420,FF,1.7437083736195307,0.5251677852348994,Bulk/Swing,,,,
2015,519023,FF,1.9097397807717982,0.6306306306306306,Bulk/Swing,,,,
2015,519076,FF,1.7824517409609169,0.567524115755627,Bulk/Swing,,,,
2015,519203,CH,2.3728035033770865,0.4861878453038674,Bulk/Swing,,,,
2015,519229,SL,1.3073889661595008,0.48344370860927155,High-Leverage RP,,,,
2015,519299,CH,2.4058486762052773,0.5303867403314917,Bulk/Swing,,,,
2015,519326,FF,1.5230245704917234,0.6252302025782689,Bulk/Swing,,,,
2015,527055,SI,1.3822642714304667,0.5539358600583091,High-Leverage RP,,,,
2015,543257,FF,2.058681982206629,0.5602094240837696,Bulk/Swing,,,,
2015,543506,FF,1.3942568978833827,0.609942638623327,High-Leverage RP,,,,
2015,543557,FF,1.5406152567272182,0.6132315521628499,Bulk/Swing,,,,
2015,543829,CH,2.3117422856976946,0.572289156626506,Bulk/Swing,,,,
2015,544759,FF,1.5207436509558125,0.549949545913219,Bulk/Swing,,,,
2015,544925,CH,2.180605439991117,0.6095890410958904,Bulk/Swing,,,,
2015,545346,SL,1.5789925823606439,0.5862068965517241,Bulk/Swing,,,,
2015,547874,SI,1.8777790573486501,0.6149490373725934,Bulk/Swing,,,,
2015,571439,FF,1.1816855795106214,0.5894568690095847,High-Leverage RP,,,,
2015,572041,CH,2.218557052289593,0.5060240963855421,Bulk/Swing,,,,
2015,572122,CH,2.3965135642934423,0.43646408839779005,Bulk/Swing,,,,
2015,572888,SI,1.8630987672451507,0.5849056603773585,Bulk/Swing,,,,
2015,573109,FF,1.682816248447096,0.5571507454445058,Bulk/Swing,,,,
2015,573135,CH,2.23457756768385,0.532051282051282,Bulk/Swing,,,,
2015,592135,FF,1.3984413368926685,0.5543278084714549,High-Leverage RP,,,,
2015,592663,CH,2.4042878132950634,0.4846938775510204,Bulk/Swing,,,,
2015,605113,CH,2.300768385042617,0.5614035087719298,Bulk/Swing,,,,
2015,605218,FF,0.9541449469641881,0.6056910569105691,High-Leverage RP,,,,
2015,605227,SI,2.168344493011997,0.40425531914893614,Bulk/Swing,,,,
2015,605288,SI,1.2631111916742142,0.5067873303167421,High-Leverage RP,,,,
2015,605347,FF,1.4976780310460582,0.49789915966386555,Bulk/Swing,,,,
2015,607054,CH,2.3983539365736957,0.4090909090909091,Bulk/Swing,,,,
2015,607359,FF,1.3985613248491071,0.5579227696404794,High-Leverage RP,,,,
2015,607776,CU,1.9164437536727532,0.4774774774774775,Bulk/Swing,,,,
2015,611177,CH,2.0685021452290653,0.5136986301369864,Bulk/Swing,,,,
2015,622663,FF,1.5043429654800162,0.5619834710743802,Bulk/Swing,,,,
2015,628356,CH,2.1770512330943874,0.5301204819277109,Bulk/Swing,,,,
2015,648717,CH,2.068502145229065,0.5068493150684932,Bulk/Swing,,,,
2025,455119,FC,1.5991654107425068,0.11538461538461539,Bulk/Swing,,,,
2025,502671,CH,2.56010089119047,0.07575757575757576,Mixing Starter,,,,
2025,545361,CH,2.5601008911904697,0.06060606060606061,Mixing Starter,,,,
2025,553869,CH,2.56010089119047,0.06060606060606061,Mixing Starter,,,,
2025,554430,CU,1.782694688604736,0.12903225806451613,Bulk/Swing,,,,
2025,572204,CH,1.7826946886047361,0.12903225806451613,Bulk/Swing,,,,
2025,596271,CH,1.9378230905790836,0.1388888888888889,Mixing Starter,,,,
2025,596295,CH,1.782694688604736,0.0967741935483871,Bulk/Swing,,,,
2025,605242,CH,1.7826946886047361,0.0967741935483871,Bulk/Swing,,,,
2025,606115,CH,2.190596802970671,0.10869565217391304,Mixing Starter,,,,
2025,608070,CH,2.5297542181017594,0.20689655172413793,Bulk/Swing,,,,
2025,608371,CU,1.9378230905790836,0.1388888888888889,Mixing Starter,,,,
2025,608566,CH,1.5991654107425068,0.11538461538461539,Bulk/Swing,,,,
2025,624133,CH,1.782694688604736,0.03225806451612903,Bulk/Swing,,,,
2025,640451,CU,1.374545192908375,0.047619047619047616,Bulk/Swing,,,,
2025,641598,CH,2.4797076717021445,0.04918032786885246,Mixing Starter,,,,
2025,641745,CH,1.5991654107425068,0.19230769230769232,Bulk/Swing,,,,
2025,642133,EP,2.5846338146612955,0.037037037037037035,Mixing Starter,,,,
2025,642215,EP,2.5213167503563056,0.028169014084507043,Mixing Starter,,,,
2025,642232,CH,1.5991654107425068,0.15384615384615385,Bulk/Swing,,,,
2025,642701,CH,1.5991654107425068,0.19230769230769232,Bulk/Swing,,,,
2025,643377,CH,1.7826946886047361,0.12903225806451613,Bulk/Swing,,,,
2025,645261,CH,1.5991654107425068,0.15384615384615385,Bulk/Swing,,,,
2025,656629,CH,1.374545192908375,0.23809523809523808,Bulk/Swing,,,,
2025,657277,CH,1.5991654107425068,0.2692307692307692,Bulk/Swing,,,,
2025,660162,CH,2.4469666295694656,0.2358490566037736,Bulk/Swing,,,,
2025,660271,CU,2.428216821926566,0.0625,Mixing Starter,,,,
2025,660761,CH,1.5991654107425068,0.23076923076923078,Bulk/Swing,,,,
2025,660821,CH,2.6345156280215596,0.014084507042253521,Mixing Starter,,,,
2025,660896,CH,1.5991654107425068,0.2692307692307692,Bulk/Swing,,,,
2025,663423,CH,2.0721529997457324,0.17073170731707318,Bulk/Swing,,,,
2025,663586,CH,2.3922922035346867,0.08928571428571429,Mixing Starter,,,,
2025,663658,CH,1.7826946886047361,0.16129032258064516,Bulk/Swing,,,,
2025,663697,CH,2.56010089119047,0.015151515151515152,Mixing Starter,,,,
2025,663773,FF,1.374545192908375,0.23809523809523808,Bulk/Swing,,,,
2025,666200,CH,1.5991654107425068,0.11538461538461539,Bulk/Swing,,,,
2025,666364,CH,1.374545192908375,0.0,Bulk/Swing,,,,
2025,666969,CH,2.56010089119047,0.09090909090909091,Mixing Starter,,,,
2025,668678,CH,1.9378230905790836,0.08333333333333333,Mixing Starter,,,,
2025,669461,CH,1.9378230905790836,0.1388888888888889,Mixing Starter,,,,
2025,670167,CH,1.5991654107425068,0.038461538461538464,Bulk/Swing,,,,
2025,670280,CU,1.0852280400722045,0.3125,Bulk/Swing,,,,
2025,670764,CH,2.38218651923676,0.14150943396226415,Mixing Starter,,,,
2025,671212,FF,1.374545192908375,0.09523809523809523,Bulk/Swing,,,,
2025,671305,FF,1.0852280400722045,0.1875,Bulk/Swing,,,,
2025,672515,CH,2.2965114666021638,0.058823529411764705,Mixing Starter,,,,
2025,672761,CH,2.529754218101759,0.28448275862068967,Bulk/Swing,,,,
2025,675961,CH,1.9378230905790836,0.08333333333333333,Mixing Starter,,,,
2025,676356,CH,2.2965114666021638,0.0784313725490196,Mixing Starter,,,,
2025,676604,CH,1.782694688604736,0.03225806451612903,Bulk/Swing,,,,
2025,676684,CH,1.374545192908375,0.09523809523809523,Bulk/Swing,,,,
2025,676881,CH,1.0852280400722045,0.25,Bulk/Swing,,,,
2025,676961,CH,1.9378230905790836,0.08333333333333333,Mixing Starter,,,,
2025,678022,CH,1.5991654107425068,0.15384615384615385,Bulk/Swing,,,,
2025,680911,CH,2.2965114666021638,0.0392156862745098,Mixing Starter,,,,
2025,681098,FF,0.6791932659915256,0.45454545454545453,Bulk/Swing,,,,
2025,681168,CH,1.374545192908375,0.047619047619047616,Bulk/Swing,,,,
2025,681198,CH,2.0721529997457324,0.07317073170731707,Mixing Starter,,,,
2025,681909,FC,1.374545192908375,0.14285714285714285,Bulk/Swing,,,,
2025,682265,FF,1.0852280400722045,0.3125,Bulk/Swing,,,,
2025,682840,CH,1.374545192908375,0.047619047619047616,Bulk/Swing,,,,
2025,683384,CH,1.374545192908375,0.23809523809523808,Bulk/Swing,,,,
2025,683454,CH,1.374545192908375,0.09523809523809523,Bulk/Swing,,,,
2025,686639,FC,0.6791932659915256,0.5454545454545454,High-Leverage RP,,,,
2025,687431,CH,1.7826946886047361,0.06451612903225806,Bulk/Swing,,,,
2025,690985,CH,1.5991654107425068,0.3076923076923077,Bulk/Swing,,,,
2025,691783,CH,2.3922922035346867,0.10714285714285714,Mixing Starter,,,,
2025,694025,CH,1.782694688604736,0.06451612903225806,Bulk/Swing,,,,
2025,694208,CH,2.2965114666021638,0.0784313725490196,Mixing Starter,,,,
2025,694271,CH,1.5991654107425068,0.15384615384615385,Bulk/Swing,,,,
2025,694304,CU,1.5991654107425068,0.15384615384615385,Bulk/Swing,,,,
2025,694377,CH,2.1905968029706706,0.043478260869565216,Mixing Starter,,,,
2025,695462,CH,1.5991654107425068,0.07692307692307693,Bulk/Swing,,,,
2025,695549,CH,1.7826946886047361,0.0967741935483871,Bulk/Swing,,,,
2025,700246,CH,2.3922922035346867,0.07142857142857142,Mixing Starter,,,,
2025,701689,FC,0.6791932659915256,0.5454545454545454,High-Leverage RP,,,,
2025,702070,CH,1.5991654107425068,0.15384615384615385,Bulk/Swing,,,,
2025,703607,CU,0.6791932659915256,0.36363636363636365,Bulk/Swing,,,,
2025,800440,CU,1.5991654107425068,0.038461538461538464,Bulk/Swing,,,,
2025,801403,CH,1.782694688604736,0.0967741935483871,Bulk/Swing,,,,
2025,803475,FF,1.0852280400722045,0.1875,Bulk/Swing,,,,
2025,806960,CH,1.374545192908375,0.09523809523809523,Bulk/Swing,,,,
2025,806983,CH,1.782694688604736,0.0967741935483871,Bulk/Swing,,,,
2025,811289,SI,1.0852280400722045,0.3125,Bulk/Swing,,,,
2025,812470,FF,1.0852280400722045,0.3125,Bulk/Swing,,,,
2025,815154,CH,1.782694688604736,0.06451612903225806,Bulk/Swing,,,,
2025,821270,FF,1.0852280400722045,0.25,Bulk/Swing,,,,
2015,134181,CH,2.544184527507559,0.6262135922330098,Bulk/Swing,,,,
2015,217096,CU,1.3844687041024546,0.7012448132780082,High-Leverage RP,,,,
2015,346797,SL,1.7293875687695737,0.545816733067729,Bulk/Swing,,,,
2015,407908,FF,1.1976234155451881,0.6699314397649363,High-Leverage RP,,,,
2015,425796,CH,2.062686553295431,0.5476190476190477,Bulk/Swing,,,,
2015,425900,FF,2.157491190405068,0.601593625498008,Bulk/Swing,,,,
2015,445213,SI,1.3818627216037276,0.5887445887445888,High-Leverage RP,,,,
2015,449181,CH,2.145124175649091,0.5562913907284768,Bulk/Swing,,,,
2015,453064,CH,2.24689271131082,0.5568181818181818,Bulk/Swing,,,,
2015,453344,FF,1.8253196146355233,0.5264026402640264,Bulk/Swing,,,,
2015,457429,FF,1.1565922503058643,0.628519527702089,High-Leverage RP,,,,
2015,457803,SL,2.259875329793572,0.52046783625731,Bulk/Swing,,,,
2015,460086,CH,2.453824380552326,0.5863874345549738,Bulk/Swing,,,,
2015,462382,SI,1.4815761916271861,0.6571845368344275,Bulk/Swing,,,,
2015,467785,FF,1.457358494115025,0.629582806573957,High-Leverage RP,,,,
2015,468396,FF,1.6445494757521324,0.5733489187609585,Bulk/Swing,,,,
2015,471865,CH,2.24689271131082,0.6534090909090909,Bulk/Swing,,,,
2015,472551,SI,1.7252288081224334,0.5876906318082789,Bulk/Swing,,,,
2015,474443,CH,2.1040972570497827,0.4863013698630137,Bulk/Swing,,,,
2015,477195,CH,1.992197721110811,0.4792243767313019,Bulk/Swing,,,,
2015,488771,CH,2.510699156466016,0.44660194174757284,Bulk/Swing,,,,
2015,493472,CH,2.1334525705652707,0.4794520547945205,Bulk/Swing,,,,
2015,500724,FF,1.3336367277375385,0.5646551724137931,High-Leverage RP,,,,
2015,501571,CH,2.344053605368045,0.6022099447513812,Bulk/Swing,,,,
2015,502026,FF,1.4455977804484794,0.5858516483516484,High-Leverage RP,,,,
2015,502409,FF,1.95126468607563,0.3956043956043956,Bulk/Swing,,,,
2015,502522,FF,1.1074167625734859,0.6120689655172413,High-Leverage RP,,,,
2015,515052,FF,1.6333790249245315,0.5197368421052632,Bulk/Swing,,,,
2015,516809,CH,2.022534126897913,0.6176470588235294,Bulk/Swing,,,,
2015,518542,FF,1.7600517696851914,0.5308641975308642,Bulk/Swing,,,,
2015,518934,CH,2.2452584285052786,0.5497076023391813,Bulk/Swing,,,,
2015,518953,CH,2.1182148557412623,0.46825396825396826,Bulk/Swing,,,,
2015,542340,FF,2.2008945316530073,0.5939849624060151,Bulk/Swing,,,,
2015,542888,FF,1.3305944202041338,0.5420560747663551,High-Leverage RP,,,,
2015,543045,FF,1.3208625273139278,0.5707196029776674,High-Leverage RP,,,,
2015,543054,FF,1.6819472359487733,0.6092814371257484,Bulk/Swing,,,,
2015,543734,SI,1.79385541150406,0.6330935251798561,Bulk/Swing,,,,
2015,571467,SL,1.7383694009588972,0.42857142857142855,Bulk/Swing,,,,
2015,571476,CH,1.5254580547486036,0.5720338983050848,Bulk/Swing,,,,
2015,572021,SI,0.9506887946706739,0.5648148148148148,High-Leverage RP,,,,
2015,572308,FF,1.0839599561772764,0.5514950166112956,High-Leverage RP,,,,
2015,572403,FF,1.5030616240686419,0.5777511961722488,Bulk/Swing,,,,
2015,573244,FF,1.528541057079774,0.44886363636363635,Bulk/Swing,,,,
2015,576397,CH,2.2342231643783523,0.6385542168674698,Bulk/Swing,,,,
2015,592102,FF,1.2992369000727786,0.6693914623069936,High-Leverage RP,,,,
2015,592533,FF,1.560879685054706,0.5925563173359452,Bulk/Swing,,,,
2015,592626,CH,2.2729234226189785,0.6243093922651933,Bulk/Swing,,,,
2015,592677,FF,1.0727278050321845,0.6294765840220385,High-Leverage RP,,,,
2015,592826,FF,1.5683537446692526,0.5436802973977695,Bulk/Swing,,,,
2015,594809,CH,2.502100672596698,0.4786729857819905,Bulk/Swing,,,,
2015,594988,FF,2.029115701624291,0.45544554455445546,Bulk/Swing,,,,
2015,595005,FC,2.019189171269331,0.5258620689655172,Bulk/Swing,,,,
2015,598271,FF,1.0804384610790805,0.5319148936170213,High-Leverage RP,,,,
2015,605135,SI,1.6442754524237748,0.5607287449392713,Bulk/Swing,,,,
2015,605388,FF,1.4570795427925847,0.5834218916046758,High-Leverage RP,,,,
2015,607374,SI,1.4972726301515014,0.6068012752391073,Bulk/Swing,,,,
2015,607405,SL,1.0359384939026564,0.5041322314049587,High-Leverage RP,,,,
2015,621408,FF,1.2494859232067272,0.6205035971223022,High-Leverage RP,,,,
2015,621439,FF,2.0580059937384774,0.49264705882352944,Bulk/Swing,,,,
2025,458677,FC,1.374545192908375,0.14285714285714285,Bulk/Swing,,,,
2025,514888,CH,2.2965114666021638,0.058823529411764705,Mixing Starter,,,,
2025,542932,EP,2.4250463086118685,0.0,Mixing Starter,,,,
2025,571912,FA,2.43845433608751,0.06060606060606061,Mixing Starter,,,,
2025,571927,CH,1.5991654107425068,0.07692307692307693,Bulk/Swing,,,,
2025,593833,CH,1.0852280400722045,0.375,Bulk/Swing,,,,
2025,605137,CH,2.529754218101759,0.21551724137931033,Bulk/Swing,,,,
2025,605540,CH,1.7826946886047361,0.12903225806451613,Bulk/Swing,,,,
2025,607179,CU,1.374545192908375,0.14285714285714285,Bulk/Swing,,,,
2025,621121,CH,1.782694688604736,0.03225806451612903,Bulk/Swing,,,,
2025,621345,CH,1.0852280400722045,0.0625,Bulk/Swing,,,,
2025,621438,CH,2.4797076717021445,0.04918032786885246,Mixing Starter,,,,
2025,621466,CH,2.0721529997457324,0.14634146341463414,Bulk/Swing,,,,
2025,621529,CH,1.7826946886047361,0.12903225806451613,Bulk/Swing,,,,
2025,623149,FF,0.6791932659915256,0.8181818181818182,High-Leverage RP,,,,
2025,640459,CH,2.0721529997457324,0.12195121951219512,Mixing Starter,,,,
2025,640462,FF,1.374545192908375,0.14285714285714285,Bulk/Swing,,,,
2025,641585,CH,1.7826946886047361,0.06451612903225806,Bulk/Swing,,,,
2025,642137,FC,1.0852280400722045,0.3125,Bulk/Swing,,,,
2025,643410,CU,1.782694688604736,0.0967741935483871,Bulk/Swing,,,,
2025,643565,CH,2.4797076717021445,0.04918032786885246,Mixing Starter,,,,
2025,650633,CH,1.5991654107425068,0.11538461538461539,Bulk/Swing,,,,
2025,650968,CH,2.4797076717021445,0.04918032786885246,Mixing Starter,,,,
2025,656240,FF,1.374545192908375,0.14285714285714285,Bulk/Swing,,,,
2025,661527,CH,1.5991654107425068,0.23076923076923078,Bulk/Swing,,,,
2025,663609,CH,2.1905968029706706,0.15217391304347827,Bulk/Swing,,,,
2025,663624,CH,2.3922922035346867,0.10714285714285714,Mixing Starter,,,,
2025,663883,CU,1.0852280400722045,0.25,Bulk/Swing,,,,
2025,663897,EP,2.2965114666021638,0.09803921568627451,Mixing Starter,,,,
2025,664731,CH,1.5991654107425068,0.11538461538461539,Bulk/Swing,,,,
2025,664770,CH,2.56010089119047,0.030303030303030304,Mixing Starter,,,,
2025,666126,CH,2.3922922035346867,0.03571428571428571,Mixing Starter,,,,
2025,666208,FC,1.0852280400722045,0.1875,Bulk/Swing,,,,
2025,666624,CH,2.3922922035346867,0.08928571428571429,Mixing Starter,,,,
2025,669270,CH,1.5991654107425068,0.19230769230769232,Bulk/Swing,,,,
2025,669369,CH,2.270764496273168,0.27472527472527475,Bulk/Swing,,,,
2025,670156,EP,2.4250463086118685,0.11267605633802817,Mixing Starter,,,,
2025,671131,FC,1.5991654107425068,0.15384615384615385,Bulk/Swing,,,,
2025,672820,CH,2.4797076717021445,0.01639344262295082,Mixing Starter,,,,
2025,676454,FC,0.6791932659915256,0.36363636363636365,Bulk/Swing,,,,
2025,676702,FC,1.5991654107425068,0.07692307692307693,Bulk/Swing,,,,
2025,677312,SI,0.6791932659915256,0.36363636363636365,Bulk/Swing,,,,
2025,677916,CH,1.5991654107425068,0.19230769230769232,Bulk/Swing,,,,
2025,678226,FF,1.0852280400722045,0.25,Bulk/Swing,,,,
2025,678323,FF,1.374545192908375,0.09523809523809523,Bulk/Swing,,,,
2025,678489,CH,2.270764496273168,0.18681318681318682,Bulk/Swing,,,,
2025,678606,CH,1.0852280400722045,0.1875,Bulk/Swing,,,,
2025,679358,FF,1.374545192908375,0.09523809523809523,Bulk/Swing,,,,
2025,679702,FC,1.0852280400722045,0.1875,Bulk/Swing,,,,
2025,679883,CH,1.3745451929083752,0.14285714285714285,Bulk/Swing,,,,
2025,680742,CH,1.5991654107425068,0.07692307692307693,Bulk/Swing,,,,
2025,682679,CU,1.374545192908375,0.19047619047619047,Bulk/Swing,,,,
2025,682825,FF,1.0852280400722045,0.375,Bulk/Swing,,,,
2025,682988,CH,2.2965114666021638,0.0392156862745098,Mixing Starter,,,,
2025,682990,CH,1.5991654107425068,0.038461538461538464,Bulk/Swing,,,,
2025,682999,FC,0.6791932659915256,0.5454545454545454,High-Leverage RP,,,,
2025,683233,CU,1.374545192908375,0.09523809523809523,Bulk/Swing,,,,
2025,683618,FC,1.374545192908375,0.19047619047619047,Bulk/Swing,,,,
2025,684320,FF,1.5991654107425068,0.23076923076923078,Bulk/Swing,,,,
2025,684974,CH,1.374545192908375,0.14285714285714285,Bulk/Swing,,,,
2025,685329,CH,1.5991654107425068,0.038461538461538464,Bulk/Swing,,,,
2025,686676,FF,2.353191285053173,0.045454545454545456,Mixing Starter,,,,
2025,686780,CH,2.3922922035346867,0.05357142857142857,Mixing Starter,,,,
2025,690953,CH,1.7826946886047361,0.12903225806451613,Bulk/Swing,,,,
2025,691176,CH,2.4582674669088345,0.25225225225225223,Bulk/Swing,,,,
2025,691285,FC,1.374545192908375,0.19047619047619047,Bulk/Swing,,,,
2025,691292,CH,1.374545192908375,0.09523809523809523,Bulk/Swing,,,,
2025,691398,FF,0.6791932659915256,0.6363636363636364,High-Leverage RP,,,,
2025,694359,EP,2.2965114666021638,0.0784313725490196,Mixing Starter,,,,
2025,694673,CH,0.6791932659915256,0.45454545454545453,Bulk/Swing,,,,
2025,695378,CH,1.0852280400722045,0.1875,Bulk/Swing,,,,
2025,695734,CH,2.4797076717021445,0.01639344262295082,Mixing Starter,,,,
2025,701328,CU,1.374545192908375,0.14285714285714285,Bulk/Swing,,,,
2025,800266,FC,0.6791932659915256,0.09090909090909091,Bulk/Swing,,,,
2025,801139,CH,1.782694688604736,0.06451612903225806,Bulk/Swing,,,,
2025,802686,FF,1.5991654107425068,0.07692307692307693,Bulk/Swing,,,,
2025,806005,CU,1.374545192908375,0.23809523809523808,Bulk/Swing,,,,
2025,808865,CH,1.782694688604736,0.0967741935483871,Bulk/Swing,,,,
2025,813896,FF,1.0852280400722045,0.4375,Bulk/Swing,,,,
2025,814299,FF,0.6791932659915256,0.2727272727272727,Bulk/Swing,,,,
2025,827628,CH,1.374545192908375,0.19047619047619047,Bulk/Swing,,,,
2015,407890,FF,1.674774188737312,0.6764418377321603,Bulk/Swing,,,,
2015,408042,CU,1.0852280400722045,0.3125,Bulk/Swing,,,,
2015,408299,CH,2.3117422856976946,0.5662650602409639,Bulk/Swing,,,,
2015,425784,CH,2.320032221256188,0.5568181818181818,Bulk/Swing,,,,
2015,430637,CH,2.4265718730645895,0.6335078534031413,Bulk/Swing,,,,
2015,445612,FF,1.4854477518430165,0.617737003058104,Bulk/Swing,,,,
2015,446359,CH,2.23457756768385,0.5256410256410257,Bulk/Swing,,,,
2015,451788,FF,1.8863914640010124,0.5687103594080338,Bulk/Swing,,,,
2015,452655,CH,2.2070920193604313,0.5705128205128205,Bulk/Swing,,,,
2015,453056,CH,2.5801407634880116,0.43805309734513276,Bulk/Swing,,,,
2015,453264,SI,1.355885218429687,0.5046728971962616,High-Leverage RP,,,,
2015,456422,CH,2.207938073836079,0.5827814569536424,Bulk/Swing,,,,
2015,456501,FF,1.7796963527360734,0.6639741518578353,Bulk/Swing,,,,
2015,463610,FF,2.002367029231622,0.46226415094339623,Bulk/Swing,,,,
2015,473724,FF,1.940958757781641,0.4725274725274725,Bulk/Swing,,,,
2015,485567,SI,2.0580059937384774,0.5294117647058824,Bulk/Swing,,,,
2015,488786,FF,0.9124398568886056,0.5759162303664922,High-Leverage RP,,,,
2015,493316,CH,2.4185823616976867,0.5913978494623656,Bulk/Swing,,,,
2015,493343,FF,2.060700623567344,0.6031746031746031,Bulk/Swing,,,,
2015,493603,SI,1.5982593560702665,0.5112781954887218,Bulk/Swing,,,,
2015,501627,SI,0.9840124183092803,0.5765765765765766,High-Leverage RP,,,,
2015,501647,CH,2.174982024786157,0.4968944099378882,Bulk/Swing,,,,
2015,501981,CH,2.2070920193604313,0.42948717948717946,Bulk/Swing,,,,
2015,502010,FF,1.6375579691541624,0.5431034482758621,Bulk/Swing,,,,
2015,502046,SI,1.6459135159449043,0.6686390532544378,Bulk/Swing,,,,
2015,502285,FF,1.7198044894677997,0.5263157894736842,Bulk/Swing,,,,
2015,516969,FF,1.6006034074195565,0.6267232237539767,Bulk/Swing,,,,
2015,517369,FF,2.110573760992801,0.5045045045045045,Bulk/Swing,,,,
2015,518617,SI,1.073896173781721,0.63996399639964,High-Leverage RP,,,,
2015,519048,CH,2.604275009060083,0.5339366515837104,Bulk/Swing,,,,
2015,519267,FF,1.1916720412204962,0.6408296943231441,High-Leverage RP,,,,
2015,534606,FF,1.6760761039648164,0.47368421052631576,Bulk/Swing,,,,
2015,541640,FF,1.599581427349243,0.6163645271925526,Bulk/Swing,,,,
2015,542432,FF,1.2040057737573768,0.6278586278586279,High-Leverage RP,,,,
2015,543521,CU,1.7450807418226701,0.6251175917215428,Bulk/Swing,,,,
2015,543606,FS,1.7733957746172873,0.6490978157644824,Bulk/Swing,,,,
2015,570256,CH,2.271272547959276,0.6875,Bulk/Swing,,,,
2015,572193,FC,1.36459170278826,0.6533457249070632,High-Leverage RP,,,,
2015,572761,CH,2.3104334056180296,0.5852272727272727,Bulk/Swing,,,,
2015,572788,FF,1.6669093680137477,0.5909797822706065,Bulk/Swing,,,,
2015,572863,CH,2.0430360169662847,0.6587301587301587,Bulk/Swing,,,,
2015,573046,CH,1.4511275165479676,0.5377081292850147,High-Leverage RP,,,,
2015,592178,CH,2.1483447958554365,0.6521739130434783,Bulk/Swing,,,,
2015,592200,SL,2.1780691428449392,0.5616438356164384,Bulk/Swing,,,,
2015,592222,SI,1.5234756534566327,0.5239616613418531,Bulk/Swing,,,,
2015,592454,CH,1.607429277547339,0.6438026474127557,Bulk/Swing,,,,
2015,594807,CH,2.024530551206995,0.5673758865248227,Bulk/Swing,,,,
2015,595978,CH,2.162336285641346,0.5033112582781457,Bulk/Swing,,,,
2015,598265,CH,2.443933686126153,0.5138121546961326,Bulk/Swing,,,,
2015,600474,CH,1.5480276949100844,0.36585365853658536,Bulk/Swing,,,,
2025,680918,FF,0.6791932659915256,0.2727272727272727,Bulk/Swing,,,,
2025,682192,FF,0.6791932659915256,0.5454545454545454,High-Leverage RP,,,,
2025,543859,FF,1.374545192908375,0.09523809523809523,Bulk/Swing,,,,
2025,669735,CH,1.5991654107425068,0.15384615384615385,Bulk/Swing,,,,
2025,681408,CH,1.0852280400722045,0.125,Bulk/Swing,,,,
2025,687424,FF,0.6791932659915256,0.2727272727272727,Bulk/Swing,,,,
2025,687730,FC,-0.0,1.0,High-Leverage RP,,,,
2025,699305,SL,-0.0,1.0,High-Leverage RP,,,,
2025,803172,FF,0.6791932659915256,0.36363636363636365,Bulk/Swing,,,,
2025,828496,FC,1.0852280400722045,0.1875,Bulk/Swing,,,,
2015,605477,SI,1.3233714164242656,0.46987951807228917,High-Leverage RP,,,,
2025,689688,SI,0.6791932659915256,0.6363636363636364,High-Leverage RP,,,,
2025,691116,FF,0.6791932659915256,0.5454545454545454,High-Leverage RP,,,,
2025,694749,FC,0.6791932659915256,0.09090909090909091,Bulk/Swing,,,,
2025,815734,CU,1.0852280400722045,0.3125,Bulk/Swing,,,,
2025,702550,FC,1.0852280400722045,0.25,Bulk/Swing,,,,
2025,686747,CH,1.374545192908375,0.047619047619047616,Bulk/Swing,,,,
2025,664874,FC,-0.0,1.0,High-Leverage RP,,,,
2025,702331,CH,0.6791932659915256,0.45454545454545453,Bulk/Swing,,,,
2025,702467,FC,-0.0,1.0,High-Leverage RP,,,,
2025,687210,FF,-0.0,1.0,High-Leverage RP,,,,
2025,815066,CU,0.6791932659915256,0.5454545454545454,High-Leverage RP,,,,
2025,813860,SI,-0.0,1.0,High-Leverage RP,,,,
2015,435078,SL,2.027028917857953,0.5344827586206896,Bulk/Swing,,,,
2015,444379,CH,2.3440536053680456,0.574585635359116,Bulk/Swing,,,,
2015,451532,FF,1.8311340747862448,0.5798969072164949,Bulk/Swing,,,,
2015,452095,SI,2.283390033883833,0.5789473684210527,Bulk/Swing,,,,
2015,458919,SI,1.6607275280668374,0.620253164556962,Bulk/Swing,,,,
2015,488810,CH,2.0569443876239357,0.4589041095890411,Bulk/Swing,,,,
2015,514981,SL,1.4632048158413102,0.5456110154905336,High-Leverage RP,,,,
2015,543056,FF,1.5114536359256459,0.5239234449760766,Bulk/Swing,,,,
2015,570632,FF,1.6628319760365553,0.5984533016061868,Bulk/Swing,,,,
2015,571901,SI,1.0857117558254823,0.6386861313868614,High-Leverage RP,,,,
2015,598287,CH,1.311370864460297,0.6274944567627494,High-Leverage RP,,,,
2025,595928,CH,1.374545192908375,0.09523809523809523,Bulk/Swing,,,,
2025,643265,CH,1.5991654107425068,0.07692307692307693,Bulk/Swing,,,,
2025,650893,CU,1.5991654107425068,0.11538461538461539,Bulk/Swing,,,,
2025,666171,FC,1.374545192908375,0.047619047619047616,Bulk/Swing,,,,
2025,677944,CH,1.9378230905790836,0.08333333333333333,Mixing Starter,,,,
2025,683021,EP,2.348250910542494,0.03278688524590164,Mixing Starter,,,,
2025,687223,CH,1.5991654107425068,0.11538461538461539,Bulk/Swing,,,,
2025,687280,CH,1.5991654107425068,0.11538461538461539,Bulk/Swing,,,,
2025,687849,CU,1.374545192908375,0.19047619047619047,Bulk/Swing,,,,
2025,687926,FC,1.374545192908375,0.14285714285714285,Bulk/Swing,,,,
2025,687952,CH,2.3922922035346867,0.017857142857142856,Mixing Starter,,,,
2025,688158,CH,1.5991654107425068,0.038461538461538464,Bulk/Swing,,,,
2025,689200,CH,2.190596802970671,0.043478260869565216,Mixing Starter,,,,
2025,690829,CH,1.374545192908375,0.19047619047619047,Bulk/Swing,,,,
2025,691728,CH,2.0721529997457324,0.07317073170731707,Mixing Starter,,,,
2025,692371,SI,0.6791932659915256,0.2727272727272727,Bulk/Swing,,,,
2025,695238,CH,2.4797076717021445,0.01639344262295082,Mixing Starter,,,,
2025,664332,CU,1.374545192908375,0.14285714285714285,Bulk/Swing,,,,
2025,686701,CH,1.7826946886047361,0.12903225806451613,Bulk/Swing,,,,
2025,687310,FC,1.374545192908375,0.19047619047619047,Bulk/Swing,,,,
2025,687783,FF,1.5991654107425068,0.11538461538461539,Bulk/Swing,,,,
2025,691720,CH,2.3922922035346867,0.03571428571428571,Mixing Starter,,,,
2025,808236,SI,1.7504860147520716,0.16666666666666666,Bulk/Swing,,,,
2015,276514,FF,1.3740511209780084,0.6370192307692307,High-Leverage RP,,,,
2015,446481,CH,2.054919502522324,0.6028368794326241,Bulk/Swing,,,,
2015,461865,FF,2.2025542921837875,0.6341463414634146,Bulk/Swing,,,,
2015,467094,SI,1.6806749617170547,0.6395793499043977,Bulk/Swing,,,,
2015,477569,FF,1.45677963860551,0.6093314763231198,High-Leverage RP,,,,
2015,500208,CH,2.172810270414012,0.6895424836601307,Bulk/Swing,,,,
2015,516811,FF,2.168344493011997,0.4326241134751773,Bulk/Swing,,,,
2015,521230,SI,1.6104573129337887,0.6018826135105205,Bulk/Swing,,,,
2015,543333,CH,2.623712986928446,0.4841628959276018,Bulk/Swing,,,,
2015,543542,FF,0.9629834420481793,0.5555555555555556,High-Leverage RP,,,,
2015,571521,SL,0.9011868360819506,0.6681614349775785,High-Leverage RP,,,,
2015,572191,CH,2.3444489734025056,0.42473118279569894,Bulk/Swing,,,,
2015,593495,CH,1.9754738681387507,0.4132231404958678,Bulk/Swing,,,,
2025,605361,CH,2.190596802970671,0.08695652173913043,Mixing Starter,,,,
2025,669288,CH,2.3922922035346867,0.03571428571428571,Mixing Starter,,,,
2025,671162,CH,1.5991654107425068,0.15384615384615385,Bulk/Swing,,,,
2025,672078,FF,1.0852280400722045,0.3125,Bulk/Swing,,,,
2025,672391,CH,1.374545192908375,0.09523809523809523,Bulk/Swing,,,,
2025,686790,CH,1.374545192908375,0.14285714285714285,Bulk/Swing,,,,
2025,687206,CU,1.0852280400722045,0.1875,Bulk/Swing,,,,
2025,824028,CH,1.9378230905790836,0.1388888888888889,Mixing Starter,,,,
2015,424144,SL,1.2948766429248102,0.6610942249240122,High-Leverage RP,,,,
2015,434540,CH,2.0216851258294555,0.5121951219512195,Bulk/Swing,,,,
2015,444520,FF,1.7052050208924014,0.6007442849548112,Bulk/Swing,,,,
2015,445926,FF,1.8873100050853493,0.6405574243152331,Bulk/Swing,,,,
2015,446653,FF,2.0838604417505513,0.6061946902654868,Bulk/Swing,,,,
2015,448179,CU,1.6510220915270466,0.5571725571725572,Bulk/Swing,,,,
2015,457706,CH,2.2177688877836843,0.5527950310559007,Bulk/Swing,,,,
2015,519008,SI,1.5145355000368443,0.5948905109489051,Bulk/Swing,,,,
2015,570663,FF,1.3281328668807064,0.6240875912408759,High-Leverage RP,,,,
2015,572008,CH,2.301568690680006,0.5481927710843374,Bulk/Swing,,,,
2015,612672,FF,1.6041654677238386,0.6687743190661478,Bulk/Swing,,,,
2025,621043,CH,2.3922922035346867,0.05357142857142857,Mixing Starter,,,,
2025,660670,CH,2.3922922035346867,0.08928571428571429,Mixing Starter,,,,
2025,679845,CH,2.56010089119047,0.045454545454545456,Mixing Starter,,,,
2025,681879,FC,1.5991654107425068,0.23076923076923078,Bulk/Swing,,,,
2025,685314,CU,1.0852280400722045,0.1875,Bulk/Swing,,,,
2025,686730,CH,1.5991654107425068,0.15384615384615385,Bulk/Swing,,,,
2025,693645,CH,1.7826946886047361,0.12903225806451613,Bulk/Swing,,,,
2025,811310,FC,1.374545192908375,0.2857142857142857,Bulk/Swing,,,,
2015,457732,FC,1.4667568509205946,0.5140449438202247,High-Leverage RP,,,,
2015,457775,CH,2.1737641121142817,0.5128205128205128,Bulk/Swing,,,,
2015,502182,CH,2.335734788849191,0.5906432748538012,Bulk/Swing,,,,
2015,502210,CH,2.5359768445705835,0.5194174757281553,Bulk/Swing,,,,
2015,519301,SI,1.4323553377016949,0.5128865979381443,High-Leverage RP,,,,
2015,543305,CH,2.379979119244104,0.6366559485530546,Bulk/Swing,,,,
2015,606466,SI,2.049281777904197,0.6630434782608695,Bulk/Swing,,,,
2025,679922,FF,1.0852280400722045,0.25,Bulk/Swing,,,,
2025,803174,SL,-0.0,1.0,High-Leverage RP,,,,
2015,543746,SI,1.734113515355781,0.5575916230366492,Bulk/Swing,,,,
2025,434378,CH,1.7826946886047361,0.03225806451612903,Bulk/Swing,,,,
2025,641386,CH,1.374545192908375,0.047619047619047616,Bulk/Swing,,,,
2025,650907,CS,2.0721529997457324,0.0975609756097561,Mixing Starter,,,,
2025,656413,CH,2.0721529997457324,0.04878048780487805,Mixing Starter,,,,
2025,665155,CH,2.190596802970671,0.06521739130434782,Mixing Starter,,,,
2025,665561,CH,2.285299877481216,0.19791666666666666,Bulk/Swing,,,,
2025,681624,CH,2.56010089119047,0.015151515151515152,Mixing Starter,,,,
2025,686438,CU,1.374545192908375,0.19047619047619047,Bulk/Swing,,,,
2025,687272,FF,1.374545192908375,0.047619047619047616,Bulk/Swing,,,,
2025,807742,CH,1.9378230905790836,0.08333333333333333,Mixing Starter,,,,
2025,814806,SI,0.6791932659915256,0.6363636363636364,High-Leverage RP,,,,
2025,592779,CH,1.5991654107425068,0.11538461538461539,Bulk/Swing,,,,
2025,605612,CH,2.190596802970671,0.10869565217391304,Mixing Starter,,,,
2025,624585,CH,2.2965114666021638,0.0784313725490196,Mixing Starter,,,,
2025,624641,CH,2.4797076717021445,0.0,Mixing Starter,,,,
2025,641468,CH,1.0852280400722045,0.4375,Bulk/Swing,,,,
2025,641820,CH,1.9378230905790836,0.027777777777777776,Mixing Starter,,,,
2025,656577,EP,2.5079117087202816,0.0,Mixing Starter,,,,
2025,666194,FF,1.0852280400722045,0.25,Bulk/Swing,,,,
2025,672018,CH,1.374545192908375,0.14285714285714285,Bulk/Swing,,,,
2025,679066,FF,0.6791932659915256,0.45454545454545453,Bulk/Swing,,,,
2025,680642,CH,1.374545192908375,0.14285714285714285,Bulk/Swing,,,,
2025,682848,CH,2.1954224114296963,0.31868131868131866,Bulk/Swing,,,,
2025,685112,CU,1.374545192908375,0.19047619047619047,Bulk/Swing,,,,
2025,691001,CH,1.6065844201733923,0.27450980392156865,Bulk/Swing,,,,
2025,691021,FF,0.6791932659915256,0.36363636363636365,Bulk/Swing,,,,
2025,700081,CU,1.374545192908375,0.09523809523809523,Bulk/Swing,,,,
2015,453222,SI,1.8724714705702779,0.5541958041958042,Bulk/Swing,,,,
2015,467092,CH,2.282258534530814,0.5248618784530387,Bulk/Swing,,,,
2015,506702,FF,2.094088160886948,0.5,Bulk/Swing,,,,
2015,517414,FF,1.5573597247604198,0.621867881548975,Bulk/Swing,,,,
2015,519082,FF,1.870221133728601,0.46511627906976744,Bulk/Swing,,,,
2015,544727,SI,1.4655420556761656,0.6414294367050273,High-Leverage RP,,,,
2025,605155,CU,1.374545192908375,0.38095238095238093,Bulk/Swing,,,,
2025,621112,CH,1.7826946886047361,0.16129032258064516,Bulk/Swing,,,,
2025,647304,CH,2.3922922035346867,0.08928571428571429,Mixing Starter,,,,
2025,657424,CH,1.7826946886047361,0.0967741935483871,Bulk/Swing,,,,
2025,669001,CH,1.0852280400722045,0.25,Bulk/Swing,,,,
2025,669413,FF,0.6791932659915256,0.2727272727272727,Bulk/Swing,,,,
2025,678742,CH,1.9378230905790836,0.1111111111111111,Mixing Starter,,,,
2025,679928,CH,1.7826946886047361,0.22580645161290322,Bulk/Swing,,,,
2025,685005,CH,1.374545192908375,0.14285714285714285,Bulk/Swing,,,,
2025,685332,CH,1.0852280400722045,0.25,Bulk/Swing,,,,
2025,690997,CH,1.9378230905790836,0.1111111111111111,Mixing Starter,,,,
2025,800048,CH,1.5991654107425068,0.15384615384615385,Bulk/Swing,,,,
2015,282332,SI,1.508762448185288,0.7089467723669309,Bulk/Swing,,,,
2015,431094,CH,2.068502145229065,0.4794520547945205,Bulk/Swing,,,,
2015,450351,FF,1.8687367095847915,0.6179554390563565,Bulk/Swing,,,,
2015,452035,FF,2.072044912003723,0.46846846846846846,Bulk/Swing,,,,
2015,459987,FF,1.4707742755818645,0.6304675716440422,High-Leverage RP,,,,
2015,465679,FC,1.384393676172496,0.7311608961303462,High-Leverage RP,,,,
2015,467143,CH,2.022534126897913,0.5808823529411765,Bulk/Swing,,,,
2015,571577,SI,1.5449890553330095,0.5898004434589801,Bulk/Swing,,,,
2015,592273,SI,1.9381657103456682,0.6507936507936508,Bulk/Swing,,,,
2025,571578,CH,1.782694688604736,0.0967741935483871,Bulk/Swing,,,,
2025,594580,CH,1.374545192908375,0.14285714285714285,Bulk/Swing,,,,
2025,628317,CU,1.9378230905790836,0.1111111111111111,Mixing Starter,,,,
2025,656849,CH,1.5991654107425068,0.15384615384615385,Bulk/Swing,,,,
2025,663731,CH,2.190596802970671,0.043478260869565216,Mixing Starter,,,,
2025,663757,CH,2.4797076717021445,0.08196721311475409,Mixing Starter,,,,
2025,674285,CH,1.374545192908375,0.23809523809523808,Bulk/Swing,,,,
2025,686218,CH,1.5991654107425068,0.15384615384615385,Bulk/Swing,,,,
2025,691172,CH,1.374545192908375,0.19047619047619047,Bulk/Swing,,,,
2025,694203,CH,2.190596802970671,0.06521739130434782,Mixing Starter,,,,
2025,694848,CH,1.5991654107425068,0.19230769230769232,Bulk/Swing,,,,
2025,702112,CH,1.5991654107425068,0.0,Bulk/Swing,,,,
2025,702284,CH,2.4797076717021445,0.04918032786885246,Mixing Starter,,,,
2025,815697,FF,1.0852280400722045,0.25,Bulk/Swing,,,,
2015,450314,CH,2.3484960454455956,0.743202416918429,Bulk/Swing,,,,
2015,543272,FF,1.657864490823403,0.5888355342136855,Bulk/Swing,,,,
2015,543334,SI,1.5336024137601851,0.5138888888888888,Bulk/Swing,,,,
2025,699475,FF,0.6791932659915256,0.45454545454545453,Bulk/Swing,,,,
2025,807746,SL,-0.0,1.0,High-Leverage RP,,,,
2025,685298,FF,1.0852280400722045,0.1875,Bulk/Swing,,,,
2025,803015,FF,-0.0,1.0,High-Leverage RP,,,,
2025,694559,FF,1.0852280400722045,0.3125,Bulk/Swing,,,,
2015,431171,CH,2.145124175649091,0.5099337748344371,Bulk/Swing,,,,
2025,664129,FC,1.374545192908375,0.14285714285714285,Bulk/Swing,,,,
2015,545333,FF,1.840485301726875,0.6112091791703442,Bulk/Swing,,,,
2015,628452,FF,1.5434946610413318,0.6273148148148148,Bulk/Swing,,,,
2025,605244,CH,1.9378230905790836,0.1111111111111111,Mixing Starter,,,,
2015,519425,FC,1.7576984862762783,0.5921052631578947,Bulk/Swing,,,,
2025,665846,FF,1.0852280400722045,0.25,Bulk/Swing,,,,
2025,672696,FC,1.5991654107425068,0.038461538461538464,Bulk/Swing,,,,
2025,676664,CH,1.9378230905790836,0.027777777777777776,Mixing Starter,,,,
2015,491708,SI,1.5389280077011152,0.6565717746820109,Bulk/Swing,,,,
2015,593423,FF,1.3251067383027788,0.530791788856305,High-Leverage RP,,,,
2015,593647,SL,2.002367029231622,0.5094339622641509,Bulk/Swing,,,,
2025,677941,FF,0.6791932659915256,0.6363636363636364,High-Leverage RP,,,,
2015,425786,SL,1.0757057247036261,0.6512096774193549,High-Leverage RP,,,,
2025,664141,CH,1.5991654107425068,0.038461538461538464,Bulk/Swing,,,,
2025,702488,FF,1.342444232757342,0.23076923076923078,Bulk/Swing,,,,
2025,624413,CH,2.4797076717021445,0.01639344262295082,Mixing Starter,,,,
2025,671109,CH,1.374545192908375,0.2857142857142857,Bulk/Swing,,,,
2025,676760,CH,1.374545192908375,0.14285714285714285,Bulk/Swing,,,,
2025,814716,CU,1.0852280400722045,0.1875,Bulk/Swing,,,,
2015,592426,FF,1.0731728085404186,0.6602564102564102,High-Leverage RP,,,,
2025,621199,FC,1.5991654107425068,0.11538461538461539,Bulk/Swing,,,,
2025,664294,CH,1.0852280400722045,0.4375,Bulk/Swing,,,,
2025,681715,CH,2.56010089119047,0.045454545454545456,Mixing Starter,,,,
2015,429666,CH,2.244406116714405,0.4161490683229814,Bulk/Swing,,,,
2015,518790,SI,1.777055333450287,0.6545810877021068,Bulk/Swing,,,,
2015,592341,SL,1.3968065920507835,0.5808314087759815,High-Leverage RP,,,,
2015,430599,SL,1.7115722186403541,0.6242312423124231,Bulk/Swing,,,,
2025,676939,FF,0.6791932659915256,0.2727272727272727,Bulk/Swing,,,,
2015,456051,FF,1.6543811844348635,0.6240694789081885,Bulk/Swing,,,,
2015,500610,CH,1.0929834604224213,0.6210826210826211,High-Leverage RP,,,,
2015,593576,FF,1.5356839243521776,0.5994671403197158,Bulk/Swing,,,,
2025,663893,FC,1.3745451929083752,0.09523809523809523,Bulk/Swing,,,,
2025,669160,CH,1.5991654107425068,0.11538461538461539,Bulk/Swing,,,,
2025,675910,FC,1.0852280400722045,0.1875,Bulk/Swing,,,,
2025,687377,CH,1.374545192908375,0.047619047619047616,Bulk/Swing,,,,
2025,642207,CH,1.0852280400722045,0.125,Bulk/Swing,,,,
2025,651016,FF,0.6791932659915256,0.2727272727272727,Bulk/Swing,,,,
2025,680577,CH,2.4797076717021445,0.01639344262295082,Mixing Starter,,,,
2025,681882,FF,1.374545192908375,0.23809523809523808,Bulk/Swing,,,,
2025,667452,CH,2.190596802970671,0.06521739130434782,Mixing Starter,,,,
2025,686654,FC,1.5991654107425068,0.19230769230769232,Bulk/Swing,,,,
2015,444935,FF,1.1864154095502497,0.5974643423137876,High-Leverage RP,,,,
2015,446192,SL,1.5631489389250592,0.25,Bulk/Swing,,,,
2015,489365,CH,2.097614535120611,0.42063492063492064,Bulk/Swing,,,,
2025,622338,CH,1.0852280400722045,0.375,Bulk/Swing,,,,
2015,462515,FF,1.3098965051043234,0.6095360824742269,High-Leverage RP,,,,
2015,519237,CH,2.391244745386529,0.5029239766081871,Bulk/Swing,,,,
2025,664761,CH,2.7037791242722005,0.02631578947368421,Mixing Starter,,,,
2025,681347,CH,1.5991654107425068,0.07692307692307693,Bulk/Swing,,,,
2025,681488,CH,1.374545192908375,0.23809523809523808,Bulk/Swing,,,,
2025,681869,CH,1.7826946886047361,0.12903225806451613,Bulk/Swing,,,,
2025,687841,FF,0.6791932659915256,0.45454545454545453,Bulk/Swing,,,,
2025,806210,CU,1.5991654107425068,0.19230769230769232,Bulk/Swing,,,,
2025,643338,FF,1.374545192908375,0.23809523809523808,Bulk/Swing,,,,
2025,643361,CH,1.374545192908375,0.19047619047619047,Bulk/Swing,,,,
2025,657240,CH,1.374545192908375,0.23809523809523808,Bulk/Swing,,,,
2025,681004,CH,1.5991654107425068,0.07692307692307693,Bulk/Swing,,,,
2025,800959,CH,1.0852280400722045,0.1875,Bulk/Swing,,,,
2025,805300,CH,2.4797076717021445,0.06557377049180328,Mixing Starter,,,,
2025,805437,CH,1.374545192908375,0.09523809523809523,Bulk/Swing,,,,
2025,621366,FS,1.374545192908375,0.23809523809523808,Bulk/Swing,,,,
2025,666018,CH,2.4797076717021445,0.06557377049180328,Mixing Starter,,,,
2025,681351,CH,2.3922922035346867,0.017857142857142856,Mixing Starter,,,,
2025,681508,CH,2.1954224114296963,0.43956043956043955,Bulk/Swing,,,,
2025,805268,CH,0.6791932659915256,0.6363636363636364,High-Leverage RP,,,,
2025,806956,FC,1.0852280400722045,0.125,Bulk/Swing,,,,
2025,814439,CH,2.0721529997457324,0.07317073170731707,Mixing Starter,,,,
2025,646240,CH,2.6345156280215596,0.09859154929577464,Mixing Starter,,,,
2025,666661,CH,1.374545192908375,0.19047619047619047,Bulk/Swing,,,,
2025,674370,CH,1.782694688604736,0.0967741935483871,Bulk/Swing,,,,
2025,687198,FC,1.0852280400722045,0.3125,Bulk/Swing,,,,
2025,807799,CH,2.3922922035346867,0.08928571428571429,Mixing Starter,,,,
2015,623143,SL,1.9778168640003162,0.31683168316831684,Bulk/Swing,,,,
2015,453265,SI,1.1538533731131049,0.6082272282076395,High-Leverage RP,,,,
2015,543779,FF,1.2968157412542138,0.597770154373928,High-Leverage RP,,,,
2015,595191,FF,1.6461003102062512,0.5580357142857143,Bulk/Swing,,,,
2015,476633,SI,2.1400987155806392,0.5073529411764706,Bulk/Swing,,,,
2015,543302,FF,2.0704073832855867,0.6470588235294118,Bulk/Swing,,,,
2025,656820,CU,1.374545192908375,0.2857142857142857,Bulk/Swing,,,,
2025,691032,FC,1.5991654107425068,0.07692307692307693,Bulk/Swing,,,,
2015,448855,FF,1.7099628077939575,0.5158371040723982,Bulk/Swing,,,,
2015,572816,CH,2.145124175649091,0.5761589403973509,Bulk/Swing,,,,
2015,502374,CH,2.1450103281703994,0.5342465753424658,Bulk/Swing,,,,
2015,605151,FF,1.5484764759080973,0.5438898450946644,Bulk/Swing,,,,
2015,150116,SL,1.6804562666867096,0.6697127937336814,Bulk/Swing,,,,
2015,455139,CH,2.1737641121142817,0.5448717948717948,Bulk/Swing,,,,
2025,686751,CU,1.374545192908375,0.19047619047619047,Bulk/Swing,,,,
2025,547184,CH,1.782694688604736,0.03225806451612903,Bulk/Swing,,,,
2025,676596,CH,1.0852280400722045,0.25,Bulk/Swing,,,,
2025,670208,FF,-0.0,1.0,High-Leverage RP,,,,
2025,669618,FF,0.6791932659915256,0.5454545454545454,High-Leverage RP,,,,
2025,687273,CH,1.5991654107425068,0.15384615384615385,Bulk/Swing,,,,
2025,681987,EP,2.4797076717021445,0.03278688524590164,Mixing Starter,,,,
2025,687401,CH,2.7037791242722005,0.039473684210526314,Mixing Starter,,,,
2025,691799,CU,1.374545192908375,0.09523809523809523,Bulk/Swing,,,,
2015,543228,CH,2.3495942632767837,0.5625,Bulk/Swing,,,,
2025,687916,FC,1.0852280400722045,0.1875,Bulk/Swing,,,,
2025,656186,CH,1.374545192908375,0.2857142857142857,Bulk/Swing,,,,
2025,668715,CH,2.56010089119047,0.0,Mixing Starter,,,,
2025,640492,CH,2.190596802970671,0.08695652173913043,Mixing Starter,,,,
2025,815089,CU,1.5991654107425068,0.15384615384615385,Bulk/Swing,,,,
2025,682818,CU,1.374545192908375,0.19047619047619047,Bulk/Swing,,,,
2025,801629,CH,1.374545192908375,0.2857142857142857,Bulk/Swing,,,,
2025,666023,CH,2.2965114666021638,0.0392156862745098,Mixing Starter,,,,
2025,800106,CH,0.6791932659915256,0.2727272727272727,Bulk/Swing,,,,
2025,687606,CH,1.5991654107425068,0.11538461538461539,Bulk/Swing,,,,
2025,701519,CH,1.782694688604736,0.0967741935483871,Bulk/Swing,,,,
2025,687628,SI,-0.0,1.0,High-Leverage RP,,,,
2025,822416,CH,1.5991654107425068,0.15384615384615385,Bulk/Swing,,,,
2025,518397,CH,1.0852280400722045,0.25,Bulk/Swing,,,,
2025,500743,EP,2.4250463086118685,0.07042253521126761,Mixing Starter,,,,
2025,814194,FF,0.6791932659915256,0.36363636363636365,Bulk/Swing,,,,
2025,805367,CH,2.5601008911904697,0.030303030303030304,Mixing Starter,,,,
2025,681982,CH,1.374545192908375,0.23809523809523808,Bulk/Swing,,,,
2025,687724,FC,1.5991654107425068,0.11538461538461539,Bulk/Swing,,,,
2025,806965,CH,1.374545192908375,0.19047619047619047,Bulk/Swing,,,,
2025,668674,CH,1.374545192908375,0.09523809523809523,Bulk/Swing,,,,
2025,680701,FF,1.0852280400722045,0.125,Bulk/Swing,,,,
2025,669016,CH,2.56010089119047,0.015151515151515152,Mixing Starter,,,,
2025,682967,CH,1.0852280400722045,0.125,Bulk/Swing,,,,
2015,476270,CH,1.9048789355005429,0.5135135135135135,Bulk/Swing,,,,
2025,694661,FC,1.782694688604736,0.12903225806451613,Bulk/Swing,,,,
2025,669111,FF,0.6791932659915256,0.2727272727272727,Bulk/Swing,,,,
2025,801434,FC,1.0852280400722045,0.375,Bulk/Swing,,,,
2025,607259,CH,1.9378230905790834,0.05555555555555555,Bulk/Swing,,,,
2015,518960,CH,2.2339185218504913,0.5403726708074534,Bulk/Swing,,,,
2025,666785,CH,1.3745451929083752,0.14285714285714285,Bulk/Swing,,,,
2015,506747,FF,1.8588617502002274,0.2786885245901639,Bulk/Swing,,,,
2025,672569,CH,2.270764496273168,0.23076923076923078,Bulk/Swing,,,,
2025,657557,CH,2.3922922035346867,0.05357142857142857,Mixing Starter,,,,
2025,684126,SI,0.6791932659915256,0.5454545454545454,High-Leverage RP,,,,
2025,595879,CU,2.4566460881218215,0.045454545454545456,Mixing Starter,,,,
2025,696141,CH,1.374545192908375,0.19047619047619047,Bulk/Swing,,,,
2025,595777,CH,2.4582674669088345,0.32432432432432434,Bulk/Swing,,,,
2025,542194,FF,1.0852280400722045,0.25,Bulk/Swing,,,,
2025,682663,CH,2.6345156280215596,0.028169014084507043,Mixing Starter,,,,
2025,657044,FF,1.374545192908375,0.19047619047619047,Bulk/Swing,,,,
2025,640455,CH,1.374545192908375,0.0,Bulk/Swing,,,,
2025,688363,CH,2.4797076717021445,0.06557377049180328,Mixing Starter,,,,
2025,527048,CH,1.5991654107425068,0.15384615384615385,Bulk/Swing,,,,
2025,675662,CH,1.5991654107425068,0.038461538461538464,Bulk/Swing,,,,
2025,667280,CH,1.0852280400722045,0.25,Bulk/Swing,,,,
2025,669208,CH,2.190596802970671,0.06521739130434782,Mixing Starter,,,,
2025,687911,CH,1.7826946886047361,0.06451612903225806,Bulk/Swing,,,,
2025,453286,CH,1.5991654107425068,0.15384615384615385,Bulk/Swing,,,,
2025,502085,CH,1.5991654107425068,0.038461538461538464,Bulk/Swing,,,,
2025,542963,CH,1.9378230905790836,0.08333333333333333,Mixing Starter,,,,
2025,543760,CH,2.3922922035346867,0.07142857142857142,Mixing Starter,,,,
2025,554340,CH,1.7826946886047361,0.06451612903225806,Bulk/Swing,,,,
2025,571945,CH,2.0721529997457324,0.04878048780487805,Mixing Starter,,,,
2025,605182,CH,1.7826946886047361,0.12903225806451613,Bulk/Swing,,,,
2025,605463,FF,1.5991654107425068,0.07692307692307693,Bulk/Swing,,,,
2025,608324,CH,2.6345156280215596,0.04225352112676056,Mixing Starter,,,,
2025,608369,CH,2.3922922035346867,0.03571428571428571,Mixing Starter,,,,
2025,621107,CH,1.7826946886047361,0.0967741935483871,Bulk/Swing,,,,
2025,621114,FF,0.6791932659915256,0.2727272727272727,Bulk/Swing,,,,
2025,621139,FC,1.374545192908375,0.14285714285714285,Bulk/Swing,,,,
2025,621493,CH,2.5601008911904697,0.030303030303030304,Mixing Starter,,,,
2025,621566,CH,2.4797076717021445,0.03278688524590164,Mixing Starter,,,,
2025,622253,CH,1.374545192908375,0.09523809523809523,Bulk/Swing,,,,
2025,622608,CH,1.5991654107425068,0.11538461538461539,Bulk/Swing,,,,
2025,623168,EP,2.483502683857838,0.256198347107438,Bulk/Swing,,,,
2025,624428,CH,2.6345156280215596,0.028169014084507043,Mixing Starter,,,,
2025,641755,CH,1.374545192908375,0.14285714285714285,Bulk/Swing,,,,
2025,641778,CH,1.782694688604736,0.12903225806451613,Bulk/Swing,,,,
2025,643396,EP,2.6345156280215596,0.056338028169014086,Mixing Starter,,,,
2025,650859,CH,2.4582674669088345,0.21621621621621623,Bulk/Swing,,,,
2025,655316,CH,2.4797076717021445,0.04918032786885246,Mixing Starter,,,,
2025,656427,CH,1.5991654107425068,0.11538461538461539,Bulk/Swing,,,,
2025,656731,CH,1.5991654107425068,0.11538461538461539,Bulk/Swing,,,,
2025,656941,CH,2.7037791242722005,0.06578947368421052,Mixing Starter,,,,
2025,657024,FF,1.0852280400722045,0.125,Bulk/Swing,,,,
2025,660604,CH,1.374545192908375,0.09523809523809523,Bulk/Swing,,,,
2025,663362,FF,1.374545192908375,0.23809523809523808,Bulk/Swing,,,,
2025,663455,CH,1.374545192908375,0.09523809523809523,Bulk/Swing,,,,
2025,665871,CH,1.9378230905790836,0.027777777777777776,Mixing Starter,,,,
2025,666150,CH,2.190596802970671,0.15217391304347827,Bulk/Swing,,,,
2025,666181,FF,2.4566460881218215,0.10606060606060606,Mixing Starter,,,,
2025,666214,CH,1.5991654107425068,0.11538461538461539,Bulk/Swing,,,,
2025,667670,CH,2.6345156280215596,0.04225352112676056,Mixing Starter,,,,
2025,668831,CH,1.782694688604736,0.03225806451612903,Bulk/Swing,,,,
2025,668941,CH,1.782694688604736,0.06451612903225806,Bulk/Swing,,,,
2025,668974,CH,2.0721529997457324,0.04878048780487805,Mixing Starter,,,,
2025,669022,CH,1.5991654107425068,0.07692307692307693,Bulk/Swing,,,,
2025,669188,FC,1.0852280400722045,0.125,Bulk/Swing,,,,
2025,669199,FF,1.374545192908375,0.14285714285714285,Bulk/Swing,,,,
2025,669261,CH,2.3922922035346867,0.07142857142857142,Mixing Starter,,,,
2025,669326,CH,2.2965114666021638,0.0784313725490196,Mixing Starter,,,,
2025,669450,KC,2.4487988214271894,0.2871287128712871,Bulk/Swing,,,,
2025,669674,CU,1.782694688604736,0.03225806451612903,Bulk/Swing,,,,
2025,669713,CH,1.7826946886047361,0.0967741935483871,Bulk/Swing,,,,
2025,670102,CU,1.5991654107425068,0.15384615384615385,Bulk/Swing,,,,
2025,671083,CH,2.190596802970671,0.043478260869565216,Mixing Starter,,,,
2025,671286,CH,2.2965114666021638,0.0784313725490196,Mixing Starter,,,,
2025,671382,CU,1.374545192908375,0.19047619047619047,Bulk/Swing,,,,
2025,671976,CH,2.0721529997457324,0.07317073170731707,Mixing Starter,,,,
2025,672016,CH,2.56010089119047,0.0,Mixing Starter,,,,
2025,672359,CH,2.0721529997457324,0.0,Mixing Starter,,,,
2025,674944,FF,1.374545192908375,0.047619047619047616,Bulk/Swing,,,,
2025,675916,CU,0.6791932659915256,0.36363636363636365,Bulk/Swing,,,,
2025,676333,CH,1.0852280400722045,0.25,Bulk/Swing,,,,
2025,676661,FC,1.374545192908375,0.19047619047619047,Bulk/Swing,,,,
2025,676801,EP,2.3922922035346867,0.017857142857142856,Mixing Starter,,,,
2025,676974,CH,1.5991654107425068,0.11538461538461539,Bulk/Swing,,,,
2025,677592,CH,2.190596802970671,0.043478260869565216,Mixing Starter,,,,
2025,677952,CH,1.5991654107425068,0.07692307692307693,Bulk/Swing,,,,
2025,678215,FF,1.0852280400722045,0.125,Bulk/Swing,,,,
2025,679734,CU,1.5991654107425068,0.15384615384615385,Bulk/Swing,,,,
2025,680770,CH,1.0852280400722045,0.25,Bulk/Swing,,,,
2025,680776,CH,2.6345156280215596,0.014084507042253521,Mixing Starter,,,,
2025,680869,CH,2.2965114666021638,0.058823529411764705,Mixing Starter,,,,
2025,681082,CH,2.6345156280215596,0.014084507042253521,Mixing Starter,,,,
2025,681623,CU,1.0852280400722045,0.1875,Bulk/Swing,,,,
2025,681799,FC,1.0852280400722045,0.25,Bulk/Swing,,,,
2025,681891,CU,0.6791932659915256,0.36363636363636365,Bulk/Swing,,,,
2025,681911,CH,1.0852280400722045,0.1875,Bulk/Swing,,,,
2025,682120,CU,1.374545192908375,0.14285714285714285,Bulk/Swing,,,,
2025,682927,CH,2.1954224114296963,0.2857142857142857,Bulk/Swing,,,,
2025,683094,CU,1.374545192908375,0.19047619047619047,Bulk/Swing,,,,
2025,683104,CH,1.0852280400722045,0.125,Bulk/Swing,,,,
2025,686294,CH,1.374545192908375,0.14285714285714285,Bulk/Swing,,,,
2025,686452,CH,2.356758349703891,0.3333333333333333,Bulk/Swing,,,,
2025,686823,CH,2.190596802970671,0.06521739130434782,Mixing Starter,,,,
2025,687765,CH,1.782694688604736,0.0967741935483871,Bulk/Swing,,,,
2025,688107,CH,1.5991654107425068,0.07692307692307693,Bulk/Swing,,,,
2025,688875,CU,1.782694688604736,0.03225806451612903,Bulk/Swing,,,,
2025,690294,CH,1.374545192908375,0.19047619047619047,Bulk/Swing,,,,
2025,691016,CH,2.4797076717021445,0.01639344262295082,Mixing Starter,,,,
2025,691185,CH,2.2965114666021638,0.058823529411764705,Mixing Starter,,,,
2025,691373,CH,1.9378230905790836,0.1111111111111111,Mixing Starter,,,,
2025,691594,CS,2.5001036706905704,0.037037037037037035,Mixing Starter,,,,
2025,693307,CH,2.56010089119047,0.030303030303030304,Mixing Starter,,,,
2025,694376,CH,2.1905968029706706,0.021739130434782608,Mixing Starter,,,,
2025,694425,CU,1.5991654107425068,0.07692307692307693,Bulk/Swing,,,,
2025,694815,CU,1.5991654107425068,0.07692307692307693,Bulk/Swing,,,,
2025,695257,CH,1.5991654107425068,0.15384615384615385,Bulk/Swing,,,,
2025,695506,CH,2.4797076717021445,0.01639344262295082,Mixing Starter,,,,
2025,695735,CH,1.374545192908375,0.2857142857142857,Bulk/Swing,,,,
2025,696136,CH,1.7826946886047361,0.0,Bulk/Swing,,,,
2025,696522,CH,1.374545192908375,0.2857142857142857,Bulk/Swing,,,,
2025,700241,CH,1.9378230905790836,0.05555555555555555,Mixing Starter,,,,
2025,700242,CH,2.3922922035346867,0.07142857142857142,Mixing Starter,,,,
2025,700321,SI,-0.0,1.0,High-Leverage RP,,,,
2025,701162,CH,1.374545192908375,0.19047619047619047,Bulk/Swing,,,,
2025,701350,CH,2.4797076717021445,0.03278688524590164,Mixing Starter,,,,
2025,702056,FF,1.0852280400722045,0.125,Bulk/Swing,,,,
2025,703601,CH,1.5991654107425068,0.15384615384615385,Bulk/Swing,,,,
2025,800345,CU,1.0852280400722045,0.3125,Bulk/Swing,,,,
2025,803745,CU,0.6791932659915256,0.36363636363636365,Bulk/Swing,,,,
2025,805299,CH,1.374545192908375,0.14285714285714285,Bulk/Swing,,,,
2025,805319,CH,1.782694688604736,0.1935483870967742,Bulk/Swing,,,,
2025,805704,CH,1.782694688604736,0.0967741935483871,Bulk/Swing,,,,
2025,806198,CU,1.5991654107425068,0.11538461538461539,Bulk/Swing,,,,
2025,808267,CU,0.6791932659915256,0.2727272727272727,Bulk/Swing,,,,
2025,808963,FF,1.0852280400722045,0.0625,Bulk/Swing,,,,
2025,813636,CH,1.374545192908375,0.047619047619047616,Bulk/Swing,,,,
2025,814451,CH,1.0852280400722045,0.25,Bulk/Swing,,,,
2025,821262,SI,1.0852280400722045,0.3125,Bulk/Swing,,,,
2025,821657,FC,0.6791932659915256,0.36363636363636365,Bulk/Swing,,,,
2025,519151,CH,1.5991654107425068,0.07692307692307693,Bulk/Swing,,,,
2025,519317,CH,2.2965114666021638,0.058823529411764705,Mixing Starter,,,,
2025,527038,CH,2.4797076717021445,0.03278688524590164,Mixing Starter,,,,
2025,543391,CH,1.5991654107425068,0.15384615384615385,Bulk/Swing,,,,
2025,543766,CU,1.0852280400722045,0.3125,Bulk/Swing,,,,
2025,547001,CH,1.5991654107425068,0.23076923076923078,Bulk/Swing,,,,
2025,547973,FF,1.374545192908375,0.09523809523809523,Bulk/Swing,,,,
2025,571657,EP,2.4797076717021445,0.0,Mixing Starter,,,,
2025,573009,CH,1.3745451929083752,0.23809523809523808,Bulk/Swing,,,,
2025,592450,CH,2.4797076717021445,0.01639344262295082,Mixing Starter,,,,
2025,592518,CH,2.4797076717021445,0.01639344262295082,Mixing Starter,,,,
2025,592866,CH,1.5991654107425068,0.15384615384615385,Bulk/Swing,,,,
2025,594902,CH,1.9378230905790836,0.027777777777777776,Mixing Starter,,,,
2025,596142,EP,2.3349995330188618,0.07575757575757576,Mixing Starter,,,,
2025,607067,FF,2.1632139318790973,0.0784313725490196,Mixing Starter,,,,
2025,608032,CH,1.0852280400722045,0.3125,Bulk/Swing,,,,
2025,608337,CH,1.5991654107425068,0.11538461538461539,Bulk/Swing,,,,
2025,621008,FF,0.6791932659915256,0.36363636363636365,Bulk/Swing,,,,
2025,621237,CU,1.374545192908375,0.19047619047619047,Bulk/Swing,,,,
2025,622379,CH,1.374545192908375,0.14285714285714285,Bulk/Swing,,,,
2025,623433,CH,1.3745451929083752,0.14285714285714285,Bulk/Swing,,,,
2025,641857,CH,2.6345156280215596,0.028169014084507043,Mixing Starter,,,,
2025,656546,FF,1.5991654107425068,0.11538461538461539,Bulk/Swing,,,,
2025,656756,CH,1.374545192908375,0.23809523809523808,Bulk/Swing,,,,
2025,657006,CH,1.5991654107425068,0.15384615384615385,Bulk/Swing,,,,
2025,660730,CH,1.5991654107425068,0.038461538461538464,Bulk/Swing,,,,
2025,663538,CH,2.56010089119047,0.06060606060606061,Mixing Starter,,,,
2025,663574,CH,1.374545192908375,0.2857142857142857,Bulk/Swing,,,,
2025,663992,FF,1.374545192908375,0.14285714285714285,Bulk/Swing,,,,
2025,664062,CU,1.374545192908375,0.09523809523809523,Bulk/Swing,,,,
2025,664076,FC,1.5991654107425068,0.11538461538461539,Bulk/Swing,,,,
2025,664126,CH,1.374545192908375,0.09523809523809523,Bulk/Swing,,,,
2025,664728,CH,2.56010089119047,0.06060606060606061,Mixing Starter,,,,
2025,664849,FC,1.0852280400722045,0.125,Bulk/Swing,,,,
2025,664875,FF,1.0852280400722045,0.25,Bulk/Swing,,,,
2025,664913,CH,2.2965114666021638,0.058823529411764705,Mixing Starter,,,,
2025,665839,CH,2.190596802970671,0.08695652173913043,Mixing Starter,,,,
2025,666158,CH,2.4797076717021445,0.03278688524590164,Mixing Starter,,,,
2025,666165,CH,2.0721529997457324,0.04878048780487805,Mixing Starter,,,,
2025,666310,CH,2.4797076717021445,0.04918032786885246,Mixing Starter,,,,
2025,668716,CH,1.782694688604736,0.0967741935483871,Bulk/Swing,,,,
2025,668752,CH,1.9378230905790836,0.05555555555555555,Mixing Starter,,,,
2025,668843,CH,1.374545192908375,0.23809523809523808,Bulk/Swing,,,,
2025,668881,CU,1.374545192908375,0.14285714285714285,Bulk/Swing,,,,
2025,669308,CH,1.374545192908375,0.14285714285714285,Bulk/Swing,,,,
2025,669358,CH,1.5991654107425068,0.038461538461538464,Bulk/Swing,,,,
2025,669372,CH,1.5991654107425068,0.038461538461538464,Bulk/Swing,,,,
2025,669374,CH,2.2965114666021638,0.0196078431372549,Mixing Starter,,,,
2025,669717,CH,2.231544729950213,0.06060606060606061,Mixing Starter,,,,
2025,669720,CH,2.6345156280215596,0.04225352112676056,Mixing Starter,,,,
2025,669721,FF,1.374545192908375,0.23809523809523808,Bulk/Swing,,,,
2025,669947,FF,1.374545192908375,0.19047619047619047,Bulk/Swing,,,,
2025,670036,FC,1.3745451929083752,0.09523809523809523,Bulk/Swing,,,,
2025,670276,CH,2.190596802970671,0.06521739130434782,Mixing Starter,,,,
2025,670389,CU,1.374545192908375,0.19047619047619047,Bulk/Swing,,,,
2025,670712,ST,1.742082913764806,0.17073170731707318,Bulk/Swing,,,,
2025,670770,CH,2.56010089119047,0.0,Mixing Starter,,,,
2025,670869,CH,1.9378230905790836,0.08333333333333333,Mixing Starter,,,,
2025,670871,CH,1.374545192908375,0.09523809523809523,Bulk/Swing,,,,
2025,672275,CH,2.4582674669088345,0.27927927927927926,Bulk/Swing,,,,
2025,672282,CH,1.782694688604736,0.03225806451612903,Bulk/Swing,,,,
2025,672724,CU,2.4250463086118685,0.11267605633802817,Mixing Starter,,,,
2025,673540,CU,2.190596802970671,0.0,Mixing Starter,,,,
2025,673962,CH,2.56010089119047,0.015151515151515152,Mixing Starter,,,,
2025,674441,CH,2.190596802970671,0.10869565217391304,Mixing Starter,,,,
2025,675911,CH,1.374545192908375,0.09523809523809523,Bulk/Swing,,,,
2025,676755,CH,1.374545192908375,0.14285714285714285,Bulk/Swing,,,,
2025,676882,FC,0.6791932659915256,0.36363636363636365,Bulk/Swing,,,,
2025,677020,CU,1.0852280400722045,0.4375,Bulk/Swing,,,,
2025,677334,CH,1.0852280400722045,0.375,Bulk/Swing,,,,
2025,677587,CH,2.38218651923676,0.24528301886792453,Bulk/Swing,,,,
2025,677942,CH,2.3922922035346867,0.08928571428571429,Mixing Starter,,,,
2025,677955,CH,1.5991654107425068,0.11538461538461539,Bulk/Swing,,,,
2025,678099,FF,0.6791932659915256,0.5454545454545454,High-Leverage RP,,,,
2025,678316,CH,1.374545192908375,0.23809523809523808,Bulk/Swing,,,,
2025,678576,CU,1.0852280400722045,0.375,Bulk/Swing,,,,
2025,678837,CU,1.374545192908375,0.14285714285714285,Bulk/Swing,,,,
2025,678877,CH,2.3922922035346867,0.017857142857142856,Mixing Starter,,,,
2025,678906,CH,1.5991654107425068,0.19230769230769232,Bulk/Swing,,,,
2025,679529,CH,2.56010089119047,0.030303030303030304,Mixing Starter,,,,
2025,680397,FC,1.374545192908375,0.0,Bulk/Swing,,,,
2025,680604,CH,1.5991654107425068,0.07692307692307693,Bulk/Swing,,,,
2025,680702,CH,1.0852280400722045,0.25,Bulk/Swing,,,,
2025,681584,CH,2.190596802970671,0.021739130434782608,Mixing Starter,,,,
2025,681751,CU,1.374545192908375,0.047619047619047616,Bulk/Swing,,,,
2025,682183,CH,2.0721529997457324,0.12195121951219512,Mixing Starter,,,,
2025,682254,FF,0.6791932659915256,0.36363636363636365,Bulk/Swing,,,,
2025,682842,FF,1.0852280400722045,0.1875,Bulk/Swing,,,,
2025,682928,CH,2.4797076717021445,0.01639344262295082,Mixing Starter,,,,
2025,682989,CH,1.374545192908375,0.19047619047619047,Bulk/Swing,,,,
2025,683004,SI,1.742082913764806,0.12195121951219512,Bulk/Swing,,,,
2025,683155,CH,1.5991654107425068,0.07692307692307693,Bulk/Swing,,,,
2025,683232,CU,1.0852280400722045,0.375,Bulk/Swing,,,,
2025,683409,CH,1.0852280400722045,0.25,Bulk/Swing,,,,
2025,685299,CH,1.374545192908375,0.19047619047619047,Bulk/Swing,,,,
2025,686799,CH,1.782694688604736,0.12903225806451613,Bulk/Swing,,,,
2025,687208,CU,1.782694688604736,0.06451612903225806,Bulk/Swing,,,,
2025,687515,CH,2.3922922035346867,0.05357142857142857,Mixing Starter,,,,
2025,687521,CU,1.0852280400722045,0.1875,Bulk/Swing,,,,
2025,687866,FC,1.0852280400722045,0.375,Bulk/Swing,,,,
2025,687918,CH,1.0852280400722045,0.375,Bulk/Swing,,,,
2025,687957,CH,2.2965114666021638,0.0392156862745098,Mixing Starter,,,,
2025,689233,FF,-0.0,1.0,High-Leverage RP,,,,
2025,689337,CU,1.374545192908375,0.09523809523809523,Bulk/Swing,,,,
2025,689958,FF,1.0852280400722045,0.25,Bulk/Swing,,,,
2025,690022,CH,2.3922922035346867,0.03571428571428571,Mixing Starter,,,,
2025,690924,CH,2.2965114666021638,0.0392156862745098,Mixing Starter,,,,
2025,691587,CH,1.7826946886047361,0.06451612903225806,Bulk/Swing,,,,
2025,691621,FF,1.374545192908375,0.2857142857142857,Bulk/Swing,,,,
2025,691897,FF,1.0852280400722045,0.125,Bulk/Swing,,,,
2025,692564,FF,0.6791932659915256,0.36363636363636365,Bulk/Swing,,,,
2025,692838,FC,1.374545192908375,0.14285714285714285,Bulk/Swing,,,,
2025,694192,CH,2.4797076717021445,0.04918032786885246,Mixing Starter,,,,
2025,694361,CU,1.374545192908375,0.14285714285714285,Bulk/Swing,,,,
2025,694795,FF,1.0852280400722045,0.4375,Bulk/Swing,,,,
2025,694876,CH,1.782694688604736,0.0967741935483871,Bulk/Swing,,,,
2025,694974,FF,1.374545192908375,0.047619047619047616,Bulk/Swing,,,,
2025,695490,FC,1.8966188624329645,0.21568627450980393,Bulk/Swing,,,,
2025,695670,CH,1.782694688604736,0.0967741935483871,Bulk/Swing,,,,
2025,699024,CH,1.0852280400722045,0.25,Bulk/Swing,,,,
2025,699228,FC,1.374545192908375,0.14285714285714285,Bulk/Swing,,,,
2025,700712,FC,1.374545192908375,0.19047619047619047,Bulk/Swing,,,,
2025,702328,CH,1.5991654107425068,0.15384615384615385,Bulk/Swing,,,,
2025,702391,SI,0.6791932659915256,0.36363636363636365,Bulk/Swing,,,,
2025,800522,CU,1.0852280400722045,0.3125,Bulk/Swing,,,,
2025,800957,CH,1.782694688604736,0.12903225806451613,Bulk/Swing,,,,
2025,801276,CH,1.7398819548964586,0.2549019607843137,Bulk/Swing,,,,
2025,802506,CH,1.0852280400722045,0.25,Bulk/Swing,,,,
2025,805126,FC,0.6791932659915256,0.5454545454545454,High-Leverage RP,,,,
2025,805673,CH,1.782694688604736,0.0967741935483871,Bulk/Swing,,,,
2025,805804,SI,0.6791932659915256,0.45454545454545453,Bulk/Swing,,,,
2025,806988,CH,1.0852280400722045,0.3125,Bulk/Swing,,,,
2025,807728,CH,1.0852280400722045,0.0625,Bulk/Swing,,,,
2025,809244,SI,0.6791932659915256,0.45454545454545453,Bulk/Swing,,,,
2025,809950,FF,0.6791932659915256,0.36363636363636365,Bulk/Swing,,,,
2025,814388,CH,1.374545192908375,0.14285714285714285,Bulk/Swing,,,,
2025,815888,FC,1.0852280400722045,0.125,Bulk/Swing,,,,
2015,112526,SI,1.6577819211036517,0.7156910969011313,Bulk/Swing,,,,
2015,120074,CH,2.481745808979827,0.5734597156398105,Bulk/Swing,,,,
2015,136860,CH,2.37324881185463,0.6809815950920245,Bulk/Swing,,,,
2015,276351,FF,1.1915808128569614,0.6501650165016502,High-Leverage RP,,,,
2015,346847,FF,1.6859407128430373,0.5840957072484166,Bulk/Swing,,,,
2015,400121,CH,2.3466763184876838,0.6777408637873754,Bulk/Swing,,,,
2015,407781,CH,2.245258428505279,0.5906432748538012,Bulk/Swing,,,,
2015,408061,CH,1.4312749496047559,0.6443867618429591,High-Leverage RP,,,,
2015,425560,CH,2.241554101535349,0.5080385852090032,Bulk/Swing,,,,
2015,425626,SI,1.414213720422206,0.5994623655913979,High-Leverage RP,,,,
2015,425794,SI,1.598846640344087,0.5663474692202463,Bulk/Swing,,,,
2015,430589,SI,0.9969186333145263,0.6796785304247991,High-Leverage RP,,,,
2015,434671,SL,2.033091800209367,0.6915422885572139,Bulk/Swing,,,,
2015,435401,CH,2.244396759396041,0.6144578313253012,Bulk/Swing,,,,
2015,446321,SI,1.5282745927639492,0.6537335285505125,Bulk/Swing,,,,
2015,448602,CH,2.3104334056180296,0.5738636363636364,Bulk/Swing,,,,
2015,450282,FF,1.2014465852755385,0.6479238754325259,High-Leverage RP,,,,
2015,451109,FF,2.040220035915601,0.5225225225225225,Bulk/Swing,,,,
2015,453539,CH,2.3955062596293626,0.4838709677419355,Bulk/Swing,,,,
2015,453895,CU,1.947446584042527,0.5,Bulk/Swing,,,,
2015,455104,CH,2.432572953776953,0.40860215053763443,Bulk/Swing,,,,
2015,455117,CH,2.2702364665024883,0.4036144578313253,Bulk/Swing,,,,
2015,456714,CH,2.4607745048050327,0.472636815920398,Bulk/Swing,,,,
2015,458678,FF,0.9604742681950982,0.6480541455160744,High-Leverage RP,,,,
2015,461416,CH,2.174982024786157,0.4906832298136646,Bulk/Swing,,,,
2015,461833,FF,1.7803247312039474,0.6499189627228525,Bulk/Swing,,,,
2015,462136,FF,1.468074119606065,0.660472972972973,High-Leverage RP,,,,
2015,467827,CH,2.455649055845278,0.5161290322580645,Bulk/Swing,,,,
2015,468406,FF,2.128167889246967,0.6056910569105691,Bulk/Swing,,,,
2015,474233,CH,2.188987931835199,0.5670103092783505,Bulk/Swing,,,,
2015,474699,SI,1.8653575978988488,0.5708418891170431,Bulk/Swing,,,,
2015,489232,CH,2.1341216355672272,0.46099290780141844,Bulk/Swing,,,,
2015,499624,CH,2.3274083977864533,0.4578313253012048,Bulk/Swing,,,,
2015,501625,FF,1.7098167411702372,0.6065573770491803,Bulk/Swing,,,,
2015,501822,FF,1.6276763709550672,0.609429978888107,Bulk/Swing,,,,
2015,501957,FF,1.6776821374757678,0.6463588767253688,Bulk/Swing,,,,
2015,502009,FC,2.0135885205046264,0.6073736221968833,Bulk/Swing,,,,
2015,502110,CH,2.379194384359381,0.6218905472636815,Bulk/Swing,,,,
2015,502226,FF,1.8935073824182063,0.5445544554455446,Bulk/Swing,,,,
2015,502272,FF,1.4143539074183114,0.5754560530679934,High-Leverage RP,,,,
2015,518577,SI,2.060700623567344,0.5158730158730159,Bulk/Swing,,,,
2015,518771,FF,1.4798044841136337,0.5965746907706946,Bulk/Swing,,,,
2015,518886,FF,1.0458194831394896,0.6710097719869706,High-Leverage RP,,,,
2015,518911,SL,2.056832243621054,0.6115702479338843,Bulk/Swing,,,,
2015,519144,SI,1.6088597227364438,0.6596931659693166,Bulk/Swing,,,,
2015,542255,CH,2.074643513520951,0.5897435897435898,Bulk/Swing,,,,
2015,542587,SL,1.2655058435729585,0.6209912536443148,High-Leverage RP,,,,
2015,542882,FF,1.756071404829044,0.5797101449275363,Bulk/Swing,,,,
2015,543037,FF,1.8475067476561549,0.5878239407651172,Bulk/Swing,,,,
2015,543118,FF,0.9381853101262125,0.6224648985959438,High-Leverage RP,,,,
2015,543258,SL,1.0718545850103973,0.5909980430528375,High-Leverage RP,,,,
2015,543294,SI,1.687661525675526,0.638542665388303,Bulk/Swing,,,,
2015,543376,CH,2.244406116714405,0.5341614906832298,Bulk/Swing,,,,
2015,543475,SI,1.7398062726140342,0.613941018766756,Bulk/Swing,,,,
2015,543594,FF,1.5884070882145824,0.623352165725047,Bulk/Swing,,,,
2015,543768,CH,2.4058486762052773,0.49171270718232046,Bulk/Swing,,,,
2015,543776,CH,2.311742285697694,0.45180722891566266,Bulk/Swing,,,,
2015,543903,FF,1.6371102351143478,0.576235541535226,Bulk/Swing,,,,
2015,545358,CH,1.7346910468003625,0.5348837209302325,Bulk/Swing,,,,
2015,547379,CH,2.1628078840807583,0.4520547945205479,Bulk/Swing,,,,
2015,548357,FF,1.6528698950650662,0.6214415505754088,Bulk/Swing,,,,
2015,570615,SL,1.9849334240548397,0.6132075471698113,Bulk/Swing,,,,
2015,570649,FF,1.6604040036081589,0.6370336250575771,Bulk/Swing,,,,
2015,571437,CH,2.1334525705652703,0.6027397260273972,Bulk/Swing,,,,
2015,571788,CH,2.426192539623879,0.5612244897959183,Bulk/Swing,,,,
2015,571946,FF,1.760552126021321,0.5756474329850069,Bulk/Swing,,,,
2015,574831,FF,1.0040761387311792,0.47619047619047616,High-Leverage RP,,,,
2015,592351,FF,1.7033026217743525,0.4906716417910448,Bulk/Swing,,,,
2015,592662,FF,1.5703798567134852,0.548431105047749,Bulk/Swing,,,,
2015,592789,FF,1.7605743054374614,0.61907190209077,Bulk/Swing,,,,
2015,593958,FF,1.4456866060097089,0.6185737976782753,High-Leverage RP,,,,
2015,594815,FF,1.2281774065797115,0.5354330708661418,High-Leverage RP,,,,
2015,594840,SI,1.2481251548953272,0.539714867617108,High-Leverage RP,,,,
2015,594951,FF,1.541158197541378,0.5211640211640212,Bulk/Swing,,,,
2015,605359,SI,1.4979719309944706,0.5286624203821656,Bulk/Swing,,,,
2015,605452,SI,1.4046192310369994,0.5943970767356882,High-Leverage RP,,,,
2015,607309,FF,1.3594839028537107,0.5978835978835979,High-Leverage RP,,,,
2015,608379,FF,1.6576091699714661,0.5939298796441653,Bulk/Swing,,,,
2015,608665,SI,1.7436434615191123,0.6008855154965211,Bulk/Swing,,,,
2015,621397,SI,1.577627235733495,0.525987525987526,Bulk/Swing,,,,
2015,621962,FF,1.4620818097609556,0.5447316103379721,High-Leverage RP,,,,
2015,628333,SI,2.0599256063953284,0.6205701078582434,Bulk/Swing,,,,
2015,641627,SI,1.3657472919798406,0.6072874493927125,High-Leverage RP,,,,
2015,150302,CH,1.6566843391261763,0.5988372093023255,Bulk/Swing,,,,
2015,276519,CH,2.1131420253028352,0.7188612099644128,Bulk/Swing,,,,
2015,407845,CH,1.2872924449400351,0.6849925705794948,High-Leverage RP,,,,
2015,408307,CH,2.1770512330943874,0.5963855421686747,Bulk/Swing,,,,
2015,425835,SL,1.7235581390303067,0.5765124555160143,Bulk/Swing,,,,
2015,429722,SL,1.4497661981566703,0.6200923787528868,High-Leverage RP,,,,
2015,429780,FF,1.6332816187016193,0.5907172995780591,Bulk/Swing,,,,
2015,430001,FF,2.1564797829629736,0.5396825396825397,Bulk/Swing,,,,
2015,430641,FF,1.6824592553526145,0.6281138790035588,Bulk/Swing,,,,
2015,430935,FF,1.7454407505320149,0.6649937264742786,Bulk/Swing,,,,
2015,432934,FF,1.2196696934710025,0.6453396524486572,High-Leverage RP,,,,
2015,444468,SL,1.6071802130870838,0.6014026884862653,Bulk/Swing,,,,
2015,446386,CH,2.3348132422664856,0.4375,Bulk/Swing,,,,
2015,451594,SI,2.297069802068016,0.6351351351351351,Bulk/Swing,,,,
2015,452657,FF,1.6646907629862,0.6527403414195867,Bulk/Swing,,,,
2015,457760,FF,2.0553895927723325,0.4774774774774775,Bulk/Swing,,,,
2015,457763,CH,2.2452584285052786,0.5263157894736842,Bulk/Swing,,,,
2015,458668,SL,1.3716085660958017,0.5,High-Leverage RP,,,,
2015,458681,FF,1.8619330049463358,0.6487088156723063,Bulk/Swing,,,,
2015,458730,FF,1.315372612970434,0.5914634146341463,High-Leverage RP,,,,
2015,461815,CH,2.2368622596345147,0.5434083601286174,Bulk/Swing,,,,
2015,462985,FF,1.541784787706632,0.6002310803004044,Bulk/Swing,,,,
2015,466320,CH,2.3608897684759302,0.5981873111782477,Bulk/Swing,,,,
2015,471083,CH,2.310646236019094,0.5029239766081871,Bulk/Swing,,,,
2015,472610,SL,1.3338238243907123,0.630418809698751,High-Leverage RP,,,,
2015,475138,FC,1.7582587221017758,0.506993006993007,Bulk/Swing,,,,
2015,476704,CH,2.1382408071140295,0.6236162361623616,Bulk/Swing,,,,
2015,491646,SI,1.5725028150905014,0.5811903012490816,Bulk/Swing,,,,
2015,493157,FS,1.3622179841785251,0.5709421112372304,High-Leverage RP,,,,
2015,493159,FF,1.833269617117563,0.572429906542056,Bulk/Swing,,,,
2015,502126,CH,2.174982024786157,0.5838509316770186,Bulk/Swing,,,,
2015,502190,SI,1.9120668167099644,0.6338514680483592,Bulk/Swing,,,,
2015,514917,CH,2.18366611613565,0.5876288659793815,Bulk/Swing,,,,
2015,518418,SI,1.3264737420756005,0.536144578313253,High-Leverage RP,,,,
2015,518595,CH,2.1737641121142817,0.4935897435897436,Bulk/Swing,,,,
2015,518603,FF,1.470490709080103,0.6193111931119312,High-Leverage RP,,,,
2015,518927,SI,1.616760163710882,0.5614489003880984,Bulk/Swing,,,,
2015,519240,SL,1.3408845173102282,0.5664467483506126,High-Leverage RP,,,,
2015,519242,SI,1.348196682931703,0.6680790960451978,High-Leverage RP,,,,
2015,534910,SI,1.7920874565577292,0.5608552631578947,Bulk/Swing,,,,
2015,542455,FS,2.1400987155806392,0.4117647058823529,Bulk/Swing,,,,
2015,542883,CH,0.6791932659915256,0.2727272727272727,Bulk/Swing,,,,
2015,543308,FF,1.9944736323135905,0.37623762376237624,Bulk/Swing,,,,
2015,543569,SI,1.8588617502002274,0.32786885245901637,Bulk/Swing,,,,
2015,543726,FF,1.5869746861298528,0.6024531024531025,Bulk/Swing,,,,
2015,543942,SL,1.4753165726174733,0.5477707006369427,Bulk/Swing,,,,
2015,545350,CH,2.4762995424626215,0.41361256544502617,Bulk/Swing,,,,
2015,552662,SI,1.8656166729381685,0.37362637362637363,Bulk/Swing,,,,
2015,554432,SI,1.2333929269148827,0.5246305418719212,High-Leverage RP,,,,
2015,571057,FF,1.329465019792336,0.6068796068796068,High-Leverage RP,,,,
2015,571761,FF,1.9610174322464309,0.43209876543209874,Bulk/Swing,,,,
2015,571868,SI,2.2412880850054484,0.4485294117647059,Bulk/Swing,,,,
2015,571871,FF,1.6445058675096695,0.5769230769230769,Bulk/Swing,,,,
2015,581527,CH,2.254570354413729,0.463855421686747,Bulk/Swing,,,,
2015,592239,FF,2.106745503936077,0.6298342541436464,Bulk/Swing,,,,
2015,592340,FF,1.4180468789805891,0.5855689176688251,High-Leverage RP,,,,
2015,592647,CH,2.013788320285787,0.5450236966824644,Bulk/Swing,,,,
2015,592680,FF,1.8759226012321577,0.4175824175824176,Bulk/Swing,,,,
2015,595235,FF,1.0744654558804023,0.5755627009646302,High-Leverage RP,,,,
2015,595918,FF,1.7571634745132747,0.4910313901345291,Bulk/Swing,,,,
2015,596064,FF,1.3654674922343015,0.5184563758389261,High-Leverage RP,,,,
2015,596146,FF,1.6680514608098038,0.28169014084507044,Bulk/Swing,,,,
2015,600303,FF,2.0506777766955873,0.2975206611570248,Bulk/Swing,,,,
2015,605400,FF,1.76115137452223,0.5485961123110151,Bulk/Swing,,,,
2015,605439,FF,1.5190866896191944,0.391304347826087,Bulk/Swing,,,,
2015,605486,CH,2.162336285641346,0.41721854304635764,Bulk/Swing,,,,
2015,607680,CH,2.453824380552326,0.45549738219895286,Bulk/Swing,,,,
2015,641490,FF,1.0972361616369002,0.5420827389443652,High-Leverage RP,,,,
2015,643327,FC,1.73966029767954,0.5852674066599395,Bulk/Swing,,,,
2015,408236,CH,2.310646236019094,0.6140350877192983,Bulk/Swing,,,,
2015,429711,CH,2.022534126897913,0.6323529411764706,Bulk/Swing,,,,
2015,430910,CH,2.1315515058938233,0.7011070110701108,Bulk/Swing,,,,
2015,430945,CH,2.272923422618979,0.6519337016574586,Bulk/Swing,,,,
2015,430948,SI,2.214185944471365,0.6557971014492754,Bulk/Swing,,,,
2015,434158,CH,2.3203435444516898,0.5469613259668509,Bulk/Swing,,,,
2015,445095,CH,1.8709253105393464,0.3484848484848485,Bulk/Swing,,,,
2015,445590,FF,1.763028710694517,0.61698956780924,Bulk/Swing,,,,
2015,448306,FF,1.7985847815475426,0.672752808988764,Bulk/Swing,,,,
2015,449097,FF,1.438838935036732,0.6218905472636815,High-Leverage RP,,,,
2015,450275,FF,1.3126099477400768,0.6535776614310645,High-Leverage RP,,,,
2015,452220,CH,2.3440536053680456,0.5469613259668509,Bulk/Swing,,,,
2015,453192,SL,1.0624843903632781,0.6501014198782962,High-Leverage RP,,,,
2015,456121,CU,2.1706067760351937,0.5397727272727273,Bulk/Swing,,,,
2015,456696,CU,1.3231197229310547,0.6138716356107661,High-Leverage RP,,,,
2015,457705,CH,2.270346981335376,0.543859649122807,Bulk/Swing,,,,
2015,457787,CH,2.33307768781337,0.5887850467289719,Bulk/Swing,,,,
2015,458582,FF,1.7511532164008101,0.4647887323943662,Bulk/Swing,,,,
2015,458690,SI,1.3574898055345124,0.40476190476190477,Bulk/Swing,,,,
2015,460077,CH,2.1237234963227225,0.5,Bulk/Swing,,,,
2015,467100,SI,1.4428446166362898,0.6320064987814785,High-Leverage RP,,,,
2015,469134,FF,1.7523658564200417,0.5792410714285714,Bulk/Swing,,,,
2015,471822,FF,1.7076453357132886,0.5669291338582677,Bulk/Swing,,,,
2015,474568,CH,2.310646236019094,0.49122807017543857,Bulk/Swing,,,,
2015,476883,CH,2.245258428505279,0.5730994152046783,Bulk/Swing,,,,
2015,477132,FF,1.5702514220126187,0.5895663104965431,Bulk/Swing,,,,
2015,477165,CH,2.0922254591929654,0.4632352941176471,Bulk/Swing,,,,
2015,489067,SI,1.8821319518066149,0.2878787878787879,Bulk/Swing,,,,
2015,491676,SI,1.4924397303082284,0.19444444444444445,Bulk/Swing,,,,
2015,501870,FF,1.630838307396395,0.5454545454545454,Bulk/Swing,,,,
2015,502034,FF,1.6071449068303474,0.4098360655737705,Bulk/Swing,,,,
2015,502624,FF,1.673427392401087,0.6797235023041475,Bulk/Swing,,,,
2015,517059,SI,1.094552544354929,0.5476190476190477,High-Leverage RP,,,,
2015,518170,FF,1.5631489389250592,0.25,Bulk/Swing,,,,
2015,518703,FF,1.5736463186291814,0.6134751773049646,Bulk/Swing,,,,
2015,518755,FF,1.7100532561573196,0.5394736842105263,Bulk/Swing,,,,
2015,518902,FF,2.1358794623423223,0.5238095238095238,Bulk/Swing,,,,
2015,519455,FF,1.7967200629984243,0.625,Bulk/Swing,,,,
2015,523260,SI,1.6077675200470711,0.6772993088782563,Bulk/Swing,,,,
2015,542960,FF,1.4695263569278778,0.6396063960639606,High-Leverage RP,,,,
2015,542993,SI,2.385149145559429,0.6720257234726688,Bulk/Swing,,,,
2015,543101,FF,1.8811079920287377,0.6267806267806267,Bulk/Swing,,,,
2015,543135,FF,1.8096786662741466,0.6293188548864758,Bulk/Swing,,,,
2015,543216,FS,2.3770498890234353,0.5340909090909091,Bulk/Swing,,,,
2015,543238,CH,2.2545703544137297,0.5903614457831325,Bulk/Swing,,,,
2015,543409,FF,1.0376881717308217,0.58984375,High-Leverage RP,,,,
2015,543432,CH,2.1552215334524796,0.5441176470588235,Bulk/Swing,,,,
2015,543484,CH,2.0416307744805606,0.6764705882352942,Bulk/Swing,,,,
2015,547888,FF,1.854810540300127,0.6074007220216606,Bulk/Swing,,,,
2015,554234,SI,1.5160351555300575,0.6097105508870215,Bulk/Swing,,,,
2015,571466,CH,2.1893357490872956,0.6405693950177936,Bulk/Swing,,,,
2015,571665,CH,1.2518677260702478,0.4722222222222222,High-Leverage RP,,,,
2015,571760,SI,1.2957727175515004,0.5772626931567328,High-Leverage RP,,,,
2015,571918,SL,2.1350921823458258,0.4793388429752066,Bulk/Swing,,,,
2015,572128,CH,2.0108446147516745,0.4380165289256198,Bulk/Swing,,,,
2015,572287,CH,2.244406116714405,0.40372670807453415,Bulk/Swing,,,,
2015,578428,SI,2.428403872983653,0.4336734693877551,Bulk/Swing,,,,
2015,592332,FF,1.6848973114759045,0.6124661246612466,Bulk/Swing,,,,
2015,592570,SL,0.6900682792827156,0.6633663366336634,High-Leverage RP,,,,
2015,592596,FS,1.0594782926538544,0.19047619047619047,Bulk/Swing,,,,
2015,593428,CH,2.460798419550521,0.5631067961165048,Bulk/Swing,,,,
2015,594694,CH,1.580958051894927,0.36065573770491804,Bulk/Swing,,,,
2015,594777,CH,2.404096711154294,0.4869109947643979,Bulk/Swing,,,,
2015,605177,SI,1.4642355097802844,0.6071184120465435,High-Leverage RP,,,,
2015,605309,FF,1.4174875253661319,0.5711311589174185,High-Leverage RP,,,,
2015,605476,SI,1.4413625942529478,0.5211024978466839,High-Leverage RP,,,,
2015,645848,FF,1.9778168640003162,0.36633663366336633,Bulk/Swing,,,,
2025,445276,FC,1.374545192908375,0.19047619047619047,Bulk/Swing,,,,
2025,456781,CH,2.4797076717021445,0.04918032786885246,Mixing Starter,,,,
2025,518792,CH,2.2965114666021638,0.09803921568627451,Mixing Starter,,,,
2025,543510,CH,2.3922922035346867,0.05357142857142857,Mixing Starter,,,,
2025,572138,CH,1.9378230905790836,0.08333333333333333,Mixing Starter,,,,
2025,592836,CU,1.782694688604736,0.12903225806451613,Bulk/Swing,,,,
2025,593974,CH,1.374545192908375,0.2857142857142857,Bulk/Swing,,,,
2025,596115,CH,2.7037791242722005,0.02631578947368421,Mixing Starter,,,,
2025,605131,CH,2.2965114666021638,0.11764705882352941,Mixing Starter,,,,
2025,605141,CH,2.2965114666021638,0.09803921568627451,Mixing Starter,,,,
2025,605507,CH,1.5991654107425068,0.038461538461538464,Bulk/Swing,,,,
2025,607043,CH,2.4797076717021445,0.04918032786885246,Mixing Starter,,,,
2025,608385,CH,2.3922922035346867,0.07142857142857142,Mixing Starter,,,,
2025,614179,CH,1.7826946886047361,0.0967741935483871,Bulk/Swing,,,,
2025,615698,CH,1.9378230905790834,0.027777777777777776,Bulk/Swing,,,,
2025,621035,CH,2.4797076717021445,0.04918032786885246,Mixing Starter,,,,
2025,621111,CH,1.9378230905790836,0.027777777777777776,Mixing Starter,,,,
2025,622268,CH,2.0721529997457324,0.04878048780487805,Mixing Starter,,,,
2025,623437,CH,1.5991654107425068,0.11538461538461539,Bulk/Swing,,,,
2025,624431,EP,2.584633814661296,0.06172839506172839,Mixing Starter,,,,
2025,628451,CH,2.4797076717021445,0.0,Mixing Starter,,,,
2025,641329,CH,1.0852280400722045,0.25,Bulk/Swing,,,,
2025,641907,CH,1.5991654107425068,0.038461538461538464,Bulk/Swing,,,,
2025,642086,CH,2.5601008911904697,0.015151515151515152,Mixing Starter,,,,
2025,642121,CH,1.374545192908375,0.19047619047619047,Bulk/Swing,,,,
2025,642520,CH,1.5991654107425068,0.15384615384615385,Bulk/Swing,,,,
2025,642547,CH,1.374545192908375,0.23809523809523808,Bulk/Swing,,,,
2025,649966,CH,2.4797076717021445,0.03278688524590164,Mixing Starter,,,,
2025,650333,CH,2.56010089119047,0.06060606060606061,Mixing Starter,,,,
2025,650559,CH,2.190596802970671,0.021739130434782608,Mixing Starter,,,,
2025,656457,FC,1.782694688604736,0.0967741935483871,Bulk/Swing,,,,
2025,656582,CH,2.3922922035346867,0.07142857142857142,Mixing Starter,,,,
2025,656641,CH,1.374545192908375,0.14285714285714285,Bulk/Swing,,,,
2025,656775,CH,2.56010089119047,0.06060606060606061,Mixing Starter,,,,
2025,657136,CH,2.3922922035346867,0.03571428571428571,Mixing Starter,,,,
2025,663368,CH,2.368893731310539,0.2871287128712871,Bulk/Swing,,,,
2025,663399,CH,1.5991654107425068,0.15384615384615385,Bulk/Swing,,,,
2025,663460,CH,1.5991654107425068,0.11538461538461539,Bulk/Swing,,,,
2025,663698,CH,2.3922922035346867,0.03571428571428571,Mixing Starter,,,,
2025,663886,CH,2.4797076717021445,0.04918032786885246,Mixing Starter,,,,
2025,663898,CH,2.190596802970671,0.021739130434782608,Mixing Starter,,,,
2025,663978,CH,1.782694688604736,0.0967741935483871,Bulk/Swing,,,,
2025,664040,CH,2.4797076717021445,0.11475409836065574,Mixing Starter,,,,
2025,666215,CH,1.7826946886047361,0.22580645161290322,Bulk/Swing,,,,
2025,667240,FF,1.0852280400722045,0.1875,Bulk/Swing,,,,
2025,668804,CH,2.3688937313105387,0.25742574257425743,Bulk/Swing,,,,
2025,668942,CH,2.3922922035346867,0.07142857142857142,Mixing Starter,,,,
2025,668964,CH,1.782694688604736,0.0967741935483871,Bulk/Swing,,,,
2025,669234,CH,2.2965114666021638,0.09803921568627451,Mixing Starter,,,,
2025,669304,CH,2.2965114666021638,0.11764705882352941,Mixing Starter,,,,
2025,669373,CH,1.782694688604736,0.0967741935483871,Bulk/Swing,,,,
2025,669422,CU,1.782694688604736,0.12903225806451613,Bulk/Swing,,,,
2025,669434,CU,1.0852280400722045,0.0625,Bulk/Swing,,,,
2025,669438,CH,2.0721529997457324,0.04878048780487805,Mixing Starter,,,,
2025,669701,CH,2.6345156280215596,0.056338028169014086,Mixing Starter,,,,
2025,669722,FC,2.440782258898719,0.20833333333333334,Bulk/Swing,,,,
2025,670990,CU,1.782694688604736,0.1935483870967742,Bulk/Swing,,,,
2025,671655,CH,2.190596802970671,0.06521739130434782,Mixing Starter,,,,
2025,671732,CH,2.5601008911904697,0.0,Mixing Starter,,,,
2025,672013,FC,0.6791932659915256,0.45454545454545453,Bulk/Swing,,,,
2025,673237,CH,2.4797076717021445,0.01639344262295082,Mixing Starter,,,,
2025,673929,FF,1.0852280400722045,0.1875,Bulk/Swing,,,,
2025,676083,CH,1.5991654107425068,0.07692307692307693,Bulk/Swing,,,,
2025,676092,FC,1.5991654107425068,0.11538461538461539,Bulk/Swing,,,,
2025,676477,CH,1.374545192908375,0.09523809523809523,Bulk/Swing,,,,
2025,676775,FF,1.374545192908375,0.09523809523809523,Bulk/Swing,,,,
2025,676917,CH,1.782694688604736,0.0967741935483871,Bulk/Swing,,,,
2025,677800,CH,2.56010089119047,0.015151515151515152,Mixing Starter,,,,
2025,677950,CH,2.4797076717021445,0.01639344262295082,Mixing Starter,,,,
2025,678009,CH,2.3922922035346867,0.03571428571428571,Mixing Starter,,,,
2025,678495,FF,1.0852280400722045,0.125,Bulk/Swing,,,,
2025,678692,CH,1.5991654107425068,0.15384615384615385,Bulk/Swing,,,,
2025,678821,CH,1.0852280400722045,0.125,Bulk/Swing,,,,
2025,679712,CU,1.374545192908375,0.14285714285714285,Bulk/Swing,,,,
2025,679758,CU,1.374545192908375,0.14285714285714285,Bulk/Swing,,,,
2025,680700,CH,2.190596802970671,0.043478260869565216,Mixing Starter,,,,
2025,680753,CH,1.5991654107425068,0.19230769230769232,Bulk/Swing,,,,
2025,680951,CH,1.5991654107425068,0.23076923076923078,Bulk/Swing,,,,
2025,681097,CU,1.374545192908375,0.14285714285714285,Bulk/Swing,,,,
2025,681151,CH,1.7826946886047361,0.12903225806451613,Bulk/Swing,,,,
2025,681393,CH,2.56010089119047,0.030303030303030304,Mixing Starter,,,,
2025,681517,CH,1.7826946886047361,0.16129032258064516,Bulk/Swing,,,,
2025,681581,CH,1.782694688604736,0.0967741935483871,Bulk/Swing,,,,
2025,682266,FF,1.374545192908375,0.2857142857142857,Bulk/Swing,,,,
2025,682769,CH,1.374545192908375,0.2857142857142857,Bulk/Swing,,,,
2025,682793,CH,1.5991654107425068,0.11538461538461539,Bulk/Swing,,,,
2025,682995,FS,1.0852280400722045,0.25,Bulk/Swing,,,,
2025,683679,CU,1.374545192908375,0.09523809523809523,Bulk/Swing,,,,
2025,683734,CH,2.56010089119047,0.045454545454545456,Mixing Starter,,,,
2025,685382,FC,1.5991654107425068,0.038461538461538464,Bulk/Swing,,,,
2025,686475,CH,2.3922922035346867,0.05357142857142857,Mixing Starter,,,,
2025,686551,FC,1.0852280400722045,0.0,Bulk/Swing,,,,
2025,686668,CH,2.56010089119047,0.06060606060606061,Mixing Starter,,,,
2025,686700,CH,1.374545192908375,0.14285714285714285,Bulk/Swing,,,,
2025,687093,FC,1.5991654107425068,0.3076923076923077,Bulk/Swing,,,,
2025,687201,FC,1.5991654107425068,0.07692307692307693,Bulk/Swing,,,,
2025,687394,CH,1.7826946886047361,0.1935483870967742,Bulk/Swing,,,,
2025,687462,CH,2.3922922035346867,0.10714285714285714,Mixing Starter,,,,
2025,687478,CH,2.0721529997457324,0.04878048780487805,Mixing Starter,,,,
2025,687529,CH,2.2965114666021638,0.058823529411764705,Mixing Starter,,,,
2025,687714,CH,1.7826946886047361,0.16129032258064516,Bulk/Swing,,,,
2025,688297,FC,1.3745451929083752,0.14285714285714285,Bulk/Swing,,,,
2025,688394,CH,1.5991654107425068,0.19230769230769232,Bulk/Swing,,,,
2025,689414,CH,2.6345156280215596,0.028169014084507043,Mixing Starter,,,,
2025,690987,CH,2.3922922035346867,0.07142857142857142,Mixing Starter,,,,
2025,691196,SL,-0.0,1.0,High-Leverage RP,,,,
2025,691582,CU,1.374545192908375,0.19047619047619047,Bulk/Swing,,,,
2025,691775,CH,1.0852280400722045,0.25,Bulk/Swing,,,,
2025,692039,CH,1.5991654107425068,0.07692307692307693,Bulk/Swing,,,,
2025,692046,CH,1.374545192908375,0.19047619047619047,Bulk/Swing,,,,
2025,692216,CH,2.2965114666021638,0.0784313725490196,Mixing Starter,,,,
2025,693313,CU,1.5991654107425068,0.07692307692307693,Bulk/Swing,,,,
2025,693821,CH,1.374545192908375,0.14285714285714285,Bulk/Swing,,,,
2025,694462,CU,1.782694688604736,0.03225806451612903,Bulk/Swing,,,,
2025,694674,FC,1.0852280400722045,0.3125,Bulk/Swing,,,,
2025,694680,FC,0.6791932659915256,0.18181818181818182,Bulk/Swing,,,,
2025,694973,CH,1.9378230905790836,0.16666666666666666,Bulk/Swing,,,,
2025,695524,CH,1.374545192908375,0.09523809523809523,Bulk/Swing,,,,
2025,695835,CH,1.0852280400722045,0.25,Bulk/Swing,,,,
2025,699013,CH,1.5991654107425068,0.15384615384615385,Bulk/Swing,,,,
2025,699911,FF,1.0852280400722045,0.25,Bulk/Swing,,,,
2025,701538,CH,2.4797076717021445,0.08196721311475409,Mixing Starter,,,,
2025,702129,CU,1.374545192908375,0.3333333333333333,Bulk/Swing,,,,
2025,703155,CH,1.782694688604736,0.12903225806451613,Bulk/Swing,,,,
2025,800050,CH,2.0721529997457324,0.0975609756097561,Mixing Starter,,,,
2025,801216,CH,1.374545192908375,0.19047619047619047,Bulk/Swing,,,,
2025,804241,FF,1.5991654107425068,0.15384615384615385,Bulk/Swing,,,,
2025,805075,CH,1.5991654107425068,0.038461538461538464,Bulk/Swing,,,,
2025,805249,CH,2.2965114666021638,0.0392156862745098,Mixing Starter,,,,
2025,805427,CH,1.374545192908375,0.19047619047619047,Bulk/Swing,,,,
2025,805672,SI,0.6791932659915256,0.36363636363636365,Bulk/Swing,,,,
2025,805811,CH,2.190596802970671,0.06521739130434782,Mixing Starter,,,,
2025,805865,CH,1.9378230905790836,0.027777777777777776,Mixing Starter,,,,
2025,805904,CH,2.0721529997457324,0.04878048780487805,Mixing Starter,,,,
2025,807713,CH,2.56010089119047,0.015151515151515152,Mixing Starter,,,,
2025,814440,FF,1.0852280400722045,0.375,Bulk/Swing,,,,
2025,489119,CH,1.9378230905790836,0.0,Mixing Starter,,,,
2025,542303,CH,2.4797076717021445,0.04918032786885246,Mixing Starter,,,,
2025,554431,FF,1.0852280400722045,0.25,Bulk/Swing,,,,
2025,572233,CH,2.56010089119047,0.06060606060606061,Mixing Starter,,,,
2025,573204,CU,1.374545192908375,0.14285714285714285,Bulk/Swing,,,,
2025,592773,FF,1.5991654107425068,0.19230769230769232,Bulk/Swing,,,,
2025,596133,CH,1.374545192908375,0.14285714285714285,Bulk/Swing,,,,
2025,605280,CH,1.782694688604736,0.16129032258064516,Bulk/Swing,,,,
2025,605513,CH,1.7826946886047361,0.0967741935483871,Bulk/Swing,,,,
2025,607192,CU,1.374545192908375,0.09523809523809523,Bulk/Swing,,,,
2025,607208,CH,2.6345156280215596,0.056338028169014086,Mixing Starter,,,,
2025,608671,CU,2.348250910542494,0.06557377049180328,Mixing Starter,,,,
2025,608841,CH,1.9378230905790836,0.08333333333333333,Mixing Starter,,,,
2025,614173,CH,1.5991654107425068,0.0,Bulk/Swing,,,,
2025,620449,CH,1.7826946886047361,0.06451612903225806,Bulk/Swing,,,,
2025,620454,CH,1.374545192908375,0.14285714285714285,Bulk/Swing,,,,
2025,622554,CU,1.782694688604736,0.06451612903225806,Bulk/Swing,,,,
2025,624414,CU,1.9378230905790836,0.05555555555555555,Mixing Starter,,,,
2025,624415,CH,2.2965114666021638,0.0196078431372549,Mixing Starter,,,,
2025,624523,CH,1.9378230905790836,0.027777777777777776,Mixing Starter,,,,
2025,641482,CH,1.782694688604736,0.06451612903225806,Bulk/Swing,,,,
2025,641555,CH,2.2965114666021638,0.0392156862745098,Mixing Starter,,,,
2025,641816,FC,1.374545192908375,0.19047619047619047,Bulk/Swing,,,,
2025,641856,CH,2.0721529997457324,0.04878048780487805,Mixing Starter,,,,
2025,642048,CH,1.5991654107425068,0.23076923076923078,Bulk/Swing,,,,
2025,642708,EP,2.56010089119047,0.030303030303030304,Mixing Starter,,,,
2025,645444,EP,2.540318026526686,0.256198347107438,Bulk/Swing,,,,
2025,647336,CH,1.5991654107425068,0.15384615384615385,Bulk/Swing,,,,
2025,656185,CH,1.9378230905790836,0.16666666666666666,Bulk/Swing,,,,
2025,656550,CH,1.782694688604736,0.0967741935483871,Bulk/Swing,,,,
2025,656848,CH,1.374545192908375,0.2857142857142857,Bulk/Swing,,,,
2025,657247,CH,1.9378230905790836,0.0,Mixing Starter,,,,
2025,658431,CH,1.0852280400722045,0.25,Bulk/Swing,,,,
2025,663321,FF,1.0852280400722045,0.3125,Bulk/Swing,,,,
2025,663541,SI,0.6791932659915256,0.36363636363636365,Bulk/Swing,,,,
2025,663542,CH,1.5991654107425068,0.11538461538461539,Bulk/Swing,,,,
2025,663558,CH,1.5991654107425068,0.07692307692307693,Bulk/Swing,,,,
2025,663662,CH,2.2965114666021638,0.09803921568627451,Mixing Starter,,,,
2025,664068,EP,2.190596802970671,0.06521739130434782,Mixing Starter,,,,
2025,664123,CH,1.374545192908375,0.09523809523809523,Bulk/Swing,,,,
2025,664948,CH,1.374545192908375,0.09523809523809523,Bulk/Swing,,,,
2025,665019,EP,2.5079117087202816,0.039473684210526314,Mixing Starter,,,,
2025,665625,CH,1.0852280400722045,0.1875,Bulk/Swing,,,,
2025,665660,CH,1.374545192908375,0.19047619047619047,Bulk/Swing,,,,
2025,665750,CH,2.285299877481216,0.3020833333333333,Bulk/Swing,,,,
2025,665795,CH,1.5991654107425068,0.11538461538461539,Bulk/Swing,,,,
2025,666149,CH,2.4797076717021445,0.04918032786885246,Mixing Starter,,,,
2025,666163,CH,2.2965114666021638,0.0392156862745098,Mixing Starter,,,,
2025,666177,CH,1.782694688604736,0.16129032258064516,Bulk/Swing,,,,
2025,666374,CH,1.5991654107425068,0.11538461538461539,Bulk/Swing,,,,
2025,666818,FC,1.0852280400722045,0.3125,Bulk/Swing,,,,
2025,667434,CU,1.0852280400722045,0.375,Bulk/Swing,,,,
2025,668709,CH,2.3922922035346867,0.08928571428571429,Mixing Starter,,,,
2025,668800,CH,2.4797076717021445,0.0,Mixing Starter,,,,
2025,669060,CH,1.5991654107425068,0.19230769230769232,Bulk/Swing,,,,
2025,669093,FF,1.0852280400722045,0.3125,Bulk/Swing,,,,
2025,669392,CH,2.190596802970671,0.06521739130434782,Mixing Starter,,,,
2025,669704,CU,1.5991654107425068,0.11538461538461539,Bulk/Swing,,,,
2025,670148,SI,0.6791932659915256,0.6363636363636364,High-Leverage RP,,,,
2025,670183,CH,0.6791932659915256,0.18181818181818182,Bulk/Swing,,,,
2025,672356,CH,2.2965114666021638,0.058823529411764705,Mixing Starter,,,,
2025,672642,CH,2.1280899268815645,0.18181818181818182,Bulk/Swing,,,,
2025,672695,CH,2.529754218101759,0.27586206896551724,Bulk/Swing,,,,
2025,672744,CH,2.56010089119047,0.0,Mixing Starter,,,,
2025,674444,FC,1.0852280400722045,0.125,Bulk/Swing,,,,
2025,676724,EP,2.3922922035346867,0.07142857142857142,Mixing Starter,,,,
2025,677565,FF,0.6791932659915256,0.45454545454545453,Bulk/Swing,,,,
2025,678225,CH,2.3922922035346867,0.05357142857142857,Mixing Starter,,,,
2025,678232,FC,1.5991654107425068,0.19230769230769232,Bulk/Swing,,,,
2025,680868,CH,1.5991654107425068,0.15384615384615385,Bulk/Swing,,,,
2025,681142,CH,0.6791932659915256,0.2727272727272727,Bulk/Swing,,,,
2025,681375,FC,1.374545192908375,0.14285714285714285,Bulk/Swing,,,,
2025,681460,CH,2.597133369195534,0.30578512396694213,Bulk/Swing,,,,
2025,681676,CH,1.374545192908375,0.14285714285714285,Bulk/Swing,,,,
2025,681807,SI,2.270687435015398,0.14285714285714285,Mixing Starter,,,,
2025,682607,FF,1.0852280400722045,0.1875,Bulk/Swing,,,,
2025,682619,CU,1.374545192908375,0.23809523809523808,Bulk/Swing,,,,
2025,682648,CH,1.0852280400722045,0.25,Bulk/Swing,,,,
2025,682653,CH,2.3922922035346867,0.03571428571428571,Mixing Starter,,,,
2025,682829,CH,2.529754218101759,0.20689655172413793,Bulk/Swing,,,,
2025,682868,CH,2.190596802970671,0.021739130434782608,Mixing Starter,,,,
2025,683083,CH,2.2576833593027423,0.23255813953488372,Bulk/Swing,,,,
2025,683769,CH,1.0852280400722045,0.1875,Bulk/Swing,,,,
2025,683770,CH,2.190596802970671,0.043478260869565216,Mixing Starter,,,,
2025,684222,FF,0.6791932659915256,0.18181818181818182,Bulk/Swing,,,,
2025,685067,CH,1.374545192908375,0.047619047619047616,Bulk/Swing,,,,
2025,686196,CH,1.0852280400722045,0.375,Bulk/Swing,,,,
2025,686445,FF,1.0852280400722045,0.125,Bulk/Swing,,,,
2025,686678,CH,1.5991654107425068,0.038461538461538464,Bulk/Swing,,,,
2025,686765,CH,2.5297542181017594,0.22413793103448276,Bulk/Swing,,,,
2025,686982,CH,1.0852280400722045,0.3125,Bulk/Swing,,,,
2025,686984,FC,1.5991654107425068,0.07692307692307693,Bulk/Swing,,,,
2025,687095,SI,0.6791932659915256,0.2727272727272727,Bulk/Swing,,,,
2025,687330,FC,1.3745451929083752,0.14285714285714285,Bulk/Swing,,,,
2025,687363,CH,2.4797076717021445,0.04918032786885246,Mixing Starter,,,,
2025,687551,CH,2.2965114666021638,0.13725490196078433,Mixing Starter,,,,
2025,688497,CH,1.5991654107425068,0.11538461538461539,Bulk/Swing,,,,
2025,691251,CH,1.5991654107425068,0.11538461538461539,Bulk/Swing,,,,
2025,691939,FF,1.374545192908375,0.19047619047619047,Bulk/Swing,,,,
2025,692390,FC,1.0852280400722045,0.25,Bulk/Swing,,,,
2025,694384,FF,2.367909739353766,0.08196721311475409,Mixing Starter,,,,
2025,695071,CU,1.5991654107425068,0.15384615384615385,Bulk/Swing,,,,
2025,695657,CH,2.2965114666021638,0.0196078431372549,Mixing Starter,,,,
2025,698933,CH,1.5991654107425068,0.07692307692307693,Bulk/Swing,,,,
2025,699134,CH,1.374545192908375,0.09523809523809523,Bulk/Swing,,,,
2025,700327,FF,1.0852280400722045,0.125,Bulk/Swing,,,,
2025,700652,CU,1.782694688604736,0.06451612903225806,Bulk/Swing,,,,
2025,701305,CH,2.3922922035346867,0.07142857142857142,Mixing Starter,,,,
2025,701587,CH,1.0852280400722045,0.4375,Bulk/Swing,,,,
2025,701831,FC,1.374545192908375,0.3333333333333333,Bulk/Swing,,,,
2025,702176,CH,2.4797076717021445,0.03278688524590164,Mixing Starter,,,,
2025,702472,CH,1.0852280400722045,0.1875,Bulk/Swing,,,,
2025,702674,CH,1.374545192908375,0.14285714285714285,Bulk/Swing,,,,
2025,702690,CH,1.374545192908375,0.23809523809523808,Bulk/Swing,,,,
2025,702906,CH,1.7826946886047361,0.06451612903225806,Bulk/Swing,,,,
2025,800325,CH,1.782694688604736,0.12903225806451613,Bulk/Swing,,,,
2025,800448,FC,1.0852280400722045,0.25,Bulk/Swing,,,,
2025,800478,CH,1.0852280400722045,0.125,Bulk/Swing,,,,
2025,802117,CH,1.5991654107425068,0.23076923076923078,Bulk/Swing,,,,
2025,806368,FS,1.374545192908375,0.09523809523809523,Bulk/Swing,,,,
2025,806957,CU,1.5991654107425068,0.15384615384615385,Bulk/Swing,,,,
2025,808326,FF,1.0852280400722045,0.25,Bulk/Swing,,,,
2025,808768,CH,1.0852280400722045,0.3125,Bulk/Swing,,,,
2025,808982,CH,2.6345156280215596,0.028169014084507043,Mixing Starter,,,,
2015,150359,SI,1.5985939346466198,0.714975845410628,Bulk/Swing,,,,
2015,279571,FF,1.751079665060046,0.6498819826907947,Bulk/Swing,,,,
2015,425509,CH,2.310646236019094,0.6432748538011696,Bulk/Swing,,,,
2015,429400,CU,1.4909173195618333,0.6041666666666666,Bulk/Swing,,,,
2015,429713,CH,2.3955062596293626,0.553763440860215,Bulk/Swing,,,,
2015,433217,SI,2.1905005876459285,0.6340579710144928,Bulk/Swing,,,,
2015,434604,CH,2.074643513520951,0.6346153846153846,Bulk/Swing,,,,
2015,435400,FF,1.4737894070875355,0.6450304259634888,Bulk/Swing,,,,
2015,435522,CH,2.2845733052113655,0.7091503267973857,Bulk/Swing,,,,
2015,446381,FF,1.8596299428537872,0.4605263157894737,Bulk/Swing,,,,
2015,448159,FF,1.39550470701891,0.6591458501208702,High-Leverage RP,,,,
2015,448801,CH,2.426460287945629,0.6019900497512438,Bulk/Swing,,,,
2015,450203,SI,1.722056631257253,0.6261682242990654,Bulk/Swing,,,,
2015,452027,SL,1.5787216559271753,0.5102639296187683,Bulk/Swing,,,,
2015,453923,CH,2.3348132422664856,0.5795454545454546,Bulk/Swing,,,,
2015,456034,FF,1.6984282518703395,0.6432337434094904,Bulk/Swing,,,,
2015,456665,CH,2.404096711154294,0.5497382198952879,Bulk/Swing,,,,
2015,458913,FF,2.08963439730047,0.6021505376344086,Bulk/Swing,,,,
2015,459431,SI,2.095404204136069,0.46846846846846846,Bulk/Swing,,,,
2015,465041,CH,2.2443967593960408,0.5120481927710844,Bulk/Swing,,,,
2015,467793,CH,2.421851693827608,0.7331378299120235,Bulk/Swing,,,,
2015,467798,FF,1.829017915506324,0.5824175824175825,Bulk/Swing,,,,
2015,474668,FF,1.3975726120071257,0.5031055900621118,High-Leverage RP,,,,
2015,488689,FF,2.0671471395643275,0.42452830188679247,Bulk/Swing,,,,
2015,489002,FF,1.2837143083845108,0.594306049822064,High-Leverage RP,,,,
2015,489294,FF,1.5566060620332276,0.6216216216216216,Bulk/Swing,,,,
2015,491703,FF,1.562325968850635,0.587171052631579,Bulk/Swing,,,,
2015,501659,CH,2.1964187833896913,0.6847826086956522,Bulk/Swing,,,,
2015,502043,FF,1.7666433254394156,0.6031984007996002,Bulk/Swing,,,,
2015,502054,CH,2.225150183828334,0.4900662251655629,Bulk/Swing,,,,
2015,502281,SL,1.0346400319220914,0.5648148148148148,High-Leverage RP,,,,
2015,502570,SI,1.5562720986575702,0.39215686274509803,Bulk/Swing,,,,
2015,502593,SI,1.2996215929140413,0.6310254163014899,High-Leverage RP,,,,
2015,502676,CU,1.5450196127319362,0.41304347826086957,Bulk/Swing,,,,
2015,502748,FF,1.3708719292583773,0.5483870967741935,High-Leverage RP,,,,
2015,506997,FF,1.5196755364207388,0.4642857142857143,Bulk/Swing,,,,
2015,516782,CH,2.3104334056180296,0.45454545454545453,Bulk/Swing,,,,
2015,518526,SI,1.0930689818762946,0.6025641025641025,High-Leverage RP,,,,
2015,518614,CH,2.2545703544137297,0.5481927710843374,Bulk/Swing,,,,
2015,519071,SI,1.8424527460141664,0.5689655172413793,Bulk/Swing,,,,
2015,542266,FF,1.4133786643772352,0.5753931544865865,High-Leverage RP,,,,
2015,542436,FF,2.027350823419681,0.7040816326530612,Bulk/Swing,,,,
2015,542866,FF,1.0663594008305177,0.6411149825783972,High-Leverage RP,,,,
2015,543281,CH,2.3760340435329086,0.5263157894736842,Bulk/Swing,,,,
2015,543508,FF,1.1884389547488121,0.5407725321888412,High-Leverage RP,,,,
2015,543518,FF,1.3518886560629357,0.5327635327635327,High-Leverage RP,,,,
2015,543699,SI,1.7038480615155502,0.557618787547788,Bulk/Swing,,,,
2015,545404,FF,1.618480088150027,0.5615942028985508,Bulk/Swing,,,,
2015,570482,CH,2.0668842234234086,0.6028368794326241,Bulk/Swing,,,,
2015,570489,FF,1.9972094356090988,0.5106382978723404,Bulk/Swing,,,,
2015,571553,SL,2.013344549120646,0.5396825396825397,Bulk/Swing,,,,
2015,571893,FF,1.5180009145139322,0.601528384279476,Bulk/Swing,,,,
2015,571976,CH,2.068502145229065,0.6712328767123288,Bulk/Swing,,,,
2015,573186,SI,2.0539102454190648,0.6019553072625698,Bulk/Swing,,,,
2015,580792,FF,0.955330799545727,0.6323529411764706,High-Leverage RP,,,,
2015,592230,FF,2.1202384002555013,0.6445497630331753,Bulk/Swing,,,,
2015,592329,SI,1.4565715528588303,0.5926339285714286,High-Leverage RP,,,,
2015,592390,FF,1.3562767247009002,0.5870535714285714,High-Leverage RP,,,,
2015,592593,FF,1.6823882531011756,0.5537525354969574,Bulk/Swing,,,,
2015,592863,FF,1.9677970225696748,0.4473684210526316,Bulk/Swing,,,,
2015,592869,FF,1.4347108461489881,0.6530426884650318,High-Leverage RP,,,,
2015,595441,SL,1.5791708166566876,0.5194174757281553,Bulk/Swing,,,,
2015,596019,CH,2.223707141669238,0.6868327402135231,Bulk/Swing,,,,
2015,596059,CH,2.404287813295063,0.5051020408163265,Bulk/Swing,,,,
2015,605226,FF,1.2596206433934007,0.4606741573033708,Bulk/Swing,,,,
2015,605333,FF,1.0135175648719734,0.6648936170212766,High-Leverage RP,,,,
2015,605338,SI,1.047722268889571,0.5535055350553506,High-Leverage RP,,,,
2015,605374,FF,1.1968080452638308,0.5918367346938775,High-Leverage RP,,,,
2015,605538,FF,1.757479866236732,0.547085201793722,Bulk/Swing,,,,
2015,606160,FF,1.6259123818275723,0.5913621262458472,Bulk/Swing,,,,
2015,607068,SI,1.2638414420594304,0.483739837398374,High-Leverage RP,,,,
2015,608596,SL,2.0101567708822996,0.40540540540540543,Bulk/Swing,,,,
2015,621209,FF,1.6801864802257898,0.44936708860759494,Bulk/Swing,,,,
2025,814431,CU,1.5991654107425068,0.07692307692307693,Bulk/Swing,,,,
2025,823703,FC,0.6791932659915256,0.45454545454545453,Bulk/Swing,,,,
2025,681870,CU,1.0852280400722045,0.1875,Bulk/Swing,,,,
2025,688311,FC,1.0852280400722045,0.3125,Bulk/Swing,,,,
2025,690107,FF,0.6791932659915256,0.2727272727272727,Bulk/Swing,,,,
2025,691634,FC,1.0852280400722045,0.1875,Bulk/Swing,,,,
2025,691789,FC,0.6791932659915256,0.09090909090909091,Bulk/Swing,,,,
2025,808291,FF,0.6791932659915256,0.18181818181818182,Bulk/Swing,,,,
2025,810891,FF,0.6791932659915256,0.36363636363636365,Bulk/Swing,,,,
2025,813852,FC,1.374545192908375,0.14285714285714285,Bulk/Swing,,,,
2025,683085,FF,1.0852280400722045,0.4375,Bulk/Swing,,,,
2025,701240,FC,0.6791932659915256,0.45454545454545453,Bulk/Swing,,,,
2025,807759,CU,1.374545192908375,0.09523809523809523,Bulk/Swing,,,,
2015,594762,FF,1.0467429629967486,0.583710407239819,High-Leverage RP,,,,
2025,660623,FF,0.6791932659915256,0.45454545454545453,Bulk/Swing,,,,
2025,682276,FC,0.6791932659915256,0.09090909090909091,Bulk/Swing,,,,
2025,691605,FF,-0.0,1.0,High-Leverage RP,,,,
2025,667297,CU,1.0852280400722045,0.25,Bulk/Swing,,,,
2025,676063,FC,0.6791932659915256,0.2727272727272727,Bulk/Swing,,,,
2025,686643,CU,1.0852280400722045,0.0625,Bulk/Swing,,,,
2025,687144,FF,0.6791932659915256,0.45454545454545453,Bulk/Swing,,,,
2025,519141,FF,0.6791932659915256,0.18181818181818182,Bulk/Swing,,,,
2025,682801,SI,0.6791932659915256,0.2727272727272727,Bulk/Swing,,,,
2025,689147,FF,1.0852280400722045,0.25,Bulk/Swing,,,,
2025,695031,FF,-0.0,1.0,High-Leverage RP,,,,
2015,593582,FF,1.3603431928242444,0.410958904109589,Bulk/Swing,,,,
2025,669219,CH,0.6791932659915256,0.45454545454545453,Bulk/Swing,,,,
2025,670766,CH,1.374545192908375,0.19047619047619047,Bulk/Swing,,,,
2025,688449,FF,0.6791932659915256,0.2727272727272727,Bulk/Swing,,,,
2025,694070,FF,0.6791932659915256,0.36363636363636365,Bulk/Swing,,,,
2025,694930,CU,0.6791932659915256,0.5454545454545454,High-Leverage RP,,,,
2025,680864,CU,0.6791932659915256,0.45454545454545453,Bulk/Swing,,,,
2025,800683,SI,-0.0,1.0,High-Leverage RP,,,,
2015,457456,FF,-0.0,1.0,High-Leverage RP,,,,
2025,800508,FC,-0.0,1.0,High-Leverage RP,,,,
2025,681890,CH,1.5991654107425068,0.038461538461538464,Bulk/Swing,,,,
2025,701398,CH,2.2965114666021638,0.0392156862745098,Mixing Starter,,,,
2015,425664,FF,2.1122996737868376,0.6544715447154471,Bulk/Swing,,,,
2015,425902,CH,2.404096711154294,0.5026178010471204,Bulk/Swing,,,,
2015,456776,CH,1.5968992968236533,0.612453531598513,Bulk/Swing,,,,
2015,475054,SI,1.5449570908562493,0.59375,Bulk/Swing,,,,
2015,543038,FF,1.305102654481216,0.4166666666666667,Bulk/Swing,,,,
2015,543807,CH,2.418582361697687,0.44623655913978494,Bulk/Swing,,,,
2015,571510,FF,1.3778764153709113,0.6016548463356974,High-Leverage RP,,,,
2015,592696,CH,2.453824380552326,0.4869109947643979,Bulk/Swing,,,,
2015,598284,FF,1.6971221452634966,0.5081967213114754,Bulk/Swing,,,,
2015,446263,CH,2.3347184934562106,0.5414364640883977,Bulk/Swing,,,,
2015,471911,SI,1.723384206283713,0.666497975708502,Bulk/Swing,,,,
2015,553993,CH,2.1339466074388675,0.45695364238410596,Bulk/Swing,,,,
2015,608641,FF,1.7731291327459877,0.5297504798464492,Bulk/Swing,,,,
2015,429667,CH,2.3444489734025056,0.5752688172043011,Bulk/Swing,,,,
2015,434678,FF,1.332436271749133,0.5714285714285714,High-Leverage RP,,,,
2015,541645,CH,2.498774704372917,0.5602094240837696,Bulk/Swing,,,,
2015,592612,FC,1.3825256626947906,0.5747767857142857,High-Leverage RP,,,,
2025,656716,EP,2.348250910542494,0.11475409836065574,Mixing Starter,,,,
2025,672841,CH,1.5991654107425068,0.07692307692307693,Bulk/Swing,,,,
2025,682641,CH,2.3922922035346867,0.10714285714285714,Mixing Starter,,,,
2025,683146,CH,2.56010089119047,0.030303030303030304,Mixing Starter,,,,
2025,690291,CH,2.2965114666021638,0.09803921568627451,Mixing Starter,,,,
2025,691951,CH,1.374545192908375,0.19047619047619047,Bulk/Swing,,,,
2025,808516,CH,1.5991654107425068,0.07692307692307693,Bulk/Swing,,,,
2025,645305,FA,2.353191285053173,0.015151515151515152,Mixing Starter,,,,
2025,681810,CH,1.5991654107425068,0.19230769230769232,Bulk/Swing,,,,
2025,695020,CU,1.5991654107425068,0.23076923076923078,Bulk/Swing,,,,
2025,696135,CH,1.374545192908375,0.19047619047619047,Bulk/Swing,,,,
2025,702358,FF,1.5991654107425068,0.23076923076923078,Bulk/Swing,,,,
2015,455374,FF,1.300919963825562,0.6101973684210527,High-Leverage RP,,,,
2015,466948,CH,1.3249692206568013,0.6544585987261147,High-Leverage RP,,,,
2015,502327,SI,1.8224615572083511,0.5861287398005439,Bulk/Swing,,,,
2015,518653,CU,2.0201889049006305,0.5657370517928287,Bulk/Swing,,,,
2015,532077,FF,1.6450945070706235,0.5858701895462378,Bulk/Swing,,,,
2015,547179,FF,1.7617165631445677,0.6364956437560504,Bulk/Swing,,,,
2015,592166,FF,1.742082913764806,0.24390243902439024,Bulk/Swing,,,,
2015,594798,FF,1.7594078287370882,0.6506568144499179,Bulk/Swing,,,,
2015,607457,FF,1.1945941707408707,0.5568445475638051,High-Leverage RP,,,,
2015,489295,SI,1.0642864031725314,0.6392405063291139,High-Leverage RP,,,,
2015,516714,FF,0.6930516137958063,0.6527777777777778,High-Leverage RP,,,,
2025,691922,SL,-0.0,1.0,High-Leverage RP,,,,
2025,678554,CH,2.2965114666021638,0.11764705882352941,Mixing Starter,,,,
2025,693312,CH,1.5991654107425068,0.07692307692307693,Bulk/Swing,,,,
2025,663989,CU,1.374545192908375,0.19047619047619047,Bulk/Swing,,,,
2015,276542,FF,1.4401000063244997,0.645778364116095,High-Leverage RP,,,,
2015,460075,CH,2.4045917696184214,0.489247311827957,Bulk/Swing,,,,
2015,430947,FF,2.4344671003662315,0.6884735202492211,Bulk/Swing,,,,
2015,445060,FF,1.6990193999124794,0.6290983606557377,Bulk/Swing,,,,
2015,450306,FF,1.4576468048258222,0.5897740784780023,High-Leverage RP,,,,
2015,455976,CH,2.3679952955001298,0.5759162303664922,Bulk/Swing,,,,
2015,542923,FF,1.5535375345046893,0.5904059040590406,Bulk/Swing,,,,
2015,602083,FF,1.3833960880014644,0.5087281795511222,High-Leverage RP,,,,
2025,476594,CH,1.5991654107425068,0.2692307692307692,Bulk/Swing,,,,
2025,552640,FF,1.374545192908375,0.19047619047619047,Bulk/Swing,,,,
2025,641672,CH,1.9378230905790836,0.1388888888888889,Mixing Starter,,,,
2025,663536,CH,2.2965114666021638,0.0392156862745098,Mixing Starter,,,,
2025,669330,CH,1.5991654107425068,0.15384615384615385,Bulk/Swing,,,,
2025,670032,FA,2.2965114666021638,0.058823529411764705,Mixing Starter,,,,
2025,673394,CH,1.0852280400722045,0.5,High-Leverage RP,,,,
2025,678394,CH,1.5991654107425068,0.19230769230769232,Bulk/Swing,,,,
2025,669298,CH,1.5991654107425068,0.11538461538461539,Bulk/Swing,,,,
2025,676632,CH,1.782694688604736,0.06451612903225806,Bulk/Swing,,,,
2025,680451,CH,1.0852280400722045,0.375,Bulk/Swing,,,,
2025,694206,FF,0.6791932659915256,0.2727272727272727,Bulk/Swing,,,,
2015,455759,CH,2.3347184934562106,0.5580110497237569,Bulk/Swing,,,,
2015,518715,SI,0.9275731724188356,0.6020942408376964,High-Leverage RP,,,,
2015,542674,FF,1.5957389167589509,0.5762052877138414,Bulk/Swing,,,,
2015,543339,FF,1.4768352255714494,0.639736684619988,Bulk/Swing,,,,
2015,543507,FF,1.6932933495146678,0.5917065390749602,Bulk/Swing,,,,
2025,701542,CH,1.5991654107425068,0.07692307692307693,Bulk/Swing,,,,
2025,686797,CH,2.4705108693359517,0.25,Bulk/Swing,,,,
2015,594555,CH,1.5480276949100844,0.3170731707317073,Bulk/Swing,,,,
2015,592346,FF,1.7126965457635348,0.573394495412844,Bulk/Swing,,,,
2015,592206,CH,2.398353936573696,0.5113636363636364,Bulk/Swing,,,,
2015,592743,CH,2.335734788849191,0.543859649122807,Bulk/Swing,,,,
2015,453249,CU,1.1121746795134073,0.6490984743411928,High-Leverage RP,,,,
2025,669743,CH,2.3922922035346867,0.08928571428571429,Mixing Starter,,,,
2025,695681,CH,2.2965114666021638,0.0392156862745098,Mixing Starter,,,,
2015,407793,SI,1.7423850120552342,0.6654495664080329,Bulk/Swing,,,,
2015,573185,SL,1.4057338407934958,0.564638783269962,High-Leverage RP,,,,
2015,474249,FF,1.49515986392032,0.5178571428571429,Bulk/Swing,,,,
2015,453203,CU,2.126927036995771,0.4921875,Bulk/Swing,,,,
2015,543243,FF,1.7740792642862095,0.6350435624394967,Bulk/Swing,,,,
2015,448281,FF,1.370649994890195,0.5538160469667319,High-Leverage RP,,,,
2025,656232,CH,1.5991654107425068,0.11538461538461539,Bulk/Swing,,,,
2015,457435,FF,1.4690848661676257,0.5678627145085804,High-Leverage RP,,,,
2015,133380,CH,2.3106462360190934,0.6491228070175439,Bulk/Swing,,,,
2015,218596,SI,1.7379671774931285,0.6871002132196162,Bulk/Swing,,,,
2015,329092,SI,0.9047205272570016,0.6666666666666666,High-Leverage RP,,,,
2015,408252,CH,2.217913614060775,0.5256410256410257,Bulk/Swing,,,,
2015,421685,FF,1.7612636653788425,0.6919431279620853,Bulk/Swing,,,,
2015,425856,FF,1.7771811594451696,0.5854430379746836,Bulk/Swing,,,,
2015,429665,CH,2.474658085433129,0.5510204081632653,Bulk/Swing,,,,
2015,430912,FF,1.6603743033340592,0.6439966414777498,Bulk/Swing,,,,
2015,434538,SI,1.602531176567429,0.6554328878558977,Bulk/Swing,,,,
2015,434567,CH,2.1845857068146257,0.5897435897435898,Bulk/Swing,,,,
2015,435063,CH,2.426460287945629,0.5422885572139303,Bulk/Swing,,,,
2015,444432,CH,2.3347184934562106,0.56353591160221,Bulk/Swing,,,,
2015,445968,SL,1.6418616289592403,0.42035398230088494,Bulk/Swing,,,,
2015,445988,CH,2.3444489734025056,0.5268817204301075,Bulk/Swing,,,,
2015,446372,SL,1.683006214723822,0.6529659037832788,Bulk/Swing,,,,
2015,446399,CU,1.7036706714469263,0.609286523216308,Bulk/Swing,,,,
2015,449170,FF,1.2433569816577097,0.6163141993957704,High-Leverage RP,,,,
2015,451089,CH,2.207938073836079,0.5496688741721855,Bulk/Swing,,,,
2015,453562,SI,1.763706498796945,0.6338383838383839,Bulk/Swing,,,,
2015,453943,CH,2.179870620991464,0.6140350877192983,Bulk/Swing,,,,
2015,455009,FF,1.4370990599178688,0.6112637362637363,High-Leverage RP,,,,
2015,455119,FF,1.4297774463768849,0.5788336933045356,High-Leverage RP,,,,
2015,456078,CH,2.3104334056180296,0.5397727272727273,Bulk/Swing,,,,
2015,457448,SI,1.5544877818521168,0.48188405797101447,Bulk/Swing,,,,
2015,457449,CU,1.9291120576266416,0.32098765432098764,Bulk/Swing,,,,
2015,459967,SI,1.579560826991475,0.5804597701149425,Bulk/Swing,,,,
2015,460024,FC,1.3625003564508276,0.6266937669376694,High-Leverage RP,,,,
2015,460576,CH,2.2177688877836843,0.5403726708074534,Bulk/Swing,,,,
2015,461829,FF,1.5763220044185657,0.6396588486140725,Bulk/Swing,,,,
2015,461858,CH,2.344448973402506,0.5752688172043011,Bulk/Swing,,,,
2015,467008,SL,1.4740389169282104,0.5537397862979259,Bulk/Swing,,,,
2015,472528,CH,2.426460287945629,0.6169154228855721,Bulk/Swing,,,,
2015,474029,FS,1.5123108396972909,0.568359375,Bulk/Swing,,,,
2015,476570,SI,1.5161154603078486,0.5965665236051502,Bulk/Swing,,,,
2015,500721,FF,1.2203378676826333,0.6287128712871287,High-Leverage RP,,,,
2015,501563,CU,1.1803198614519743,0.5227272727272727,High-Leverage RP,,,,
2015,501593,FF,1.5913757428461937,0.5597758405977584,Bulk/Swing,,,,
2015,501789,FC,1.307276413645052,0.6235029940119761,High-Leverage RP,,,,
2015,502162,FF,1.0341294881294982,0.5617529880478087,High-Leverage RP,,,,
2015,502381,SI,1.65403629549081,0.5873308733087331,Bulk/Swing,,,,
2015,502578,SI,1.3149167047172297,0.5866819747416763,High-Leverage RP,,,,
2015,502671,CH,2.3104334056180296,0.5568181818181818,Bulk/Swing,,,,
2015,516414,SL,1.6791580559042032,0.5408348457350273,Bulk/Swing,,,,
2015,516589,SI,1.737275678899484,0.5195381882770871,Bulk/Swing,,,,
2015,516910,SI,1.7219952341977394,0.6096528365791702,Bulk/Swing,,,,
2015,518397,SI,1.0568866004684756,0.6153846153846154,High-Leverage RP,,,,
2015,518735,CH,2.0385271373506337,0.6053639846743295,Bulk/Swing,,,,
2015,518774,FF,1.7356465556652665,0.6471251409244645,Bulk/Swing,,,,
2015,518875,SL,1.06891182180884,0.629863301787592,High-Leverage RP,,,,
2015,519381,SL,0.9582619432615178,0.6470588235294118,High-Leverage RP,,,,
2015,520471,CU,2.2862460170662895,0.6205787781350482,Bulk/Swing,,,,
2015,527043,FC,2.1400987155806392,0.4338235294117647,Bulk/Swing,,,,
2015,527054,FF,1.7530271652107643,0.6075949367088608,Bulk/Swing,,,,
2015,534812,FF,1.2527441211271326,0.5633672525439408,High-Leverage RP,,,,
2015,537953,SI,2.0014532239631895,0.670995670995671,Bulk/Swing,,,,
2015,543698,SI,1.3841230059304388,0.5113122171945701,High-Leverage RP,,,,
2015,545361,CH,2.4817458089798268,0.5071090047393365,Bulk/Swing,,,,
2015,553869,SL,1.0594782926538544,0.2857142857142857,Bulk/Swing,,,,
2015,553970,FF,1.6818078222406125,0.5842696629213483,Bulk/Swing,,,,
2015,571697,CH,2.162942517413938,0.5384615384615384,Bulk/Swing,,,,
2015,572070,SL,1.6693225878710147,0.6401713469776297,Bulk/Swing,,,,
2015,572204,CH,2.054919502522324,0.6312056737588653,Bulk/Swing,,,,
2015,572362,FF,1.2096589702331166,0.5722543352601156,High-Leverage RP,,,,
2015,572365,CH,2.462673288718753,0.5549738219895288,Bulk/Swing,,,,
2015,592705,FF,1.305762696544634,0.5695266272189349,High-Leverage RP,,,,
2015,592835,CU,0.605797499372304,0.4375,Bulk/Swing,,,,
2015,595465,SL,1.5074670379788704,0.4269005847953216,Bulk/Swing,,,,
2015,605156,FF,1.6793228396585114,0.5538900785153462,Bulk/Swing,,,,
2015,605396,CU,1.2040276959879637,0.6048951048951049,High-Leverage RP,,,,
2015,606273,SI,1.4773607281550791,0.6402180496668686,Bulk/Swing,,,,
2015,608070,FF,2.215760163643895,0.650375939849624,Bulk/Swing,,,,
2015,612272,SL,1.0776579519196152,0.6082474226804123,High-Leverage RP,,,,
2015,623395,FF,1.3416664380051493,0.5676274944567627,High-Leverage RP,,,,
2015,116338,CH,2.5034995650701486,0.5920398009950248,Bulk/Swing,,,,
2015,150274,SL,0.6812657296632041,0.6078431372549019,High-Leverage RP,,,,
2015,400284,CH,2.3444489734025056,0.543010752688172,Bulk/Swing,,,,
2015,405395,CH,2.534796294321224,0.5213270142180095,Bulk/Swing,,,,
2015,408314,CH,2.1400034553522396,0.7447552447552448,Bulk/Swing,,,,
2015,425844,FF,1.81008691667808,0.7161535217207929,Bulk/Swing,,,,
2015,429717,FC,1.7518000847348651,0.6974564926372155,Bulk/Swing,,,,
2015,430321,CH,2.2079380738360794,0.5231788079470199,Bulk/Swing,,,,
2015,430611,CH,2.0941003583858393,0.5038167938931297,Bulk/Swing,,,,
2015,430630,FF,1.3530393388328434,0.6589403973509934,High-Leverage RP,,,,
2015,430661,FF,1.5658830279479647,0.6413043478260869,Bulk/Swing,,,,
2015,430911,FF,1.4573116395726955,0.5685279187817259,High-Leverage RP,,,,
2015,433589,FF,1.739421834861651,0.605037513397642,Bulk/Swing,,,,
2015,434628,SI,1.752540086092872,0.6001792917974003,Bulk/Swing,,,,
2015,445055,FC,2.1770955293145997,0.5960264900662252,Bulk/Swing,,,,
2015,449786,SI,2.2735137071453044,0.5238095238095238,Bulk/Swing,,,,
2015,450641,CH,1.0405805589833306,0.46153846153846156,Bulk/Swing,,,,
2015,451661,FF,1.4874902407868056,0.5959449674149168,Bulk/Swing,,,,
2015,452239,CH,2.174982024786157,0.6211180124223602,Bulk/Swing,,,,
2015,453156,SI,1.4072140152588144,0.6086508753861998,High-Leverage RP,,,,
2015,453307,FF,1.2107438235094,0.5611702127659575,High-Leverage RP,,,,
2015,456027,FF,1.2380435540760573,0.5440771349862259,High-Leverage RP,,,,
2015,456030,CH,2.3440536053680456,0.5027624309392266,Bulk/Swing,,,,
2015,456488,CH,2.022534126897913,0.4411764705882353,Bulk/Swing,,,,
2015,457708,CH,2.1770512330943874,0.5963855421686747,Bulk/Swing,,,,
2015,457744,SL,1.353218574092433,0.5537065052950075,High-Leverage RP,,,,
2015,457915,FF,1.2912151417911821,0.4935897435897436,High-Leverage RP,,,,
2015,458006,SI,1.6398223765687798,0.5126234906695939,Bulk/Swing,,,,
2015,458675,CH,2.4613776756929115,0.4489795918367347,Bulk/Swing,,,,
2015,458677,FF,1.5027319517823874,0.6457938013915243,Bulk/Swing,,,,
2015,459429,FF,1.078004886318309,0.6316964285714286,High-Leverage RP,,,,
2015,460055,FF,2.1400987155806392,0.5147058823529411,Bulk/Swing,,,,
2015,460269,FF,2.0585847010580753,0.48854961832061067,Bulk/Swing,,,,
2015,462945,FF,1.0940608420569062,0.5714285714285714,High-Leverage RP,,,,
2015,474494,CH,1.9631324522512859,0.5,Bulk/Swing,,,,
2015,475253,SI,2.1651353087150964,0.6165413533834586,Bulk/Swing,,,,
2015,475479,SI,1.8477335224463096,0.6430957683741648,Bulk/Swing,,,,
2015,476589,FF,1.8028365654497236,0.6481636060100167,Bulk/Swing,,,,
2015,477229,FF,1.31453070808607,0.5909090909090909,High-Leverage RP,,,,
2015,488674,SI,1.3417588666482454,0.6082474226804123,High-Leverage RP,,,,
2015,493247,SI,0.961926080839202,0.5833333333333334,High-Leverage RP,,,,
2015,500743,CH,2.1991226584706793,0.3969465648854962,Bulk/Swing,,,,
2015,502051,SI,1.2831631512626087,0.5623268698060941,High-Leverage RP,,,,
2015,502100,FF,2.018245443885398,0.4811320754716981,Bulk/Swing,,,,
2015,502188,FF,1.8663632240099446,0.6232073011734028,Bulk/Swing,,,,
2015,502205,SI,2.245036498650975,0.5238095238095238,Bulk/Swing,,,,
2015,502213,FF,1.7530457211764274,0.5697674418604651,Bulk/Swing,,,,
2015,502304,FF,1.0562384463155152,0.5988142292490118,High-Leverage RP,,,,
2015,502481,CH,2.134121635567227,0.44680851063829785,Bulk/Swing,,,,
2015,506560,CU,2.108862383726024,0.42857142857142855,Bulk/Swing,,,,
2015,514888,CH,2.4040967111542937,0.4712041884816754,Bulk/Swing,,,,
2015,516770,CH,2.3739740999252397,0.5227272727272727,Bulk/Swing,,,,
2015,517008,FF,1.6844326025386527,0.6271981242672919,Bulk/Swing,,,,
2015,519043,FF,1.6506568685088916,0.5688336520076482,Bulk/Swing,,,,
2015,519263,SI,1.2910111026565991,0.5693160813308688,High-Leverage RP,,,,
2015,519390,CH,2.5730521630889136,0.4841628959276018,Bulk/Swing,,,,
2015,527048,SI,1.7015607683369296,0.5631293570875291,Bulk/Swing,,,,
2015,542194,FS,2.1772317214797634,0.46794871794871795,Bulk/Swing,,,,
2015,542208,CH,2.4045917696184214,0.4946236559139785,Bulk/Swing,,,,
2015,542583,FF,1.8788515356240836,0.5,Bulk/Swing,,,,
2015,543900,FF,1.4531930460872888,0.6099518459069021,High-Leverage RP,,,,
2015,544928,FF,1.5720373497406905,0.584958217270195,Bulk/Swing,,,,
2015,544931,FF,1.615217553156135,0.6174099946265449,Bulk/Swing,,,,
2015,547348,SI,0.9878045471262328,0.5738636363636364,High-Leverage RP,,,,
2015,571578,SI,1.497064973040822,0.5933062880324543,Bulk/Swing,,,,
2015,571666,FF,1.6199377104521206,0.6465273856578204,Bulk/Swing,,,,
2015,571912,CH,2.103030704033446,0.5371900826446281,Bulk/Swing,,,,
2015,571927,SI,1.5470411524682113,0.5808823529411765,Bulk/Swing,,,,
2015,572039,CH,2.162336285641346,0.4370860927152318,Bulk/Swing,,,,
2015,572889,CH,1.0857909700989752,0.37362637362637363,Bulk/Swing,,,,
2015,573127,FF,1.1735463707572853,0.5761266747868453,High-Leverage RP,,,,
2015,588751,CH,2.4045917696184214,0.5053763440860215,Bulk/Swing,,,,
2015,591720,CH,1.7130627379005476,0.1951219512195122,Bulk/Swing,,,,
2015,592181,SI,0.9336588565946513,0.565410199556541,High-Leverage RP,,,,
2015,593140,FF,1.2631979275363354,0.4837905236907731,High-Leverage RP,,,,
2015,595307,SI,1.676082321661716,0.5714285714285714,Bulk/Swing,,,,
2015,595371,FF,0.687396352150425,0.6846846846846847,High-Leverage RP,,,,
2015,595386,CH,2.056944387623936,0.5753424657534246,Bulk/Swing,,,,
2015,595879,CH,2.164510586882556,0.5673758865248227,Bulk/Swing,,,,
2015,596331,FF,1.1504225859118433,0.5228215767634855,High-Leverage RP,,,,
2015,605253,FF,1.305102654481216,0.5,High-Leverage RP,,,,
2015,605512,CH,2.453824380552326,0.47643979057591623,Bulk/Swing,,,,
2015,607968,CH,1.4962208591338806,0.5652173913043478,Bulk/Swing,,,,
2015,608167,FF,1.3758236398153254,0.5659411011523687,High-Leverage RP,,,,
2015,621043,CH,2.1483447958554365,0.5962732919254659,Bulk/Swing,,,,
2015,621121,FF,1.4408761340612595,0.5972952667167544,High-Leverage RP,,,,
2025,489446,FF,0.6791932659915256,0.36363636363636365,Bulk/Swing,,,,
2025,500779,CH,1.5991654107425068,0.11538461538461539,Bulk/Swing,,,,
2025,506702,CH,2.1280899268815645,0.19696969696969696,Bulk/Swing,,,,
2025,521230,CU,1.0852280400722045,0.25,Bulk/Swing,,,,
2025,545121,CH,2.446966629569465,0.27358490566037735,Bulk/Swing,,,,
2025,572191,CH,2.56010089119047,0.030303030303030304,Mixing Starter,,,,
2025,572955,CU,1.0852280400722045,0.3125,Bulk/Swing,,,,
2025,592426,CH,1.5991654107425068,0.11538461538461539,Bulk/Swing,,,,
2025,592663,CH,2.6345156280215596,0.04225352112676056,Mixing Starter,,,,
2025,596112,FC,1.374545192908375,0.23809523809523808,Bulk/Swing,,,,
2025,605113,CH,2.1905968029706715,0.021739130434782608,Mixing Starter,,,,
2025,605121,FC,1.374545192908375,0.09523809523809523,Bulk/Swing,,,,
2025,605218,CH,1.0852280400722045,0.25,Bulk/Swing,,,,
2025,605288,CH,1.5991654107425068,0.07692307692307693,Bulk/Swing,,,,
2025,605347,CH,1.782694688604736,0.12903225806451613,Bulk/Swing,,,,
2025,605353,CH,2.190596802970671,0.043478260869565216,Mixing Starter,,,,
2025,608372,CU,1.782694688604736,0.06451612903225806,Bulk/Swing,,,,
2025,622663,CH,1.782694688604736,0.0967741935483871,Bulk/Swing,,,,
2025,628452,CH,1.374545192908375,0.19047619047619047,Bulk/Swing,,,,
2025,641312,CH,1.5991654107425068,0.038461538461538464,Bulk/Swing,,,,
2025,642546,CH,1.0852280400722045,0.125,Bulk/Swing,,,,
2025,647351,EP,2.483502683857838,0.2809917355371901,Bulk/Swing,,,,
2025,650489,KC,2.480928368364147,0.3103448275862069,Bulk/Swing,,,,
2025,656271,CH,1.374545192908375,0.19047619047619047,Bulk/Swing,,,,
2025,657088,CH,1.5991654107425068,0.11538461538461539,Bulk/Swing,,,,
2025,657571,FC,1.3745451929083752,0.09523809523809523,Bulk/Swing,,,,
2025,660261,FC,1.374545192908375,0.19047619047619047,Bulk/Swing,,,,
2025,660844,EP,2.2852998774812163,0.2604166666666667,Bulk/Swing,,,,
2025,663330,CH,2.4797076717021445,0.01639344262295082,Mixing Starter,,,,
2025,663562,CU,1.782694688604736,0.0967741935483871,Bulk/Swing,,,,
2025,663687,CH,1.7826946886047361,0.03225806451612903,Bulk/Swing,,,,
2025,663878,CU,1.374545192908375,0.14285714285714285,Bulk/Swing,,,,
2025,664299,CH,1.5991654107425068,0.11538461538461539,Bulk/Swing,,,,
2025,664774,CH,2.3922922035346867,0.03571428571428571,Mixing Starter,,,,
2025,665742,CH,2.3922922035346867,0.16071428571428573,Bulk/Swing,,,,
2025,665828,CH,2.3688937313105387,0.21782178217821782,Bulk/Swing,,,,
2025,665856,FC,1.374545192908375,0.047619047619047616,Bulk/Swing,,,,
2025,667755,CH,1.782694688604736,0.1935483870967742,Bulk/Swing,,,,
2025,668227,CH,2.4797076717021445,0.03278688524590164,Mixing Starter,,,,
2025,668933,FC,0.6791932659915256,0.45454545454545453,Bulk/Swing,,,,
2025,668984,CH,1.5991654107425068,0.15384615384615385,Bulk/Swing,,,,
2025,669211,CH,1.0852280400722045,0.3125,Bulk/Swing,,,,
2025,669371,CH,1.5991654107425068,0.11538461538461539,Bulk/Swing,,,,
2025,669684,CH,1.9378230905790836,0.0,Mixing Starter,,,,
2025,670810,CH,1.9378230905790836,0.0,Mixing Starter,,,,
2025,671056,CH,2.2965114666021638,0.058823529411764705,Mixing Starter,,,,
2025,671922,FF,1.0852280400722045,0.4375,Bulk/Swing,,,,
2025,672277,FC,1.374545192908375,0.23809523809523808,Bulk/Swing,,,,
2025,672386,CH,2.4797076717021445,0.03278688524590164,Mixing Starter,,,,
2025,673380,CH,1.374545192908375,0.09523809523809523,Bulk/Swing,,,,
2025,677161,CH,1.9378230905790836,0.0,Mixing Starter,,,,
2025,677347,CH,2.2965114666021638,0.0,Mixing Starter,,,,
2025,677595,CH,2.4469666295694656,0.24528301886792453,Bulk/Swing,,,,
2025,678746,CH,1.5991654107425068,0.07692307692307693,Bulk/Swing,,,,
2025,678868,FF,1.0852280400722045,0.3125,Bulk/Swing,,,,
2025,679631,FC,1.0852280400722045,0.1875,Bulk/Swing,,,,
2025,680118,CH,2.0721529997457324,0.024390243902439025,Mixing Starter,,,,
2025,680689,CH,1.5991654107425068,0.038461538461538464,Bulk/Swing,,,,
2025,680690,CH,1.3745451929083752,0.14285714285714285,Bulk/Swing,,,,
2025,680694,CU,1.374545192908375,0.09523809523809523,Bulk/Swing,,,,
2025,680704,FF,1.5991654107425068,0.07692307692307693,Bulk/Swing,,,,
2025,680757,CH,2.2965114666021638,0.0,Mixing Starter,,,,
2025,682202,FC,1.374545192908375,0.14285714285714285,Bulk/Swing,,,,
2025,682729,CH,2.3688937313105387,0.25742574257425743,Bulk/Swing,,,,
2025,682987,CH,1.9378230905790834,0.08333333333333333,Bulk/Swing,,,,
2025,683490,CH,1.0852280400722045,0.125,Bulk/Swing,,,,
2025,683748,CH,2.190596802970671,0.043478260869565216,Mixing Starter,,,,
2025,685274,FF,0.6791932659915256,0.2727272727272727,Bulk/Swing,,,,
2025,686527,CH,2.3922922035346867,0.017857142857142856,Mixing Starter,,,,
2025,686580,CU,1.374545192908375,0.2857142857142857,Bulk/Swing,,,,
2025,686681,CH,2.4797076717021445,0.06557377049180328,Mixing Starter,,,,
2025,686753,CH,1.374545192908375,0.09523809523809523,Bulk/Swing,,,,
2025,686993,FC,1.374545192908375,0.2857142857142857,Bulk/Swing,,,,
2025,687074,FC,1.374545192908375,0.14285714285714285,Bulk/Swing,,,,
2025,687134,CU,1.5991654107425068,0.07692307692307693,Bulk/Swing,,,,
2025,687192,CH,1.9378230905790836,0.027777777777777776,Mixing Starter,,,,
2025,687637,CH,2.3922922035346867,0.017857142857142856,Mixing Starter,,,,
2025,687863,FF,1.374545192908375,0.047619047619047616,Bulk/Swing,,,,
2025,687867,CH,1.782694688604736,0.06451612903225806,Bulk/Swing,,,,
2025,688005,CH,1.374545192908375,0.14285714285714285,Bulk/Swing,,,,
2025,689266,CH,1.374545192908375,0.38095238095238093,Bulk/Swing,,,,
2025,689531,CH,1.5991654107425068,0.11538461538461539,Bulk/Swing,,,,
2025,689690,CH,1.374545192908375,0.047619047619047616,Bulk/Swing,,,,
2025,690916,CH,1.7826946886047361,0.0967741935483871,Bulk/Swing,,,,
2025,691008,CH,1.374545192908375,0.23809523809523808,Bulk/Swing,,,,
2025,691026,CH,2.4797076717021445,0.08196721311475409,Mixing Starter,,,,
2025,691601,CU,1.0852280400722045,0.1875,Bulk/Swing,,,,
2025,691740,FF,0.6791932659915256,0.5454545454545454,High-Leverage RP,,,,
2025,691907,CH,1.9378230905790836,0.08333333333333333,Mixing Starter,,,,
2025,693725,CH,1.374545192908375,0.09523809523809523,Bulk/Swing,,,,
2025,694211,CH,0.6791932659915256,0.45454545454545453,Bulk/Swing,,,,
2025,694335,FC,1.3745451929083752,0.19047619047619047,Bulk/Swing,,,,
2025,694385,CH,1.374545192908375,0.14285714285714285,Bulk/Swing,,,,
2025,694410,CU,1.5991654107425068,0.15384615384615385,Bulk/Swing,,,,
2025,694496,CH,1.5991654107425068,0.11538461538461539,Bulk/Swing,,,,
2025,694806,CH,1.374545192908375,0.09523809523809523,Bulk/Swing,,,,
2025,694838,FC,1.5991654107425068,0.11538461538461539,Bulk/Swing,,,,
2025,696030,CH,2.3922922035346867,0.017857142857142856,Mixing Starter,,,,
2025,696100,CH,2.56010089119047,0.015151515151515152,Mixing Starter,,,,
2025,696147,CH,1.5991654107425068,0.11538461538461539,Bulk/Swing,,,,
2025,697812,CH,1.374545192908375,0.19047619047619047,Bulk/Swing,,,,
2025,699823,CU,1.0852280400722045,0.375,Bulk/Swing,,,,
2025,700249,CH,1.7826946886047361,0.06451612903225806,Bulk/Swing,,,,
2025,700250,CH,2.4797076717021445,0.04918032786885246,Mixing Starter,,,,
2025,702068,CH,1.782694688604736,0.06451612903225806,Bulk/Swing,,,,
2025,702463,CH,0.6791932659915256,0.45454545454545453,Bulk/Swing,,,,
2025,702574,CH,1.8844898419786047,0.25,Bulk/Swing,,,,
2025,702752,CH,1.0852280400722045,0.0625,Bulk/Swing,,,,
2025,703804,CH,1.374545192908375,0.23809523809523808,Bulk/Swing,,,,
2025,804606,FF,1.5991654107425068,0.11538461538461539,Bulk/Swing,,,,
2025,804636,CH,1.374545192908375,0.09523809523809523,Bulk/Swing,,,,
2025,805347,FC,1.0852280400722045,0.1875,Bulk/Swing,,,,
2025,813882,FC,1.0852280400722045,0.25,Bulk/Swing,,,,
2025,814091,FF,0.6791932659915256,0.45454545454545453,Bulk/Swing,,,,
2025,814791,CH,1.9378230905790836,0.08333333333333333,Mixing Starter,,,,
2025,815067,CU,0.6791932659915256,0.36363636363636365,Bulk/Swing,,,,
2025,828353,CH,1.374545192908375,0.23809523809523808,Bulk/Swing,,,,
2025,493603,FC,1.3745451929083752,0.14285714285714285,Bulk/Swing,,,,
2025,516853,CU,1.0852280400722045,0.1875,Bulk/Swing,,,,
2025,541640,CH,1.5991654107425068,0.19230769230769232,Bulk/Swing,,,,
2025,542881,CH,1.782694688604736,0.0967741935483871,Bulk/Swing,,,,
2025,575929,CH,2.2965114666021638,0.0,Mixing Starter,,,,
2025,592178,CH,2.0721529997457324,0.024390243902439025,Mixing Starter,,,,
2025,592348,CH,1.5302071176737386,0.25,Bulk/Swing,,,,
2025,592454,CH,1.0852280400722045,0.375,Bulk/Swing,,,,
2025,596117,CH,1.782694688604736,0.06451612903225806,Bulk/Swing,,,,
2025,606466,CH,2.540318026526686,0.2892561983471074,Bulk/Swing,,,,
2025,607200,CH,1.374545192908375,0.14285714285714285,Bulk/Swing,,,,
2025,607625,CH,2.2965114666021638,0.0196078431372549,Mixing Starter,,,,
2025,609280,CH,2.56010089119047,0.015151515151515152,Mixing Starter,,,,
2025,621028,EP,2.5601008911904697,0.015151515151515152,Mixing Starter,,,,
2025,621381,CH,1.5991654107425068,0.038461538461538464,Bulk/Swing,,,,
2025,622761,EP,2.43845433608751,0.030303030303030304,Mixing Starter,,,,
2025,622786,CH,1.374545192908375,0.19047619047619047,Bulk/Swing,,,,
2025,623211,CH,1.374545192908375,0.23809523809523808,Bulk/Swing,,,,
2025,623352,CH,1.0852280400722045,0.1875,Bulk/Swing,,,,
2025,623465,FC,1.3745451929083752,0.14285714285714285,Bulk/Swing,,,,
2025,641682,CH,1.374545192908375,0.14285714285714285,Bulk/Swing,,,,
2025,641933,CH,2.2965114666021638,0.0,Mixing Starter,,,,
2025,642152,CH,1.7826946886047361,0.12903225806451613,Bulk/Swing,,,,
2025,642397,FF,1.5991654107425068,0.07692307692307693,Bulk/Swing,,,,
2025,656638,CH,1.374545192908375,0.09523809523809523,Bulk/Swing,,,,
2025,656686,CH,1.5991654107425068,0.19230769230769232,Bulk/Swing,,,,
2025,656876,CH,1.7826946886047361,0.06451612903225806,Bulk/Swing,,,,
2025,657265,CH,1.5991654107425068,0.07692307692307693,Bulk/Swing,,,,
2025,660766,CH,2.0721529997457324,0.0975609756097561,Mixing Starter,,,,
2025,661388,CH,2.4797076717021445,0.0,Mixing Starter,,,,
2025,663302,CU,1.0852280400722045,0.125,Bulk/Swing,,,,
2025,663372,CH,1.7826946886047361,0.06451612903225806,Bulk/Swing,,,,
2025,663767,CH,1.5991654107425068,0.19230769230769232,Bulk/Swing,,,,
2025,663941,CU,1.5991654107425068,0.0,Bulk/Swing,,,,
2025,664034,CH,2.56010089119047,0.030303030303030304,Mixing Starter,,,,
2025,664208,CU,1.374545192908375,0.09523809523809523,Bulk/Swing,,,,
2025,664238,CH,2.3922922035346867,0.03571428571428571,Mixing Starter,,,,
2025,664983,CH,2.2965114666021638,0.0,Mixing Starter,,,,
2025,665782,FC,1.5991654107425068,0.038461538461538464,Bulk/Swing,,,,
2025,666185,CH,2.5297542181017594,0.21551724137931033,Bulk/Swing,,,,
2025,666211,CH,2.2965114666021638,0.0392156862745098,Mixing Starter,,,,
2025,666619,CH,1.374545192908375,0.19047619047619047,Bulk/Swing,,,,
2025,668721,CH,1.5991654107425068,0.19230769230769232,Bulk/Swing,,,,
2025,669002,CH,1.0852280400722045,0.25,Bulk/Swing,,,,
2025,669062,CH,1.374545192908375,0.09523809523809523,Bulk/Swing,,,,
2025,669911,CH,2.285299877481216,0.19791666666666666,Bulk/Swing,,,,
2025,671345,CH,1.374545192908375,0.09523809523809523,Bulk/Swing,,,,
2025,672640,CH,2.56010089119047,0.015151515151515152,Mixing Starter,,,,
2025,673513,CU,1.782694688604736,0.03225806451612903,Bulk/Swing,,,,
2025,674384,CU,1.374545192908375,0.23809523809523808,Bulk/Swing,,,,
2025,674951,CH,1.0852280400722045,0.1875,Bulk/Swing,,,,
2025,675512,CU,1.782694688604736,0.06451612903225806,Bulk/Swing,,,,
2025,675915,CU,1.374545192908375,0.19047619047619047,Bulk/Swing,,,,
2025,675994,FF,1.782694688604736,0.03225806451612903,Bulk/Swing,,,,
2025,676272,CH,1.5991654107425068,0.038461538461538464,Bulk/Swing,,,,
2025,676282,CH,1.374545192908375,0.09523809523809523,Bulk/Swing,,,,
2025,676679,EP,2.2965114666021638,0.0196078431372549,Mixing Starter,,,,
2025,677342,CH,1.0852280400722045,0.25,Bulk/Swing,,,,
2025,677865,FC,1.0852280400722045,0.25,Bulk/Swing,,,,
2025,677961,SI,1.0852280400722045,0.3125,Bulk/Swing,,,,
2025,678218,CU,1.0852280400722045,0.1875,Bulk/Swing,,,,
2025,679032,CH,2.5601008911904697,0.015151515151515152,Mixing Starter,,,,
2025,680755,CU,1.5991654107425068,0.11538461538461539,Bulk/Swing,,,,
2025,681114,CH,1.0852280400722045,0.1875,Bulk/Swing,,,,
2025,681739,CH,1.374545192908375,0.14285714285714285,Bulk/Swing,,,,
2025,682073,CU,2.0721529997457324,0.04878048780487805,Mixing Starter,,,,
2025,682243,FC,2.0721529997457324,0.04878048780487805,Mixing Starter,,,,
2025,682610,CH,1.5991654107425068,0.07692307692307693,Bulk/Swing,,,,
2025,682657,CH,2.4582674669088345,0.2702702702702703,Bulk/Swing,,,,
2025,682668,CH,2.3922922035346867,0.0,Mixing Starter,,,,
2025,682732,CH,1.5991654107425068,0.07692307692307693,Bulk/Swing,,,,
2025,683169,CH,1.374545192908375,0.047619047619047616,Bulk/Swing,,,,
2025,683353,FF,0.6791932659915256,0.45454545454545453,Bulk/Swing,,,,
2025,684081,CH,1.374545192908375,0.09523809523809523,Bulk/Swing,,,,
2025,684483,CH,1.0852280400722045,0.3125,Bulk/Swing,,,,
2025,685068,CU,1.5991654107425068,0.11538461538461539,Bulk/Swing,,,,
2025,686217,CH,2.6345156280215596,0.014084507042253521,Mixing Starter,,,,
2025,686228,CH,1.5991654107425068,0.19230769230769232,Bulk/Swing,,,,
2025,686539,FF,1.374545192908375,0.09523809523809523,Bulk/Swing,,,,
2025,686798,CH,1.374545192908375,0.047619047619047616,Bulk/Swing,,,,
2025,687003,CH,1.5991654107425068,0.07692307692307693,Bulk/Swing,,,,
2025,687064,CH,1.9378230905790836,0.08333333333333333,Mixing Starter,,,,
2025,687362,CH,1.5991654107425068,0.11538461538461539,Bulk/Swing,,,,
2025,687605,CH,1.374545192908375,0.09523809523809523,Bulk/Swing,,,,
2025,689070,CU,1.782694688604736,0.06451612903225806,Bulk/Swing,,,,
2025,691548,CH,1.374545192908375,0.14285714285714285,Bulk/Swing,,,,
2025,692030,CH,1.374545192908375,0.23809523809523808,Bulk/Swing,,,,
2025,692225,CH,2.4797076717021445,0.01639344262295082,Mixing Starter,,,,
2025,693855,CH,1.7826946886047361,0.12903225806451613,Bulk/Swing,,,,
2025,694671,CH,2.6345156280215596,0.0,Mixing Starter,,,,
2025,694918,CH,1.782694688604736,0.0967741935483871,Bulk/Swing,,,,
2025,695600,CH,2.3922922035346867,0.0,Mixing Starter,,,,
2025,696131,CH,1.5991654107425068,0.07692307692307693,Bulk/Swing,,,,
2025,700720,FC,1.0852280400722045,0.25,Bulk/Swing,,,,
2025,700786,CH,1.374545192908375,0.14285714285714285,Bulk/Swing,,,,
2025,701552,CH,1.374545192908375,0.14285714285714285,Bulk/Swing,,,,
2025,702679,CH,1.5991654107425068,0.11538461538461539,Bulk/Swing,,,,
2025,702693,SL,1.895640555923886,0.17391304347826086,Bulk/Swing,,,,
2025,800195,CH,1.0852280400722045,0.1875,Bulk/Swing,,,,
2025,801075,CH,1.0852280400722045,0.125,Bulk/Swing,,,,
2025,801128,CU,1.374545192908375,0.14285714285714285,Bulk/Swing,,,,
2025,801619,SI,0.6791932659915256,0.36363636363636365,Bulk/Swing,,,,
2025,802355,FC,1.374545192908375,0.047619047619047616,Bulk/Swing,,,,
2025,802415,CH,2.4797076717021445,0.01639344262295082,Mixing Starter,,,,
2025,802959,FF,0.6791932659915256,0.2727272727272727,Bulk/Swing,,,,
2025,805779,CH,2.5601008911904697,0.09090909090909091,Mixing Starter,,,,
2025,805951,CH,1.374545192908375,0.19047619047619047,Bulk/Swing,,,,
2025,806263,FF,1.0852280400722045,0.1875,Bulk/Swing,,,,
2025,806534,CH,1.374545192908375,0.14285714285714285,Bulk/Swing,,,,
2025,808083,CH,1.5991654107425068,0.11538461538461539,Bulk/Swing,,,,
2025,813894,FF,1.0852280400722045,0.1875,Bulk/Swing,,,,
2025,814307,FC,1.374545192908375,0.047619047619047616,Bulk/Swing,,,,
2025,814351,CH,1.782694688604736,0.06451612903225806,Bulk/Swing,,,,
2025,814527,CU,1.5991654107425068,0.038461538461538464,Bulk/Swing,,,,
2025,823996,SI,0.6791932659915256,0.45454545454545453,Bulk/Swing,,,,
2025,445926,CH,1.5991654107425068,0.19230769230769232,Bulk/Swing,,,,
2025,448179,CH,1.7826946886047361,0.12903225806451613,Bulk/Swing,,,,
2025,518934,CH,2.3922922035346867,0.017857142857142856,Mixing Starter,,,,
2025,519008,CH,1.374545192908375,0.19047619047619047,Bulk/Swing,,,,
2025,592254,CH,1.374545192908375,0.09523809523809523,Bulk/Swing,,,,
2025,592273,CU,1.782694688604736,0.06451612903225806,Bulk/Swing,,,,
2025,592626,CH,2.56010089119047,0.030303030303030304,Mixing Starter,,,,
2025,600917,CH,1.782694688604736,0.0967741935483871,Bulk/Swing,,,,
2025,605135,CH,2.0721529997457324,0.024390243902439025,Mixing Starter,,,,
2025,605488,CH,1.5991654107425068,0.11538461538461539,Bulk/Swing,,,,
2025,607455,CH,1.374545192908375,0.23809523809523808,Bulk/Swing,,,,
2025,608650,CH,1.5991654107425068,0.11538461538461539,Bulk/Swing,,,,
2025,621053,CH,1.5991654107425068,0.15384615384615385,Bulk/Swing,,,,
2025,621244,CH,1.782694688604736,0.0967741935483871,Bulk/Swing,,,,
2025,621363,FF,0.6791932659915256,0.36363636363636365,Bulk/Swing,,,,
2025,621439,CH,2.3922922035346867,0.08928571428571429,Mixing Starter,,,,
2025,624512,CU,2.236452978194116,0.11475409836065574,Mixing Starter,,,,
2025,624513,CU,1.9378230905790836,0.1111111111111111,Mixing Starter,,,,
2025,641401,CH,1.0852280400722045,0.3125,Bulk/Swing,,,,
2025,641645,CH,2.2965114666021638,0.0392156862745098,Mixing Starter,,,,
2025,641658,CU,2.4250463086118685,0.04225352112676056,Mixing Starter,,,,
2025,641835,FC,1.374545192908375,0.14285714285714285,Bulk/Swing,,,,
2025,643217,CH,2.4797076717021445,0.01639344262295082,Mixing Starter,,,,
2025,643289,CH,2.3922922035346867,0.05357142857142857,Mixing Starter,,,,
2025,645801,CH,2.0721529997457324,0.07317073170731707,Mixing Starter,,,,
2025,656257,FC,1.0852280400722045,0.125,Bulk/Swing,,,,
2025,656541,CH,2.3922922035346867,0.017857142857142856,Mixing Starter,,,,
2025,657097,CH,1.0852280400722045,0.125,Bulk/Swing,,,,
2025,657585,FC,1.5991654107425068,0.11538461538461539,Bulk/Swing,,,,
2025,660710,FC,1.0852280400722045,0.1875,Bulk/Swing,,,,
2025,660787,CH,1.374545192908375,0.14285714285714285,Bulk/Swing,,,,
2025,663796,CH,1.5991654107425068,0.07692307692307693,Bulk/Swing,,,,
2025,663903,FC,1.5991654107425068,0.19230769230769232,Bulk/Swing,,,,
2025,664285,CH,1.5991654107425068,0.07692307692307693,Bulk/Swing,,,,
2025,664744,FF,1.0852280400722045,0.125,Bulk/Swing,,,,
2025,664747,FF,0.6791932659915256,0.2727272727272727,Bulk/Swing,,,,
2025,665966,CH,2.6345156280215596,0.028169014084507043,Mixing Starter,,,,
2025,666139,CH,2.3922922035346867,0.017857142857142856,Mixing Starter,,,,
2025,666152,CH,2.3922922035346867,0.07142857142857142,Mixing Starter,,,,
2025,666801,SL,-0.0,1.0,High-Leverage RP,,,,
2025,668845,CH,2.190596802970671,0.043478260869565216,Mixing Starter,,,,
2025,668909,CH,1.7826946886047361,0.06451612903225806,Bulk/Swing,,,,
2025,668939,CH,2.529754218101759,0.28448275862068967,Bulk/Swing,,,,
2025,669087,CH,2.2965114666021638,0.0,Mixing Starter,,,,
2025,669257,CH,2.3922922035346867,0.017857142857142856,Mixing Starter,,,,
2025,669394,CH,2.56010089119047,0.015151515151515152,Mixing Starter,,,,
2025,669432,SI,1.742082913764806,0.12195121951219512,Bulk/Swing,,,,
2025,670223,CH,2.3922922035346867,0.03571428571428571,Mixing Starter,,,,
2025,670912,CH,1.5991654107425068,0.23076923076923078,Bulk/Swing,,,,
2025,672279,CH,2.190596802970671,0.043478260869565216,Mixing Starter,,,,
2025,676206,CH,1.5991654107425068,0.07692307692307693,Bulk/Swing,,,,
2025,676534,CH,1.7826946886047361,0.06451612903225806,Bulk/Swing,,,,
2025,676694,CH,2.4797076717021445,0.03278688524590164,Mixing Starter,,,,
2025,676914,CH,2.3922922035346867,0.07142857142857142,Mixing Starter,,,,
2025,680735,CU,1.782694688604736,0.0967741935483871,Bulk/Swing,,,,
2025,680737,CH,2.190596802970671,0.043478260869565216,Mixing Starter,,,,
2025,680862,EP,2.56010089119047,0.06060606060606061,Mixing Starter,,,,
2025,680880,FF,1.5991654107425068,0.11538461538461539,Bulk/Swing,,,,
2025,681006,CH,1.7826946886047361,0.1935483870967742,Bulk/Swing,,,,
2025,682052,CH,1.5991654107425068,0.15384615384615385,Bulk/Swing,,,,
2025,682177,CH,2.2965114666021638,0.09803921568627451,Mixing Starter,,,,
2025,682274,CH,1.0852280400722045,0.25,Bulk/Swing,,,,
2025,682622,CH,2.56010089119047,0.015151515151515152,Mixing Starter,,,,
2025,682775,FF,1.0852280400722045,0.25,Bulk/Swing,,,,
2025,682790,CH,1.374545192908375,0.14285714285714285,Bulk/Swing,,,,
2025,683079,FF,1.0852280400722045,0.4375,Bulk/Swing,,,,
2025,683493,CH,1.782694688604736,0.03225806451612903,Bulk/Swing,,,,
2025,685107,CH,1.5991654107425068,0.11538461538461539,Bulk/Swing,,,,
2025,685744,CH,1.374545192908375,0.19047619047619047,Bulk/Swing,,,,
2025,686469,CH,2.2965114666021638,0.0784313725490196,Mixing Starter,,,,
2025,686608,FC,0.6791932659915256,0.45454545454545453,Bulk/Swing,,,,
2025,686752,CH,1.9378230905790836,0.1111111111111111,Mixing Starter,,,,
2025,687231,CH,2.4797076717021445,0.01639344262295082,Mixing Starter,,,,
2025,687597,CH,2.4797076717021445,0.04918032786885246,Mixing Starter,,,,
2025,687931,CH,1.374545192908375,0.19047619047619047,Bulk/Swing,,,,
2025,689017,CH,1.374545192908375,0.047619047619047616,Bulk/Swing,,,,
2025,691723,CH,2.4797076717021445,0.04918032786885246,Mixing Starter,,,,
2025,691781,SI,2.456646088121821,0.06060606060606061,Mixing Starter,,,,
2025,693459,CH,1.374545192908375,0.14285714285714285,Bulk/Swing,,,,
2025,694297,CH,1.9378230905790836,0.05555555555555555,Mixing Starter,,,,
2025,694350,CH,1.0852280400722045,0.25,Bulk/Swing,,,,
2025,694371,CH,1.782694688604736,0.06451612903225806,Bulk/Swing,,,,
2025,694728,CH,2.0721529997457324,0.07317073170731707,Mixing Starter,,,,
2025,694953,FF,0.6791932659915256,0.18181818181818182,Bulk/Swing,,,,
2025,695023,FF,0.6791932659915256,0.18181818181818182,Bulk/Swing,,,,
2025,695243,CH,1.0852280400722045,0.3125,Bulk/Swing,,,,
2025,700283,CU,0.6791932659915256,0.2727272727272727,Bulk/Swing,,,,
2025,701643,CH,1.5991654107425068,0.07692307692307693,Bulk/Swing,,,,
2025,701762,CH,2.4797076717021445,0.03278688524590164,Mixing Starter,,,,
2025,702460,CU,0.6791932659915256,0.7272727272727273,High-Leverage RP,,,,
2025,702685,CH,1.0852280400722045,0.25,Bulk/Swing,,,,
2025,702795,CH,1.5991654107425068,0.11538461538461539,Bulk/Swing,,,,
2025,703154,CH,1.374545192908375,0.19047619047619047,Bulk/Swing,,,,
2025,800049,CH,1.7826946886047361,0.12903225806451613,Bulk/Swing,,,,
2025,800056,CH,1.782694688604736,0.1935483870967742,Bulk/Swing,,,,
2025,800194,SI,1.3424442327573418,0.2692307692307692,Bulk/Swing,,,,
2025,800198,CH,1.782694688604736,0.0967741935483871,Bulk/Swing,,,,
2025,800306,FF,0.6791932659915256,0.18181818181818182,Bulk/Swing,,,,
2025,801822,FC,1.0852280400722045,0.1875,Bulk/Swing,,,,
2025,805373,CH,2.3922922035346867,0.05357142857142857,Mixing Starter,,,,
2025,806185,CH,1.5991654107425068,0.19230769230769232,Bulk/Swing,,,,
2025,806953,SL,-0.0,1.0,High-Leverage RP,,,,
2025,807267,CH,0.6791932659915256,0.45454545454545453,Bulk/Swing,,,,
2025,815874,CH,1.5991654107425068,0.038461538461538464,Bulk/Swing,,,,
2025,824615,FC,1.0852280400722045,0.3125,Bulk/Swing,,,,
2025,829272,CH,2.0721529997457324,0.14634146341463414,Bulk/Swing,,,,
2015,217100,SI,2.019189171269331,0.6206896551724138,Bulk/Swing,,,,
2015,407812,CH,2.1644944299222435,0.6086956521739131,Bulk/Swing,,,,
2015,430613,SI,1.5324249369987877,0.6307053941908713,Bulk/Swing,,,,
2015,431148,SI,1.7835741331967276,0.6951640759930915,Bulk/Swing,,,,
2015,433585,SI,1.5161468783521288,0.6950053134962806,Bulk/Swing,,,,
2015,434378,FF,1.5526437231049388,0.6861826697892272,Bulk/Swing,,,,
2015,444876,CH,2.404096711154294,0.643979057591623,Bulk/Swing,,,,
2015,446308,CH,2.325350675187339,0.6877076411960132,Bulk/Swing,,,,
2015,448178,FF,1.392132948344582,0.6592095451155854,High-Leverage RP,,,,
2015,448614,FC,1.641718312148052,0.614168247944339,Bulk/Swing,,,,
2015,453172,SI,1.4913063417281873,0.599549211119459,Bulk/Swing,,,,
2015,456715,CH,2.3777269938146293,0.5459183673469388,Bulk/Swing,,,,
2015,458085,CH,2.174982024786157,0.5217391304347826,Bulk/Swing,,,,
2015,458689,SI,1.7222909928500956,0.4567901234567901,Bulk/Swing,,,,
2015,458731,CH,2.5612672949861084,0.47058823529411764,Bulk/Swing,,,,
2015,459964,CH,2.258548473614458,0.4143646408839779,Bulk/Swing,,,,
2015,460026,CH,2.1339466074388675,0.4966887417218543,Bulk/Swing,,,,
2015,460131,SI,2.0585847010580753,0.5419847328244275,Bulk/Swing,,,,
2015,462101,CH,2.4103273391373237,0.4861878453038674,Bulk/Swing,,,,
2015,465784,SI,2.030519215379516,0.6327433628318584,Bulk/Swing,,,,
2015,474284,FF,1.8260865981815644,0.6079059829059829,Bulk/Swing,,,,
2015,474521,FF,1.709354947309855,0.6651349798966112,Bulk/Swing,,,,
2015,488703,CU,1.094780226007948,0.45161290322580644,Bulk/Swing,,,,
2015,489149,CH,2.3728035033770865,0.580110497237569,Bulk/Swing,,,,
2015,490063,FF,1.710427770015922,0.6448146157979581,Bulk/Swing,,,,
2015,493117,FF,1.0820433738552189,0.6617647058823529,High-Leverage RP,,,,
2015,493351,FF,2.1856778206197234,0.5,Bulk/Swing,,,,
2015,501381,FF,1.5942922131291586,0.6639260020554985,Bulk/Swing,,,,
2015,501955,FF,1.5063603023958498,0.6241979835013749,Bulk/Swing,,,,
2015,502260,FF,1.292173787622351,0.5526315789473685,High-Leverage RP,,,,
2015,502317,SL,2.1591953631632865,0.6029411764705882,Bulk/Swing,,,,
2015,503449,FF,1.645166497648972,0.5834553440702782,Bulk/Swing,,,,
2015,503556,CH,2.288531450132095,0.7373417721518988,Bulk/Swing,,,,
2015,504083,FF,1.3376873308884156,0.6343178621659634,High-Leverage RP,,,,
2015,518567,CH,1.4126415195536817,0.6039387308533917,High-Leverage RP,,,,
2015,518700,FF,2.0252626865480803,0.5660377358490566,Bulk/Swing,,,,
2015,518858,SI,1.2938657802528344,0.568733153638814,High-Leverage RP,,,,
2015,519184,CH,2.2860535689695736,0.5454545454545454,Bulk/Swing,,,,
2015,519186,FF,1.2215042285396605,0.4859335038363171,High-Leverage RP,,,,
2015,524968,CH,1.9667670766219665,0.42342342342342343,Bulk/Swing,,,,
2015,542513,FF,2.103880885188609,0.35542168674698793,Bulk/Swing,,,,
2015,543184,FF,1.7021198899205916,0.6425631981187536,Bulk/Swing,,,,
2015,543590,CH,2.145124175649091,0.5562913907284768,Bulk/Swing,,,,
2015,543685,CH,2.056944387623936,0.4589041095890411,Bulk/Swing,,,,
2015,543803,SI,1.5511056422813008,0.42473118279569894,Bulk/Swing,,,,
2015,543921,FF,1.4101387721714198,0.5797872340425532,High-Leverage RP,,,,
2015,544836,FF,1.3861646151982958,0.5886752136752137,High-Leverage RP,,,,
2015,570731,CH,2.310646236019094,0.47368421052631576,Bulk/Swing,,,,
2015,571431,CH,2.174982024786157,0.546583850931677,Bulk/Swing,,,,
2015,571506,CH,2.395506259629362,0.532258064516129,Bulk/Swing,,,,
2015,571735,FF,1.709484959763561,0.6207104154124021,Bulk/Swing,,,,
2015,571825,FF,1.9191568012301938,0.5544554455445545,Bulk/Swing,,,,
2015,592091,FF,1.7136584646060873,0.5245009074410163,Bulk/Swing,,,,
2015,592527,SL,1.339264671386451,0.5338645418326693,High-Leverage RP,,,,
2015,592717,SI,1.7772372337870788,0.6070326958667489,Bulk/Swing,,,,
2015,592741,FF,1.3100049849958972,0.6544622425629291,High-Leverage RP,,,,
2015,592774,FF,2.0238389847356064,0.32894736842105265,Bulk/Swing,,,,
2015,594857,FF,1.1511506141343655,0.5676959619952494,High-Leverage RP,,,,
2015,596748,CH,2.396513564293442,0.5359116022099447,Bulk/Swing,,,,
2015,605317,SL,1.263337045363083,0.5099601593625498,High-Leverage RP,,,,
2015,605323,SI,1.891579773381332,0.5416666666666666,Bulk/Swing,,,,
2015,605541,SL,1.7521064814704592,0.5916179337231969,Bulk/Swing,,,,
2015,607259,FF,1.6699426782311166,0.6182432432432432,Bulk/Swing,,,,
2015,622110,CH,2.2443967593960408,0.5542168674698795,Bulk/Swing,,,,
2015,624424,CH,2.1483447958554365,0.5652173913043478,Bulk/Swing,,,,
2015,624577,CH,2.1644944299222435,0.40993788819875776,Bulk/Swing,,,,
2015,628329,CH,2.462673288718753,0.33507853403141363,Bulk/Swing,,,,
2015,425496,FF,1.7600517696851914,0.5432098765432098,Bulk/Swing,,,,
2015,425766,CH,2.4832824020217275,0.5408163265306123,Bulk/Swing,,,,
2015,425783,CH,2.5359768445705835,0.5728155339805825,Bulk/Swing,,,,
2015,430580,SI,1.9236045307728658,0.672069825436409,Bulk/Swing,,,,
2015,434670,CH,2.426460287945629,0.582089552238806,Bulk/Swing,,,,
2015,435062,CH,2.245258428505279,0.5614035087719298,Bulk/Swing,,,,
2015,435079,CH,2.4478228180781874,0.5472636815920398,Bulk/Swing,,,,
2015,435559,CH,2.3444489734025056,0.521505376344086,Bulk/Swing,,,,
2015,444436,SI,1.2335053757049483,0.6614936954413191,High-Leverage RP,,,,
2015,446225,SI,1.2874299364113684,0.4634146341463415,Bulk/Swing,,,,
2015,448609,FF,1.3959497916307941,0.6636171710063336,High-Leverage RP,,,,
2015,450317,SI,2.2169704661953076,0.5317460317460317,Bulk/Swing,,,,
2015,453343,FC,1.3091728569110253,0.6493108728943339,High-Leverage RP,,,,
2015,456068,FF,1.7358150065115294,0.6202988150437918,Bulk/Swing,,,,
2015,456124,FF,1.7756343827382786,0.5729166666666666,Bulk/Swing,,,,
2015,457477,CH,2.434871131351342,0.5323383084577115,Bulk/Swing,,,,
2015,457759,CH,2.245258428505279,0.5087719298245614,Bulk/Swing,,,,
2015,460099,CH,2.36752507547083,0.5913978494623656,Bulk/Swing,,,,
2015,465629,FF,1.5545738172909227,0.6350851221317543,Bulk/Swing,,,,
2015,474832,CH,2.404287813295063,0.5714285714285714,Bulk/Swing,,,,
2015,488681,CH,2.2443967593960408,0.4819277108433735,Bulk/Swing,,,,
2015,488726,CH,2.4040967111542937,0.5235602094240838,Bulk/Swing,,,,
2015,488768,FF,1.670450286331627,0.6354625550660793,Bulk/Swing,,,,
2015,489267,CU,1.8426609322117038,0.5173410404624278,Bulk/Swing,,,,
2015,500871,CH,2.1630144748514986,0.6370106761565836,Bulk/Swing,,,,
2015,501255,FF,2.13475161173542,0.6271186440677966,Bulk/Swing,,,,
2015,501896,CH,2.256491526948978,0.5,Bulk/Swing,,,,
2015,502143,CH,2.3440536053680456,0.48066298342541436,Bulk/Swing,,,,
2015,502462,FF,1.3376481612272337,0.6328928046989721,High-Leverage RP,,,,
2015,516949,FF,2.014039910327794,0.6492146596858639,Bulk/Swing,,,,
2015,517370,CH,2.2432925811225553,0.604982206405694,Bulk/Swing,,,,
2015,518452,FF,1.7508522233522226,0.5768757687576875,Bulk/Swing,,,,
2015,518553,SI,1.2664397385906816,0.5913200723327305,High-Leverage RP,,,,
2015,518618,CH,2.3608233416792883,0.4502923976608187,Bulk/Swing,,,,
2015,518692,CH,2.481644946539781,0.5,Bulk/Swing,,,,
2015,518833,SI,1.5509461129888815,0.49537037037037035,Bulk/Swing,,,,
2015,519025,CH,2.145124175649091,0.5165562913907285,Bulk/Swing,,,,
2015,519068,SI,2.107813429886655,0.42063492063492064,Bulk/Swing,,,,
2015,519107,FF,1.1297614517974286,0.5454545454545454,High-Leverage RP,,,,
2015,519208,CH,2.26167621514416,0.4924812030075188,Bulk/Swing,,,,
2015,519293,FF,1.3195658333759939,0.5747316267547481,High-Leverage RP,,,,
2015,519306,CH,2.4816449465397805,0.49029126213592233,Bulk/Swing,,,,
2015,519322,FF,1.503794808081726,0.6345895020188426,Bulk/Swing,,,,
2015,519333,FF,2.12769732603353,0.4852941176470588,Bulk/Swing,,,,
2015,519345,FF,2.1727516178121995,0.4972375690607735,Bulk/Swing,,,,
2015,521692,CH,2.376844203666557,0.5392670157068062,Bulk/Swing,,,,
2015,533167,FF,1.7662892005014412,0.6208017334777898,Bulk/Swing,,,,
2015,534627,SI,1.8840839595463639,0.46153846153846156,Bulk/Swing,,,,
2015,538506,FF,1.5688711313371468,0.5670995670995671,Bulk/Swing,,,,
2015,542669,FF,1.5950228939056577,0.4977307110438729,Bulk/Swing,,,,
2015,542924,FF,1.6926412327001308,0.46484375,Bulk/Swing,,,,
2015,543331,FF,1.4249552800158611,0.5956622773044152,High-Leverage RP,,,,
2015,543424,FF,1.5669797808972288,0.5928753180661578,Bulk/Swing,,,,
2015,543459,CH,1.8045539165916835,0.32786885245901637,Bulk/Swing,,,,
2015,543633,FC,1.9131360710594525,0.44339622641509435,Bulk/Swing,,,,
2015,543859,FF,1.2816001048080574,0.573373676248109,High-Leverage RP,,,,
2015,545064,SL,1.0972975689870546,0.6299376299376299,High-Leverage RP,,,,
2015,547180,CH,2.435520731445954,0.529126213592233,Bulk/Swing,,,,
2015,570717,SI,1.904360000349796,0.5604395604395604,Bulk/Swing,,,,
2015,571479,FF,1.0848103921042556,0.6005747126436781,High-Leverage RP,,,,
2015,571970,CH,2.2443967593960408,0.5301204819277109,Bulk/Swing,,,,
2015,572020,FF,1.6495123202879713,0.5665829145728644,Bulk/Swing,,,,
2015,572102,FF,1.6317466274482335,0.5694444444444444,Bulk/Swing,,,,
2015,572750,FF,1.739295365575963,0.629348513598988,Bulk/Swing,,,,
2015,573064,SL,1.7084998055584641,0.6428149024246008,Bulk/Swing,,,,
2015,573131,CH,2.344053605368045,0.56353591160221,Bulk/Swing,,,,
2015,591712,CU,1.977816864000316,0.5247524752475248,Bulk/Swing,,,,
2015,592192,CH,2.435520731445954,0.5776699029126213,Bulk/Swing,,,,
2015,594824,CH,2.2363277520385574,0.4900662251655629,Bulk/Swing,,,,
2015,594828,CH,2.427313048508978,0.5145631067961165,Bulk/Swing,,,,
2015,594977,FF,1.1773550606656946,0.535031847133758,High-Leverage RP,,,,
2015,595281,CH,2.4040967111542937,0.44502617801047123,Bulk/Swing,,,,
2015,599096,CH,2.281929540233291,0.423841059602649,Bulk/Swing,,,,
2015,599998,FF,0.6777099431309415,0.65625,High-Leverage RP,,,,
2015,605125,CH,2.24689271131082,0.4659090909090909,Bulk/Swing,,,,
2015,605232,SI,1.2941589059271297,0.6013384321223709,High-Leverage RP,,,,
2015,623184,FF,1.7016497756909539,0.5270672218917312,Bulk/Swing,,,,
2015,623430,FF,1.2298639116892591,0.5795724465558195,High-Leverage RP,,,,
2015,624585,CH,2.3117422856976946,0.43373493975903615,Bulk/Swing,,,,
2015,630111,CH,2.244396759396041,0.37349397590361444,Bulk/Swing,,,,
2025,543056,FC,1.5991654107425068,0.15384615384615385,Bulk/Swing,,,,
2025,570632,CH,1.5991654107425068,0.19230769230769232,Bulk/Swing,,,,
2025,571448,CH,2.3922922035346867,0.05357142857142857,Mixing Starter,,,,
2025,571771,EP,2.5237408955553318,0.02631578947368421,Mixing Starter,,,,
2025,571875,CH,1.9378230905790836,0.1388888888888889,Mixing Starter,,,,
2025,592885,CH,2.56010089119047,0.015151515151515152,Mixing Starter,,,,
2025,593576,CH,1.5991654107425068,0.07692307692307693,Bulk/Swing,,,,
2025,593871,CH,2.4582674669088345,0.2702702702702703,Bulk/Swing,,,,
2025,595014,FC,1.3745451929083752,0.19047619047619047,Bulk/Swing,,,,
2025,601713,CU,1.9378230905790836,0.1111111111111111,Mixing Starter,,,,
2025,605170,CH,2.2852998774812163,0.25,Bulk/Swing,,,,
2025,606965,CH,1.782694688604736,0.03225806451612903,Bulk/Swing,,,,
2025,607074,CH,1.782694688604736,0.0967741935483871,Bulk/Swing,,,,
2025,607481,CU,1.374545192908375,0.09523809523809523,Bulk/Swing,,,,
2025,608701,CH,2.3922922035346867,0.10714285714285714,Mixing Starter,,,,
2025,623205,FC,2.0431186794472787,0.10869565217391304,Mixing Starter,,,,
2025,630105,CH,2.56010089119047,0.0,Mixing Starter,,,,
2025,640448,FF,1.0852280400722045,0.25,Bulk/Swing,,,,
2025,640454,CH,1.374545192908375,0.19047619047619047,Bulk/Swing,,,,
2025,641343,EP,2.500103670690571,0.037037037037037035,Mixing Starter,,,,
2025,641793,FF,1.5991654107425068,0.15384615384615385,Bulk/Swing,,,,
2025,642136,CH,2.3922922035346867,0.07142857142857142,Mixing Starter,,,,
2025,642350,CH,2.2965114666021638,0.0784313725490196,Mixing Starter,,,,
2025,642715,CH,2.56010089119047,0.015151515151515152,Mixing Starter,,,,
2025,646242,CH,1.5991654107425068,0.15384615384615385,Bulk/Swing,,,,
2025,656234,CU,1.5991654107425068,0.15384615384615385,Bulk/Swing,,,,
2025,656305,CH,2.6345156280215596,0.014084507042253521,Mixing Starter,,,,
2025,657514,CH,1.5991654107425068,0.15384615384615385,Bulk/Swing,,,,
2025,663436,CH,1.9378230905790836,0.1111111111111111,Mixing Starter,,,,
2025,663485,CU,1.5991654107425068,0.07692307692307693,Bulk/Swing,,,,
2025,664192,CU,1.5991654107425068,0.07692307692307693,Bulk/Swing,,,,
2025,665665,CH,1.374545192908375,0.047619047619047616,Bulk/Swing,,,,
2025,666120,CH,1.0852280400722045,0.3125,Bulk/Swing,,,,
2025,666151,FC,1.374545192908375,0.09523809523809523,Bulk/Swing,,,,
2025,666277,CH,1.374545192908375,0.23809523809523808,Bulk/Swing,,,,
2025,668834,CH,1.7826946886047361,0.06451612903225806,Bulk/Swing,,,,
2025,668952,CH,2.2965114666021638,0.09803921568627451,Mixing Starter,,,,
2025,669193,FF,1.0852280400722045,0.125,Bulk/Swing,,,,
2025,669242,CH,2.520155608030258,0.26126126126126126,Bulk/Swing,,,,
2025,669397,CH,2.4797076717021445,0.01639344262295082,Mixing Starter,,,,
2025,669449,CH,1.374545192908375,0.047619047619047616,Bulk/Swing,,,,
2025,669477,CH,2.56010089119047,0.030303030303030304,Mixing Starter,,,,
2025,669622,CH,1.5991654107425068,0.07692307692307693,Bulk/Swing,,,,
2025,670242,CH,2.56010089119047,0.045454545454545456,Mixing Starter,,,,
2025,671221,CH,2.3688937313105387,0.3465346534653465,Bulk/Swing,,,,
2025,672335,FC,1.5991654107425068,0.15384615384615385,Bulk/Swing,,,,
2025,672580,CH,2.6345156280215596,0.0,Mixing Starter,,,,
2025,672582,CH,1.374545192908375,0.19047619047619047,Bulk/Swing,,,,
2025,673490,CH,2.3922922035346867,0.05357142857142857,Mixing Starter,,,,
2025,673820,FF,1.374545192908375,0.19047619047619047,Bulk/Swing,,,,
2025,674072,CH,1.5991654107425068,0.07692307692307693,Bulk/Swing,,,,
2025,675540,CU,1.5991654107425068,0.15384615384615385,Bulk/Swing,,,,
2025,675650,CH,1.5991654107425068,0.0,Bulk/Swing,,,,
2025,676130,CH,1.5991654107425068,0.11538461538461539,Bulk/Swing,,,,
2025,676203,SI,0.6791932659915256,0.36363636363636365,Bulk/Swing,,,,
2025,676439,CH,2.3922922035346867,0.03571428571428571,Mixing Starter,,,,
2025,676572,CH,2.3922922035346867,0.07142857142857142,Mixing Starter,,,,
2025,677649,FA,2.58538117680248,0.054945054945054944,Mixing Starter,,,,
2025,680273,CH,1.0852280400722045,0.125,Bulk/Swing,,,,
2025,680573,CH,1.5991654107425068,0.038461538461538464,Bulk/Swing,,,,
2025,680716,CH,1.9378230905790836,0.16666666666666666,Bulk/Swing,,,,
2025,680728,CH,2.190596802970671,0.10869565217391304,Mixing Starter,,,,
2025,680736,CH,1.782694688604736,0.16129032258064516,Bulk/Swing,,,,
2025,681297,CH,2.4797076717021445,0.06557377049180328,Mixing Starter,,,,
2025,681450,CH,1.0852280400722045,0.3125,Bulk/Swing,,,,
2025,681546,CH,2.3922922035346867,0.05357142857142857,Mixing Starter,,,,
2025,682847,CH,1.5991654107425068,0.11538461538461539,Bulk/Swing,,,,
2025,683610,CH,1.5991654107425068,0.038461538461538464,Bulk/Swing,,,,
2025,685801,CU,1.5991654107425068,0.15384615384615385,Bulk/Swing,,,,
2025,686744,FC,1.5991654107425068,0.19230769230769232,Bulk/Swing,,,,
2025,686948,CH,2.4797076717021445,0.0,Mixing Starter,,,,
2025,686973,CH,1.5991654107425068,0.15384615384615385,Bulk/Swing,,,,
2025,688457,CH,1.374545192908375,0.14285714285714285,Bulk/Swing,,,,
2025,688883,CH,1.0852280400722045,0.1875,Bulk/Swing,,,,
2025,690988,CH,1.374545192908375,0.047619047619047616,Bulk/Swing,,,,
2025,691777,CH,2.4797076717021445,0.04918032786885246,Mixing Starter,,,,
2025,694222,FF,0.6791932659915256,0.2727272727272727,Bulk/Swing,,,,
2025,694320,FC,1.5991654107425068,0.0,Bulk/Swing,,,,
2025,694362,CH,2.56010089119047,0.030303030303030304,Mixing Starter,,,,
2025,694363,CH,1.5991654107425068,0.15384615384615385,Bulk/Swing,,,,
2025,694374,CH,2.3922922035346867,0.017857142857142856,Mixing Starter,,,,
2025,694834,FF,1.0852280400722045,0.25,Bulk/Swing,,,,
2025,694855,CH,1.0852280400722045,0.125,Bulk/Swing,,,,
2025,699130,FF,1.5991654107425068,0.11538461538461539,Bulk/Swing,,,,
2025,699302,CH,1.374545192908375,0.09523809523809523,Bulk/Swing,,,,
2025,699912,FC,1.5991654107425068,0.15384615384615385,Bulk/Swing,,,,
2025,700658,CH,0.6791932659915256,0.45454545454545453,Bulk/Swing,,,,
2025,701177,CU,2.0721529997457324,0.14634146341463414,Bulk/Swing,,,,
2025,701675,CH,2.190596802970671,0.06521739130434782,Mixing Starter,,,,
2025,701678,CH,1.7826946886047361,0.12903225806451613,Bulk/Swing,,,,
2025,701696,CH,1.0852280400722045,0.25,Bulk/Swing,,,,
2025,702920,FF,0.6791932659915256,0.5454545454545454,High-Leverage RP,,,,
2025,801442,CH,2.0721529997457324,0.07317073170731707,Mixing Starter,,,,
2025,802419,CU,1.5991654107425068,0.23076923076923078,Bulk/Swing,,,,
2025,806212,CH,1.9378230905790836,0.027777777777777776,Mixing Starter,,,,
2025,813349,CH,1.7826946886047361,0.0967741935483871,Bulk/Swing,,,,
2025,820862,CH,1.374545192908375,0.14285714285714285,Bulk/Swing,,,,
2015,453214,KN,1.0904986599336117,0.6528623629719854,High-Leverage RP,,,,
2015,542609,SL,0.692895295305185,0.6953807740324595,High-Leverage RP,,,,
2025,656222,CH,1.0852280400722045,0.0,Bulk/Swing,,,,
2025,687209,FC,1.0852280400722045,0.0625,Bulk/Swing,,,,
2025,690961,FF,0.6791932659915256,0.45454545454545453,Bulk/Swing,,,,
2025,691408,FF,0.6791932659915256,0.45454545454545453,Bulk/Swing,,,,
2025,695930,CH,1.0852280400722045,0.1875,Bulk/Swing,,,,
2025,606303,CH,1.5991654107425068,0.15384615384615385,Bulk/Swing,,,,
2025,678255,FF,0.6791932659915256,0.45454545454545453,Bulk/Swing,,,,
2025,680729,CU,1.0852280400722045,0.125,Bulk/Swing,,,,
2025,694580,FF,0.6791932659915256,0.2727272727272727,Bulk/Swing,,,,
2025,698785,FF,0.6791932659915256,0.5454545454545454,High-Leverage RP,,,,
2025,701549,FF,1.0852280400722045,0.125,Bulk/Swing,,,,
2025,684541,FF,0.6791932659915256,0.18181818181818182,Bulk/Swing,,,,
2025,691769,FF,0.6791932659915256,0.2727272727272727,Bulk/Swing,,,,
2025,811287,FF,0.6791932659915256,0.18181818181818182,Bulk/Swing,,,,
2025,671217,SI,0.6791932659915256,0.36363636363636365,Bulk/Swing,,,,
2025,676697,FC,1.0852280400722045,0.1875,Bulk/Swing,,,,
2015,609275,FF,0.605797499372304,0.5625,High-Leverage RP,,,,
2025,678173,FF,-0.0,1.0,High-Leverage RP,,,,
2025,686523,FF,-0.0,1.0,High-Leverage RP,,,,
2025,687862,CH,0.6791932659915256,0.18181818181818182,Bulk/Swing,,,,
2025,815904,SI,-0.0,1.0,High-Leverage RP,,,,
2025,676024,CH,0.6791932659915256,0.5454545454545454,High-Leverage RP,,,,
2025,681432,FF,0.6791932659915256,0.45454545454545453,Bulk/Swing,,,,
2015,542979,FF,1.34947770075477,0.25806451612903225,Bulk/Swing,,,,
2025,678577,FF,-0.0,1.0,High-Leverage RP,,,,
2025,683569,FF,-0.0,1.0,High-Leverage RP,,,,
2025,802541,SI,-0.0,1.0,High-Leverage RP,,,,
2025,691726,SI,-0.0,1.0,High-Leverage RP,,,,
2015,516970,FF,1.4344568893469383,0.5547290116896918,High-Leverage RP,,,,
2015,596144,SI,2.1623919480409812,0.4523809523809524,Bulk/Swing,,,,
2015,431162,SI,1.6528297310451485,0.5880681818181818,Bulk/Swing,,,,
2025,519326,CH,1.5991654107425068,0.19230769230769232,Bulk/Swing,,,,
2025,656288,CH,1.782694688604736,0.0967741935483871,Bulk/Swing,,,,
2025,675919,CH,1.374545192908375,0.2857142857142857,Bulk/Swing,,,,
2025,701487,CH,1.7826946886047361,0.1935483870967742,Bulk/Swing,,,,
2025,593423,FC,1.782694688604736,0.0967741935483871,Bulk/Swing,,,,
2025,595978,EP,2.3922922035346867,0.05357142857142857,Mixing Starter,,,,
2025,647315,FC,1.374545192908375,0.23809523809523808,Bulk/Swing,,,,
2025,650490,CH,2.56010089119047,0.015151515151515152,Mixing Starter,,,,
2025,677954,CU,1.5991654107425068,0.07692307692307693,Bulk/Swing,,,,
2025,682119,CU,1.374545192908375,0.09523809523809523,Bulk/Swing,,,,
2025,689959,CH,1.782694688604736,0.12903225806451613,Bulk/Swing,,,,
2025,692024,FF,1.0852280400722045,0.3125,Bulk/Swing,,,,
2025,814528,CH,1.374545192908375,0.09523809523809523,Bulk/Swing,,,,
2025,642197,CH,1.0852280400722045,0.3125,Bulk/Swing,,,,
2025,669920,CH,1.782694688604736,0.06451612903225806,Bulk/Swing,,,,
2025,681217,CU,1.782694688604736,0.0967741935483871,Bulk/Swing,,,,
2025,687221,CH,2.56010089119047,0.030303030303030304,Mixing Starter,,,,
2025,688760,CH,2.190596802970671,0.043478260869565216,Mixing Starter,,,,
2025,692285,CH,1.5991654107425068,0.23076923076923078,Bulk/Swing,,,,
2025,700270,FF,1.0852280400722045,0.1875,Bulk/Swing,,,,
2025,808864,FF,1.0852280400722045,0.125,Bulk/Swing,,,,
2015,448674,FF,1.4532061853537082,0.4782608695652174,High-Leverage RP,,,,
2015,452104,CH,2.367687126449873,0.6832844574780058,Bulk/Swing,,,,
2015,453178,FF,1.7905639770102506,0.5617283950617284,Bulk/Swing,,,,
2015,455755,CH,2.1046268487400748,0.5220588235294118,Bulk/Swing,,,,
2015,502154,SI,0.7972107797782969,0.7303921568627451,High-Leverage RP,,,,
2015,596119,SI,2.2148380079285603,0.6548042704626335,Bulk/Swing,,,,
2015,434643,CU,1.4942566156384713,0.6605504587155964,Bulk/Swing,,,,
2015,595025,FF,1.9035867599267964,0.4551282051282051,Bulk/Swing,,,,
2025,545341,CH,2.4797076717021445,0.06557377049180328,Mixing Starter,,,,
2025,622780,CH,1.0852280400722045,0.1875,Bulk/Swing,,,,
2025,642100,FF,1.0852280400722045,0.25,Bulk/Swing,,,,
2025,663554,FF,1.782694688604736,0.03225806451612903,Bulk/Swing,,,,
2025,664991,CU,1.782694688604736,0.12903225806451613,Bulk/Swing,,,,
2025,670955,CH,1.5991654107425068,0.15384615384615385,Bulk/Swing,,,,
2025,671213,CH,2.2965114666021638,0.0392156862745098,Mixing Starter,,,,
2025,675989,FC,1.3745451929083752,0.19047619047619047,Bulk/Swing,,,,
2025,676254,SI,0.6791932659915256,0.45454545454545453,Bulk/Swing,,,,
2025,800253,SI,-0.0,1.0,High-Leverage RP,,,,
2025,688328,CU,1.0852280400722045,0.375,Bulk/Swing,,,,
2025,687036,SI,0.6791932659915256,0.45454545454545453,Bulk/Swing,,,,
2025,827665,FF,0.6791932659915256,0.45454545454545453,Bulk/Swing,,,,
2015,554429,CH,2.272923422618979,0.5082872928176796,Bulk/Swing,,,,
2015,592620,CH,2.0322892108075985,0.4793388429752066,Bulk/Swing,,,,
2025,656794,CH,1.7826946886047361,0.1935483870967742,Bulk/Swing,,,,
2025,660644,FA,2.507678881847009,0.23423423423423423,Bulk/Swing,,,,
2025,663738,CH,1.782694688604736,0.0967741935483871,Bulk/Swing,,,,
2025,664023,CH,2.597133369195534,0.2644628099173554,Bulk/Swing,,,,
2025,664702,CH,2.4797076717021445,0.01639344262295082,Mixing Starter,,,,
2025,669699,CH,2.0721529997457324,0.024390243902439025,Mixing Starter,,,,
2025,673965,CU,1.0852280400722045,0.4375,Bulk/Swing,,,,
2025,676962,CH,1.0852280400722045,0.1875,Bulk/Swing,,,,
2025,679822,CH,1.782694688604736,0.0967741935483871,Bulk/Swing,,,,
2025,682997,CH,1.782694688604736,0.06451612903225806,Bulk/Swing,,,,
2025,683002,CH,2.4797076717021445,0.01639344262295082,Mixing Starter,,,,
2025,683494,CH,1.0852280400722045,0.3125,Bulk/Swing,,,,
2025,690841,CH,1.782694688604736,0.03225806451612903,Bulk/Swing,,,,
2025,696501,FF,0.6791932659915256,0.09090909090909091,Bulk/Swing,,,,
2025,701805,FF,0.6791932659915256,0.36363636363636365,Bulk/Swing,,,,
2025,807727,FF,1.0852280400722045,0.125,Bulk/Swing,,,,
2025,666397,CH,2.3922922035346867,0.05357142857142857,Mixing Starter,,,,
2025,667472,CH,2.6345156280215596,0.028169014084507043,Mixing Starter,,,,
2025,669711,CH,1.7826946886047361,0.16129032258064516,Bulk/Swing,,,,
2025,673548,CH,2.56010089119047,0.030303030303030304,Mixing Starter,,,,
2025,680711,SI,0.6791932659915256,0.5454545454545454,High-Leverage RP,,,,
2025,680740,FC,0.6791932659915256,0.45454545454545453,Bulk/Swing,,,,
2025,689288,FC,0.6791932659915256,0.18181818181818182,Bulk/Swing,,,,
2025,700936,CU,0.6791932659915256,0.18181818181818182,Bulk/Swing,,,,
2025,807643,CU,1.5991654107425068,0.11538461538461539,Bulk/Swing,,,,
2025,542888,FC,1.5991654107425068,0.11538461538461539,Bulk/Swing,,,,
2025,573124,FF,1.0852280400722045,0.25,Bulk/Swing,,,,
2025,592826,CH,1.5991654107425068,0.07692307692307693,Bulk/Swing,,,,
2025,656605,CH,1.9378230905790836,0.05555555555555555,Mixing Starter,,,,
2025,664854,CU,1.374545192908375,0.19047619047619047,Bulk/Swing,,,,
2025,670076,CH,1.0852280400722045,0.1875,Bulk/Swing,,,,
2025,680767,CH,1.374545192908375,0.23809523809523808,Bulk/Swing,,,,
2025,681190,CH,1.9378230905790836,0.1111111111111111,Mixing Starter,,,,
2025,693409,CH,2.190596802970671,0.08695652173913043,Mixing Starter,,,,
2015,553872,FF,1.096494956851719,0.6156583629893239,High-Leverage RP,,,,
2015,572804,CH,1.8318769416016938,0.3484848484848485,Bulk/Swing,,,,
2015,457727,CH,2.427667871686746,0.5161290322580645,Bulk/Swing,,,,
2015,502211,FC,1.719703032197995,0.6807772380291465,Bulk/Swing,,,,
2015,612434,FF,1.2456695143160317,0.6051051051051051,High-Leverage RP,,,,
2025,592669,CH,2.2965114666021638,0.0392156862745098,Mixing Starter,,,,
2025,605204,CU,1.9378230905790836,0.1111111111111111,Mixing Starter,,,,
2025,650644,CU,1.9378230905790836,0.05555555555555555,Mixing Starter,,,,
2025,656458,FF,1.0852280400722045,0.375,Bulk/Swing,,,,
2025,656555,CH,2.3922922035346867,0.07142857142857142,Mixing Starter,,,,
2025,663728,CH,2.4582674669088345,0.24324324324324326,Bulk/Swing,,,,
2025,663967,EP,2.348250910542494,0.11475409836065574,Mixing Starter,,,,
2025,676979,CH,1.5991654107425068,0.0,Bulk/Swing,,,,
2025,691392,CH,0.6791932659915256,0.2727272727272727,Bulk/Swing,,,,
2025,805795,FF,0.6791932659915256,0.5454545454545454,High-Leverage RP,,,,
2025,806252,CH,1.7826946886047361,0.03225806451612903,Bulk/Swing,,,,
2025,807712,CH,2.3922922035346867,0.05357142857142857,Mixing Starter,,,,
2025,811601,CH,0.6791932659915256,0.2727272727272727,Bulk/Swing,,,,
2025,681892,CH,1.5991654107425068,0.11538461538461539,Bulk/Swing,,,,
2025,663546,FC,1.0852280400722045,0.1875,Bulk/Swing,,,,
2025,670109,FF,0.6791932659915256,0.36363636363636365,Bulk/Swing,,,,
2015,458584,CU,1.2646890682643686,0.6196911196911197,High-Leverage RP,,,,
2025,657053,CU,1.0852280400722045,0.125,Bulk/Swing,,,,
2025,608348,CH,2.6345156280215596,0.014084507042253521,Mixing Starter,,,,
2025,692157,CH,1.374545192908375,0.14285714285714285,Bulk/Swing,,,,
2025,579328,CH,1.7826946886047361,0.0967741935483871,Bulk/Swing,,,,
2025,676051,CH,1.0852280400722045,0.25,Bulk/Swing,,,,
2025,689225,CH,1.374545192908375,0.19047619047619047,Bulk/Swing,,,,
2025,680718,CH,2.56010089119047,0.015151515151515152,Mixing Starter,,,,
2025,694388,CH,2.3922922035346867,0.05357142857142857,Mixing Starter,,,,
2025,670867,SL,-0.0,1.0,High-Leverage RP,,,,
2025,666182,CH,2.4797076717021445,0.01639344262295082,Mixing Starter,,,,
2025,664059,CH,2.5117467399021702,0.24528301886792453,Bulk/Swing,,,,
2025,608331,CH,1.9378230905790836,0.1111111111111111,Mixing Starter,,,,
2025,699114,CH,0.6791932659915256,0.18181818181818182,Bulk/Swing,,,,
2025,676369,CU,1.5991654107425068,0.07692307692307693,Bulk/Swing,,,,
2015,543543,CH,2.1872248281120754,0.5421686746987951,Bulk/Swing,,,,
2025,686924,FC,1.374545192908375,0.14285714285714285,Bulk/Swing,,,,
2025,691284,CU,1.0852280400722045,0.25,Bulk/Swing,,,,
2025,692585,CH,2.2965114666021638,0.0196078431372549,Mixing Starter,,,,
2025,694187,CU,1.374545192908375,0.14285714285714285,Bulk/Swing,,,,
2025,668853,CH,1.9378230905790836,0.05555555555555555,Mixing Starter,,,,
2025,671218,CH,2.5601008911904697,0.030303030303030304,Mixing Starter,,,,
2025,656302,CH,1.7826946886047361,0.0967741935483871,Bulk/Swing,,,,
2025,693433,CH,1.5991654107425068,0.11538461538461539,Bulk/Swing,,,,
2025,645277,CH,2.540318026526686,0.2809917355371901,Bulk/Swing,,,,
2025,701358,CH,2.3922922035346867,0.05357142857142857,Mixing Starter,,,,
2015,,,,,,467055,85.80198717948727,1170.0,Table Setter/Utility
2015,,,,,,474892,89.75332469775476,965.0,Run Producer
2015,,,,,,475100,88.65137741046829,605.0,Run Producer
2015,,,,,,475243,81.9180402109172,115.0,Table Setter/Utility
2015,,,,,,476192,86.39940476190475,140.0,Table Setter/Utility
2015,,,,,,476451,84.46695629767741,140.0,Table Setter/Utility
2015,,,,,,488671,88.75775985663083,465.0,Run Producer
2015,,,,,,488721,85.71518151815182,505.0,Table Setter/Utility
2015,,,,,,488862,88.48854752342707,1245.0,Run Producer
2015,,,,,,489138,88.63400000000004,525.0,Run Producer
2015,,,,,,493128,85.87647058823529,85.0,Table Setter/Utility
2015,,,,,,493596,84.94929012345678,540.0,Table Setter/Utility
2015,,,,,,501245,81.14166666666667,20.0,Table Setter/Utility
2015,,,,,,501800,84.65670731707317,205.0,Table Setter/Utility
2015,,,,,,501983,86.93774932614556,530.0,Table Setter/Utility
2015,,,,,,502117,81.7173469387755,245.0,Table Setter/Utility
2015,,,,,,502582,87.97385572139304,335.0,Run Producer
2015,,,,,,506693,85.58013213213214,25.0,Table Setter/Utility
2015,,,,,,514913,84.2553886010363,965.0,Table Setter/Utility
2015,,,,,,516416,86.36381320095607,1295.0,Table Setter/Utility
2015,,,,,,518468,89.62974521046831,35.0,Run Producer
2015,,,,,,518516,88.00064663202342,220.0,Run Producer
2015,,,,,,518568,84.20756172839508,270.0,Table Setter/Utility
2015,,,,,,518626,91.11422734254994,1550.0,Run Producer
2015,,,,,,518716,80.5374573154715,30.0,Table Setter/Utility
2015,,,,,,518792,88.12887514723211,1415.0,Run Producer
2015,,,,,,519058,88.09789543789552,1430.0,Run Producer
2015,,,,,,519083,86.13413194444448,1200.0,Table Setter/Utility
2015,,,,,,519295,88.34265503875969,430.0,Run Producer
2015,,,,,,519317,95.81662663295408,565.0,Run Producer
2015,,,,,,523253,87.74265841769784,1270.0,Table Setter/Utility
2015,,,,,,523989,77.3888433479199,190.0,Table Setter/Utility
2015,,,,,,527038,85.28402991679947,1345.0,Table Setter/Utility
2015,,,,,,541650,84.70391414141413,660.0,Table Setter/Utility
2015,,,,,,542303,90.80016499582293,1140.0,Run Producer
2015,,,,,,542454,84.3429644808743,610.0,Table Setter/Utility
2015,,,,,,542921,85.31947194719473,505.0,Table Setter/Utility
2015,,,,,,543063,89.78587194337196,1295.0,Run Producer
2015,,,,,,543068,88.17512789115645,875.0,Run Producer
2015,,,,,,543401,87.55959965437786,1240.0,Table Setter/Utility
2015,,,,,,543408,81.0869614035807,135.0,Table Setter/Utility
2015,,,,,,543510,87.91925101698969,995.0,Run Producer
2015,,,,,,543742,89.43961538461537,325.0,Run Producer
2015,,,,,,543760,86.86200734048565,1265.0,Table Setter/Utility
2015,,,,,,543939,86.03512491616364,1420.0,Table Setter/Utility
2015,,,,,,545338,83.67257575757577,275.0,Table Setter/Utility
2015,,,,,,546318,88.42604872646733,1075.0,Run Producer
2015,,,,,,547982,87.22817164179102,670.0,Table Setter/Utility
2015,,,,,,547989,89.7153787878788,1320.0,Run Producer
2015,,,,,,553988,83.8519736842105,190.0,Table Setter/Utility
2015,,,,,,554431,95.63400121432906,45.0,Run Producer
2015,,,,,,570560,85.40968333333329,1000.0,Table Setter/Utility
2015,,,,,,571740,81.73818527918783,985.0,Table Setter/Utility
2015,,,,,,571974,88.65988636363635,440.0,Run Producer
2015,,,,,,572019,87.39561571125266,785.0,Table Setter/Utility
2015,,,,,,572033,85.79861861861862,555.0,Table Setter/Utility
2015,,,,,,573627,86.1712025316456,395.0,Table Setter/Utility
2015,,,,,,592314,85.69286714787249,60.0,Table Setter/Utility
2015,,,,,,592407,86.55810810810809,185.0,Table Setter/Utility
2015,,,,,,592518,89.83732247284881,1425.0,Run Producer
2015,,,,,,592665,83.55693029251546,50.0,Table Setter/Utility
2015,,,,,,593372,86.89530533526745,150.0,Table Setter/Utility
2015,,,,,,593525,81.0,15.0,Table Setter/Utility
2015,,,,,,593643,80.4523076923077,325.0,Table Setter/Utility
2015,,,,,,594838,85.36610256410255,325.0,Table Setter/Utility
2015,,,,,,594940,92.66944444444445,60.0,Run Producer
2015,,,,,,596143,81.90058479532163,285.0,Table Setter/Utility
2015,,,,,,605131,90.34692982456139,95.0,Run Producer
2015,,,,,,605141,89.34958825744414,1370.0,Run Producer
2015,,,,,,605412,85.69472619047617,900.0,Table Setter/Utility
2015,,,,,,605894,81.8510759938582,40.0,Table Setter/Utility
2015,,,,,,607385,86.86101169590637,475.0,Table Setter/Utility
2015,,,,,,608365,85.43863695090437,1290.0,Table Setter/Utility
2015,,,,,,608672,82.24024822695036,235.0,Table Setter/Utility
2015,,,,,,608700,86.94327956989252,620.0,Table Setter/Utility
2015,,,,,,621035,88.57685185185186,225.0,Run Producer
2015,,,,,,622072,83.9834374308844,110.0,Table Setter/Utility
2015,,,,,,150212,85.86224694249285,915.0,Table Setter/Utility
2015,,,,,,279824,82.15250172401122,50.0,Table Setter/Utility
2015,,,,,,346793,86.0287541028051,40.0,Table Setter/Utility
2015,,,,,,346798,81.77527585410934,145.0,Table Setter/Utility
2015,,,,,,346874,87.36034420289856,920.0,Table Setter/Utility
2015,,,,,,400085,83.02425000000001,1100.0,Table Setter/Utility
2015,,,,,,407822,80.27154792923724,130.0,Table Setter/Utility
2015,,,,,,407893,87.93116161616163,990.0,Run Producer
2015,,,,,,408045,88.94231437874294,1365.0,Run Producer
2015,,,,,,408234,91.9631327703495,1015.0,Run Producer
2015,,,,,,425386,78.14719470643468,45.0,Table Setter/Utility
2015,,,,,,425543,81.49411764705883,85.0,Table Setter/Utility
2015,,,,,,425772,85.85944444444443,225.0,Table Setter/Utility
2015,,,,,,425877,85.55657494904578,1285.0,Table Setter/Utility
2015,,,,,,429664,90.50539980497318,1465.0,Run Producer
2015,,,,,,429781,72.95183013144589,25.0,Table Setter/Utility
2015,,,,,,430832,91.73959891339086,1490.0,Run Producer
2015,,,,,,430897,87.40113149847095,545.0,Table Setter/Utility
2015,,,,,,431145,88.07357350800578,1145.0,Run Producer
2015,,,,,,434563,84.42796909492274,755.0,Table Setter/Utility
2015,,,,,,434636,84.97411255411262,1210.0,Table Setter/Utility
2015,,,,,,434658,85.61497076023394,855.0,Table Setter/Utility
2015,,,,,,434778,91.60964105339109,1320.0,Run Producer
2015,,,,,,435064,80.08251173708922,355.0,Table Setter/Utility
2015,,,,,,435263,88.8306241134752,1175.0,Run Producer
2015,,,,,,435622,89.60021908383125,1315.0,Run Producer
2015,,,,,,443558,91.86219656283569,1330.0,Run Producer
2015,,,,,,444482,89.8503341013825,1085.0,Run Producer
2015,,,,,,446334,89.2524995702252,1385.0,Run Producer
2015,,,,,,448605,88.4538988095238,280.0,Run Producer
2015,,,,,,449107,86.07503125000001,800.0,Table Setter/Utility
2015,,,,,,452234,89.98926020408165,980.0,Run Producer
2015,,,,,,452252,88.43299343647448,1185.0,Run Producer
2015,,,,,,452254,90.36679867986797,505.0,Run Producer
2015,,,,,,452678,87.36574217971707,1195.0,Table Setter/Utility
2015,,,,,,452718,82.10288460787979,165.0,Table Setter/Utility
2015,,,,,,453269,87.41431159420289,230.0,Table Setter/Utility
2015,,,,,,453286,82.13373431184809,185.0,Table Setter/Utility
2015,,,,,,453311,84.961443990621,60.0,Table Setter/Utility
2015,,,,,,453400,86.88328738512948,570.0,Table Setter/Utility
2015,,,,,,454560,86.48287128712873,505.0,Table Setter/Utility
2015,,,,,,456781,89.34543209876543,270.0,Run Producer
2015,,,,,,457454,89.64103773584904,530.0,Run Producer
2015,,,,,,457574,84.42477477477475,185.0,Table Setter/Utility
2015,,,,,,457711,87.79196142151498,60.0,Table Setter/Utility
2015,,,,,,458015,89.84394803548798,1315.0,Run Producer
2015,,,,,,461235,88.78604166666668,1080.0,Run Producer
2015,,,,,,462564,89.28830845771142,335.0,Run Producer
2015,,,,,,465674,81.62073170731709,410.0,Table Setter/Utility
2015,,,,,,466988,82.73324074074073,180.0,Table Setter/Utility
2015,,,,,,488846,86.42752963700933,40.0,Table Setter/Utility
2015,,,,,,501303,83.7338624338624,315.0,Table Setter/Utility
2015,,,,,,502261,85.46746534056659,395.0,Table Setter/Utility
2015,,,,,,518764,82.1409090909091,10.0,Table Setter/Utility
2015,,,,,,519085,76.46413766270516,20.0,Table Setter/Utility
2015,,,,,,543380,76.9716602040039,135.0,Table Setter/Utility
2015,,,,,,543548,82.59739025022395,35.0,Table Setter/Utility
2015,,,,,,572138,92.00866666666667,125.0,Run Producer
2015,,,,,,592621,88.0304255319149,235.0,Run Producer
2015,,,,,,592836,90.48736051097127,55.0,Run Producer
2015,,,,,,595001,85.9148597423482,40.0,Table Setter/Utility
2015,,,,,,605169,86.73107487922705,30.0,Table Setter/Utility
2015,,,,,,607387,84.75138888888891,150.0,Table Setter/Utility
2015,,,,,,608336,92.01455882352941,170.0,Run Producer
2015,,,,,,656941,90.79384297520662,605.0,Run Producer
2015,,,,,,150029,89.80846072186839,785.0,Run Producer
2015,,,,,,408241,86.90047570711786,90.0,Table Setter/Utility
2015,,,,,,430652,83.3468770226537,515.0,Table Setter/Utility
2015,,,,,,430681,72.54230769230769,65.0,Table Setter/Utility
2015,,,,,,444836,80.33235294117647,10.0,Table Setter/Utility
2015,,,,,,445197,86.66597383097384,40.0,Table Setter/Utility
2015,,,,,,453211,87.72765432098767,270.0,Table Setter/Utility
2015,,,,,,453385,85.40036617270157,55.0,Table Setter/Utility
2015,,,,,,453646,85.87864357864358,55.0,Table Setter/Utility
2015,,,,,,460003,84.35,35.0,Table Setter/Utility
2015,,,,,,465753,75.95416666666667,60.0,Table Setter/Utility
2015,,,,,,489265,84.3018679689618,40.0,Table Setter/Utility
2015,,,,,,501992,90.57012530999104,35.0,Run Producer
2015,,,,,,543219,88.05134059715112,50.0,Run Producer
2015,,,,,,543321,83.6148148148148,45.0,Table Setter/Utility
2015,,,,,,544365,79.01284927536233,25.0,Table Setter/Utility
2015,,,,,,544725,84.44285714285714,35.0,Table Setter/Utility
2015,,,,,,548337,77.78514967599178,50.0,Table Setter/Utility
2015,,,,,,571527,85.19032762426578,65.0,Table Setter/Utility
2015,,,,,,571561,85.6845446565723,35.0,Table Setter/Utility
2015,,,,,,571787,74.28148674242425,30.0,Table Setter/Utility
2015,,,,,,572233,86.98125,20.0,Table Setter/Utility
2015,,,,,,592710,86.19017094017093,195.0,Table Setter/Utility
2015,,,,,,593934,93.07831978319778,615.0,Run Producer
2015,,,,,,605228,82.6928384315043,75.0,Table Setter/Utility
2015,,,,,,424825,83.88232323232324,330.0,Table Setter/Utility
2015,,,,,,429719,87.99265678335074,40.0,Run Producer
2015,,,,,,431151,88.4700214018192,445.0,Run Producer
2015,,,,,,433587,86.08709479422829,40.0,Table Setter/Utility
2015,,,,,,451596,89.06203370434982,50.0,Run Producer
2015,,,,,,457918,82.67248745336019,85.0,Table Setter/Utility
2015,,,,,,457926,83.43076923076923,130.0,Table Setter/Utility
2015,,,,,,461325,85.20151386010798,40.0,Table Setter/Utility
2015,,,,,,468504,84.4430476190476,25.0,Table Setter/Utility
2015,,,,,,489119,84.68932063005111,35.0,Table Setter/Utility
2015,,,,,,543105,84.91666666666667,30.0,Table Setter/Utility
2015,,,,,,543278,85.69035943702995,35.0,Table Setter/Utility
2015,,,,,,543881,85.03300069699812,45.0,Table Setter/Utility
2015,,,,,,547973,86.70661783899284,40.0,Table Setter/Utility
2015,,,,,,572038,88.0783809912854,40.0,Run Producer
2015,,,,,,572182,88.45191176470588,170.0,Run Producer
2015,,,,,,592804,86.50241687192118,30.0,Table Setter/Utility
2015,,,,,,595885,91.60036796536795,385.0,Run Producer
2015,,,,,,605509,86.96545634920635,420.0,Table Setter/Utility
2015,,,,,,606299,76.53425925925927,45.0,Table Setter/Utility
2015,,,,,,607067,82.10272108843537,35.0,Table Setter/Utility
2015,,,,,,607208,86.72583333333333,100.0,Table Setter/Utility
2015,,,,,,608671,83.9578125,240.0,Table Setter/Utility
2015,,,,,,625329,88.43627450980392,85.0,Run Producer
2015,,,,,,408047,88.20751959011449,395.0,Run Producer
2015,,,,,,488818,79.31590909090909,55.0,Table Setter/Utility
2015,,,,,,502023,84.8,10.0,Table Setter/Utility
2015,,,,,,502523,79.0421568627451,85.0,Table Setter/Utility
2015,,,,,,541608,84.73333333333332,95.0,Table Setter/Utility
2015,,,,,,542942,90.29583333333332,60.0,Run Producer
2015,,,,,,542963,80.81746031746032,105.0,Table Setter/Utility
2015,,,,,,543391,94.35561342592594,20.0,Run Producer
2015,,,,,,543901,84.79489795918366,15.0,Table Setter/Utility
2015,,,,,,592274,89.71428571428571,35.0,Run Producer
2015,,,,,,592609,86.04814814814813,225.0,Table Setter/Utility
2015,,,,,,605200,78.49697420634921,30.0,Table Setter/Utility
2015,,,,,,608369,88.63241379310344,290.0,Run Producer
2015,,,,,,621281,87.20429102167182,20.0,Table Setter/Utility
2015,,,,,,519222,88.65,5.0,Run Producer
2015,,,,,,596142,96.9,5.0,Run Producer
2015,,,,,,115629,88.45553926995738,30.0,Run Producer
2015,,,,,,234194,89.745,10.0,Run Producer
2015,,,,,,407819,86.70963820061296,30.0,Table Setter/Utility
2015,,,,,,425492,87.03143827336224,35.0,Table Setter/Utility
2015,,,,,,425657,84.9617682884479,35.0,Table Setter/Utility
2015,,,,,,429783,89.61030476190477,25.0,Run Producer
2015,,,,,,433579,86.95457218291148,35.0,Table Setter/Utility
2015,,,,,,433584,86.83078064478666,20.0,Table Setter/Utility
2015,,,,,,433586,84.69174449331096,35.0,Table Setter/Utility
2015,,,,,,434665,89.51707059453071,20.0,Run Producer
2015,,,,,,435043,85.9415967545,35.0,Table Setter/Utility
2015,,,,,,435044,87.40450980392157,15.0,Table Setter/Utility
2015,,,,,,435045,90.62493272493272,15.0,Run Producer
2015,,,,,,435221,73.67763157894737,15.0,Table Setter/Utility
2015,,,,,,445170,91.09791666666666,20.0,Run Producer
2015,,,,,,446899,89.23623851816812,35.0,Run Producer
2015,,,,,,447714,87.30257763975155,25.0,Table Setter/Utility
2015,,,,,,450212,86.00661382014968,35.0,Table Setter/Utility
2015,,,,,,450308,85.8556032188975,35.0,Table Setter/Utility
2015,,,,,,451085,89.43050114696975,35.0,Run Producer
2015,,,,,,451584,85.74856500035912,40.0,Table Setter/Utility
2015,,,,,,452666,86.69547638092192,35.0,Table Setter/Utility
2015,,,,,,456379,89.07836805555554,30.0,Run Producer
2015,,,,,,456701,80.69761904761906,15.0,Table Setter/Utility
2015,,,,,,457117,90.67777777777776,15.0,Run Producer
2015,,,,,,457768,88.46008573137598,35.0,Run Producer
2015,,,,,,460008,88.01794871794871,5.0,Run Producer
2015,,,,,,460059,87.95207773360984,35.0,Run Producer
2015,,,,,,460156,88.64455847572697,35.0,Run Producer
2015,,,,,,460283,86.10909090909091,5.0,Table Setter/Utility
2015,,,,,,461872,91.5075581395349,10.0,Run Producer
2015,,,,,,462089,86.8,5.0,Table Setter/Utility
2015,,,,,,464416,89.80070975158695,15.0,Run Producer
2015,,,,,,465657,86.3406639370925,35.0,Table Setter/Utility
2015,,,,,,473879,85.30750447669574,35.0,Table Setter/Utility
2015,,,,,,475416,89.09197985699096,35.0,Run Producer
2015,,,,,,475857,87.32837719298247,20.0,Table Setter/Utility
2015,,,,,,476595,88.05,5.0,Run Producer
2015,,,,,,488984,86.79964042726111,30.0,Table Setter/Utility
2015,,,,,,489334,83.28461538461539,5.0,Table Setter/Utility
2015,,,,,,491159,83.12391184251479,30.0,Table Setter/Utility
2015,,,,,,501925,88.87777004741292,35.0,Run Producer
2015,,,,,,502004,87.00287126849068,35.0,Table Setter/Utility
2015,,,,,,502042,88.90353506944051,40.0,Run Producer
2015,,,,,,502083,87.65355596116967,35.0,Table Setter/Utility
2015,,,,,,502085,89.01912912912913,35.0,Run Producer
2015,,,,,,502087,85.65961538461539,10.0,Table Setter/Utility
2015,,,,,,502706,87.78999073486446,20.0,Table Setter/Utility
2015,,,,,,503285,83.7657967429396,35.0,Table Setter/Utility
2015,,,,,,504186,89.26713211600429,35.0,Run Producer
2015,,,,,,504379,85.09695995256341,35.0,Table Setter/Utility
2015,,,,,,516935,88.15545454545453,10.0,Run Producer
2015,,,,,,517593,88.73730657587917,35.0,Run Producer
2015,,,,,,518633,87.96690424296264,35.0,Run Producer
2015,,,,,,518813,86.34089428770463,30.0,Table Setter/Utility
2015,,,,,,519141,86.02631262732365,30.0,Table Setter/Utility
2015,,,,,,519166,93.63502923976608,25.0,Run Producer
2015,,,,,,519168,86.18389450056118,15.0,Table Setter/Utility
2015,,,,,,520980,84.41564771363092,35.0,Table Setter/Utility
2015,,,,,,523848,90.25714285714284,5.0,Run Producer
2015,,,,,,542914,85.7220200349079,30.0,Table Setter/Utility
2015,,,,,,543144,85.85840948090949,35.0,Table Setter/Utility
2015,,,,,,543242,88.28513129821395,35.0,Run Producer
2015,,,,,,543359,84.58163535772982,35.0,Table Setter/Utility
2015,,,,,,543456,88.27455402925692,15.0,Run Producer
2015,,,,,,543766,85.40824829931974,35.0,Table Setter/Utility
2015,,,,,,543935,85.65500228772923,30.0,Table Setter/Utility
2015,,,,,,544993,87.54914985474196,35.0,Table Setter/Utility
2015,,,,,,547749,87.2557684154743,30.0,Table Setter/Utility
2015,,,,,,553878,84.28823323717107,30.0,Table Setter/Utility
2015,,,,,,554340,91.0239908458098,35.0,Run Producer
2015,,,,,,571800,88.44292971570651,35.0,Run Producer
2015,,,,,,572089,83.01464285714286,10.0,Table Setter/Utility
2015,,,,,,572096,86.12212692928664,35.0,Table Setter/Utility
2015,,,,,,573204,88.8375,5.0,Run Producer
2015,,,,,,592879,87.93050847457627,10.0,Run Producer
2015,,,,,,594792,90.13677301587302,25.0,Run Producer
2015,,,,,,595032,88.99803921568628,10.0,Run Producer
2015,,,,,,598264,88.13832899366643,35.0,Run Producer
2015,,,,,,608678,88.27013210927005,20.0,Run Producer
2015,,,,,,136600,87.1909090909091,5.0,Table Setter/Utility
2015,,,,,,445163,86.23089226150526,30.0,Table Setter/Utility
2015,,,,,,445276,82.88939853719265,30.0,Table Setter/Utility
2015,,,,,,447755,89.17570788183696,20.0,Run Producer
2015,,,,,,457754,89.83005952380952,20.0,Run Producer
2015,,,,,,489039,86.33198529411766,20.0,Table Setter/Utility
2015,,,,,,518693,85.42279875852735,25.0,Table Setter/Utility
2015,,,,,,518748,86.81760654404405,30.0,Table Setter/Utility
2015,,,,,,519151,87.9380983750549,15.0,Run Producer
2015,,,,,,592398,81.20236486486488,10.0,Table Setter/Utility
2015,,,,,,592815,81.57886363636364,20.0,Table Setter/Utility
2015,,,,,,594772,84.91326923076923,10.0,Table Setter/Utility
2015,,,,,,594986,85.94266879319511,30.0,Table Setter/Utility
2015,,,,,,608349,88.54993577282258,25.0,Run Producer
2015,,,,,,648737,88.47036752136752,25.0,Run Producer
2015,,,,,,456496,87.74789195210249,25.0,Table Setter/Utility
2015,,,,,,519169,90.52027272727273,15.0,Run Producer
2015,,,,,,519411,89.35454545454546,5.0,Run Producer
2015,,,,,,541652,84.42190020161291,20.0,Table Setter/Utility
2015,,,,,,571710,89.6430894308943,25.0,Run Producer
2015,,,,,,572309,88.33242424242425,10.0,Run Producer
2015,,,,,,592781,88.80364259834369,20.0,Run Producer
2015,,,,,,594736,88.422947279427,20.0,Run Producer
2015,,,,,,400089,87.53181818181818,5.0,Table Setter/Utility
2015,,,,,,450665,86.92162389735365,20.0,Table Setter/Utility
2015,,,,,,543716,86.45992273897895,15.0,Table Setter/Utility
2015,,,,,,571584,92.8389705882353,20.0,Run Producer
2015,,,,,,434137,86.322688172043,15.0,Table Setter/Utility
2015,,,,,,444446,90.23564814814813,15.0,Run Producer
2015,,,,,,502166,92.97142857142858,5.0,Run Producer
2015,,,,,,543261,86.60538461538461,15.0,Table Setter/Utility
2015,,,,,,543607,91.84479166666668,10.0,Run Producer
2015,,,,,,594835,93.5875,10.0,Run Producer
2015,,,,,,608648,89.77828924162259,15.0,Run Producer
2015,,,,,,611093,91.39629629629628,15.0,Run Producer
2015,,,,,,543351,86.78333333333333,10.0,Table Setter/Utility
2015,,,,,,543964,83.61006493506494,10.0,Table Setter/Utility
2015,,,,,,605304,91.28477043673013,10.0,Run Producer
2015,,,,,,408242,78.36666666666666,30.0,Table Setter/Utility
2015,,,,,,488852,82.68666666666668,75.0,Table Setter/Utility
2015,,,,,,467070,83.9207291666667,640.0,Table Setter/Utility
2015,,,,,,467092,89.19819321967478,1215.0,Run Producer
2015,,,,,,467143,83.44550264550267,315.0,Table Setter/Utility
2015,,,,,,467785,83.8482077294686,25.0,Table Setter/Utility
2015,,,,,,471865,90.22003561670574,1220.0,Run Producer
2015,,,,,,474463,84.53901007567313,105.0,Table Setter/Utility
2015,,,,,,475115,88.97908123902424,175.0,Run Producer
2015,,,,,,475174,86.22318000498629,955.0,Table Setter/Utility
2015,,,,,,475247,88.25637931034484,725.0,Run Producer
2015,,,,,,475582,91.22099999999999,875.0,Run Producer
2015,,,,,,476270,78.79736842105264,95.0,Table Setter/Utility
2015,,,,,,477003,82.76726358909929,165.0,Table Setter/Utility
2015,,,,,,477195,87.53310672514617,570.0,Table Setter/Utility
2015,,,,,,485567,86.46057823129247,490.0,Table Setter/Utility
2015,,,,,,488771,87.27242971887549,830.0,Table Setter/Utility
2015,,,,,,488810,82.5823970037453,445.0,Table Setter/Utility
2015,,,,,,488912,86.39827838827833,325.0,Table Setter/Utility
2015,,,,,,489305,89.39800000000001,125.0,Run Producer
2015,,,,,,489365,84.9712962962963,135.0,Table Setter/Utility
2015,,,,,,491696,84.38299086757988,365.0,Table Setter/Utility
2015,,,,,,493114,84.948237514518,820.0,Table Setter/Utility
2015,,,,,,493316,90.36153753026638,1475.0,Run Producer
2015,,,,,,493472,85.18350694444446,480.0,Table Setter/Utility
2015,,,,,,499864,85.3125,40.0,Table Setter/Utility
2015,,,,,,500207,82.35833333333333,50.0,Table Setter/Utility
2015,,,,,,500208,87.47306722689079,1360.0,Table Setter/Utility
2015,,,,,,500779,86.06817577433628,40.0,Table Setter/Utility
2015,,,,,,501571,89.445730994152,1140.0,Run Producer
2015,,,,,,501647,86.60773282764431,565.0,Table Setter/Utility
2015,,,,,,501981,89.48334770114946,870.0,Run Producer
2015,,,,,,502032,89.73841234344432,45.0,Run Producer
2015,,,,,,502046,80.10048482267266,145.0,Table Setter/Utility
2015,,,,,,502082,85.12196252465483,845.0,Table Setter/Utility
2015,,,,,,502182,88.8659226190476,280.0,Run Producer
2015,,,,,,502210,87.75600000000001,1375.0,Table Setter/Utility
2015,,,,,,502239,86.04800006378366,50.0,Table Setter/Utility
2015,,,,,,502374,89.44414062499999,320.0,Run Producer
2015,,,,,,502409,89.25846153846153,65.0,Run Producer
2015,,,,,,502517,88.88717081850534,1405.0,Run Producer
2015,,,,,,506702,80.19895833333331,320.0,Table Setter/Utility
2015,,,,,,516809,85.62105263157893,190.0,Table Setter/Utility
2015,,,,,,517369,85.26226851851852,180.0,Table Setter/Utility
2015,,,,,,518542,85.35714285714286,70.0,Table Setter/Utility
2015,,,,,,518790,80.62027515469221,175.0,Table Setter/Utility
2015,,,,,,518863,87.47133838383837,25.0,Table Setter/Utility
2015,,,,,,518934,89.78002022430594,1295.0,Run Producer
2015,,,,,,518953,82.63869047619048,350.0,Table Setter/Utility
2015,,,,,,518960,87.71463483146066,890.0,Table Setter/Utility
2015,,,,,,519023,83.85333333333334,125.0,Table Setter/Utility
2015,,,,,,519048,90.06846786248133,1115.0,Run Producer
2015,,,,,,519076,84.8365644226865,120.0,Table Setter/Utility
2015,,,,,,519203,88.17513888888895,1560.0,Run Producer
2015,,,,,,519237,88.5168824940048,695.0,Run Producer
2015,,,,,,519299,84.62469083155646,1005.0,Table Setter/Utility
2015,,,,,,519301,86.96062514661037,35.0,Table Setter/Utility
2015,,,,,,542340,90.06588541666665,320.0,Run Producer
2015,,,,,,542994,89.7693933150183,520.0,Run Producer
2015,,,,,,543054,82.17320662380902,65.0,Table Setter/Utility
2015,,,,,,543213,84.72852857142857,1125.0,Table Setter/Utility
2015,,,,,,543228,86.76766283524908,870.0,Table Setter/Utility
2015,,,,,,543257,82.23666666666665,125.0,Table Setter/Utility
2015,,,,,,543272,83.77749126979145,85.0,Table Setter/Utility
2015,,,,,,543302,85.6735507246377,230.0,Table Setter/Utility
2015,,,,,,543305,88.52007891920815,890.0,Run Producer
2015,,,,,,543333,88.80115359007137,1490.0,Run Producer
2015,,,,,,543434,88.82010496183203,1310.0,Run Producer
2015,,,,,,543606,85.54563306448216,45.0,Table Setter/Utility
2015,,,,,,543734,84.1330259211229,170.0,Table Setter/Utility
2015,,,,,,543829,82.84934941135127,1355.0,Table Setter/Utility
2015,,,,,,544369,84.6527426580388,1435.0,Table Setter/Utility
2015,,,,,,545341,90.51179324894517,790.0,Run Producer
2015,,,,,,570256,88.8814083080041,1410.0,Run Producer
2015,,,,,,570632,85.87057327380325,55.0,Table Setter/Utility
2015,,,,,,571448,89.97864765330596,1390.0,Run Producer
2015,,,,,,571771,89.42850877192986,570.0,Run Producer
2015,,,,,,572008,86.04678326474624,1215.0,Table Setter/Utility
2015,,,,,,572041,88.50013346515075,1445.0,Run Producer
2015,,,,,,572122,88.7561790156178,1470.0,Run Producer
2015,,,,,,572180,89.64002732240438,305.0,Run Producer
2015,,,,,,572191,86.61317901234568,1080.0,Table Setter/Utility
2015,,,,,,572761,86.51508463541667,1280.0,Table Setter/Utility
2015,,,,,,572816,88.23043333333332,500.0,Run Producer
2015,,,,,,572821,86.89956639920928,1365.0,Table Setter/Utility
2015,,,,,,576397,87.56760651629074,1045.0,Table Setter/Utility
2015,,,,,,592178,88.49406261022929,1350.0,Run Producer
2015,,,,,,592261,84.02235941612831,995.0,Table Setter/Utility
2015,,,,,,592626,91.15067424242424,1100.0,Run Producer
2015,,,,,,592663,87.59907711757269,1130.0,Table Setter/Utility
2015,,,,,,592885,90.54572429906545,1070.0,Run Producer
2015,,,,,,594809,86.09713643127705,1280.0,Table Setter/Utility
2015,,,,,,595978,87.51725352112673,355.0,Table Setter/Utility
2015,,,,,,598265,87.6262865497076,570.0,Table Setter/Utility
2015,,,,,,605113,85.35616512345683,1080.0,Table Setter/Utility
2015,,,,,,605227,85.35563953488371,430.0,Table Setter/Utility
2015,,,,,,607054,85.52946000000001,1250.0,Table Setter/Utility
2015,,,,,,628356,89.67214622641512,1060.0,Run Producer
2015,,,,,,628452,83.2781630224798,100.0,Table Setter/Utility
2015,,,,,,648717,86.71431818181816,550.0,Table Setter/Utility
2015,,,,,,121347,90.63384353741502,1225.0,Run Producer
2015,,,,,,134181,88.6929296424452,1445.0,Run Producer
2015,,,,,,150229,84.66786955540513,1055.0,Table Setter/Utility
2015,,,,,,285064,83.70493147992528,115.0,Table Setter/Utility
2015,,,,,,285078,87.31466996699672,505.0,Table Setter/Utility
2015,,,,,,285079,87.11425529707942,45.0,Table Setter/Utility
2015,,,,,,408299,83.9702657004831,1035.0,Table Setter/Utility
2015,,,,,,424325,86.72337606837606,390.0,Table Setter/Utility
2015,,,,,,425532,86.13248459177538,110.0,Table Setter/Utility
2015,,,,,,425549,82.66299707602337,570.0,Table Setter/Utility
2015,,,,,,425557,84.98161764705883,170.0,Table Setter/Utility
2015,,,,,,425567,87.7723809523809,1045.0,Table Setter/Utility
2015,,,,,,425784,85.59308924827792,795.0,Table Setter/Utility
2015,,,,,,425796,87.87600432900432,825.0,Run Producer
2015,,,,,,425834,86.98223723723723,555.0,Table Setter/Utility
2015,,,,,,425900,85.99239779874212,530.0,Table Setter/Utility
2015,,,,,,429666,86.8104049844237,1070.0,Table Setter/Utility
2015,,,,,,430203,86.3911236724906,695.0,Table Setter/Utility
2015,,,,,,430404,87.79177272727267,550.0,Table Setter/Utility
2015,,,,,,430599,87.65440921621432,45.0,Table Setter/Utility
2015,,,,,,430605,89.66506097560969,410.0,Run Producer
2015,,,,,,430637,86.10902513071339,770.0,Table Setter/Utility
2015,,,,,,431094,88.10932584269663,890.0,Run Producer
2015,,,,,,431171,87.56670698924732,620.0,Table Setter/Utility
2015,,,,,,434540,88.79119658119657,390.0,Run Producer
2015,,,,,,434622,87.78037454552334,55.0,Table Setter/Utility
2015,,,,,,435078,77.42187499999999,160.0,Table Setter/Utility
2015,,,,,,444843,85.50373427672953,1060.0,Table Setter/Utility
2015,,,,,,446359,85.46312074829927,420.0,Table Setter/Utility
2015,,,,,,446481,87.17974358974361,650.0,Table Setter/Utility
2015,,,,,,446653,86.6037037037037,315.0,Table Setter/Utility
2015,,,,,,448170,85.88928571428572,210.0,Table Setter/Utility
2015,,,,,,448802,84.95024889214356,130.0,Table Setter/Utility
2015,,,,,,450172,82.40567184338131,65.0,Table Setter/Utility
2015,,,,,,450314,88.78639368919607,1240.0,Run Producer
2015,,,,,,450351,88.04659454127653,45.0,Run Producer
2015,,,,,,450729,79.98721223827826,105.0,Table Setter/Utility
2015,,,,,,451713,89.08131313131312,165.0,Run Producer
2015,,,,,,452035,86.14705882352945,170.0,Table Setter/Utility
2015,,,,,,452095,90.75560126582279,790.0,Run Producer
2015,,,,,,452655,86.73773712737129,615.0,Table Setter/Utility
2015,,,,,,453064,89.58298245614036,1140.0,Run Producer
2015,,,,,,453329,88.00097482989563,35.0,Run Producer
2015,,,,,,453568,85.9456826568266,1355.0,Table Setter/Utility
2015,,,,,,455139,85.9734765625,640.0,Table Setter/Utility
2015,,,,,,456422,84.66099537037039,1080.0,Table Setter/Utility
2015,,,,,,456501,82.0397607535104,125.0,Table Setter/Utility
2015,,,,,,457706,87.20467407407408,1125.0,Table Setter/Utility
2015,,,,,,457803,88.9569642857143,1350.0,Run Producer
2015,,,,,,460060,85.95797413793102,580.0,Table Setter/Utility
2015,,,,,,460086,86.78985357779477,935.0,Table Setter/Utility
2015,,,,,,461314,88.57581927604991,1355.0,Run Producer
2015,,,,,,461865,83.53553921568624,510.0,Table Setter/Utility
2015,,,,,,463610,83.77766666666666,125.0,Table Setter/Utility
2015,,,,,,474443,83.59621621621623,555.0,Table Setter/Utility
2015,,,,,,476633,88.03962418300652,255.0,Run Producer
2015,,,,,,516811,79.16921875,320.0,Table Setter/Utility
2015,,,,,,521230,87.49523321157788,40.0,Table Setter/Utility
2015,,,,,,543521,84.68369878080566,45.0,Table Setter/Utility
2015,,,,,,543557,88.49163570730471,20.0,Run Producer
2015,,,,,,543706,84.73758503401362,245.0,Table Setter/Utility
2015,,,,,,544925,88.53696969696968,275.0,Run Producer
2015,,,,,,545333,85.64318523833923,60.0,Table Setter/Utility
2015,,,,,,570267,88.35296803652972,365.0,Run Producer
2015,,,,,,571875,88.47799363057328,785.0,Run Producer
2015,,,,,,572788,85.09974086252859,45.0,Table Setter/Utility
2015,,,,,,592200,90.30137254901958,255.0,Run Producer
2015,,,,,,593495,82.1607142857143,245.0,Table Setter/Utility
2015,,,,,,593871,85.69166666666666,30.0,Table Setter/Utility
2015,,,,,,594988,89.45833333333334,100.0,Run Producer
2015,,,,,,605388,87.09775876425321,70.0,Table Setter/Utility
2015,,,,,,621439,86.28075757575758,275.0,Table Setter/Utility
2015,,,,,,444379,90.12748285322363,405.0,Run Producer
2015,,,,,,449181,86.52529996250466,635.0,Table Setter/Utility
2015,,,,,,451532,86.50386346586647,35.0,Table Setter/Utility
2015,,,,,,452672,84.89205128205128,520.0,Table Setter/Utility
2015,,,,,,453056,85.8372873324087,1030.0,Table Setter/Utility
2015,,,,,,456071,76.48161157444126,45.0,Table Setter/Utility
2015,,,,,,457789,79.20555555555556,30.0,Table Setter/Utility
2015,,,,,,500610,89.58954248366013,15.0,Run Producer
2015,,,,,,543094,84.56216666666667,100.0,Table Setter/Utility
2015,,,,,,545346,82.4,10.0,Table Setter/Utility
2015,,,,,,573135,85.21685185185183,585.0,Table Setter/Utility
2015,,,,,,606466,84.60787122375832,465.0,Table Setter/Utility
2015,,,,,,607074,79.72033138339728,35.0,Table Setter/Utility
2015,,,,,,608701,90.05123456790123,135.0,Run Producer
2015,,,,,,611177,88.24043771043767,495.0,Run Producer
2015,,,,,,444857,79.50053745122159,30.0,Table Setter/Utility
2015,,,,,,445926,87.45108451134743,35.0,Table Setter/Utility
2015,,,,,,457775,86.55289999999995,250.0,Table Setter/Utility
2015,,,,,,473724,83.81309523809523,140.0,Table Setter/Utility
2015,,,,,,493343,85.19795833333333,200.0,Table Setter/Utility
2015,,,,,,518420,84.26262626262627,15.0,Table Setter/Utility
2015,,,,,,534606,80.1059523809524,70.0,Table Setter/Utility
2015,,,,,,543045,83.17724675248783,70.0,Table Setter/Utility
2015,,,,,,571656,89.98938518257741,30.0,Run Producer
2015,,,,,,572863,83.434625,200.0,Table Setter/Utility
2015,,,,,,592273,85.47549019607844,170.0,Table Setter/Utility
2015,,,,,,594807,89.52440476190475,140.0,Run Producer
2015,,,,,,595005,84.01598484848483,110.0,Table Setter/Utility
2015,,,,,,595191,87.44755595325005,40.0,Table Setter/Utility
2015,,,,,,596057,89.59864408192426,25.0,Run Producer
2015,,,,,,622663,87.47688673341676,20.0,Table Setter/Utility
2015,,,,,,282332,87.03477011462243,45.0,Table Setter/Utility
2015,,,,,,407862,87.44761904761904,70.0,Table Setter/Utility
2015,,,,,,435623,90.75625,40.0,Run Producer
2015,,,,,,446192,90.0,10.0,Run Producer
2015,,,,,,457762,92.81666666666666,15.0,Run Producer
2015,,,,,,492841,82.32777777777778,90.0,Table Setter/Utility
2015,,,,,,502285,87.0013888888889,60.0,Table Setter/Utility
2015,,,,,,506747,76.19166666666668,20.0,Table Setter/Utility
2015,,,,,,519082,81.5388888888889,60.0,Table Setter/Utility
2015,,,,,,519425,82.725,40.0,Table Setter/Utility
2015,,,,,,542908,89.0,10.0,Run Producer
2015,,,,,,571467,83.16666666666667,30.0,Table Setter/Utility
2015,,,,,,593647,84.9482456140351,95.0,Table Setter/Utility
2015,,,,,,594742,94.17719413919413,25.0,Run Producer
2015,,,,,,595014,85.55163767901544,40.0,Table Setter/Utility
2015,,,,,,600474,87.06666666666666,15.0,Table Setter/Utility
2015,,,,,,607776,89.54206349206346,105.0,Run Producer
2015,,,,,,623143,81.71488095238094,140.0,Table Setter/Utility
2015,,,,,,276514,86.29857142857142,10.0,Table Setter/Utility
2015,,,,,,346797,87.77894736842104,5.0,Table Setter/Utility
2015,,,,,,407890,88.9896465932866,35.0,Run Producer
2015,,,,,,407908,87.01587158348187,30.0,Table Setter/Utility
2015,,,,,,424144,86.20355625583566,35.0,Table Setter/Utility
2015,,,,,,425786,86.84672467458968,15.0,Table Setter/Utility
2015,,,,,,425840,88.35681751850302,35.0,Run Producer
2015,,,,,,434442,85.28202713408596,35.0,Table Setter/Utility
2015,,,,,,434718,86.09604659694018,30.0,Table Setter/Utility
2015,,,,,,444520,86.58953418801985,35.0,Table Setter/Utility
2015,,,,,,444935,86.25115260314095,20.0,Table Setter/Utility
2015,,,,,,445612,87.7691092436975,25.0,Table Setter/Utility
2015,,,,,,446099,86.76966543790071,35.0,Table Setter/Utility
2015,,,,,,449079,90.89962406015037,20.0,Run Producer
2015,,,,,,451788,86.36408576998049,15.0,Table Setter/Utility
2015,,,,,,452733,89.02774395735688,30.0,Run Producer
2015,,,,,,453222,87.75206174777604,35.0,Table Setter/Utility
2015,,,,,,453264,91.60499999999999,10.0,Run Producer
2015,,,,,,453265,85.01880346095929,35.0,Table Setter/Utility
2015,,,,,,453344,92.3056827309237,15.0,Run Producer
2015,,,,,,456051,85.81639734382127,15.0,Table Setter/Utility
2015,,,,,,457429,84.84326102573284,35.0,Table Setter/Utility
2015,,,,,,459987,85.96770166983411,35.0,Table Setter/Utility
2015,,,,,,462382,85.23038263504571,30.0,Table Setter/Utility
2015,,,,,,465679,89.55783783783784,10.0,Run Producer
2015,,,,,,468396,85.03924727695323,35.0,Table Setter/Utility
2015,,,,,,472551,85.17011790170613,35.0,Table Setter/Utility
2015,,,,,,476454,82.24765971963451,35.0,Table Setter/Utility
2015,,,,,,477569,89.72461614866658,35.0,Run Producer
2015,,,,,,489446,87.56963244416873,30.0,Table Setter/Utility
2015,,,,,,491708,86.62388124091824,35.0,Table Setter/Utility
2015,,,,,,493603,84.0409090909091,5.0,Table Setter/Utility
2015,,,,,,502026,86.90899295303707,30.0,Table Setter/Utility
2015,,,,,,502202,87.7348858876884,35.0,Table Setter/Utility
2015,,,,,,514669,91.72678571428571,10.0,Run Producer
2015,,,,,,516969,84.1791677284309,40.0,Table Setter/Utility
2015,,,,,,517414,85.40305428433999,35.0,Table Setter/Utility
2015,,,,,,518617,85.6768966962202,35.0,Table Setter/Utility
2015,,,,,,519096,88.54623973727422,30.0,Run Producer
2015,,,,,,519267,88.49852291386775,25.0,Run Producer
2015,,,,,,541640,87.99960270923462,35.0,Run Producer
2015,,,,,,543334,88.31111111111112,5.0,Run Producer
2015,,,,,,543506,84.74126623376624,25.0,Table Setter/Utility
2015,,,,,,543746,87.58585717009916,20.0,Table Setter/Utility
2015,,,,,,543779,87.91696982221688,35.0,Run Producer
2015,,,,,,543883,86.06097308239414,25.0,Table Setter/Utility
2015,,,,,,544727,83.59757338399278,40.0,Table Setter/Utility
2015,,,,,,547874,87.78070287825274,25.0,Table Setter/Utility
2015,,,,,,570663,85.54762758149855,35.0,Table Setter/Utility
2015,,,,,,571439,91.92948484848485,25.0,Run Producer
2015,,,,,,571704,87.52297470238162,35.0,Table Setter/Utility
2015,,,,,,571901,84.43347430638921,35.0,Table Setter/Utility
2015,,,,,,572888,87.24630577272369,25.0,Table Setter/Utility
2015,,,,,,572971,85.69199363267843,40.0,Table Setter/Utility
2015,,,,,,573046,85.72783593322386,30.0,Table Setter/Utility
2015,,,,,,573109,85.18804337218758,35.0,Table Setter/Utility
2015,,,,,,573244,86.94,5.0,Table Setter/Utility
2015,,,,,,592102,88.19092488899878,35.0,Run Producer
2015,,,,,,592135,87.80804050355776,30.0,Table Setter/Utility
2015,,,,,,592222,82.48796296296297,15.0,Table Setter/Utility
2015,,,,,,592533,88.8086961722488,25.0,Run Producer
2015,,,,,,592677,84.68346365914788,25.0,Table Setter/Utility
2015,,,,,,592767,86.58809882619838,20.0,Table Setter/Utility
2015,,,,,,593576,84.39419090454773,25.0,Table Setter/Utility
2015,,,,,,594987,86.7,10.0,Table Setter/Utility
2015,,,,,,605135,85.6216711248602,35.0,Table Setter/Utility
2015,,,,,,605151,86.61569605051481,30.0,Table Setter/Utility
2015,,,,,,607374,86.53296799516909,20.0,Table Setter/Utility
2015,,,,,,607405,92.34,5.0,Run Producer
2015,,,,,,612672,86.42504092458873,35.0,Table Setter/Utility
2015,,,,,,445213,83.8607142857143,10.0,Table Setter/Utility
2015,,,,,,451775,84.34025560224089,30.0,Table Setter/Utility
2015,,,,,,458919,85.33887114017928,30.0,Table Setter/Utility
2015,,,,,,460701,86.07688761645963,20.0,Table Setter/Utility
2015,,,,,,462515,88.13541125541126,25.0,Run Producer
2015,,,,,,500724,90.25897175536882,20.0,Run Producer
2015,,,,,,515052,87.17386858619417,30.0,Table Setter/Utility
2015,,,,,,519008,87.1932297281324,25.0,Table Setter/Utility
2015,,,,,,519326,86.94609762019049,25.0,Table Setter/Utility
2015,,,,,,542432,86.3017094017094,15.0,Table Setter/Utility
2015,,,,,,543056,82.91683574879225,25.0,Table Setter/Utility
2015,,,,,,571476,85.21923076923076,5.0,Table Setter/Utility
2015,,,,,,571577,86.52137978142076,10.0,Table Setter/Utility
2015,,,,,,572193,89.44062725945079,25.0,Run Producer
2015,,,,,,592341,87.43713636363637,25.0,Table Setter/Utility
2015,,,,,,592454,89.54476851851852,20.0,Run Producer
2015,,,,,,605477,85.51111111111112,5.0,Table Setter/Utility
2015,,,,,,607359,88.94644419306184,20.0,Run Producer
2015,,,,,,448855,87.33125,5.0,Table Setter/Utility
2015,,,,,,500891,87.55499999999999,5.0,Table Setter/Utility
2015,,,,,,501627,105.2,5.0,Run Producer
2015,,,,,,502010,84.2804131054131,15.0,Table Setter/Utility
2015,,,,,,502264,87.56303418803418,10.0,Table Setter/Utility
2015,,,,,,502522,88.10083655216472,25.0,Run Producer
2015,,,,,,514981,87.89995073891625,15.0,Run Producer
2015,,,,,,519229,90.01428571428572,5.0,Run Producer
2015,,,,,,543542,83.2909090909091,5.0,Table Setter/Utility
2015,,,,,,544759,88.23963228740544,25.0,Run Producer
2015,,,,,,571951,86.22881144209498,25.0,Table Setter/Utility
2015,,,,,,592826,88.35121130913943,25.0,Run Producer
2015,,,,,,467094,89.46026160956234,20.0,Run Producer
2015,,,,,,516769,87.85,5.0,Table Setter/Utility
2015,,,,,,527055,86.39286616161615,20.0,Table Setter/Utility
2015,,,,,,571521,87.22594696969698,20.0,Table Setter/Utility
2015,,,,,,572308,90.01833333333335,10.0,Run Producer
2015,,,,,,572403,87.09832692307691,20.0,Table Setter/Utility
2015,,,,,,598271,90.54166666666669,5.0,Run Producer
2015,,,,,,598287,89.08191666666667,10.0,Run Producer
2015,,,,,,621408,89.80986127002288,20.0,Run Producer
2015,,,,,,150116,88.58805555555554,15.0,Run Producer
2015,,,,,,458708,90.3623971529967,15.0,Run Producer
2015,,,,,,542888,88.13627450980391,10.0,Run Producer
2015,,,,,,217096,84.89375,5.0,Table Setter/Utility
2015,,,,,,448179,84.93515625,10.0,Table Setter/Utility
2015,,,,,,457732,82.16720430107527,10.0,Table Setter/Utility
2015,,,,,,488786,84.28571428571429,10.0,Table Setter/Utility
2015,,,,,,572021,91.06,10.0,Run Producer
2015,,,,,,592426,93.5095238095238,5.0,Run Producer
2015,,,,,,593423,84.03284823284824,10.0,Table Setter/Utility
2015,,,,,,605218,86.535,10.0,Table Setter/Utility
2015,,,,,,605288,89.9,10.0,Run Producer
2015,,,,,,605347,86.35333333333332,10.0,Table Setter/Utility
2015,,,,,,408042,64.75,5.0,Table Setter/Utility
2015,,,,,,457788,75.8865476190476,140.0,Table Setter/Utility
2015,,,,,,467793,88.00557392996103,1285.0,Run Producer
2015,,,,,,467798,91.86730769230769,130.0,Run Producer
2015,,,,,,467827,86.69395743145748,1320.0,Table Setter/Utility
2015,,,,,,468406,82.85706751054852,395.0,Table Setter/Utility
2015,,,,,,471083,87.82999999999994,945.0,Table Setter/Utility
2015,,,,,,474233,89.06998397435896,520.0,Run Producer
2015,,,,,,474568,87.28553047125587,965.0,Table Setter/Utility
2015,,,,,,474699,84.94868547631704,60.0,Table Setter/Utility
2015,,,,,,476883,91.56749443702715,1070.0,Run Producer
2015,,,,,,477132,83.29132758973121,220.0,Table Setter/Utility
2015,,,,,,488689,82.7048780487805,205.0,Table Setter/Utility
2015,,,,,,489232,87.93160919540229,145.0,Run Producer
2015,,,,,,493159,81.00597235023041,25.0,Table Setter/Utility
2015,,,,,,499624,89.54100514069265,880.0,Run Producer
2015,,,,,,501659,87.99678362573097,570.0,Run Producer
2015,,,,,,502009,81.75868812955378,105.0,Table Setter/Utility
2015,,,,,,502110,90.43145855710705,1330.0,Run Producer
2015,,,,,,502190,84.62605438962647,185.0,Table Setter/Utility
2015,,,,,,502226,84.66775362318842,115.0,Table Setter/Utility
2015,,,,,,502624,82.68045532197306,120.0,Table Setter/Utility
2015,,,,,,514917,85.46404522613068,995.0,Table Setter/Utility
2015,,,,,,516782,86.35603088336781,1380.0,Table Setter/Utility
2015,,,,,,518577,84.02929292929292,165.0,Table Setter/Utility
2015,,,,,,518614,86.94366043613705,535.0,Table Setter/Utility
2015,,,,,,518653,82.96058201058202,360.0,Table Setter/Utility
2015,,,,,,518902,83.27690058479533,285.0,Table Setter/Utility
2015,,,,,,518911,89.02285714285713,70.0,Run Producer
2015,,,,,,519071,82.9386111111111,90.0,Table Setter/Utility
2015,,,,,,519242,79.1922984801576,50.0,Table Setter/Utility
2015,,,,,,519455,81.76732664583206,185.0,Table Setter/Utility
2015,,,,,,541645,88.03349019607843,1275.0,Run Producer
2015,,,,,,542255,83.71701787276594,1270.0,Table Setter/Utility
2015,,,,,,542455,84.88301932367149,115.0,Table Setter/Utility
2015,,,,,,542993,81.93358823108824,1110.0,Table Setter/Utility
2015,,,,,,543037,83.5179630353816,170.0,Table Setter/Utility
2015,,,,,,543101,84.02282224607487,130.0,Table Setter/Utility
2015,,,,,,543135,90.46256808151819,40.0,Run Producer
2015,,,,,,543216,86.15054855275444,510.0,Table Setter/Utility
2015,,,,,,543238,85.29902104097452,1075.0,Table Setter/Utility
2015,,,,,,543281,84.91278176597268,995.0,Table Setter/Utility
2015,,,,,,543294,85.74746309746511,155.0,Table Setter/Utility
2015,,,,,,543376,86.32918560606056,880.0,Table Setter/Utility
2015,,,,,,543432,90.16312056737591,235.0,Run Producer
2015,,,,,,543475,75.07771303258146,50.0,Table Setter/Utility
2015,,,,,,543699,81.6474934366342,110.0,Table Setter/Utility
2015,,,,,,543768,88.48964718614715,550.0,Run Producer
2015,,,,,,543776,83.41944444444444,390.0,Table Setter/Utility
2015,,,,,,543807,88.64814484126983,840.0,Run Producer
2015,,,,,,545350,83.15074509803922,850.0,Table Setter/Utility
2015,,,,,,547179,87.55520251144628,125.0,Table Setter/Utility
2015,,,,,,547379,89.99254385964915,475.0,Run Producer
2015,,,,,,548357,84.77125864263927,75.0,Table Setter/Utility
2015,,,,,,554234,81.89056123124449,80.0,Table Setter/Utility
2015,,,,,,570649,85.62179249522792,45.0,Table Setter/Utility
2015,,,,,,571466,84.55502450980393,680.0,Table Setter/Utility
2015,,,,,,571553,88.38018018018022,185.0,Run Producer
2015,,,,,,571761,94.59404761904763,70.0,Run Producer
2015,,,,,,571788,85.24385989010986,1040.0,Table Setter/Utility
2015,,,,,,571868,85.10392156862744,170.0,Table Setter/Utility
2015,,,,,,571946,87.98959499233567,145.0,Run Producer
2015,,,,,,571976,88.20400611620792,545.0,Run Producer
2015,,,,,,572287,88.62572043010753,775.0,Run Producer
2015,,,,,,578428,82.99163992028532,1135.0,Table Setter/Utility
2015,,,,,,581527,86.79045329670326,520.0,Table Setter/Utility
2015,,,,,,592206,86.31365249212527,1285.0,Table Setter/Utility
2015,,,,,,592239,81.68333333333337,270.0,Table Setter/Utility
2015,,,,,,592647,83.65916666666669,250.0,Table Setter/Utility
2015,,,,,,592662,84.35700349859957,105.0,Table Setter/Utility
2015,,,,,,592696,86.62553082585688,1035.0,Table Setter/Utility
2015,,,,,,592743,85.60923124231238,1355.0,Table Setter/Utility
2015,,,,,,592789,83.97320283140313,115.0,Table Setter/Utility
2015,,,,,,592869,82.6536986822701,35.0,Table Setter/Utility
2015,,,,,,593428,87.2768202502844,1465.0,Table Setter/Utility
2015,,,,,,594694,85.85833333333333,30.0,Table Setter/Utility
2015,,,,,,594777,85.53192648922686,1315.0,Table Setter/Utility
2015,,,,,,594798,81.06775701186852,210.0,Table Setter/Utility
2015,,,,,,595918,83.10115942028986,20.0,Table Setter/Utility
2015,,,,,,596059,87.48366959064327,1140.0,Table Setter/Utility
2015,,,,,,605177,84.96960663693712,45.0,Table Setter/Utility
2015,,,,,,605486,84.42277011494251,725.0,Table Setter/Utility
2015,,,,,,607680,84.70581249116859,1685.0,Table Setter/Utility
2015,,,,,,608379,83.00506742013935,150.0,Table Setter/Utility
2015,,,,,,628333,81.54858652121727,115.0,Table Setter/Utility
2015,,,,,,112526,85.48041710013935,175.0,Table Setter/Utility
2015,,,,,,120074,92.16153412377095,1235.0,Run Producer
2015,,,,,,136860,89.16812157606411,1130.0,Run Producer
2015,,,,,,150359,84.81334477751686,135.0,Table Setter/Utility
2015,,,,,,276519,85.42071159805222,1255.0,Table Setter/Utility
2015,,,,,,400121,87.48410377358488,1060.0,Table Setter/Utility
2015,,,,,,407781,84.67110729881468,1145.0,Table Setter/Utility
2015,,,,,,407793,80.01418371549165,200.0,Table Setter/Utility
2015,,,,,,408236,87.91730994152049,1425.0,Run Producer
2015,,,,,,425509,87.42401002506269,1425.0,Table Setter/Utility
2015,,,,,,425560,88.8808647915125,965.0,Run Producer
2015,,,,,,425902,90.18123817677758,1460.0,Run Producer
2015,,,,,,429667,90.13249140893468,970.0,Run Producer
2015,,,,,,429711,89.18161064425769,425.0,Run Producer
2015,,,,,,429713,88.13534278959811,705.0,Run Producer
2015,,,,,,430001,84.14649122807018,190.0,Table Setter/Utility
2015,,,,,,430910,85.10034777956125,890.0,Table Setter/Utility
2015,,,,,,430935,84.2709463075193,110.0,Table Setter/Utility
2015,,,,,,430945,87.8526649454963,1245.0,Table Setter/Utility
2015,,,,,,430947,84.88753820184795,1340.0,Table Setter/Utility
2015,,,,,,430948,82.39995405179619,665.0,Table Setter/Utility
2015,,,,,,432934,85.09045062406275,40.0,Table Setter/Utility
2015,,,,,,433217,86.68849872773536,655.0,Table Setter/Utility
2015,,,,,,434158,88.25718934202325,1355.0,Run Producer
2015,,,,,,435401,84.49746392496391,660.0,Table Setter/Utility
2015,,,,,,435522,88.16660608371465,1405.0,Run Producer
2015,,,,,,446263,90.88164511494251,1160.0,Run Producer
2015,,,,,,446386,86.59394538606402,885.0,Table Setter/Utility
2015,,,,,,448306,87.81583570704969,180.0,Table Setter/Utility
2015,,,,,,448602,86.95972644376901,940.0,Table Setter/Utility
2015,,,,,,448801,90.22659448818897,1270.0,Run Producer
2015,,,,,,450203,82.22584418216827,110.0,Table Setter/Utility
2015,,,,,,451594,85.68113427010144,1525.0,Table Setter/Utility
2015,,,,,,452220,85.67675115207373,1085.0,Table Setter/Utility
2015,,,,,,452657,85.59320607632864,190.0,Table Setter/Utility
2015,,,,,,453203,83.76512027491407,485.0,Table Setter/Utility
2015,,,,,,453539,84.42376126126125,740.0,Table Setter/Utility
2015,,,,,,453895,84.63945492662477,265.0,Table Setter/Utility
2015,,,,,,453923,86.94156804733728,845.0,Table Setter/Utility
2015,,,,,,455104,89.8015538847118,665.0,Run Producer
2015,,,,,,455117,84.88123249299721,595.0,Table Setter/Utility
2015,,,,,,455759,87.27117366946774,850.0,Table Setter/Utility
2015,,,,,,455976,87.21970681285116,1455.0,Table Setter/Utility
2015,,,,,,456034,87.94838181816216,60.0,Run Producer
2015,,,,,,456121,87.37727864583333,640.0,Table Setter/Utility
2015,,,,,,456665,86.25732876712327,730.0,Table Setter/Utility
2015,,,,,,456714,88.81783783783783,1295.0,Run Producer
2015,,,,,,457705,89.2967814009662,1380.0,Run Producer
2015,,,,,,457760,85.08611111111111,90.0,Table Setter/Utility
2015,,,,,,457763,88.21018069727891,1400.0,Run Producer
2015,,,,,,457787,85.26262327416175,845.0,Table Setter/Utility
2015,,,,,,458681,84.46841410636723,130.0,Table Setter/Utility
2015,,,,,,460075,91.62125683060114,1220.0,Run Producer
2015,,,,,,460077,83.21378531073447,295.0,Table Setter/Utility
2015,,,,,,461416,84.31313470842888,935.0,Table Setter/Utility
2015,,,,,,461815,88.27148077412788,935.0,Run Producer
2015,,,,,,461833,89.26344279354022,35.0,Run Producer
2015,,,,,,462136,86.3865067484306,45.0,Table Setter/Utility
2015,,,,,,465041,86.89385928961747,1220.0,Table Setter/Utility
2015,,,,,,466320,89.13127379540194,1405.0,Run Producer
2015,,,,,,477165,88.50380116959062,285.0,Run Producer
2015,,,,,,491676,73.30555555555557,15.0,Table Setter/Utility
2015,,,,,,502034,65.15,10.0,Table Setter/Utility
2015,,,,,,502043,86.02875442705428,40.0,Table Setter/Utility
2015,,,,,,502126,85.92233893557425,510.0,Table Setter/Utility
2015,,,,,,502327,81.59326009923029,40.0,Table Setter/Utility
2015,,,,,,518595,87.40080952380953,750.0,Table Setter/Utility
2015,,,,,,523260,87.31425540599217,35.0,Table Setter/Utility
2015,,,,,,534910,80.10261367704977,25.0,Table Setter/Utility
2015,,,,,,542882,89.0551074494391,40.0,Run Producer
2015,,,,,,543484,89.92967320261438,255.0,Run Producer
2015,,,,,,543507,86.0792105450472,50.0,Table Setter/Utility
2015,,,,,,543903,87.89333141707388,35.0,Run Producer
2015,,,,,,547888,84.30720381821004,50.0,Table Setter/Utility
2015,,,,,,553993,87.95687728937733,910.0,Run Producer
2015,,,,,,570482,86.23560064935066,660.0,Table Setter/Utility
2015,,,,,,571665,103.0,5.0,Run Producer
2015,,,,,,571918,86.88560606060611,165.0,Table Setter/Utility
2015,,,,,,574831,88.3,5.0,Run Producer
2015,,,,,,592593,82.44136375294964,95.0,Table Setter/Utility
2015,,,,,,592863,86.6530303030303,55.0,Table Setter/Utility
2015,,,,,,596019,88.53953666125544,880.0,Run Producer
2015,,,,,,605452,82.11966353072741,95.0,Table Setter/Utility
2015,,,,,,605538,80.997140236379,110.0,Table Setter/Utility
2015,,,,,,621209,76.94444444444444,15.0,Table Setter/Utility
2015,,,,,,408307,88.96777614138438,485.0,Run Producer
2015,,,,,,425664,83.72448325484038,455.0,Table Setter/Utility
2015,,,,,,425835,94.76833333333335,10.0,Run Producer
2015,,,,,,434604,90.72854545454545,550.0,Run Producer
2015,,,,,,456776,87.89378906345146,25.0,Run Producer
2015,,,,,,471911,80.72615785647713,35.0,Table Setter/Utility
2015,,,,,,476704,88.09221382783885,520.0,Run Producer
2015,,,,,,489067,70.17999999999999,40.0,Table Setter/Utility
2015,,,,,,502054,91.27829457364341,430.0,Run Producer
2015,,,,,,502676,80.64166666666667,30.0,Table Setter/Utility
2015,,,,,,518170,83.0,10.0,Table Setter/Utility
2015,,,,,,518603,84.56103201029923,50.0,Table Setter/Utility
2015,,,,,,542923,88.52870370370371,15.0,Run Producer
2015,,,,,,543038,81.0,10.0,Table Setter/Utility
2015,,,,,,543243,87.58869148301831,40.0,Table Setter/Utility
2015,,,,,,543569,101.3,25.0,Run Producer
2015,,,,,,545404,88.98387096774192,10.0,Run Producer
2015,,,,,,571760,85.89665849820382,35.0,Table Setter/Utility
2015,,,,,,605400,86.50393864236938,65.0,Table Setter/Utility
2015,,,,,,608641,88.72484126984128,35.0,Run Producer
2015,,,,,,621962,87.70694444444445,30.0,Table Setter/Utility
2015,,,,,,643327,87.2912869466275,30.0,Table Setter/Utility
2015,,,,,,429400,84.573835978836,30.0,Table Setter/Utility
2015,,,,,,429780,81.50210772833724,20.0,Table Setter/Utility
2015,,,,,,434671,84.84216258601231,30.0,Table Setter/Utility
2015,,,,,,445095,77.62,25.0,Table Setter/Utility
2015,,,,,,458668,80.7,10.0,Table Setter/Utility
2015,,,,,,458913,84.59824016563147,230.0,Table Setter/Utility
2015,,,,,,474249,67.69333333333334,25.0,Table Setter/Utility
2015,,,,,,491646,85.4688879448416,40.0,Table Setter/Utility
2015,,,,,,501822,86.76892757102841,35.0,Table Setter/Utility
2015,,,,,,542436,80.34104938271606,135.0,Table Setter/Utility
2015,,,,,,543308,92.23,75.0,Run Producer
2015,,,,,,545358,86.96333333333334,50.0,Table Setter/Utility
2015,,,,,,571437,91.68843283582092,335.0,Run Producer
2015,,,,,,572128,88.45171428571429,175.0,Run Producer
2015,,,,,,592230,84.17651515151515,110.0,Table Setter/Utility
2015,,,,,,592351,87.28028681742967,35.0,Table Setter/Utility
2015,,,,,,593958,78.81495438664548,30.0,Table Setter/Utility
2015,,,,,,594555,85.4,5.0,Table Setter/Utility
2015,,,,,,600303,86.53999206349204,250.0,Table Setter/Utility
2015,,,,,,645848,80.26,75.0,Table Setter/Utility
2015,,,,,,446381,86.00579710144929,115.0,Table Setter/Utility
2015,,,,,,501957,84.43178043359941,40.0,Table Setter/Utility
2015,,,,,,502570,76.22499999999998,50.0,Table Setter/Utility
2015,,,,,,518755,88.31515151515151,55.0,Run Producer
2015,,,,,,552662,86.51666666666667,60.0,Table Setter/Utility
2015,,,,,,570615,87.42604166666668,40.0,Table Setter/Utility
2015,,,,,,592340,90.5815455304929,35.0,Run Producer
2015,,,,,,592612,75.73260344827585,25.0,Table Setter/Utility
2015,,,,,,592680,83.97916666666666,40.0,Table Setter/Utility
2015,,,,,,596146,85.36666666666666,25.0,Table Setter/Utility
2015,,,,,,598284,80.775,20.0,Table Setter/Utility
2015,,,,,,605439,91.875,20.0,Run Producer
2015,,,,,,608596,91.47625,100.0,Run Producer
2015,,,,,,592596,90.3,5.0,Run Producer
2015,,,,,,150302,82.46326460481102,50.0,Table Setter/Utility
2015,,,,,,276351,88.21356516290727,20.0,Run Producer
2015,,,,,,276542,84.59225345622121,35.0,Table Setter/Utility
2015,,,,,,279571,84.66803527386104,25.0,Table Setter/Utility
2015,,,,,,407845,85.72725755093656,35.0,Table Setter/Utility
2015,,,,,,408061,86.38691059757237,35.0,Table Setter/Utility
2015,,,,,,425794,83.3098513986014,40.0,Table Setter/Utility
2015,,,,,,430589,85.82432849053109,35.0,Table Setter/Utility
2015,,,,,,430641,85.84273557289698,35.0,Table Setter/Utility
2015,,,,,,434678,84.4111111111111,5.0,Table Setter/Utility
2015,,,,,,435400,86.6638843843844,25.0,Table Setter/Utility
2015,,,,,,444468,87.38098702401544,35.0,Table Setter/Utility
2015,,,,,,445060,86.76504761904762,25.0,Table Setter/Utility
2015,,,,,,445590,78.18510478696395,45.0,Table Setter/Utility
2015,,,,,,446321,86.0171956617494,30.0,Table Setter/Utility
2015,,,,,,448159,89.2932654880134,35.0,Run Producer
2015,,,,,,449097,88.2102368017407,30.0,Run Producer
2015,,,,,,450282,87.67131636220924,35.0,Table Setter/Utility
2015,,,,,,450306,87.85333635265701,20.0,Run Producer
2015,,,,,,452027,92.45,10.0,Run Producer
2015,,,,,,453192,85.82861638361639,35.0,Table Setter/Utility
2015,,,,,,455374,86.86389573070609,35.0,Table Setter/Utility
2015,,,,,,457435,87.67337662337663,15.0,Table Setter/Utility
2015,,,,,,462985,87.13308358927729,35.0,Table Setter/Utility
2015,,,,,,466948,87.91709050865568,40.0,Run Producer
2015,,,,,,469134,86.62050507703081,15.0,Table Setter/Utility
2015,,,,,,471822,86.61972713179708,35.0,Table Setter/Utility
2015,,,,,,472610,85.33034477871608,35.0,Table Setter/Utility
2015,,,,,,475138,84.58666666666666,5.0,Table Setter/Utility
2015,,,,,,489294,85.82513924410343,30.0,Table Setter/Utility
2015,,,,,,489295,88.43805555555555,15.0,Run Producer
2015,,,,,,491703,87.2805044736022,30.0,Table Setter/Utility
2015,,,,,,493157,85.37670361522534,25.0,Table Setter/Utility
2015,,,,,,501625,83.95818350674999,35.0,Table Setter/Utility
2015,,,,,,501870,82.38277777777778,10.0,Table Setter/Utility
2015,,,,,,502272,88.42133346238221,30.0,Run Producer
2015,,,,,,502593,85.93722482397877,35.0,Table Setter/Utility
2015,,,,,,502748,83.1625,5.0,Table Setter/Utility
2015,,,,,,518703,85.2713179347826,20.0,Table Setter/Utility
2015,,,,,,518771,87.06917688792689,30.0,Table Setter/Utility
2015,,,,,,518886,86.61782432821337,35.0,Table Setter/Utility
2015,,,,,,518927,84.08555577582939,35.0,Table Setter/Utility
2015,,,,,,519144,83.43334829744639,40.0,Table Setter/Utility
2015,,,,,,519240,87.52627948006585,35.0,Table Setter/Utility
2015,,,,,,532077,87.90875468450604,35.0,Run Producer
2015,,,,,,542266,87.7498962148962,30.0,Table Setter/Utility
2015,,,,,,542674,88.70861598440547,30.0,Run Producer
2015,,,,,,542866,87.13812658812658,30.0,Table Setter/Utility
2015,,,,,,542960,86.37555124613948,35.0,Table Setter/Utility
2015,,,,,,543339,89.60421539195976,35.0,Run Producer
2015,,,,,,543409,84.71333333333334,10.0,Table Setter/Utility
2015,,,,,,543508,89.26842105263158,15.0,Run Producer
2015,,,,,,543726,84.36173417259624,30.0,Table Setter/Utility
2015,,,,,,543942,80.04128205128205,15.0,Table Setter/Utility
2015,,,,,,571057,86.72845521541952,35.0,Table Setter/Utility
2015,,,,,,571871,86.25098012646792,30.0,Table Setter/Utility
2015,,,,,,571893,88.47958164251207,25.0,Run Producer
2015,,,,,,592329,86.44169836956522,20.0,Table Setter/Utility
2015,,,,,,592332,86.71472677885723,30.0,Table Setter/Utility
2015,,,,,,592390,89.37605249507212,30.0,Run Producer
2015,,,,,,594840,86.94013888888888,20.0,Table Setter/Utility
2015,,,,,,595441,81.3125,5.0,Table Setter/Utility
2015,,,,,,605309,88.4906565874822,35.0,Run Producer
2015,,,,,,605333,89.30675716440422,15.0,Run Producer
2015,,,,,,605359,90.46875,10.0,Run Producer
2015,,,,,,605374,85.2175,20.0,Table Setter/Utility
2015,,,,,,605476,85.86382209853636,35.0,Table Setter/Utility
2015,,,,,,606160,76.31351351351353,10.0,Table Setter/Utility
2015,,,,,,607309,88.26673414304993,20.0,Run Producer
2015,,,,,,608665,88.62892015841454,25.0,Run Producer
2015,,,,,,621397,86.44583333333333,10.0,Table Setter/Utility
2015,,,,,,641490,86.28532051282052,30.0,Table Setter/Utility
2015,,,,,,346847,86.87946486082356,30.0,Table Setter/Utility
2015,,,,,,425626,85.90139786944134,30.0,Table Setter/Utility
2015,,,,,,448281,80.53560606060606,20.0,Table Setter/Utility
2015,,,,,,450275,85.30724656902318,30.0,Table Setter/Utility
2015,,,,,,475054,89.50912629124821,25.0,Run Producer
2015,,,,,,542587,83.80077271460422,20.0,Table Setter/Utility
2015,,,,,,543118,88.65160098522166,25.0,Run Producer
2015,,,,,,543258,90.56910173160175,20.0,Run Producer
2015,,,,,,554432,91.95833333333333,15.0,Run Producer
2015,,,,,,592346,88.16600065987934,30.0,Run Producer
2015,,,,,,605338,89.48461538461538,10.0,Run Producer
2015,,,,,,453249,85.73919411431805,25.0,Table Setter/Utility
2015,,,,,,456696,86.70052898550726,25.0,Table Setter/Utility
2015,,,,,,458678,80.17542199488491,25.0,Table Setter/Utility
2015,,,,,,458690,86.78333333333335,5.0,Table Setter/Utility
2015,,,,,,458730,87.9300669740887,20.0,Run Producer
2015,,,,,,467100,88.59007523822058,25.0,Run Producer
2015,,,,,,502281,86.73333333333333,10.0,Table Setter/Utility
2015,,,,,,517059,89.36,5.0,Run Producer
2015,,,,,,518418,91.76666666666668,5.0,Run Producer
2015,,,,,,571510,89.28607372724221,20.0,Run Producer
2015,,,,,,592570,85.89999999999999,5.0,Table Setter/Utility
2015,,,,,,641627,85.59569301327086,25.0,Table Setter/Utility
2015,,,,,,429722,88.15207048757001,20.0,Run Producer
2015,,,,,,474668,88.7125,5.0,Run Producer
2015,,,,,,518526,92.0,5.0,Run Producer
2015,,,,,,573185,85.49974747474747,15.0,Table Setter/Utility
2015,,,,,,580792,87.10321428571427,20.0,Table Setter/Utility
2015,,,,,,593582,81.62,5.0,Table Setter/Utility
2015,,,,,,594815,88.53838383838384,15.0,Run Producer
2015,,,,,,594951,79.98245833333333,20.0,Table Setter/Utility
2015,,,,,,607068,85.89732142857143,10.0,Table Setter/Utility
2015,,,,,,489002,98.16041666666666,10.0,Run Producer
2015,,,,,,543518,89.13769841269841,10.0,Run Producer
2015,,,,,,596064,89.27142857142857,15.0,Run Producer
2015,,,,,,602083,88.50452380952382,10.0,Run Producer
2015,,,,,,605226,71.2904761904762,15.0,Table Setter/Utility
2015,,,,,,607457,88.39726890756303,15.0,Run Producer
2015,,,,,,516714,90.48124999999999,10.0,Run Producer
2015,,,,,,518715,74.89999999999999,5.0,Table Setter/Utility
2015,,,,,,543594,87.72151162790698,10.0,Table Setter/Utility
2015,,,,,,573186,88.22038523274477,10.0,Run Producer
2015,,,,,,594762,89.50833333333334,10.0,Run Producer
2015,,,,,,595235,85.19027777777777,10.0,Table Setter/Utility
2015,,,,,,457456,96.9,5.0,Run Producer
2015,,,,,,451109,85.46772727272726,110.0,Table Setter/Utility
2015,,,,,,458582,85.92500000000003,40.0,Table Setter/Utility
2015,,,,,,459431,89.3735294117647,85.0,Run Producer
2015,,,,,,506997,94.23333333333333,15.0,Run Producer
2015,,,,,,542883,82.0,5.0,Table Setter/Utility
2015,,,,,,570489,87.4,65.0,Table Setter/Utility
2015,,,,,,592166,94.0,15.0,Run Producer
2015,,,,,,472528,89.020644654088,1060.0,Run Producer
2015,,,,,,474494,88.78137254901961,85.0,Run Producer
2015,,,,,,474832,88.97988687782808,1105.0,Run Producer
2015,,,,,,475253,90.58155208333335,800.0,Run Producer
2015,,,,,,475479,86.03571110286562,85.0,Table Setter/Utility
2015,,,,,,476589,84.34623415460362,40.0,Table Setter/Utility
2015,,,,,,488681,85.86017060367456,635.0,Table Setter/Utility
2015,,,,,,488726,88.05798324863541,1265.0,Run Producer
2015,,,,,,488768,84.13703090214963,160.0,Table Setter/Utility
2015,,,,,,489149,88.26368437118435,1170.0,Run Producer
2015,,,,,,489267,86.03562146892658,295.0,Table Setter/Utility
2015,,,,,,490063,79.89090339486889,110.0,Table Setter/Utility
2015,,,,,,493351,84.43256486042695,1450.0,Table Setter/Utility
2015,,,,,,500871,85.65205413297394,1060.0,Table Setter/Utility
2015,,,,,,501255,82.58976525821596,355.0,Table Setter/Utility
2015,,,,,,501896,88.73790739411348,995.0,Run Producer
2015,,,,,,502143,90.42906130268199,870.0,Run Producer
2015,,,,,,502188,88.51723238138528,35.0,Run Producer
2015,,,,,,502205,85.90877192982455,95.0,Table Setter/Utility
2015,,,,,,502211,81.18937219859134,100.0,Table Setter/Utility
2015,,,,,,502317,86.77734375,160.0,Table Setter/Utility
2015,,,,,,502481,82.47692424242422,550.0,Table Setter/Utility
2015,,,,,,502671,91.07390114379089,1360.0,Run Producer
2015,,,,,,503449,84.82500965825128,105.0,Table Setter/Utility
2015,,,,,,503556,87.22454462659385,915.0,Table Setter/Utility
2015,,,,,,506560,83.96444736842106,950.0,Table Setter/Utility
2015,,,,,,514888,85.52393420205921,1480.0,Table Setter/Utility
2015,,,,,,516770,85.26136710239655,1530.0,Table Setter/Utility
2015,,,,,,516910,85.53048417818741,30.0,Table Setter/Utility
2015,,,,,,516949,83.58585858585857,165.0,Table Setter/Utility
2015,,,,,,517370,88.82508483033935,835.0,Run Producer
2015,,,,,,518452,79.49342486346508,85.0,Table Setter/Utility
2015,,,,,,518567,82.11059348533439,95.0,Table Setter/Utility
2015,,,,,,518692,89.373845417564,995.0,Run Producer
2015,,,,,,518735,89.51284798534799,910.0,Run Producer
2015,,,,,,518774,85.87670576291772,210.0,Table Setter/Utility
2015,,,,,,519025,87.15433884297518,605.0,Table Setter/Utility
2015,,,,,,519068,86.52783687943261,235.0,Table Setter/Utility
2015,,,,,,519184,81.64899365079368,1500.0,Table Setter/Utility
2015,,,,,,519208,88.5898736933798,820.0,Run Producer
2015,,,,,,519306,88.47454697986579,745.0,Run Producer
2015,,,,,,519333,82.67906976744187,215.0,Table Setter/Utility
2015,,,,,,519390,86.29327242524919,1075.0,Table Setter/Utility
2015,,,,,,520471,84.57787937743191,1285.0,Table Setter/Utility
2015,,,,,,521692,87.13042813051148,1350.0,Table Setter/Utility
2015,,,,,,527054,83.40228921859745,165.0,Table Setter/Utility
2015,,,,,,534627,79.42976190476189,70.0,Table Setter/Utility
2015,,,,,,537953,85.3141341991342,385.0,Table Setter/Utility
2015,,,,,,542194,85.57028273809523,400.0,Table Setter/Utility
2015,,,,,,542208,84.57563432835823,670.0,Table Setter/Utility
2015,,,,,,543459,84.28750000000001,40.0,Table Setter/Utility
2015,,,,,,543543,88.81500000000001,1160.0,Run Producer
2015,,,,,,543590,89.43440860215051,310.0,Run Producer
2015,,,,,,543921,72.08233918128653,15.0,Table Setter/Utility
2015,,,,,,544928,88.4113412352059,70.0,Run Producer
2015,,,,,,544931,84.42501751701617,135.0,Table Setter/Utility
2015,,,,,,545361,91.44321011673154,1285.0,Run Producer
2015,,,,,,547180,90.41116536458337,1280.0,Run Producer
2015,,,,,,554429,89.82056010928957,610.0,Run Producer
2015,,,,,,570717,84.02008771929825,95.0,Table Setter/Utility
2015,,,,,,571431,87.27816782810686,410.0,Table Setter/Utility
2015,,,,,,571506,90.75876364087306,960.0,Run Producer
2015,,,,,,571666,83.76045449642653,115.0,Table Setter/Utility
2015,,,,,,571697,84.28063368055551,960.0,Table Setter/Utility
2015,,,,,,571735,82.15424496349921,95.0,Table Setter/Utility
2015,,,,,,571970,87.15644654088048,265.0,Table Setter/Utility
2015,,,,,,572365,86.6910454545454,1100.0,Table Setter/Utility
2015,,,,,,572750,77.3088430822496,75.0,Table Setter/Utility
2015,,,,,,573064,86.46672998099815,45.0,Table Setter/Utility
2015,,,,,,573131,89.79757246376809,690.0,Run Producer
2015,,,,,,588751,87.21360754985754,1170.0,Table Setter/Utility
2015,,,,,,592192,89.62230618817577,1035.0,Run Producer
2015,,,,,,594828,87.8052948717949,1300.0,Table Setter/Utility
2015,,,,,,595025,81.9923076923077,65.0,Table Setter/Utility
2015,,,,,,595281,87.12741735537192,1210.0,Table Setter/Utility
2015,,,,,,595307,85.67774283751963,40.0,Table Setter/Utility
2015,,,,,,595386,90.4703405017921,465.0,Run Producer
2015,,,,,,596119,85.35825342465752,730.0,Table Setter/Utility
2015,,,,,,596748,89.79556814449916,725.0,Run Producer
2015,,,,,,599096,84.74918300653593,255.0,Table Setter/Utility
2015,,,,,,605125,86.73048605970887,965.0,Table Setter/Utility
2015,,,,,,605512,89.44323943661973,710.0,Run Producer
2015,,,,,,605541,83.84727956254272,25.0,Table Setter/Utility
2015,,,,,,608070,86.17319218705448,835.0,Table Setter/Utility
2015,,,,,,622110,87.39310486694679,1360.0,Table Setter/Utility
2015,,,,,,624585,90.59767034990793,905.0,Run Producer
2015,,,,,,628329,87.39527160493827,675.0,Table Setter/Utility
2015,,,,,,630111,87.92925487293367,965.0,Run Producer
2015,,,,,,116338,88.40440323565323,1170.0,Run Producer
2015,,,,,,133380,87.79341202582728,1180.0,Table Setter/Utility
2015,,,,,,217100,87.01761904761904,175.0,Table Setter/Utility
2015,,,,,,218596,84.73743965669851,130.0,Table Setter/Utility
2015,,,,,,400284,87.82678380443086,935.0,Table Setter/Utility
2015,,,,,,405395,90.42721710189456,1395.0,Run Producer
2015,,,,,,407812,87.99622507122508,585.0,Run Producer
2015,,,,,,408252,85.59878672115615,1340.0,Table Setter/Utility
2015,,,,,,408314,85.06148302370273,1115.0,Table Setter/Utility
2015,,,,,,421685,78.55309443078608,155.0,Table Setter/Utility
2015,,,,,,425783,90.17453501400561,1275.0,Run Producer
2015,,,,,,425844,87.31105570211552,225.0,Table Setter/Utility
2015,,,,,,429665,91.07228407224957,1450.0,Run Producer
2015,,,,,,429717,80.00042099915963,175.0,Table Setter/Utility
2015,,,,,,430321,87.92111111111112,450.0,Run Producer
2015,,,,,,430611,80.52766666666666,125.0,Table Setter/Utility
2015,,,,,,430613,85.8125,10.0,Table Setter/Utility
2015,,,,,,431148,85.06388516578077,45.0,Table Setter/Utility
2015,,,,,,433589,84.66093977261443,55.0,Table Setter/Utility
2015,,,,,,434538,85.02861095492568,195.0,Table Setter/Utility
2015,,,,,,434567,89.72322097378276,445.0,Run Producer
2015,,,,,,434628,82.13218740382139,205.0,Table Setter/Utility
2015,,,,,,434643,85.37920053026443,25.0,Table Setter/Utility
2015,,,,,,434670,88.72052721088438,980.0,Run Producer
2015,,,,,,435062,89.38505050505051,1155.0,Run Producer
2015,,,,,,435063,87.44455611390282,995.0,Table Setter/Utility
2015,,,,,,435079,86.18297375541128,1400.0,Table Setter/Utility
2015,,,,,,435559,87.13670138888892,1200.0,Table Setter/Utility
2015,,,,,,444432,92.12135802469142,1215.0,Run Producer
2015,,,,,,444876,83.85499019436939,1490.0,Table Setter/Utility
2015,,,,,,445055,85.27418091168089,585.0,Table Setter/Utility
2015,,,,,,445988,87.53914973316914,1160.0,Table Setter/Utility
2015,,,,,,446225,86.725,20.0,Table Setter/Utility
2015,,,,,,446308,85.44941333333333,625.0,Table Setter/Utility
2015,,,,,,449786,86.72728758169933,255.0,Table Setter/Utility
2015,,,,,,451089,88.43310397553518,545.0,Run Producer
2015,,,,,,452104,86.21608058608058,1365.0,Table Setter/Utility
2015,,,,,,452239,87.3510775862069,580.0,Table Setter/Utility
2015,,,,,,453178,81.09912026852007,110.0,Table Setter/Utility
2015,,,,,,453562,82.3482805853989,170.0,Table Setter/Utility
2015,,,,,,453943,88.9126671137939,1420.0,Run Producer
2015,,,,,,455755,82.145,500.0,Table Setter/Utility
2015,,,,,,456030,87.44493408662896,885.0,Table Setter/Utility
2015,,,,,,456078,89.24194767441858,860.0,Run Producer
2015,,,,,,456488,87.51265,500.0,Table Setter/Utility
2015,,,,,,456715,88.83648898365317,1340.0,Run Producer
2015,,,,,,457477,85.31377136752137,780.0,Table Setter/Utility
2015,,,,,,457708,89.02171467764057,1215.0,Run Producer
2015,,,,,,457727,87.23381049167635,1230.0,Table Setter/Utility
2015,,,,,,457759,87.94703933747417,1035.0,Run Producer
2015,,,,,,458085,88.19645280235991,1130.0,Run Producer
2015,,,,,,458675,89.57876306620214,1025.0,Run Producer
2015,,,,,,458689,81.63181818181818,55.0,Table Setter/Utility
2015,,,,,,458731,87.10077733860345,1265.0,Table Setter/Utility
2015,,,,,,459964,85.05055348516217,575.0,Table Setter/Utility
2015,,,,,,460026,87.90812500000001,880.0,Run Producer
2015,,,,,,460055,85.23553459119496,265.0,Table Setter/Utility
2015,,,,,,460099,84.78944444444447,450.0,Table Setter/Utility
2015,,,,,,460576,86.72858054226477,1045.0,Table Setter/Utility
2015,,,,,,461829,81.34443111676018,130.0,Table Setter/Utility
2015,,,,,,461858,89.37333964646461,1320.0,Run Producer
2015,,,,,,462101,87.25061559139785,1550.0,Table Setter/Utility
2015,,,,,,465784,85.87320598006644,215.0,Table Setter/Utility
2015,,,,,,488703,85.30000000000001,10.0,Table Setter/Utility
2015,,,,,,500743,86.54752032520324,410.0,Table Setter/Utility
2015,,,,,,516589,87.99966804029302,40.0,Run Producer
2015,,,,,,518618,86.54801075268814,620.0,Table Setter/Utility
2015,,,,,,519107,89.5,5.0,Run Producer
2015,,,,,,519345,91.37971264367815,145.0,Run Producer
2015,,,,,,543685,89.06951298701301,770.0,Run Producer
2015,,,,,,543698,87.059375,10.0,Table Setter/Utility
2015,,,,,,571825,90.38076923076925,65.0,Run Producer
2015,,,,,,571927,83.38865770958347,70.0,Table Setter/Utility
2015,,,,,,592620,85.90344827586205,145.0,Table Setter/Utility
2015,,,,,,594824,81.16231884057969,230.0,Table Setter/Utility
2015,,,,,,605323,87.01444444444444,90.0,Table Setter/Utility
2015,,,,,,621043,88.38380557747959,905.0,Run Producer
2015,,,,,,624577,88.66953514739227,630.0,Run Producer
2015,,,,,,425766,84.17186528497403,965.0,Table Setter/Utility
2015,,,,,,430912,88.84220721724009,55.0,Run Producer
2015,,,,,,446372,83.35527655765034,45.0,Table Setter/Utility
2015,,,,,,457448,82.45454545454547,10.0,Table Setter/Utility
2015,,,,,,460269,85.29261538461536,325.0,Table Setter/Utility
2015,,,,,,502100,84.75,25.0,Table Setter/Utility
2015,,,,,,518700,85.16666666666667,60.0,Table Setter/Utility
2015,,,,,,519043,85.55732663609979,25.0,Table Setter/Utility
2015,,,,,,524968,89.73918300653592,255.0,Run Producer
2015,,,,,,527043,85.98722222222223,195.0,Table Setter/Utility
2015,,,,,,533167,86.26307247507854,35.0,Table Setter/Utility
2015,,,,,,542513,85.6385802469136,135.0,Table Setter/Utility
2015,,,,,,542583,86.01562500000001,40.0,Table Setter/Utility
2015,,,,,,543184,83.66103153780048,40.0,Table Setter/Utility
2015,,,,,,570731,89.51005910165485,705.0,Run Producer
2015,,,,,,571578,82.94706760950628,80.0,Table Setter/Utility
2015,,,,,,572039,89.31823099415206,570.0,Run Producer
2015,,,,,,591712,80.33229166666666,80.0,Table Setter/Utility
2015,,,,,,596144,84.45574712643679,145.0,Table Setter/Utility
2015,,,,,,624424,92.12461038961038,495.0,Run Producer
2015,,,,,,448614,85.41951297914005,40.0,Table Setter/Utility
2015,,,,,,450317,91.29263565891473,215.0,Run Producer
2015,,,,,,453214,86.05439794077951,30.0,Table Setter/Utility
2015,,,,,,457449,88.175,40.0,Run Producer
2015,,,,,,474284,89.60292307692308,25.0,Run Producer
2015,,,,,,488674,88.38266235643998,40.0,Run Producer
2015,,,,,,501593,81.19800562265848,40.0,Table Setter/Utility
2015,,,,,,543424,83.34096909690967,45.0,Table Setter/Utility
2015,,,,,,543633,83.23412698412697,105.0,Table Setter/Utility
2015,,,,,,571912,91.29083333333335,100.0,Run Producer
2015,,,,,,572102,84.61156664686078,40.0,Table Setter/Utility
2015,,,,,,572204,87.73484195402298,290.0,Table Setter/Utility
2015,,,,,,592774,94.73124999999999,40.0,Run Producer
2015,,,,,,594857,81.66800925925925,20.0,Table Setter/Utility
2015,,,,,,595879,89.60699999999997,250.0,Run Producer
2015,,,,,,605156,87.299021486259,35.0,Table Setter/Utility
2015,,,,,,456124,84.34411764705884,85.0,Table Setter/Utility
2015,,,,,,459967,85.31528873594092,20.0,Table Setter/Utility
2015,,,,,,460131,88.08516483516483,130.0,Run Producer
2015,,,,,,501381,86.90630763107295,40.0,Table Setter/Utility
2015,,,,,,502213,80.48,50.0,Table Setter/Utility
2015,,,,,,516970,84.63551249003311,35.0,Table Setter/Utility
2015,,,,,,542979,76.80000000000001,10.0,Table Setter/Utility
2015,,,,,,553869,88.2,10.0,Run Producer
2015,,,,,,572362,79.04613636363636,25.0,Table Setter/Utility
2015,,,,,,572804,83.11428571428573,35.0,Table Setter/Utility
2015,,,,,,591720,78.25,20.0,Table Setter/Utility
2015,,,,,,605232,87.35754229323307,40.0,Table Setter/Utility
2015,,,,,,605253,83.5,10.0,Table Setter/Utility
2015,,,,,,516414,85.69931107578167,15.0,Table Setter/Utility
2015,,,,,,621121,87.18756109272566,35.0,Table Setter/Utility
2015,,,,,,329092,86.35191086691088,35.0,Table Setter/Utility
2015,,,,,,430580,87.21079648761973,50.0,Table Setter/Utility
2015,,,,,,430630,87.874688057041,25.0,Run Producer
2015,,,,,,430661,87.11343721770551,15.0,Table Setter/Utility
2015,,,,,,431162,88.06068363079002,25.0,Run Producer
2015,,,,,,433585,84.88605228105229,20.0,Table Setter/Utility
2015,,,,,,444436,88.16884424733591,30.0,Run Producer
2015,,,,,,446399,85.93926100303977,35.0,Table Setter/Utility
2015,,,,,,448178,87.98966459132363,35.0,Run Producer
2015,,,,,,448609,87.95787672644815,35.0,Run Producer
2015,,,,,,451661,87.69781295093796,35.0,Table Setter/Utility
2015,,,,,,453156,86.77799145299144,25.0,Table Setter/Utility
2015,,,,,,453172,85.70134125027054,35.0,Table Setter/Utility
2015,,,,,,453307,84.06805555555555,20.0,Table Setter/Utility
2015,,,,,,453343,84.65880514104954,35.0,Table Setter/Utility
2015,,,,,,455009,85.37787761514691,35.0,Table Setter/Utility
2015,,,,,,455119,88.36933997155049,25.0,Run Producer
2015,,,,,,456068,87.92698574875688,35.0,Run Producer
2015,,,,,,457744,89.21794471176003,20.0,Run Producer
2015,,,,,,457915,77.8875,5.0,Table Setter/Utility
2015,,,,,,458006,85.33561041801514,25.0,Table Setter/Utility
2015,,,,,,458584,82.10250879217936,35.0,Table Setter/Utility
2015,,,,,,458677,87.44213959799066,35.0,Table Setter/Utility
2015,,,,,,462945,81.66658333333332,20.0,Table Setter/Utility
2015,,,,,,465629,85.36947529937562,35.0,Table Setter/Utility
2015,,,,,,467008,87.17124665841202,35.0,Table Setter/Utility
2015,,,,,,474029,86.43038503259193,35.0,Table Setter/Utility
2015,,,,,,474521,88.10210681361943,35.0,Run Producer
2015,,,,,,477229,88.6,5.0,Run Producer
2015,,,,,,500721,88.96511793123048,20.0,Run Producer
2015,,,,,,501789,85.98799731295242,35.0,Table Setter/Utility
2015,,,,,,501955,88.7229753416518,25.0,Run Producer
2015,,,,,,502154,88.75398062788334,35.0,Run Producer
2015,,,,,,502260,91.00375661375662,15.0,Run Producer
2015,,,,,,502304,87.17652930402929,20.0,Table Setter/Utility
2015,,,,,,502381,85.53960815220398,35.0,Table Setter/Utility
2015,,,,,,502578,84.13769841269841,25.0,Table Setter/Utility
2015,,,,,,504083,90.57621212121212,20.0,Run Producer
2015,,,,,,517008,89.37136596823485,35.0,Run Producer
2015,,,,,,518553,85.70965371282612,35.0,Table Setter/Utility
2015,,,,,,518833,88.13125,5.0,Run Producer
2015,,,,,,518875,85.93236390938254,35.0,Table Setter/Utility
2015,,,,,,519263,92.72724358974358,20.0,Run Producer
2015,,,,,,519293,85.8093582200725,35.0,Table Setter/Utility
2015,,,,,,519322,86.40226734406255,30.0,Table Setter/Utility
2015,,,,,,534812,89.49902228120877,35.0,Run Producer
2015,,,,,,542609,91.39618637110016,35.0,Run Producer
2015,,,,,,542669,86.96375205254517,20.0,Table Setter/Utility
2015,,,,,,542924,92.51538461538462,5.0,Run Producer
2015,,,,,,543331,84.06810089452561,30.0,Table Setter/Utility
2015,,,,,,543859,87.851939268461,30.0,Table Setter/Utility
2015,,,,,,553970,87.98594698377308,15.0,Run Producer
2015,,,,,,572020,89.31360714285714,15.0,Run Producer
2015,,,,,,572070,85.75829437919793,35.0,Table Setter/Utility
2015,,,,,,573127,89.71929545454546,25.0,Run Producer
2015,,,,,,592717,87.23519633055004,35.0,Table Setter/Utility
2015,,,,,,592741,88.05997356221593,35.0,Run Producer
2015,,,,,,595371,91.35,5.0,Run Producer
2015,,,,,,606273,87.18955538333579,35.0,Table Setter/Utility
2015,,,,,,607259,88.77259426413616,35.0,Run Producer
2015,,,,,,607968,86.73138888888889,10.0,Table Setter/Utility
2015,,,,,,612434,88.70241596638655,20.0,Run Producer
2015,,,,,,623184,89.06753546717833,35.0,Run Producer
2015,,,,,,456027,83.42601858925389,20.0,Table Setter/Utility
2015,,,,,,459429,88.80806899641578,30.0,Run Producer
2015,,,,,,460024,85.76167987113546,35.0,Table Setter/Utility
2015,,,,,,476570,86.65947368421052,10.0,Table Setter/Utility
2015,,,,,,493117,82.51428571428572,5.0,Table Setter/Utility
2015,,,,,,502162,87.79333333333334,5.0,Table Setter/Utility
2015,,,,,,543900,87.74833904521405,30.0,Table Setter/Utility
2015,,,,,,544836,88.58996791443849,25.0,Run Producer
2015,,,,,,571479,91.31002611367128,25.0,Run Producer
2015,,,,,,593140,85.05591787439613,15.0,Table Setter/Utility
2015,,,,,,594977,83.33578003875971,20.0,Table Setter/Utility
2015,,,,,,430911,88.2161986658328,15.0,Run Producer
2015,,,,,,434378,84.92801137595612,25.0,Table Setter/Utility
2015,,,,,,445968,87.35499999999999,10.0,Table Setter/Utility
2015,,,,,,502051,94.20416666666668,10.0,Run Producer
2015,,,,,,502462,91.4008086622807,20.0,Run Producer
2015,,,,,,519381,84.14727247807018,20.0,Table Setter/Utility
2015,,,,,,538506,85.29411764705883,5.0,Table Setter/Utility
2015,,,,,,547348,75.23750000000001,10.0,Table Setter/Utility
2015,,,,,,592181,86.64452235772357,20.0,Table Setter/Utility
2015,,,,,,592527,97.54166666666667,10.0,Run Producer
2015,,,,,,592705,88.63822727272728,20.0,Run Producer
2015,,,,,,608167,88.40046474358974,20.0,Run Producer
2015,,,,,,527048,87.04550160581475,20.0,Table Setter/Utility
2015,,,,,,572889,91.76666666666668,5.0,Run Producer
2015,,,,,,449170,87.92979797979797,10.0,Run Producer
2015,,,,,,493247,93.13742424242425,15.0,Run Producer
2015,,,,,,501563,86.12791068580542,15.0,Table Setter/Utility
2015,,,,,,518858,92.44838095238094,10.0,Run Producer
2015,,,,,,519186,90.98265993265993,15.0,Run Producer
2015,,,,,,545064,88.28618736383442,15.0,Run Producer
2015,,,,,,592091,87.03279645191408,15.0,Table Setter/Utility
2015,,,,,,599998,91.15,5.0,Run Producer
2015,,,,,,605317,93.19021739130434,10.0,Run Producer
2015,,,,,,623395,86.28840970350406,15.0,Table Setter/Utility
2015,,,,,,623430,86.80350877192983,15.0,Table Setter/Utility
2015,,,,,,425856,86.48367346938775,5.0,Table Setter/Utility
2015,,,,,,518397,90.31666666666666,5.0,Run Producer
2015,,,,,,543803,91.66428571428573,5.0,Run Producer
2015,,,,,,553872,84.79345238095237,10.0,Table Setter/Utility
2015,,,,,,595465,93.13333333333333,5.0,Run Producer
2015,,,,,,596331,81.8264705882353,10.0,Table Setter/Utility
2015,,,,,,605396,92.17478260869566,10.0,Run Producer
2015,,,,,,612272,92.91742424242425,10.0,Run Producer
2015,,,,,,425496,80.8401515151515,55.0,Table Setter/Utility
2015,,,,,,448674,94.1,10.0,Run Producer
