season,pitcher_id,pitch_type,run_len,n_runs
2015.0,112526,CH,2,2
2015.0,112526,CH,1,33
2015.0,112526,CU,1,5
2015.0,112526,FF,3,1
2015.0,112526,FF,2,3
2015.0,112526,FF,1,31
2015.0,112526,IN,1,15
2015.0,112526,SI,2,4
2015.0,112526,SI,1,32
2015.0,112526,SL,4,1
2015.0,112526,SL,2,1
2015.0,112526,SL,1,29
2015.0,115629,CH,3,2
2015.0,115629,CH,2,6
2015.0,115629,CH,1,12
2015.0,115629,CU,1,15
2015.0,115629,FF,2,1
2015.0,115629,FF,1,28
2015.0,115629,IN,1,5
2015.0,115629,SI,2,2
2015.0,115629,SI,1,21
2015.0,115629,SL,2,3
2015.0,115629,SL,1,24
2015.0,136600,CH,1,5
2015.0,136600,CU,1,5
2015.0,136600,EP,1,5
2015.0,136600,FF,1,5
2015.0,136600,IN,1,5
2015.0,136600,SI,1,5
2015.0,136600,SL,1,5
2015.0,150116,CH,3,1
2015.0,150116,CH,2,3
2015.0,150116,CH,1,6
2015.0,150116,CU,2,2
2015.0,150116,CU,1,11
2015.0,150116,FF,2,1
2015.0,150116,FF,1,13
2015.0,150116,IN,1,5
2015.0,150116,SI,1,15
2015.0,150116,SL,2,2
2015.0,150116,SL,1,11
2015.0,150274,SI,2,1
2015.0,150274,SI,1,3
2015.0,150274,SL,1,5
2015.0,150302,CH,3,1
2015.0,150302,CH,2,1
2015.0,150302,CH,1,5
2015.0,150302,IN,1,10
2015.0,150302,PO,1,5
2015.0,150302,SI,1,10
2015.0,150302,SL,1,10
2015.0,150359,CH,2,1
2015.0,150359,CH,1,28
2015.0,150359,FF,2,4
2015.0,150359,FF,1,22
2015.0,150359,IN,1,10
2015.0,150359,KC,2,2
2015.0,150359,KC,1,26
2015.0,150359,PO,1,5
2015.0,150359,SI,2,3
2015.0,150359,SI,1,24
2015.0,217096,CH,1,5
2015.0,217096,CU,1,5
2015.0,217096,FF,1,5
2015.0,217096,SI,2,1
2015.0,217096,SI,1,3
2015.0,218596,CU,3,1
2015.0,218596,CU,2,3
2015.0,218596,CU,1,21
2015.0,218596,FC,2,1
2015.0,218596,FC,1,28
2015.0,218596,FF,2,3
2015.0,218596,FF,1,19
2015.0,218596,FS,2,3
2015.0,218596,FS,1,29
2015.0,218596,PO,1,10
2015.0,218596,SI,2,2
2015.0,218596,SI,1,31
2015.0,234194,CH,1,5
2015.0,234194,FF,2,1
2015.0,234194,FF,1,8
2015.0,234194,SI,3,1
2015.0,234194,SI,1,7
2015.0,234194,SL,2,3
2015.0,234194,SL,1,4
2015.0,276351,CH,1,5
2015.0,276351,FF,3,1
2015.0,276351,FF,2,3
2015.0,276351,FF,1,11
2015.0,276351,IN,1,5
2015.0,276351,SI,1,10
2015.0,276351,SL,2,4
2015.0,276351,SL,1,12
2015.0,276514,CU,1,10
2015.0,276514,FC,1,10
2015.0,276514,FF,2,2
2015.0,276514,FF,1,6
2015.0,276514,FS,1,10
2015.0,276542,CH,3,2
2015.0,276542,CH,2,2
2015.0,276542,CH,1,25
2015.0,276542,FF,2,1
2015.0,276542,FF,1,33
2015.0,276542,IN,1,5
2015.0,276542,SI,1,30
2015.0,276542,SL,2,3
2015.0,276542,SL,1,29
2015.0,279571,CH,2,2
2015.0,279571,CH,1,16
2015.0,279571,CU,2,1
2015.0,279571,CU,1,23
2015.0,279571,FF,1,25
2015.0,279571,IN,1,10
2015.0,279571,PO,1,10
2015.0,279571,SI,2,1
2015.0,279571,SI,1,18
2015.0,279571,SL,2,1
2015.0,279571,SL,1,23
2015.0,279824,CH,1,35
2015.0,279824,CU,2,3
2015.0,279824,CU,1,29
2015.0,279824,FC,2,1
2015.0,279824,FC,1,33
2015.0,279824,FF,3,1
2015.0,279824,FF,2,2
2015.0,279824,FF,1,28
2015.0,279824,IN,1,15
2015.0,279824,SI,2,3
2015.0,279824,SI,1,29
2015.0,282332,CH,3,1
2015.0,282332,CH,2,5
2015.0,282332,CH,1,22
2015.0,282332,FF,2,3
2015.0,282332,FF,1,29
2015.0,282332,IN,1,15
2015.0,282332,SI,1,35
2015.0,282332,SL,2,3
2015.0,282332,SL,1,29
2015.0,285064,CH,3,1
2015.0,285064,CH,2,3
2015.0,285064,CH,1,26
2015.0,285064,CU,2,2
2015.0,285064,CU,1,31
2015.0,285064,FF,2,3
2015.0,285064,FF,1,29
2015.0,285064,IN,1,5
2015.0,285064,SI,2,1
2015.0,285064,SI,1,33
2015.0,285064,SL,2,1
2015.0,285064,SL,1,33
2015.0,285079,EP,3,1
2015.0,285079,EP,2,5
2015.0,285079,EP,1,17
2015.0,285079,FF,2,2
2015.0,285079,FF,1,31
2015.0,285079,IN,1,5
2015.0,285079,KN,2,6
2015.0,285079,KN,1,23
2015.0,329092,FF,1,10
2015.0,329092,SI,3,1
2015.0,329092,SI,2,5
2015.0,329092,SI,1,22
2015.0,329092,SL,3,2
2015.0,329092,SL,2,6
2015.0,329092,SL,1,17
2015.0,346793,CH,3,1
2015.0,346793,CH,2,2
2015.0,346793,CH,1,23
2015.0,346793,CU,2,5
2015.0,346793,CU,1,25
2015.0,346793,IN,1,10
2015.0,346793,SI,3,2
2015.0,346793,SI,2,3
2015.0,346793,SI,1,23
2015.0,346797,CH,2,1
2015.0,346797,CH,1,3
2015.0,346797,CU,1,5
2015.0,346797,FC,2,1
2015.0,346797,FC,1,3
2015.0,346797,FF,1,5
2015.0,346797,SI,2,1
2015.0,346797,SI,1,3
2015.0,346797,SL,1,5
2015.0,346798,CH,2,7
2015.0,346798,CH,1,21
2015.0,346798,CU,2,3
2015.0,346798,CU,1,29
2015.0,346798,FF,1,20
2015.0,346798,IN,1,15
2015.0,346798,SI,2,3
2015.0,346798,SI,1,29
2015.0,346798,SL,2,2
2015.0,346798,SL,1,31
2015.0,346847,CH,3,1
2015.0,346847,CH,2,1
2015.0,346847,CH,1,25
2015.0,346847,CU,1,30
2015.0,346847,FF,2,2
2015.0,346847,FF,1,26
2015.0,346847,IN,1,10
2015.0,346847,SI,2,2
2015.0,346847,SI,1,26
2015.0,346847,SL,2,1
2015.0,346847,SL,1,28
2015.0,400085,CH,1,5
2015.0,400085,CU,1,5
2015.0,400085,FF,2,1
2015.0,400085,FF,1,3
2015.0,400089,CU,1,5
2015.0,400089,FC,1,5
2015.0,400089,FF,1,5
2015.0,400089,SI,1,5
2015.0,400089,SL,2,1
2015.0,400089,SL,1,3
2015.0,407793,CH,2,6
2015.0,407793,CH,1,18
2015.0,407793,CU,1,35
2015.0,407793,FC,1,35
2015.0,407793,FF,3,1
2015.0,407793,FF,1,32
2015.0,407793,IN,1,10
2015.0,407793,PO,1,5
2015.0,407793,SI,2,2
2015.0,407793,SI,1,31
2015.0,407819,FC,3,2
2015.0,407819,FC,2,2
2015.0,407819,FC,1,20
2015.0,407819,FF,2,2
2015.0,407819,FF,1,26
2015.0,407819,IN,2,1
2015.0,407819,IN,1,18
2015.0,407819,SI,2,1
2015.0,407819,SI,1,28
2015.0,407819,SL,2,1
2015.0,407819,SL,1,28
2015.0,407822,CH,1,5
2015.0,407822,CU,2,2
2015.0,407822,CU,1,26
2015.0,407822,FC,1,30
2015.0,407822,FF,1,30
2015.0,407822,FS,1,30
2015.0,407822,IN,2,1
2015.0,407822,IN,1,13
2015.0,407822,SI,1,5
2015.0,407822,SL,1,5
2015.0,407845,CH,2,6
2015.0,407845,CH,1,23
2015.0,407845,FF,2,2
2015.0,407845,FF,1,31
2015.0,407845,IN,1,15
2015.0,407845,PO,1,5
2015.0,407845,SI,2,7
2015.0,407845,SI,1,21
2015.0,407890,CH,3,1
2015.0,407890,CH,2,4
2015.0,407890,CH,1,24
2015.0,407890,CU,2,3
2015.0,407890,CU,1,29
2015.0,407890,FF,2,3
2015.0,407890,FF,1,29
2015.0,407890,IN,1,10
2015.0,407890,SI,2,3
2015.0,407890,SI,1,29
2015.0,407890,SL,2,3
2015.0,407890,SL,1,29
2015.0,407908,CU,2,3
2015.0,407908,CU,1,24
2015.0,407908,FF,2,1
2015.0,407908,FF,1,28
2015.0,407908,FS,1,30
2015.0,407908,IN,1,5
2015.0,408061,CH,3,2
2015.0,408061,CH,2,3
2015.0,408061,CH,1,23
2015.0,408061,CU,2,2
2015.0,408061,CU,1,31
2015.0,408061,FF,2,2
2015.0,408061,FF,1,31
2015.0,408061,IN,2,1
2015.0,408061,IN,1,3
2015.0,408061,SI,3,2
2015.0,408061,SI,2,1
2015.0,408061,SI,1,27
2015.0,408241,CH,2,1
2015.0,408241,CH,1,23
2015.0,408241,CU,2,2
2015.0,408241,CU,1,21
2015.0,408241,FC,1,25
2015.0,408241,FF,2,1
2015.0,408241,FF,1,23
2015.0,408241,IN,1,5
2015.0,408241,SI,2,2
2015.0,408241,SI,1,21
2015.0,408241,SL,1,25
2015.0,421685,CH,3,1
2015.0,421685,CH,2,2
2015.0,421685,CH,1,28
2015.0,421685,CU,2,1
2015.0,421685,CU,1,33
2015.0,421685,FF,2,3
2015.0,421685,FF,1,29
2015.0,421685,IN,1,10
2015.0,421685,PO,1,5
2015.0,421685,SI,2,2
2015.0,421685,SI,1,31
2015.0,421685,SL,2,3
2015.0,421685,SL,1,29
2015.0,424144,CH,1,5
2015.0,424144,FF,3,1
2015.0,424144,FF,2,2
2015.0,424144,FF,1,28
2015.0,424144,IN,1,10
2015.0,424144,SI,2,1
2015.0,424144,SI,1,33
2015.0,424144,SL,2,4
2015.0,424144,SL,1,27
2015.0,424325,CU,4,1
2015.0,424325,CU,3,1
2015.0,424325,CU,1,3
2015.0,425386,CH,2,3
2015.0,425386,CH,1,24
2015.0,425386,CU,2,2
2015.0,425386,CU,1,26
2015.0,425386,EP,1,15
2015.0,425386,FC,3,1
2015.0,425386,FC,2,2
2015.0,425386,FC,1,23
2015.0,425386,FF,2,2
2015.0,425386,FF,1,26
2015.0,425386,IN,1,5
2015.0,425386,SI,2,1
2015.0,425386,SI,1,28
2015.0,425386,SL,2,2
2015.0,425386,SL,1,26
2015.0,425492,CH,2,1
2015.0,425492,CH,1,33
2015.0,425492,FC,2,1
2015.0,425492,FC,1,33
2015.0,425492,FF,2,4
2015.0,425492,FF,1,27
2015.0,425492,IN,2,1
2015.0,425492,IN,1,3
2015.0,425492,PO,1,5
2015.0,425492,SI,1,15
2015.0,425532,CH,1,35
2015.0,425532,CU,2,1
2015.0,425532,CU,1,33
2015.0,425532,FC,2,2
2015.0,425532,FC,1,31
2015.0,425532,FF,1,35
2015.0,425532,IN,1,15
2015.0,425532,PO,1,15
2015.0,425532,SI,2,2
2015.0,425532,SI,1,31
2015.0,425532,SL,1,35
2015.0,425543,CH,2,2
2015.0,425543,CH,1,1
2015.0,425543,CU,1,5
2015.0,425543,SL,1,5
2015.0,425560,CH,1,5
2015.0,425560,CU,1,5
2015.0,425560,FF,2,1
2015.0,425560,FF,1,3
2015.0,425560,SL,2,1
2015.0,425560,SL,1,3
2015.0,425626,CH,2,1
2015.0,425626,CH,1,23
2015.0,425626,CU,2,1
2015.0,425626,CU,1,23
2015.0,425626,IN,1,5
2015.0,425626,SI,2,1
2015.0,425626,SI,1,28
2015.0,425626,SL,2,1
2015.0,425626,SL,1,28
2015.0,425657,CH,2,2
2015.0,425657,CH,1,21
2015.0,425657,CU,2,2
2015.0,425657,CU,1,26
2015.0,425657,IN,1,15
2015.0,425657,SI,3,1
2015.0,425657,SI,2,2
2015.0,425657,SI,1,28
2015.0,425657,SL,4,1
2015.0,425657,SL,2,3
2015.0,425657,SL,1,25
2015.0,425786,CU,3,1
2015.0,425786,CU,2,1
2015.0,425786,CU,1,10
2015.0,425786,FF,1,15
2015.0,425786,SL,2,2
2015.0,425786,SL,1,11
2015.0,425794,CH,1,5
2015.0,425794,CU,2,2
2015.0,425794,CU,1,11
2015.0,425794,FC,2,1
2015.0,425794,FC,1,13
2015.0,425794,FF,3,1
2015.0,425794,FF,2,1
2015.0,425794,FF,1,10
2015.0,425794,SI,2,2
2015.0,425794,SI,1,11
2015.0,425796,CH,1,5
2015.0,425796,CU,1,5
2015.0,425796,FF,1,5
2015.0,425796,SL,1,5
2015.0,425835,CH,1,5
2015.0,425835,CU,1,5
2015.0,425835,FF,1,5
2015.0,425835,IN,1,5
2015.0,425835,SI,1,5
2015.0,425835,SL,2,1
2015.0,425835,SL,1,3
2015.0,425840,CH,1,15
2015.0,425840,FF,2,3
2015.0,425840,FF,1,29
2015.0,425840,IN,1,10
2015.0,425840,SI,3,1
2015.0,425840,SI,1,27
2015.0,425840,SL,2,3
2015.0,425840,SL,1,29
2015.0,425844,CH,2,5
2015.0,425844,CH,1,25
2015.0,425844,CU,1,35
2015.0,425844,EP,1,15
2015.0,425844,FF,2,2
2015.0,425844,FF,1,31
2015.0,425844,IN,1,5
2015.0,425844,SI,2,1
2015.0,425844,SI,1,33
2015.0,425844,SL,2,3
2015.0,425844,SL,1,29
2015.0,425856,CH,1,5
2015.0,425856,CU,1,5
2015.0,425856,FC,1,5
2015.0,425856,FF,1,5
2015.0,425856,SI,1,5
2015.0,425856,SL,2,1
2015.0,425856,SL,1,3
2015.0,429400,CH,1,15
2015.0,429400,CU,1,15
2015.0,429400,FF,2,1
2015.0,429400,FF,1,8
2015.0,429400,IN,1,5
2015.0,429400,SI,3,1
2015.0,429400,SI,2,1
2015.0,429400,SI,1,10
2015.0,429717,FC,2,4
2015.0,429717,FC,1,27
2015.0,429717,FF,2,1
2015.0,429717,FF,1,33
2015.0,429717,FS,1,35
2015.0,429717,IN,1,10
2015.0,429717,KC,1,35
2015.0,429717,SI,2,3
2015.0,429717,SI,1,29
2015.0,429719,CH,2,2
2015.0,429719,CH,1,26
2015.0,429719,CU,2,2
2015.0,429719,CU,1,26
2015.0,429719,FF,2,3
2015.0,429719,FF,1,29
2015.0,429719,IN,1,5
2015.0,429719,SI,2,1
2015.0,429719,SI,1,28
2015.0,429719,SL,3,1
2015.0,429719,SL,2,6
2015.0,429719,SL,1,20
2015.0,429722,CH,3,1
2015.0,429722,CH,2,2
2015.0,429722,CH,1,13
2015.0,429722,FF,4,1
2015.0,429722,FF,1,16
2015.0,429722,IN,1,5
2015.0,429722,SI,2,1
2015.0,429722,SI,1,13
2015.0,429722,SL,3,2
2015.0,429722,SL,2,3
2015.0,429722,SL,1,8
2015.0,429780,CH,1,15
2015.0,429780,CU,2,2
2015.0,429780,CU,1,11
2015.0,429780,FC,1,15
2015.0,429780,FF,1,15
2015.0,429780,SI,1,10
2015.0,429781,CH,2,2
2015.0,429781,CH,1,6
2015.0,429781,CU,1,10
2015.0,429781,FC,2,1
2015.0,429781,FC,1,8
2015.0,429781,FF,2,1
2015.0,429781,FF,1,8
2015.0,429781,SI,1,10
2015.0,429781,SL,1,10
2015.0,429783,CH,2,2
2015.0,429783,CH,1,21
2015.0,429783,FC,1,25
2015.0,429783,FF,1,25
2015.0,429783,IN,1,15
2015.0,429783,SL,1,25
2015.0,430404,CU,5,1
2015.0,430580,CH,1,5
2015.0,430580,CU,2,4
2015.0,430580,CU,1,27
2015.0,430580,EP,2,1
2015.0,430580,EP,1,23
2015.0,430580,FC,2,2
2015.0,430580,FC,1,26
2015.0,430580,FF,2,1
2015.0,430580,FF,1,33
2015.0,430580,FS,2,2
2015.0,430580,FS,1,31
2015.0,430580,IN,1,5
2015.0,430580,PO,2,1
2015.0,430580,PO,1,3
2015.0,430580,SI,2,2
2015.0,430580,SI,1,31
2015.0,430580,SL,1,5
2015.0,430589,CH,2,1
2015.0,430589,CH,1,8
2015.0,430589,IN,1,5
2015.0,430589,SI,3,2
2015.0,430589,SI,2,7
2015.0,430589,SI,1,15
2015.0,430589,SL,3,3
2015.0,430589,SL,2,7
2015.0,430589,SL,1,12
2015.0,430599,CH,2,4
2015.0,430599,CH,1,22
2015.0,430599,CU,1,20
2015.0,430599,FF,2,3
2015.0,430599,FF,1,24
2015.0,430599,IN,2,1
2015.0,430599,IN,1,13
2015.0,430599,SI,2,2
2015.0,430599,SI,1,26
2015.0,430599,SL,2,3
2015.0,430599,SL,1,24
2015.0,430605,CH,1,5
2015.0,430605,CU,1,5
2015.0,430605,SL,1,5
2015.0,430613,CH,2,1
2015.0,430613,CH,1,3
2015.0,430613,FF,1,5
2015.0,430613,IN,1,5
2015.0,430613,SI,1,5
2015.0,430613,SL,2,1
2015.0,430613,SL,1,3
2015.0,430630,CH,2,2
2015.0,430630,CH,1,21
2015.0,430630,FF,2,4
2015.0,430630,FF,1,17
2015.0,430630,IN,1,15
2015.0,430630,SI,1,5
2015.0,430630,SL,2,3
2015.0,430630,SL,1,14
2015.0,430641,CH,2,3
2015.0,430641,CH,1,14
2015.0,430641,CU,2,2
2015.0,430641,CU,1,26
2015.0,430641,FF,3,1
2015.0,430641,FF,2,1
2015.0,430641,FF,1,30
2015.0,430641,IN,1,15
2015.0,430641,PO,1,5
2015.0,430641,SI,2,2
2015.0,430641,SI,1,31
2015.0,430641,SL,2,5
2015.0,430641,SL,1,25
2015.0,430661,CH,1,15
2015.0,430661,FF,2,2
2015.0,430661,FF,1,11
2015.0,430661,IN,1,5
2015.0,430661,SI,2,1
2015.0,430661,SI,1,13
2015.0,430661,SL,2,2
2015.0,430661,SL,1,11
2015.0,430911,FF,2,1
2015.0,430911,FF,1,13
2015.0,430911,FS,1,15
2015.0,430911,IN,1,15
2015.0,430911,PO,1,5
2015.0,430911,SL,6,1
2015.0,430911,SL,2,2
2015.0,430911,SL,1,5
2015.0,430912,CH,3,1
2015.0,430912,CH,2,2
2015.0,430912,CH,1,13
2015.0,430912,CU,1,20
2015.0,430912,FF,2,3
2015.0,430912,FF,1,14
2015.0,430912,SI,1,20
2015.0,430912,SL,4,1
2015.0,430912,SL,2,1
2015.0,430912,SL,1,14
2015.0,430935,CH,3,2
2015.0,430935,CH,1,29
2015.0,430935,CU,2,1
2015.0,430935,CU,1,33
2015.0,430935,FC,2,1
2015.0,430935,FC,1,33
2015.0,430935,FF,2,1
2015.0,430935,FF,1,33
2015.0,430935,IN,1,15
2015.0,430935,SI,2,3
2015.0,430935,SI,1,29
2015.0,431148,CH,2,6
2015.0,431148,CH,1,23
2015.0,431148,CU,2,1
2015.0,431148,CU,1,33
2015.0,431148,FC,2,1
2015.0,431148,FC,1,33
2015.0,431148,FF,1,35
2015.0,431148,SI,2,5
2015.0,431148,SI,1,25
2015.0,431148,SL,4,1
2015.0,431148,SL,2,3
2015.0,431148,SL,1,25
2015.0,431162,CH,2,4
2015.0,431162,CH,1,17
2015.0,431162,CU,2,2
2015.0,431162,CU,1,21
2015.0,431162,FF,1,15
2015.0,431162,IN,1,5
2015.0,431162,SI,2,1
2015.0,431162,SI,1,23
2015.0,431162,SL,3,1
2015.0,431162,SL,2,3
2015.0,431162,SL,1,16
2015.0,432934,CH,2,2
2015.0,432934,CH,1,31
2015.0,432934,FF,2,4
2015.0,432934,FF,1,27
2015.0,432934,PO,1,5
2015.0,432934,SL,2,2
2015.0,432934,SL,1,31
2015.0,433579,CH,3,1
2015.0,433579,CH,2,2
2015.0,433579,CH,1,28
2015.0,433579,CU,2,3
2015.0,433579,CU,1,29
2015.0,433579,EP,1,5
2015.0,433579,FC,2,2
2015.0,433579,FC,1,31
2015.0,433579,FF,2,1
2015.0,433579,FF,1,33
2015.0,433579,IN,2,1
2015.0,433579,IN,1,3
2015.0,433579,PO,1,10
2015.0,433579,SI,2,5
2015.0,433579,SI,1,25
2015.0,433579,SL,1,5
2015.0,433584,CH,4,1
2015.0,433584,CH,2,1
2015.0,433584,CH,1,14
2015.0,433584,FF,2,2
2015.0,433584,FF,1,16
2015.0,433584,IN,1,10
2015.0,433584,SI,2,2
2015.0,433584,SI,1,16
2015.0,433584,SL,2,3
2015.0,433584,SL,1,14
2015.0,433585,CH,3,1
2015.0,433585,CH,2,1
2015.0,433585,CH,1,15
2015.0,433585,CU,2,2
2015.0,433585,CU,1,16
2015.0,433585,FF,1,10
2015.0,433585,SI,2,3
2015.0,433585,SI,1,14
2015.0,433585,SL,2,2
2015.0,433585,SL,1,16
2015.0,433586,CH,2,2
2015.0,433586,CH,1,31
2015.0,433586,FF,2,1
2015.0,433586,FF,1,33
2015.0,433586,IN,1,10
2015.0,433586,KC,1,35
2015.0,433586,SI,3,1
2015.0,433586,SI,2,5
2015.0,433586,SI,1,22
2015.0,433586,SL,1,30
2015.0,433587,CH,2,3
2015.0,433587,CH,1,24
2015.0,433587,CU,2,2
2015.0,433587,CU,1,26
2015.0,433587,FF,2,1
2015.0,433587,FF,1,28
2015.0,433587,PO,2,1
2015.0,433587,PO,1,18
2015.0,433587,SI,2,2
2015.0,433587,SI,1,26
2015.0,433587,SL,3,1
2015.0,433587,SL,2,1
2015.0,433587,SL,1,25
2015.0,433589,CH,1,35
2015.0,433589,CU,1,35
2015.0,433589,FC,2,3
2015.0,433589,FC,1,24
2015.0,433589,FF,1,35
2015.0,433589,IN,1,10
2015.0,433589,PO,1,5
2015.0,433589,SL,2,3
2015.0,433589,SL,1,29
2015.0,434137,CH,1,15
2015.0,434137,CU,2,1
2015.0,434137,CU,1,13
2015.0,434137,FF,1,15
2015.0,434137,SI,2,3
2015.0,434137,SI,1,9
2015.0,434378,CH,2,1
2015.0,434378,CH,1,23
2015.0,434378,CU,1,25
2015.0,434378,FF,2,3
2015.0,434378,FF,1,19
2015.0,434378,IN,1,5
2015.0,434378,PO,1,10
2015.0,434378,SL,2,2
2015.0,434378,SL,1,21
2015.0,434442,CH,3,2
2015.0,434442,CH,2,5
2015.0,434442,CH,1,19
2015.0,434442,FF,1,10
2015.0,434442,IN,1,5
2015.0,434442,KC,2,3
2015.0,434442,KC,1,29
2015.0,434442,SI,3,1
2015.0,434442,SI,2,2
2015.0,434442,SI,1,28
2015.0,434538,CH,2,1
2015.0,434538,CH,1,33
2015.0,434538,CU,1,10
2015.0,434538,FF,3,1
2015.0,434538,FF,2,2
2015.0,434538,FF,1,23
2015.0,434538,IN,1,5
2015.0,434538,SI,2,3
2015.0,434538,SI,1,29
2015.0,434538,SL,2,3
2015.0,434538,SL,1,29
2015.0,434540,CH,3,1
2015.0,434540,CH,1,2
2015.0,434540,CU,2,1
2015.0,434540,CU,1,3
2015.0,434540,SL,2,1
2015.0,434540,SL,1,3
2015.0,434622,CU,2,2
2015.0,434622,CU,1,31
2015.0,434622,FC,1,10
2015.0,434622,FF,2,1
2015.0,434622,FF,1,33
2015.0,434622,FS,2,2
2015.0,434622,FS,1,31
2015.0,434622,IN,1,5
2015.0,434622,PO,1,5
2015.0,434622,SI,2,2
2015.0,434622,SI,1,31
2015.0,434622,SL,2,5
2015.0,434622,SL,1,25
2015.0,434628,CH,2,4
2015.0,434628,CH,1,27
2015.0,434628,CU,2,2
2015.0,434628,CU,1,31
2015.0,434628,FF,2,4
2015.0,434628,FF,1,27
2015.0,434628,IN,1,15
2015.0,434628,SI,2,5
2015.0,434628,SI,1,25
2015.0,434628,SL,3,1
2015.0,434628,SL,2,5
2015.0,434628,SL,1,22
2015.0,434643,CH,2,2
2015.0,434643,CH,1,16
2015.0,434643,CU,2,2
2015.0,434643,CU,1,16
2015.0,434643,FF,1,20
2015.0,434643,IN,1,10
2015.0,434643,SI,2,3
2015.0,434643,SI,1,14
2015.0,434665,CU,1,20
2015.0,434665,FC,2,2
2015.0,434665,FC,1,16
2015.0,434665,FF,2,1
2015.0,434665,FF,1,18
2015.0,434665,FS,1,20
2015.0,434665,IN,1,10
2015.0,434665,SI,1,20
2015.0,434671,CH,3,1
2015.0,434671,CH,1,22
2015.0,434671,CU,2,1
2015.0,434671,CU,1,23
2015.0,434671,FA,1,5
2015.0,434671,FC,2,1
2015.0,434671,FC,1,23
2015.0,434671,FF,2,1
2015.0,434671,FF,1,23
2015.0,434671,FS,2,2
2015.0,434671,FS,1,21
2015.0,434671,IN,1,5
2015.0,434671,PO,1,5
2015.0,434671,SI,1,25
2015.0,434671,SL,2,2
2015.0,434671,SL,1,21
2015.0,434678,CH,2,1
2015.0,434678,CH,1,3
2015.0,434678,CU,1,5
2015.0,434678,FC,2,1
2015.0,434678,FC,1,3
2015.0,434678,FF,1,5
2015.0,434718,CH,2,3
2015.0,434718,CH,1,24
2015.0,434718,IN,1,15
2015.0,434718,SI,2,2
2015.0,434718,SI,1,26
2015.0,434718,SL,2,3
2015.0,434718,SL,1,24
2015.0,435043,CH,2,4
2015.0,435043,CH,1,22
2015.0,435043,CU,2,1
2015.0,435043,CU,1,33
2015.0,435043,FF,2,2
2015.0,435043,FF,1,26
2015.0,435043,IN,1,25
2015.0,435043,SI,2,4
2015.0,435043,SI,1,27
2015.0,435043,SL,2,3
2015.0,435043,SL,1,24
2015.0,435044,CH,2,1
2015.0,435044,CH,1,8
2015.0,435044,FF,2,2
2015.0,435044,FF,1,6
2015.0,435044,SI,1,10
2015.0,435044,SL,1,10
2015.0,435045,CH,1,10
2015.0,435045,FC,1,5
2015.0,435045,FF,2,3
2015.0,435045,FF,1,9
2015.0,435045,IN,1,5
2015.0,435045,SL,3,1
2015.0,435045,SL,2,2
2015.0,435045,SL,1,8
2015.0,435221,CU,1,5
2015.0,435221,FC,1,5
2015.0,435221,FF,1,5
2015.0,435221,SI,2,1
2015.0,435221,SI,1,3
2015.0,435400,CU,2,1
2015.0,435400,CU,1,8
2015.0,435400,FC,1,25
2015.0,435400,FF,3,1
2015.0,435400,FF,2,2
2015.0,435400,FF,1,18
2015.0,435400,IN,2,1
2015.0,435400,IN,1,13
2015.0,435400,SI,2,2
2015.0,435400,SI,1,21
2015.0,444436,CH,3,2
2015.0,444436,CH,2,2
2015.0,444436,CH,1,20
2015.0,444436,IN,1,10
2015.0,444436,SI,2,2
2015.0,444436,SI,1,26
2015.0,444436,SL,3,1
2015.0,444436,SL,2,2
2015.0,444436,SL,1,23
2015.0,444446,CH,2,3
2015.0,444446,CH,1,9
2015.0,444446,CU,2,2
2015.0,444446,CU,1,11
2015.0,444446,FF,2,1
2015.0,444446,FF,1,13
2015.0,444446,SI,1,10
2015.0,444468,CH,3,1
2015.0,444468,CH,2,3
2015.0,444468,CH,1,21
2015.0,444468,CU,1,5
2015.0,444468,FC,1,20
2015.0,444468,FF,2,3
2015.0,444468,FF,1,29
2015.0,444468,PO,1,5
2015.0,444468,SI,4,1
2015.0,444468,SI,2,2
2015.0,444468,SI,1,27
2015.0,444468,SL,2,5
2015.0,444468,SL,1,25
2015.0,444520,CH,2,4
2015.0,444520,CH,1,27
2015.0,444520,CU,2,1
2015.0,444520,CU,1,33
2015.0,444520,FF,2,1
2015.0,444520,FF,1,33
2015.0,444520,IN,1,20
2015.0,444520,SI,1,35
2015.0,444520,SL,2,3
2015.0,444520,SL,1,29
2015.0,444836,CH,1,5
2015.0,444836,FC,1,5
2015.0,444836,FF,2,1
2015.0,444836,FF,1,3
2015.0,444836,IN,1,5
2015.0,444836,SI,1,5
2015.0,444836,SL,2,1
2015.0,444836,SL,1,3
2015.0,444857,CH,1,20
2015.0,444857,CU,2,4
2015.0,444857,CU,1,17
2015.0,444857,FC,1,25
2015.0,444857,FF,2,1
2015.0,444857,FF,1,23
2015.0,444857,PO,1,5
2015.0,444857,SI,2,1
2015.0,444857,SI,1,23
2015.0,444935,FC,2,2
2015.0,444935,FC,1,16
2015.0,444935,FF,3,1
2015.0,444935,FF,2,2
2015.0,444935,FF,1,13
2015.0,444935,IN,1,5
2015.0,444935,SL,1,20
2015.0,445060,CU,3,1
2015.0,445060,CU,2,2
2015.0,445060,CU,1,13
2015.0,445060,FF,2,3
2015.0,445060,FF,1,14
2015.0,445060,FS,1,15
2015.0,445060,IN,1,10
2015.0,445060,SI,1,20
2015.0,445060,SL,2,1
2015.0,445060,SL,1,18
2015.0,445163,CH,2,2
2015.0,445163,CH,1,16
2015.0,445163,CU,2,2
2015.0,445163,CU,1,26
2015.0,445163,FC,2,1
2015.0,445163,FC,1,28
2015.0,445163,FF,3,1
2015.0,445163,FF,2,2
2015.0,445163,FF,1,23
2015.0,445163,IN,1,20
2015.0,445163,SI,2,1
2015.0,445163,SI,1,18
2015.0,445163,SL,2,1
2015.0,445163,SL,1,23
2015.0,445170,CH,2,1
2015.0,445170,CH,1,8
2015.0,445170,FF,1,10
2015.0,445170,SI,4,1
2015.0,445170,SI,3,1
2015.0,445170,SI,2,2
2015.0,445170,SI,1,9
2015.0,445170,SL,2,2
2015.0,445170,SL,1,16
2015.0,445197,CU,2,1
2015.0,445197,CU,1,8
2015.0,445197,FF,4,1
2015.0,445197,FF,2,1
2015.0,445197,FF,1,29
2015.0,445197,IN,1,5
2015.0,445197,SI,2,1
2015.0,445197,SI,1,18
2015.0,445197,SL,2,1
2015.0,445197,SL,1,33
2015.0,445213,CH,1,5
2015.0,445213,FF,2,1
2015.0,445213,FF,1,3
2015.0,445213,SI,2,1
2015.0,445213,SI,1,3
2015.0,445213,SL,1,5
2015.0,445276,FC,2,5
2015.0,445276,FC,1,20
2015.0,445276,FF,3,1
2015.0,445276,FF,2,3
2015.0,445276,FF,1,21
2015.0,445276,IN,1,5
2015.0,445276,PO,1,5
2015.0,445276,SL,2,5
2015.0,445276,SL,1,20
2015.0,445590,CH,2,2
2015.0,445590,CH,1,6
2015.0,445590,CU,2,1
2015.0,445590,CU,1,8
2015.0,445590,FF,1,10
2015.0,445590,IN,1,5
2015.0,445590,SI,1,10
2015.0,445590,SL,2,1
2015.0,445590,SL,1,8
2015.0,445612,CH,2,3
2015.0,445612,CH,1,19
2015.0,445612,FF,1,25
2015.0,445612,IN,1,20
2015.0,445612,SI,1,15
2015.0,445612,SL,2,2
2015.0,445612,SL,1,21
2015.0,445926,CH,2,3
2015.0,445926,CH,1,24
2015.0,445926,CU,1,20
2015.0,445926,FC,2,1
2015.0,445926,FC,1,28
2015.0,445926,FF,2,3
2015.0,445926,FF,1,24
2015.0,445926,IN,1,10
2015.0,445926,PO,1,10
2015.0,445926,SI,2,1
2015.0,445926,SI,1,28
2015.0,445926,SL,2,3
2015.0,445926,SL,1,14
2015.0,445968,CH,1,5
2015.0,445968,CU,2,1
2015.0,445968,CU,1,3
2015.0,445968,FF,1,5
2015.0,445968,IN,1,5
2015.0,445968,SI,1,5
2015.0,445968,SL,1,10
2015.0,446099,CU,2,2
2015.0,446099,CU,1,31
2015.0,446099,FF,1,35
2015.0,446099,IN,1,5
2015.0,446099,PO,1,5
2015.0,446099,SI,1,5
2015.0,446099,SL,3,1
2015.0,446099,SL,2,3
2015.0,446099,SL,1,26
2015.0,446321,CH,3,2
2015.0,446321,CH,2,3
2015.0,446321,CH,1,18
2015.0,446321,CU,1,5
2015.0,446321,FF,2,2
2015.0,446321,FF,1,26
2015.0,446321,IN,1,5
2015.0,446321,SI,2,1
2015.0,446321,SI,1,28
2015.0,446321,SL,2,2
2015.0,446321,SL,1,26
2015.0,446372,CH,3,1
2015.0,446372,CH,2,3
2015.0,446372,CH,1,26
2015.0,446372,CU,2,4
2015.0,446372,CU,1,27
2015.0,446372,FF,2,1
2015.0,446372,FF,1,33
2015.0,446372,IN,1,10
2015.0,446372,SI,2,1
2015.0,446372,SI,1,33
2015.0,446372,SL,2,3
2015.0,446372,SL,1,29
2015.0,446399,CH,1,25
2015.0,446399,CU,2,4
2015.0,446399,CU,1,27
2015.0,446399,FC,2,1
2015.0,446399,FC,1,33
2015.0,446399,FF,2,3
2015.0,446399,FF,1,29
2015.0,446399,IN,2,1
2015.0,446399,IN,1,18
2015.0,446399,SI,2,6
2015.0,446399,SI,1,23
2015.0,446899,CH,3,1
2015.0,446899,CH,2,5
2015.0,446899,CH,1,22
2015.0,446899,CU,3,1
2015.0,446899,CU,2,2
2015.0,446899,CU,1,28
2015.0,446899,IN,2,2
2015.0,446899,IN,1,6
2015.0,446899,PO,1,5
2015.0,446899,SI,2,4
2015.0,446899,SI,1,27
2015.0,447714,CH,1,25
2015.0,447714,FF,3,1
2015.0,447714,FF,2,2
2015.0,447714,FF,1,18
2015.0,447714,IN,1,10
2015.0,447714,SI,2,1
2015.0,447714,SI,1,23
2015.0,447714,SL,3,1
2015.0,447714,SL,2,1
2015.0,447714,SL,1,20
2015.0,447755,CH,2,1
2015.0,447755,CH,1,18
2015.0,447755,FF,3,1
2015.0,447755,FF,1,17
2015.0,447755,IN,1,5
2015.0,447755,SI,3,1
2015.0,447755,SI,1,12
2015.0,447755,SL,2,4
2015.0,447755,SL,1,12
2015.0,448159,FF,3,1
2015.0,448159,FF,2,3
2015.0,448159,FF,1,26
2015.0,448159,FS,2,2
2015.0,448159,FS,1,21
2015.0,448159,IN,1,5
2015.0,448159,SI,2,1
2015.0,448159,SI,1,23
2015.0,448159,SL,2,3
2015.0,448159,SL,1,29
2015.0,448178,CH,2,5
2015.0,448178,CH,1,25
2015.0,448178,CU,2,3
2015.0,448178,CU,1,29
2015.0,448178,FF,4,1
2015.0,448178,FF,2,1
2015.0,448178,FF,1,29
2015.0,448178,IN,1,5
2015.0,448178,SI,2,3
2015.0,448178,SI,1,19
2015.0,448179,CH,2,1
2015.0,448179,CH,1,8
2015.0,448179,CS,1,5
2015.0,448179,CU,1,10
2015.0,448179,FF,1,10
2015.0,448179,SI,1,10
2015.0,448179,SL,1,5
2015.0,448281,CH,2,5
2015.0,448281,CH,1,10
2015.0,448281,CU,2,1
2015.0,448281,CU,1,18
2015.0,448281,FF,1,15
2015.0,448281,SI,2,2
2015.0,448281,SI,1,11
2015.0,448306,CH,2,1
2015.0,448306,CH,1,28
2015.0,448306,FC,2,1
2015.0,448306,FC,1,28
2015.0,448306,FF,2,3
2015.0,448306,FF,1,24
2015.0,448306,IN,1,15
2015.0,448306,KC,1,30
2015.0,448306,SI,2,3
2015.0,448306,SI,1,24
2015.0,448609,CH,5,1
2015.0,448609,CH,2,3
2015.0,448609,CH,1,24
2015.0,448609,FF,2,3
2015.0,448609,FF,1,29
2015.0,448609,IN,1,5
2015.0,448609,SI,3,1
2015.0,448609,SI,1,22
2015.0,448609,SL,2,3
2015.0,448609,SL,1,29
2015.0,448614,CH,2,2
2015.0,448614,CH,1,11
2015.0,448614,CU,2,3
2015.0,448614,CU,1,29
2015.0,448614,FC,2,2
2015.0,448614,FC,1,31
2015.0,448614,FF,3,1
2015.0,448614,FF,2,3
2015.0,448614,FF,1,26
2015.0,448614,IN,1,20
2015.0,448614,SI,1,30
2015.0,448802,CH,2,1
2015.0,448802,CH,1,28
2015.0,448802,CU,2,3
2015.0,448802,CU,1,24
2015.0,448802,FC,2,2
2015.0,448802,FC,1,21
2015.0,448802,FF,2,4
2015.0,448802,FF,1,22
2015.0,448802,PO,1,10
2015.0,448802,SI,2,3
2015.0,448802,SI,1,24
2015.0,448802,SL,2,2
2015.0,448802,SL,1,26
2015.0,448855,CU,1,5
2015.0,448855,FF,1,5
2015.0,448855,FS,1,5
2015.0,448855,IN,1,5
2015.0,448855,SI,1,5
2015.0,448855,SL,1,5
2015.0,449079,CH,1,10
2015.0,449079,FF,2,1
2015.0,449079,FF,1,13
2015.0,449079,IN,1,5
2015.0,449079,KC,2,1
2015.0,449079,KC,1,13
2015.0,449079,SI,2,1
2015.0,449079,SI,1,3
2015.0,449079,SL,2,1
2015.0,449079,SL,1,3
2015.0,449097,FF,2,1
2015.0,449097,FF,1,28
2015.0,449097,FS,2,4
2015.0,449097,FS,1,22
2015.0,449097,IN,1,10
2015.0,449097,SI,2,1
2015.0,449097,SI,1,23
2015.0,449097,SL,2,1
2015.0,449097,SL,1,28
2015.0,449170,FF,2,1
2015.0,449170,FF,1,8
2015.0,449170,IN,1,5
2015.0,449170,SI,1,10
2015.0,449170,SL,1,10
2015.0,450172,CH,2,6
2015.0,450172,CH,1,28
2015.0,450172,FF,2,2
2015.0,450172,FF,1,36
2015.0,450172,IN,1,10
2015.0,450172,KC,2,3
2015.0,450172,KC,1,34
2015.0,450172,SI,2,2
2015.0,450172,SI,1,36
2015.0,450203,CU,2,2
2015.0,450203,CU,1,21
2015.0,450203,FF,2,3
2015.0,450203,FF,1,19
2015.0,450203,FS,2,1
2015.0,450203,FS,1,23
2015.0,450203,IN,1,15
2015.0,450203,PO,2,1
2015.0,450203,PO,1,3
2015.0,450203,SI,1,25
2015.0,450212,CH,2,2
2015.0,450212,CH,1,31
2015.0,450212,IN,1,5
2015.0,450212,SI,3,2
2015.0,450212,SI,2,2
2015.0,450212,SI,1,25
2015.0,450212,SL,2,1
2015.0,450212,SL,1,33
2015.0,450275,FF,2,2
2015.0,450275,FF,1,26
2015.0,450275,IN,1,5
2015.0,450275,PO,1,15
2015.0,450275,SI,2,5
2015.0,450275,SI,1,20
2015.0,450275,SL,3,1
2015.0,450275,SL,2,2
2015.0,450275,SL,1,23
2015.0,450282,FF,2,6
2015.0,450282,FF,1,23
2015.0,450282,IN,1,10
2015.0,450282,SI,2,6
2015.0,450282,SI,1,23
2015.0,450282,SL,2,3
2015.0,450282,SL,1,29
2015.0,450306,CH,2,1
2015.0,450306,CH,1,18
2015.0,450306,FC,1,5
2015.0,450306,FF,2,2
2015.0,450306,FF,1,16
2015.0,450306,KC,3,2
2015.0,450306,KC,2,1
2015.0,450306,KC,1,12
2015.0,450306,SI,1,15
2015.0,450308,CH,2,2
2015.0,450308,CH,1,26
2015.0,450308,CU,2,1
2015.0,450308,CU,1,28
2015.0,450308,FC,2,2
2015.0,450308,FC,1,21
2015.0,450308,FF,2,1
2015.0,450308,FF,1,28
2015.0,450308,IN,1,10
2015.0,450308,PO,1,10
2015.0,450308,SI,3,1
2015.0,450308,SI,2,3
2015.0,450308,SI,1,21
2015.0,450308,SL,1,30
2015.0,450351,CH,1,20
2015.0,450351,CU,1,20
2015.0,450351,FC,2,2
2015.0,450351,FC,1,16
2015.0,450351,FF,2,1
2015.0,450351,FF,1,18
2015.0,450351,IN,1,10
2015.0,450351,SI,1,20
2015.0,450351,SL,2,1
2015.0,450351,SL,1,18
2015.0,450665,CH,2,1
2015.0,450665,CH,1,18
2015.0,450665,CU,2,2
2015.0,450665,CU,1,16
2015.0,450665,FF,2,1
2015.0,450665,FF,1,18
2015.0,450665,SI,2,6
2015.0,450665,SI,1,8
2015.0,450729,CH,2,3
2015.0,450729,CH,1,24
2015.0,450729,CU,2,2
2015.0,450729,CU,1,26
2015.0,450729,FC,1,30
2015.0,450729,FF,2,1
2015.0,450729,FF,1,28
2015.0,450729,IN,1,15
2015.0,450729,SI,2,1
2015.0,450729,SI,1,28
2015.0,451085,CH,2,2
2015.0,451085,CH,1,26
2015.0,451085,CU,2,2
2015.0,451085,CU,1,21
2015.0,451085,FF,2,5
2015.0,451085,FF,1,25
2015.0,451085,IN,1,10
2015.0,451085,SI,2,3
2015.0,451085,SI,1,19
2015.0,451085,SL,3,1
2015.0,451085,SL,2,1
2015.0,451085,SL,1,25
2015.0,451532,CH,1,10
2015.0,451532,CU,1,10
2015.0,451532,FC,2,1
2015.0,451532,FC,1,8
2015.0,451532,FF,1,10
2015.0,451532,SI,1,10
2015.0,451532,SL,1,10
2015.0,451584,FC,3,1
2015.0,451584,FC,2,8
2015.0,451584,FC,1,21
2015.0,451584,FF,3,2
2015.0,451584,FF,2,2
2015.0,451584,FF,1,30
2015.0,451584,IN,1,5
2015.0,451584,KC,2,5
2015.0,451584,KC,1,30
2015.0,451584,PO,1,5
2015.0,451584,SI,2,1
2015.0,451584,SI,1,23
2015.0,451596,CH,2,4
2015.0,451596,CH,1,27
2015.0,451596,CU,2,1
2015.0,451596,CU,1,33
2015.0,451596,FC,1,5
2015.0,451596,FF,2,1
2015.0,451596,FF,1,33
2015.0,451596,PO,1,5
2015.0,451596,SI,2,2
2015.0,451596,SI,1,31
2015.0,451596,SL,2,2
2015.0,451596,SL,1,31
2015.0,451661,CH,2,4
2015.0,451661,CH,1,27
2015.0,451661,FF,1,35
2015.0,451661,IN,1,15
2015.0,451661,KC,3,1
2015.0,451661,KC,2,3
2015.0,451661,KC,1,26
2015.0,451661,SL,2,2
2015.0,451661,SL,1,31
2015.0,451775,CH,2,1
2015.0,451775,CH,1,23
2015.0,451775,CU,2,3
2015.0,451775,CU,1,24
2015.0,451775,FC,2,1
2015.0,451775,FC,1,28
2015.0,451775,FF,2,2
2015.0,451775,FF,1,26
2015.0,451775,IN,1,5
2015.0,451775,PO,1,5
2015.0,451788,CH,2,2
2015.0,451788,CH,1,11
2015.0,451788,CU,1,15
2015.0,451788,FC,2,1
2015.0,451788,FC,1,13
2015.0,451788,FF,1,15
2015.0,451788,IN,1,10
2015.0,451788,SI,2,1
2015.0,451788,SI,1,13
2015.0,451788,SL,1,10
2015.0,452027,CH,2,2
2015.0,452027,CH,1,6
2015.0,452027,CU,3,1
2015.0,452027,CU,1,7
2015.0,452027,FF,1,10
2015.0,452027,SI,2,1
2015.0,452027,SI,1,8
2015.0,452027,SL,3,1
2015.0,452027,SL,1,7
2015.0,452657,CH,2,2
2015.0,452657,CH,1,31
2015.0,452657,CU,2,1
2015.0,452657,CU,1,33
2015.0,452657,FC,2,1
2015.0,452657,FC,1,33
2015.0,452657,FF,2,1
2015.0,452657,FF,1,33
2015.0,452657,SI,2,1
2015.0,452657,SI,1,33
2015.0,452666,CH,2,2
2015.0,452666,CH,1,31
2015.0,452666,CU,2,1
2015.0,452666,CU,1,33
2015.0,452666,FF,3,1
2015.0,452666,FF,2,1
2015.0,452666,FF,1,30
2015.0,452666,IN,2,1
2015.0,452666,IN,1,13
2015.0,452666,PO,1,5
2015.0,452666,SI,2,2
2015.0,452666,SI,1,31
2015.0,452666,SL,2,3
2015.0,452666,SL,1,29
2015.0,452718,CH,2,3
2015.0,452718,CH,1,29
2015.0,452718,FC,2,2
2015.0,452718,FC,1,31
2015.0,452718,IN,2,1
2015.0,452718,IN,1,13
2015.0,452718,PO,1,15
2015.0,452718,SI,2,4
2015.0,452718,SI,1,27
2015.0,452718,SL,2,3
2015.0,452718,SL,1,29
2015.0,452733,CH,3,1
2015.0,452733,CH,2,2
2015.0,452733,CH,1,23
2015.0,452733,FF,1,15
2015.0,452733,IN,1,10
2015.0,452733,SI,2,2
2015.0,452733,SI,1,26
2015.0,452733,SL,2,1
2015.0,452733,SL,1,28
2015.0,453156,CH,2,1
2015.0,453156,CH,1,23
2015.0,453156,CU,2,1
2015.0,453156,CU,1,23
2015.0,453156,PO,1,5
2015.0,453156,SI,2,1
2015.0,453156,SI,1,23
2015.0,453156,SL,3,1
2015.0,453156,SL,2,3
2015.0,453156,SL,1,16
2015.0,453172,CH,2,4
2015.0,453172,CH,1,17
2015.0,453172,FF,2,1
2015.0,453172,FF,1,33
2015.0,453172,IN,1,10
2015.0,453172,PO,1,5
2015.0,453172,SI,2,3
2015.0,453172,SI,1,29
2015.0,453172,SL,2,6
2015.0,453172,SL,1,23
2015.0,453178,CH,3,1
2015.0,453178,CH,2,2
2015.0,453178,CH,1,28
2015.0,453178,FF,2,4
2015.0,453178,FF,1,27
2015.0,453178,IN,1,15
2015.0,453178,KC,2,2
2015.0,453178,KC,1,31
2015.0,453178,PO,1,10
2015.0,453178,SI,1,25
2015.0,453178,SL,2,3
2015.0,453178,SL,1,29
2015.0,453192,FF,2,3
2015.0,453192,FF,1,29
2015.0,453192,IN,1,5
2015.0,453192,SI,2,3
2015.0,453192,SI,1,14
2015.0,453192,SL,4,1
2015.0,453192,SL,3,1
2015.0,453192,SL,2,3
2015.0,453192,SL,1,22
2015.0,453203,CH,2,1
2015.0,453203,CH,1,3
2015.0,453203,CU,1,5
2015.0,453203,SL,3,1
2015.0,453203,SL,1,2
2015.0,453214,CU,2,2
2015.0,453214,CU,1,21
2015.0,453214,FF,2,1
2015.0,453214,FF,1,23
2015.0,453214,KN,3,1
2015.0,453214,KN,2,2
2015.0,453214,KN,1,18
2015.0,453222,CH,3,1
2015.0,453222,CH,2,5
2015.0,453222,CH,1,22
2015.0,453222,CU,2,2
2015.0,453222,CU,1,26
2015.0,453222,FC,1,25
2015.0,453222,FF,2,1
2015.0,453222,FF,1,28
2015.0,453222,IN,1,10
2015.0,453222,PO,1,5
2015.0,453222,SI,2,4
2015.0,453222,SI,1,27
2015.0,453222,SL,2,1
2015.0,453222,SL,1,33
2015.0,453249,CH,1,5
2015.0,453249,CU,2,1
2015.0,453249,CU,1,23
2015.0,453249,FF,2,2
2015.0,453249,FF,1,16
2015.0,453249,SI,2,3
2015.0,453249,SI,1,19
2015.0,453264,CH,1,10
2015.0,453264,CU,2,1
2015.0,453264,CU,1,8
2015.0,453264,FF,1,10
2015.0,453264,SI,1,10
2015.0,453265,CH,2,2
2015.0,453265,CH,1,31
2015.0,453265,IN,1,5
2015.0,453265,SI,2,2
2015.0,453265,SI,1,31
2015.0,453265,SL,3,1
2015.0,453265,SL,2,4
2015.0,453265,SL,1,24
2015.0,453286,CH,2,6
2015.0,453286,CH,1,23
2015.0,453286,CU,2,3
2015.0,453286,CU,1,29
2015.0,453286,FC,2,1
2015.0,453286,FC,1,33
2015.0,453286,FF,2,1
2015.0,453286,FF,1,33
2015.0,453286,SL,2,3
2015.0,453286,SL,1,29
2015.0,453307,CH,2,5
2015.0,453307,CH,1,5
2015.0,453307,FC,3,1
2015.0,453307,FC,1,7
2015.0,453307,FF,2,3
2015.0,453307,FF,1,9
2015.0,453307,SL,1,5
2015.0,453311,CH,2,1
2015.0,453311,CH,1,13
2015.0,453311,CU,1,15
2015.0,453311,FF,1,15
2015.0,453311,IN,1,5
2015.0,453311,SI,2,1
2015.0,453311,SI,1,13
2015.0,453311,SL,2,3
2015.0,453311,SL,1,9
2015.0,453329,CH,1,20
2015.0,453329,CU,1,20
2015.0,453329,FC,2,1
2015.0,453329,FC,1,18
2015.0,453329,FF,2,1
2015.0,453329,FF,1,18
2015.0,453329,FS,3,1
2015.0,453329,FS,2,3
2015.0,453329,FS,1,11
2015.0,453329,SI,2,3
2015.0,453329,SI,1,14
2015.0,453343,FC,2,6
2015.0,453343,FC,1,23
2015.0,453343,FF,2,3
2015.0,453343,FF,1,29
2015.0,453343,FS,1,5
2015.0,453343,IN,1,10
2015.0,453343,KC,3,1
2015.0,453343,KC,2,2
2015.0,453343,KC,1,28
2015.0,453344,EP,1,5
2015.0,453344,FF,1,10
2015.0,453344,FS,2,1
2015.0,453344,FS,1,8
2015.0,453344,KC,1,10
2015.0,453344,SI,1,5
2015.0,453344,SL,2,1
2015.0,453344,SL,1,8
2015.0,453385,CH,2,3
2015.0,453385,CH,1,14
2015.0,453385,CU,2,2
2015.0,453385,CU,1,16
2015.0,453385,FF,2,3
2015.0,453385,FF,1,14
2015.0,453385,IN,1,5
2015.0,453385,SI,2,1
2015.0,453385,SI,1,18
2015.0,453385,SL,1,20
2015.0,453562,CH,3,1
2015.0,453562,CH,2,2
2015.0,453562,CH,1,28
2015.0,453562,CU,1,35
2015.0,453562,FF,1,35
2015.0,453562,IN,1,15
2015.0,453562,SI,2,2
2015.0,453562,SI,1,31
2015.0,453562,SL,2,3
2015.0,453562,SL,1,29
2015.0,453646,CH,3,2
2015.0,453646,CH,2,5
2015.0,453646,CH,1,19
2015.0,453646,CU,1,35
2015.0,453646,EP,1,15
2015.0,453646,FF,3,1
2015.0,453646,FF,2,1
2015.0,453646,FF,1,30
2015.0,453646,IN,1,10
2015.0,453646,SI,2,1
2015.0,453646,SI,1,33
2015.0,453646,SL,2,2
2015.0,453646,SL,1,31
2015.0,453895,CH,1,5
2015.0,453895,CU,1,5
2015.0,455009,CU,1,30
2015.0,455009,FF,2,3
2015.0,455009,FF,1,29
2015.0,455009,IN,1,5
2015.0,455009,PO,1,5
2015.0,455009,SI,2,2
2015.0,455009,SI,1,31
2015.0,455009,SL,2,5
2015.0,455009,SL,1,25
2015.0,455119,CU,2,3
2015.0,455119,CU,1,19
2015.0,455119,FC,1,25
2015.0,455119,FF,2,4
2015.0,455119,FF,1,17
2015.0,455119,IN,1,5
2015.0,455119,SI,2,1
2015.0,455119,SI,1,18
2015.0,455374,CH,3,1
2015.0,455374,CH,2,1
2015.0,455374,CH,1,30
2015.0,455374,FF,3,1
2015.0,455374,FF,2,2
2015.0,455374,FF,1,28
2015.0,455374,IN,2,1
2015.0,455374,IN,1,8
2015.0,455374,SI,1,5
2015.0,455374,SL,5,1
2015.0,455374,SL,2,4
2015.0,455374,SL,1,22
2015.0,456027,CH,3,2
2015.0,456027,CH,2,2
2015.0,456027,CH,1,10
2015.0,456027,FF,2,5
2015.0,456027,FF,1,15
2015.0,456027,IN,1,10
2015.0,456027,SL,2,1
2015.0,456027,SL,1,23
2015.0,456034,CH,3,1
2015.0,456034,CH,2,4
2015.0,456034,CH,1,24
2015.0,456034,FC,2,1
2015.0,456034,FC,1,33
2015.0,456034,FF,2,2
2015.0,456034,FF,1,31
2015.0,456034,IN,1,10
2015.0,456034,KC,3,1
2015.0,456034,KC,2,3
2015.0,456034,KC,1,26
2015.0,456034,SI,3,2
2015.0,456034,SI,2,4
2015.0,456034,SI,1,21
2015.0,456051,CH,2,2
2015.0,456051,CH,1,11
2015.0,456051,CU,1,15
2015.0,456051,FF,2,1
2015.0,456051,FF,1,13
2015.0,456051,IN,1,5
2015.0,456051,SI,2,2
2015.0,456051,SI,1,6
2015.0,456051,SL,2,1
2015.0,456051,SL,1,13
2015.0,456068,CH,2,3
2015.0,456068,CH,1,24
2015.0,456068,CU,2,1
2015.0,456068,CU,1,28
2015.0,456068,FF,2,2
2015.0,456068,FF,1,26
2015.0,456068,IN,1,5
2015.0,456068,PO,1,10
2015.0,456068,SI,2,3
2015.0,456068,SI,1,24
2015.0,456068,SL,2,2
2015.0,456068,SL,1,26
2015.0,456071,CH,2,4
2015.0,456071,CH,1,17
2015.0,456071,FF,2,1
2015.0,456071,FF,1,18
2015.0,456071,IN,2,1
2015.0,456071,IN,1,8
2015.0,456071,SI,2,2
2015.0,456071,SI,1,21
2015.0,456071,SL,2,2
2015.0,456071,SL,1,21
2015.0,456121,CU,1,5
2015.0,456379,FF,3,1
2015.0,456379,FF,2,5
2015.0,456379,FF,1,17
2015.0,456379,IN,2,1
2015.0,456379,IN,1,13
2015.0,456379,SI,2,1
2015.0,456379,SI,1,28
2015.0,456379,SL,2,5
2015.0,456379,SL,1,20
2015.0,456496,FF,2,5
2015.0,456496,FF,1,15
2015.0,456496,IN,1,5
2015.0,456496,SI,3,1
2015.0,456496,SI,2,2
2015.0,456496,SI,1,18
2015.0,456496,SL,2,3
2015.0,456496,SL,1,19
2015.0,456501,CH,3,1
2015.0,456501,CH,2,2
2015.0,456501,CH,1,28
2015.0,456501,CU,1,25
2015.0,456501,FC,2,4
2015.0,456501,FC,1,27
2015.0,456501,FF,2,1
2015.0,456501,FF,1,33
2015.0,456501,IN,1,5
2015.0,456501,SI,2,1
2015.0,456501,SI,1,33
2015.0,456501,SL,3,1
2015.0,456501,SL,2,3
2015.0,456501,SL,1,26
2015.0,456696,CH,2,1
2015.0,456696,CH,1,18
2015.0,456696,CU,2,3
2015.0,456696,CU,1,19
2015.0,456696,FF,2,3
2015.0,456696,FF,1,19
2015.0,456696,SI,2,2
2015.0,456696,SI,1,21
2015.0,456701,CH,2,1
2015.0,456701,CH,1,3
2015.0,456701,FF,2,1
2015.0,456701,FF,1,3
2015.0,456701,IN,2,1
2015.0,456701,IN,1,3
2015.0,456701,KC,1,5
2015.0,456701,SI,2,1
2015.0,456701,SI,1,3
2015.0,456701,SL,2,1
2015.0,456701,SL,1,3
2015.0,456776,CH,2,2
2015.0,456776,CH,1,16
2015.0,456776,CU,1,15
2015.0,456776,FC,2,2
2015.0,456776,FC,1,16
2015.0,456776,FF,1,20
2015.0,456776,SI,3,1
2015.0,456776,SI,2,3
2015.0,456776,SI,1,11
2015.0,457117,CH,2,2
2015.0,457117,CH,1,11
2015.0,457117,CU,1,5
2015.0,457117,FF,1,15
2015.0,457117,SI,2,1
2015.0,457117,SI,1,13
2015.0,457117,SL,1,15
2015.0,457429,FF,4,2
2015.0,457429,FF,2,3
2015.0,457429,FF,1,21
2015.0,457429,IN,1,5
2015.0,457429,SI,2,2
2015.0,457429,SI,1,26
2015.0,457429,SL,3,1
2015.0,457429,SL,2,4
2015.0,457429,SL,1,24
2015.0,457435,CH,1,15
2015.0,457435,FF,2,2
2015.0,457435,FF,1,11
2015.0,457435,IN,1,5
2015.0,457435,SI,2,3
2015.0,457435,SI,1,9
2015.0,457435,SL,2,3
2015.0,457435,SL,1,9
2015.0,457448,CH,1,5
2015.0,457448,CU,1,5
2015.0,457448,FC,1,5
2015.0,457448,FF,1,5
2015.0,457448,SI,1,5
2015.0,457456,FF,2,1
2015.0,457456,FF,1,3
2015.0,457711,CH,2,3
2015.0,457711,CH,1,14
2015.0,457711,CU,4,1
2015.0,457711,CU,2,1
2015.0,457711,CU,1,14
2015.0,457711,FF,2,1
2015.0,457711,FF,1,18
2015.0,457711,IN,1,15
2015.0,457711,SI,2,2
2015.0,457711,SI,1,16
2015.0,457711,SL,3,1
2015.0,457711,SL,2,3
2015.0,457711,SL,1,11
2015.0,457732,CH,1,5
2015.0,457732,CU,1,10
2015.0,457732,FC,2,2
2015.0,457732,FC,1,6
2015.0,457732,FF,2,1
2015.0,457732,FF,1,8
2015.0,457732,IN,2,1
2015.0,457732,IN,1,3
2015.0,457744,CH,2,2
2015.0,457744,CH,1,11
2015.0,457744,CU,2,1
2015.0,457744,CU,1,8
2015.0,457744,FF,2,1
2015.0,457744,FF,1,18
2015.0,457744,IN,2,1
2015.0,457744,IN,1,8
2015.0,457744,SL,2,1
2015.0,457744,SL,1,18
2015.0,457754,FF,4,1
2015.0,457754,FF,2,1
2015.0,457754,FF,1,19
2015.0,457754,SL,3,1
2015.0,457754,SL,2,4
2015.0,457754,SL,1,14
2015.0,457768,CU,2,3
2015.0,457768,CU,1,29
2015.0,457768,FC,2,5
2015.0,457768,FC,1,25
2015.0,457768,FF,2,2
2015.0,457768,FF,1,31
2015.0,457768,SI,3,2
2015.0,457768,SI,2,1
2015.0,457768,SI,1,27
2015.0,457915,CU,1,5
2015.0,457915,FC,1,5
2015.0,457915,FF,1,5
2015.0,457915,SL,2,1
2015.0,457915,SL,1,3
2015.0,457918,CH,2,4
2015.0,457918,CH,1,27
2015.0,457918,CU,1,35
2015.0,457918,FF,2,4
2015.0,457918,FF,1,27
2015.0,457918,IN,2,1
2015.0,457918,IN,1,13
2015.0,457918,SI,2,1
2015.0,457918,SI,1,33
2015.0,457918,SL,2,3
2015.0,457918,SL,1,29
2015.0,458006,CH,1,25
2015.0,458006,CU,1,10
2015.0,458006,FF,1,10
2015.0,458006,IN,1,10
2015.0,458006,PO,1,5
2015.0,458006,SI,2,3
2015.0,458006,SI,1,19
2015.0,458006,SL,2,4
2015.0,458006,SL,1,12
2015.0,458584,CH,2,1
2015.0,458584,CH,1,8
2015.0,458584,CU,3,1
2015.0,458584,CU,2,6
2015.0,458584,CU,1,20
2015.0,458584,FF,3,1
2015.0,458584,FF,2,3
2015.0,458584,FF,1,26
2015.0,458584,IN,1,10
2015.0,458584,SI,2,1
2015.0,458584,SI,1,13
2015.0,458677,CU,2,1
2015.0,458677,CU,1,28
2015.0,458677,FC,2,2
2015.0,458677,FC,1,31
2015.0,458677,FF,2,2
2015.0,458677,FF,1,31
2015.0,458677,SI,2,6
2015.0,458677,SI,1,23
2015.0,458677,SL,1,10
2015.0,458678,FF,3,1
2015.0,458678,FF,2,3
2015.0,458678,FF,1,16
2015.0,458678,IN,1,5
2015.0,458678,PO,1,5
2015.0,458678,SL,3,1
2015.0,458678,SL,2,5
2015.0,458678,SL,1,12
2015.0,458681,CH,3,2
2015.0,458681,CH,2,2
2015.0,458681,CH,1,25
2015.0,458681,CU,3,1
2015.0,458681,CU,2,3
2015.0,458681,CU,1,26
2015.0,458681,FA,1,5
2015.0,458681,FF,3,1
2015.0,458681,FF,2,1
2015.0,458681,FF,1,30
2015.0,458681,IN,2,1
2015.0,458681,IN,1,18
2015.0,458681,PO,1,5
2015.0,458681,SI,1,35
2015.0,458681,SL,3,1
2015.0,458681,SL,2,3
2015.0,458681,SL,1,26
2015.0,458690,CU,1,5
2015.0,458690,FF,1,5
2015.0,458690,SI,1,5
2015.0,458690,SL,2,1
2015.0,458690,SL,1,3
2015.0,458708,CH,3,1
2015.0,458708,CH,2,1
2015.0,458708,CH,1,10
2015.0,458708,CU,2,1
2015.0,458708,CU,1,13
2015.0,458708,FC,1,15
2015.0,458708,FF,2,1
2015.0,458708,FF,1,13
2015.0,458708,SI,3,1
2015.0,458708,SI,1,12
2015.0,458708,SL,1,5
2015.0,458730,FF,3,1
2015.0,458730,FF,1,17
2015.0,458730,FS,1,10
2015.0,458730,IN,1,5
2015.0,458730,KC,2,2
2015.0,458730,KC,1,16
2015.0,458730,SI,2,3
2015.0,458730,SI,1,14
2015.0,458919,FC,3,1
2015.0,458919,FC,2,1
2015.0,458919,FC,1,25
2015.0,458919,FF,2,1
2015.0,458919,FF,1,28
2015.0,458919,FS,2,2
2015.0,458919,FS,1,26
2015.0,458919,IN,1,10
2015.0,458919,SI,2,2
2015.0,458919,SI,1,26
2015.0,458919,SL,2,3
2015.0,458919,SL,1,24
2015.0,459429,CU,2,3
2015.0,459429,CU,1,24
2015.0,459429,FF,3,1
2015.0,459429,FF,2,2
2015.0,459429,FF,1,23
2015.0,459429,SI,2,6
2015.0,459429,SI,1,18
2015.0,459967,CH,3,1
2015.0,459967,CH,1,12
2015.0,459967,FF,2,1
2015.0,459967,FF,1,13
2015.0,459967,KC,1,15
2015.0,459967,SI,2,2
2015.0,459967,SI,1,11
2015.0,459967,SL,1,10
2015.0,459987,CH,3,1
2015.0,459987,CH,2,2
2015.0,459987,CH,1,23
2015.0,459987,CU,5,1
2015.0,459987,CU,2,3
2015.0,459987,CU,1,24
2015.0,459987,FF,2,1
2015.0,459987,FF,1,33
2015.0,459987,SI,1,5
2015.0,459987,SL,2,2
2015.0,459987,SL,1,31
2015.0,460008,CH,1,5
2015.0,460008,CU,1,5
2015.0,460008,FF,1,5
2015.0,460008,IN,2,1
2015.0,460008,IN,1,3
2015.0,460024,FC,5,1
2015.0,460024,FC,2,3
2015.0,460024,FC,1,24
2015.0,460024,FF,2,2
2015.0,460024,FF,1,31
2015.0,460024,KC,3,1
2015.0,460024,KC,2,2
2015.0,460024,KC,1,28
2015.0,460024,SI,2,4
2015.0,460024,SI,1,27
2015.0,460059,CU,2,4
2015.0,460059,CU,1,22
2015.0,460059,FF,2,1
2015.0,460059,FF,1,28
2015.0,460059,FS,2,1
2015.0,460059,FS,1,28
2015.0,460059,IN,1,5
2015.0,460059,PO,1,10
2015.0,460059,SI,2,2
2015.0,460059,SI,1,26
2015.0,460059,SL,2,2
2015.0,460059,SL,1,26
2015.0,460060,CU,2,1
2015.0,460060,CU,1,3
2015.0,460060,SI,3,1
2015.0,460060,SI,1,2
2015.0,460156,CU,2,4
2015.0,460156,CU,1,27
2015.0,460156,FF,2,2
2015.0,460156,FF,1,31
2015.0,460156,FS,2,1
2015.0,460156,FS,1,33
2015.0,460156,IN,1,10
2015.0,460156,SI,3,1
2015.0,460156,SI,2,1
2015.0,460156,SI,1,30
2015.0,460156,SL,2,4
2015.0,460156,SL,1,27
2015.0,460283,CH,2,1
2015.0,460283,CH,1,3
2015.0,460283,CU,2,1
2015.0,460283,CU,1,3
2015.0,460283,SI,1,5
2015.0,460701,CH,3,1
2015.0,460701,CH,2,3
2015.0,460701,CH,1,11
2015.0,460701,CU,1,20
2015.0,460701,FC,2,1
2015.0,460701,FC,1,18
2015.0,460701,FF,2,2
2015.0,460701,FF,1,16
2015.0,460701,IN,1,10
2015.0,460701,SI,1,20
2015.0,460701,SL,2,3
2015.0,460701,SL,1,14
2015.0,461325,CH,2,5
2015.0,461325,CH,1,25
2015.0,461325,CU,2,2
2015.0,461325,CU,1,11
2015.0,461325,FF,3,1
2015.0,461325,FF,2,5
2015.0,461325,FF,1,22
2015.0,461325,FS,2,4
2015.0,461325,FS,1,27
2015.0,461325,IN,1,10
2015.0,461815,CH,2,1
2015.0,461815,CH,1,3
2015.0,461815,CU,1,5
2015.0,461815,SL,1,5
2015.0,461829,CH,2,1
2015.0,461829,CH,1,33
2015.0,461829,CU,2,4
2015.0,461829,CU,1,27
2015.0,461829,FF,2,2
2015.0,461829,FF,1,31
2015.0,461829,IN,2,1
2015.0,461829,IN,1,13
2015.0,461829,SI,2,1
2015.0,461829,SI,1,33
2015.0,461833,CH,3,1
2015.0,461833,CH,2,1
2015.0,461833,CH,1,25
2015.0,461833,CU,1,5
2015.0,461833,FC,2,1
2015.0,461833,FC,1,28
2015.0,461833,FF,2,1
2015.0,461833,FF,1,28
2015.0,461833,KC,2,2
2015.0,461833,KC,1,26
2015.0,461833,SI,2,3
2015.0,461833,SI,1,24
2015.0,461833,SL,1,5
2015.0,461872,FF,3,1
2015.0,461872,FF,2,3
2015.0,461872,FF,1,1
2015.0,461872,IN,2,1
2015.0,461872,IN,1,3
2015.0,461872,SL,3,1
2015.0,461872,SL,1,7
2015.0,462089,CH,1,5
2015.0,462089,FF,2,1
2015.0,462089,FF,1,3
2015.0,462089,IN,2,1
2015.0,462089,IN,1,3
2015.0,462136,CH,2,5
2015.0,462136,CH,1,25
2015.0,462136,CU,2,2
2015.0,462136,CU,1,31
2015.0,462136,FC,2,2
2015.0,462136,FC,1,31
2015.0,462136,FF,2,1
2015.0,462136,FF,1,33
2015.0,462136,IN,1,5
2015.0,462382,CH,2,3
2015.0,462382,CH,1,24
2015.0,462382,CU,2,3
2015.0,462382,CU,1,24
2015.0,462382,FF,1,30
2015.0,462382,IN,1,10
2015.0,462382,SI,2,2
2015.0,462382,SI,1,26
2015.0,462515,CH,2,1
2015.0,462515,CH,1,18
2015.0,462515,FF,2,2
2015.0,462515,FF,1,16
2015.0,462515,IN,1,5
2015.0,462515,PO,1,5
2015.0,462515,SL,2,2
2015.0,462515,SL,1,16
2015.0,462945,CH,3,1
2015.0,462945,CH,2,1
2015.0,462945,CH,1,15
2015.0,462945,FF,2,2
2015.0,462945,FF,1,16
2015.0,462945,SL,4,1
2015.0,462945,SL,2,2
2015.0,462945,SL,1,12
2015.0,462985,CH,1,30
2015.0,462985,CU,2,3
2015.0,462985,CU,1,29
2015.0,462985,FF,2,1
2015.0,462985,FF,1,33
2015.0,462985,SI,2,3
2015.0,462985,SI,1,29
2015.0,462985,SL,2,1
2015.0,462985,SL,1,33
2015.0,464416,CH,2,1
2015.0,464416,CH,1,13
2015.0,464416,CU,1,15
2015.0,464416,FF,2,1
2015.0,464416,FF,1,13
2015.0,464416,SI,2,1
2015.0,464416,SI,1,13
2015.0,464416,SL,2,2
2015.0,464416,SL,1,11
2015.0,465629,FF,2,3
2015.0,465629,FF,1,29
2015.0,465629,FS,2,2
2015.0,465629,FS,1,31
2015.0,465629,IN,1,10
2015.0,465629,PO,1,10
2015.0,465629,SI,1,25
2015.0,465629,SL,2,4
2015.0,465629,SL,1,22
2015.0,465657,CH,2,3
2015.0,465657,CH,1,29
2015.0,465657,CU,2,2
2015.0,465657,CU,1,31
2015.0,465657,FC,2,1
2015.0,465657,FC,1,33
2015.0,465657,FF,2,2
2015.0,465657,FF,1,31
2015.0,465657,IN,1,5
2015.0,465657,SI,1,5
2015.0,465657,SL,3,1
2015.0,465657,SL,2,1
2015.0,465657,SL,1,30
2015.0,465679,CH,2,1
2015.0,465679,CH,1,8
2015.0,465679,CU,1,10
2015.0,465679,FC,2,1
2015.0,465679,FC,1,8
2015.0,465679,FF,1,10
2015.0,466948,CH,2,4
2015.0,466948,CH,1,27
2015.0,466948,CU,1,35
2015.0,466948,FF,3,3
2015.0,466948,FF,2,2
2015.0,466948,FF,1,22
2015.0,466948,SI,1,25
2015.0,467008,CH,2,1
2015.0,467008,CH,1,28
2015.0,467008,FF,2,3
2015.0,467008,FF,1,29
2015.0,467008,IN,2,1
2015.0,467008,IN,1,18
2015.0,467008,SI,2,2
2015.0,467008,SI,1,31
2015.0,467008,SL,3,1
2015.0,467008,SL,2,4
2015.0,467008,SL,1,24
2015.0,467094,CH,2,1
2015.0,467094,CH,1,13
2015.0,467094,CU,2,3
2015.0,467094,CU,1,14
2015.0,467094,FC,2,1
2015.0,467094,FC,1,18
2015.0,467094,FF,2,1
2015.0,467094,FF,1,18
2015.0,467094,IN,1,5
2015.0,467094,SI,3,1
2015.0,467094,SI,2,2
2015.0,467094,SI,1,13
2015.0,467100,CH,4,1
2015.0,467100,CH,3,1
2015.0,467100,CH,2,1
2015.0,467100,CH,1,16
2015.0,467100,CU,2,1
2015.0,467100,CU,1,23
2015.0,467100,FF,3,1
2015.0,467100,FF,2,3
2015.0,467100,FF,1,16
2015.0,467100,PO,1,5
2015.0,467100,SI,2,1
2015.0,467100,SI,1,23
2015.0,467785,CH,1,15
2015.0,467785,FF,2,2
2015.0,467785,FF,1,16
2015.0,467785,IN,1,5
2015.0,467785,SI,2,2
2015.0,467785,SI,1,16
2015.0,467785,SL,4,1
2015.0,467785,SL,2,1
2015.0,467785,SL,1,14
2015.0,468396,CH,2,1
2015.0,468396,CH,1,28
2015.0,468396,FC,2,2
2015.0,468396,FC,1,26
2015.0,468396,FF,2,4
2015.0,468396,FF,1,27
2015.0,468396,IN,2,1
2015.0,468396,IN,1,3
2015.0,468396,SI,2,3
2015.0,468396,SI,1,29
2015.0,468396,SL,3,2
2015.0,468396,SL,2,2
2015.0,468396,SL,1,25
2015.0,468504,CH,2,1
2015.0,468504,CH,1,8
2015.0,468504,CU,1,10
2015.0,468504,FC,1,10
2015.0,468504,FF,1,10
2015.0,468504,SI,1,10
2015.0,468504,SL,1,10
2015.0,469134,CH,1,15
2015.0,469134,CU,1,15
2015.0,469134,FC,1,15
2015.0,469134,FF,2,2
2015.0,469134,FF,1,11
2015.0,469134,SI,1,15
2015.0,469134,SL,2,1
2015.0,469134,SL,1,13
2015.0,471822,CH,2,3
2015.0,471822,CH,1,24
2015.0,471822,FC,2,1
2015.0,471822,FC,1,13
2015.0,471822,FF,2,1
2015.0,471822,FF,1,33
2015.0,471822,IN,1,15
2015.0,471822,PO,1,15
2015.0,471822,SI,2,1
2015.0,471822,SI,1,33
2015.0,471822,SL,2,3
2015.0,471822,SL,1,29
2015.0,471911,CH,3,1
2015.0,471911,CH,2,4
2015.0,471911,CH,1,19
2015.0,471911,CU,1,30
2015.0,471911,FF,2,2
2015.0,471911,FF,1,26
2015.0,471911,IN,1,5
2015.0,471911,PO,1,5
2015.0,471911,SI,2,4
2015.0,471911,SI,1,22
2015.0,471911,SL,2,5
2015.0,471911,SL,1,20
2015.0,472551,CH,2,7
2015.0,472551,CH,1,21
2015.0,472551,FC,2,2
2015.0,472551,FC,1,26
2015.0,472551,FF,2,2
2015.0,472551,FF,1,31
2015.0,472551,IN,1,10
2015.0,472551,KC,2,2
2015.0,472551,KC,1,31
2015.0,472551,SI,3,1
2015.0,472551,SI,2,3
2015.0,472551,SI,1,26
2015.0,472551,SL,1,5
2015.0,472610,FF,3,1
2015.0,472610,FF,2,2
2015.0,472610,FF,1,28
2015.0,472610,IN,2,1
2015.0,472610,IN,1,18
2015.0,472610,PO,1,5
2015.0,472610,SI,2,5
2015.0,472610,SI,1,25
2015.0,472610,SL,2,3
2015.0,472610,SL,1,29
2015.0,473879,CH,2,1
2015.0,473879,CH,1,33
2015.0,473879,CU,1,30
2015.0,473879,FC,1,10
2015.0,473879,FF,2,2
2015.0,473879,FF,1,31
2015.0,473879,IN,1,10
2015.0,473879,SI,2,3
2015.0,473879,SI,1,29
2015.0,473879,SL,2,1
2015.0,473879,SL,1,23
2015.0,474029,FC,3,1
2015.0,474029,FC,2,3
2015.0,474029,FC,1,26
2015.0,474029,FF,2,2
2015.0,474029,FF,1,31
2015.0,474029,FS,2,5
2015.0,474029,FS,1,25
2015.0,474029,IN,2,2
2015.0,474029,IN,1,16
2015.0,474029,SI,4,1
2015.0,474029,SI,3,1
2015.0,474029,SI,2,5
2015.0,474029,SI,1,18
2015.0,474284,CH,1,20
2015.0,474284,CU,2,1
2015.0,474284,CU,1,18
2015.0,474284,FF,2,1
2015.0,474284,FF,1,18
2015.0,474284,IN,1,10
2015.0,474284,PO,2,1
2015.0,474284,PO,1,8
2015.0,474284,SI,1,10
2015.0,474284,SL,3,2
2015.0,474284,SL,2,1
2015.0,474284,SL,1,12
2015.0,474463,CH,2,3
2015.0,474463,CH,1,29
2015.0,474463,FF,3,1
2015.0,474463,FF,1,32
2015.0,474463,IN,1,10
2015.0,474463,KC,2,3
2015.0,474463,KC,1,29
2015.0,474463,SI,2,2
2015.0,474463,SI,1,31
2015.0,474463,SL,3,1
2015.0,474463,SL,2,3
2015.0,474463,SL,1,26
2015.0,474521,CH,2,6
2015.0,474521,CH,1,23
2015.0,474521,CU,2,1
2015.0,474521,CU,1,8
2015.0,474521,FC,1,5
2015.0,474521,FF,2,3
2015.0,474521,FF,1,29
2015.0,474521,IN,1,15
2015.0,474521,SI,2,2
2015.0,474521,SI,1,26
2015.0,474521,SL,2,4
2015.0,474521,SL,1,27
2015.0,474668,CH,2,1
2015.0,474668,CH,1,3
2015.0,474668,CU,1,5
2015.0,474668,FF,1,5
2015.0,474668,SI,1,5
2015.0,474699,CH,1,10
2015.0,474699,FC,2,1
2015.0,474699,FC,1,23
2015.0,474699,FF,2,1
2015.0,474699,FF,1,23
2015.0,474699,IN,1,10
2015.0,474699,KC,2,1
2015.0,474699,KC,1,18
2015.0,474699,PO,1,5
2015.0,474699,SI,1,25
2015.0,474699,SL,2,1
2015.0,474699,SL,1,23
2015.0,475054,CH,1,10
2015.0,475054,FF,2,1
2015.0,475054,FF,1,23
2015.0,475054,IN,1,10
2015.0,475054,PO,1,5
2015.0,475054,SI,2,2
2015.0,475054,SI,1,21
2015.0,475054,SL,1,10
2015.0,475054,ST,2,4
2015.0,475054,ST,1,17
2015.0,475115,CH,2,2
2015.0,475115,CH,1,26
2015.0,475115,FC,2,1
2015.0,475115,FC,1,28
2015.0,475115,FF,2,1
2015.0,475115,FF,1,28
2015.0,475115,IN,1,15
2015.0,475115,PO,2,1
2015.0,475115,PO,1,13
2015.0,475115,SI,2,2
2015.0,475115,SI,1,26
2015.0,475115,SL,3,1
2015.0,475115,SL,2,3
2015.0,475115,SL,1,21
2015.0,475138,CH,1,5
2015.0,475138,CU,1,5
2015.0,475138,FC,1,5
2015.0,475138,FF,1,5
2015.0,475138,SI,2,1
2015.0,475138,SI,1,3
2015.0,475138,SL,2,2
2015.0,475138,SL,1,1
2015.0,475243,CH,2,2
2015.0,475243,CH,1,31
2015.0,475243,CU,2,3
2015.0,475243,CU,1,29
2015.0,475243,FC,1,35
2015.0,475243,FF,2,2
2015.0,475243,FF,1,31
2015.0,475243,IN,2,1
2015.0,475243,IN,1,23
2015.0,475243,SI,2,2
2015.0,475243,SI,1,31
2015.0,475243,SL,2,4
2015.0,475243,SL,1,27
2015.0,475416,CH,1,5
2015.0,475416,FF,3,1
2015.0,475416,FF,2,2
2015.0,475416,FF,1,18
2015.0,475416,SI,2,1
2015.0,475416,SI,1,23
2015.0,475416,SL,2,3
2015.0,475416,SL,1,19
2015.0,475479,CH,2,3
2015.0,475479,CH,1,19
2015.0,475479,FC,2,2
2015.0,475479,FC,1,21
2015.0,475479,FF,2,2
2015.0,475479,FF,1,21
2015.0,475479,KC,3,1
2015.0,475479,KC,1,22
2015.0,475479,PO,1,5
2015.0,475479,SI,1,25
2015.0,475479,SL,2,1
2015.0,475479,SL,1,23
2015.0,475857,CH,1,20
2015.0,475857,FF,3,1
2015.0,475857,FF,2,1
2015.0,475857,FF,1,15
2015.0,475857,PO,1,5
2015.0,475857,SI,3,1
2015.0,475857,SI,2,1
2015.0,475857,SI,1,15
2015.0,475857,SL,3,1
2015.0,475857,SL,1,17
2015.0,476451,CH,2,1
2015.0,476451,CH,1,33
2015.0,476451,CU,1,35
2015.0,476451,FC,2,1
2015.0,476451,FC,1,18
2015.0,476451,FF,2,1
2015.0,476451,FF,1,33
2015.0,476451,IN,1,15
2015.0,476451,SI,2,2
2015.0,476451,SI,1,31
2015.0,476451,SL,2,2
2015.0,476451,SL,1,21
2015.0,476454,FC,1,5
2015.0,476454,FF,2,5
2015.0,476454,FF,1,25
2015.0,476454,IN,1,5
2015.0,476454,KC,2,2
2015.0,476454,KC,1,31
2015.0,476454,SV,2,4
2015.0,476454,SV,1,27
2015.0,476570,CH,1,10
2015.0,476570,FF,1,10
2015.0,476570,IN,1,5
2015.0,476570,SI,1,10
2015.0,476570,SL,1,10
2015.0,476589,CH,1,35
2015.0,476589,CU,2,3
2015.0,476589,CU,1,29
2015.0,476589,FC,1,25
2015.0,476589,FF,2,1
2015.0,476589,FF,1,33
2015.0,476589,IN,1,5
2015.0,476589,SI,2,2
2015.0,476589,SI,1,31
2015.0,476589,SL,2,4
2015.0,476589,SL,1,27
2015.0,476595,CH,1,5
2015.0,476595,CU,1,5
2015.0,476595,FF,2,1
2015.0,476595,FF,1,3
2015.0,476595,SI,1,5
2015.0,476595,SL,1,5
2015.0,477003,CH,2,2
2015.0,477003,CH,1,31
2015.0,477003,CU,3,1
2015.0,477003,CU,2,2
2015.0,477003,CU,1,33
2015.0,477003,FC,2,1
2015.0,477003,FC,1,38
2015.0,477003,FF,2,2
2015.0,477003,FF,1,36
2015.0,477003,IN,2,1
2015.0,477003,IN,1,8
2015.0,477003,SI,2,1
2015.0,477003,SI,1,38
2015.0,477003,SL,2,3
2015.0,477003,SL,1,34
2015.0,477132,CH,1,25
2015.0,477132,CU,2,2
2015.0,477132,CU,1,31
2015.0,477132,FF,3,1
2015.0,477132,FF,2,6
2015.0,477132,FF,1,20
2015.0,477132,IN,1,5
2015.0,477132,SI,1,15
2015.0,477132,SL,4,1
2015.0,477132,SL,2,1
2015.0,477132,SL,1,29
2015.0,477195,CH,1,10
2015.0,477195,FF,1,5
2015.0,477195,SI,1,10
2015.0,477195,SL,1,10
2015.0,477229,CH,1,5
2015.0,477229,FF,1,5
2015.0,477229,IN,1,5
2015.0,477229,SL,1,5
2015.0,477569,CH,3,1
2015.0,477569,CH,2,4
2015.0,477569,CH,1,24
2015.0,477569,FF,2,2
2015.0,477569,FF,1,31
2015.0,477569,IN,2,1
2015.0,477569,IN,1,18
2015.0,477569,KC,2,1
2015.0,477569,KC,1,33
2015.0,477569,SI,1,20
2015.0,488674,FS,2,6
2015.0,488674,FS,1,23
2015.0,488674,IN,2,1
2015.0,488674,IN,1,13
2015.0,488674,PO,1,5
2015.0,488674,SI,2,5
2015.0,488674,SI,1,25
2015.0,488674,SL,2,2
2015.0,488674,SL,1,31
2015.0,488768,CH,2,5
2015.0,488768,CH,1,20
2015.0,488768,CU,1,30
2015.0,488768,FF,2,2
2015.0,488768,FF,1,26
2015.0,488768,IN,1,5
2015.0,488768,SI,2,2
2015.0,488768,SI,1,26
2015.0,488768,SL,2,4
2015.0,488768,SL,1,22
2015.0,488786,FF,3,1
2015.0,488786,FF,2,1
2015.0,488786,FF,1,5
2015.0,488786,SI,1,5
2015.0,488786,SL,2,3
2015.0,488786,SL,1,4
2015.0,488846,CH,3,1
2015.0,488846,CH,2,3
2015.0,488846,CH,1,26
2015.0,488846,CU,2,4
2015.0,488846,CU,1,27
2015.0,488846,FF,2,1
2015.0,488846,FF,1,33
2015.0,488846,IN,2,1
2015.0,488846,IN,1,13
2015.0,488846,SI,2,2
2015.0,488846,SI,1,31
2015.0,488846,SL,2,4
2015.0,488846,SL,1,27
2015.0,488984,CH,1,5
2015.0,488984,CU,2,1
2015.0,488984,CU,1,28
2015.0,488984,FC,1,30
2015.0,488984,FF,2,2
2015.0,488984,FF,1,26
2015.0,488984,IN,1,10
2015.0,488984,PO,1,5
2015.0,488984,SI,2,2
2015.0,488984,SI,1,26
2015.0,488984,SL,1,5
2015.0,489002,CH,3,1
2015.0,489002,CH,1,7
2015.0,489002,CU,2,1
2015.0,489002,CU,1,3
2015.0,489002,FF,2,1
2015.0,489002,FF,1,8
2015.0,489002,SL,2,2
2015.0,489002,SL,1,6
2015.0,489039,CH,2,2
2015.0,489039,CH,1,6
2015.0,489039,PO,1,5
2015.0,489039,SI,3,1
2015.0,489039,SI,2,3
2015.0,489039,SI,1,11
2015.0,489039,SL,2,2
2015.0,489039,SL,1,11
2015.0,489119,CH,2,3
2015.0,489119,CH,1,24
2015.0,489119,CU,2,1
2015.0,489119,CU,1,28
2015.0,489119,FF,2,1
2015.0,489119,FF,1,28
2015.0,489119,SI,2,1
2015.0,489119,SI,1,28
2015.0,489119,SL,2,2
2015.0,489119,SL,1,26
2015.0,489138,CH,2,1
2015.0,489138,CH,1,3
2015.0,489138,CU,3,1
2015.0,489138,CU,1,2
2015.0,489265,CH,2,5
2015.0,489265,CH,1,25
2015.0,489265,CU,1,5
2015.0,489265,FF,2,3
2015.0,489265,FF,1,29
2015.0,489265,IN,1,10
2015.0,489265,PO,1,5
2015.0,489265,SI,2,3
2015.0,489265,SI,1,29
2015.0,489265,SL,1,35
2015.0,489267,CH,1,5
2015.0,489267,CU,2,1
2015.0,489267,CU,1,8
2015.0,489267,FF,2,1
2015.0,489267,FF,1,8
2015.0,489267,SL,1,5
2015.0,489294,CH,1,20
2015.0,489294,CU,2,2
2015.0,489294,CU,1,26
2015.0,489294,FF,3,1
2015.0,489294,FF,2,3
2015.0,489294,FF,1,21
2015.0,489294,IN,1,10
2015.0,489294,SI,1,5
2015.0,489294,SL,2,2
2015.0,489294,SL,1,11
2015.0,489295,FF,2,1
2015.0,489295,FF,1,8
2015.0,489295,SI,2,2
2015.0,489295,SI,1,11
2015.0,489295,SL,2,1
2015.0,489295,SL,1,8
2015.0,489334,FC,1,5
2015.0,489334,FF,2,1
2015.0,489334,FF,1,3
2015.0,489334,KC,1,5
2015.0,489334,SI,2,1
2015.0,489334,SI,1,3
2015.0,489334,SL,2,2
2015.0,489334,SL,1,1
2015.0,489446,CH,1,25
2015.0,489446,FF,2,3
2015.0,489446,FF,1,24
2015.0,489446,KC,1,30
2015.0,489446,SL,2,4
2015.0,489446,SL,1,22
2015.0,490063,CH,1,30
2015.0,490063,CU,2,2
2015.0,490063,CU,1,26
2015.0,490063,FF,2,4
2015.0,490063,FF,1,22
2015.0,490063,IN,1,10
2015.0,490063,SI,2,3
2015.0,490063,SI,1,24
2015.0,490063,SL,2,1
2015.0,490063,SL,1,28
2015.0,491159,FC,2,4
2015.0,491159,FC,1,17
2015.0,491159,FF,2,3
2015.0,491159,FF,1,24
2015.0,491159,SL,3,1
2015.0,491159,SL,2,1
2015.0,491159,SL,1,25
2015.0,491646,CH,2,4
2015.0,491646,CH,1,22
2015.0,491646,FF,1,20
2015.0,491646,IN,2,1
2015.0,491646,IN,1,18
2015.0,491646,PO,1,5
2015.0,491646,SI,2,1
2015.0,491646,SI,1,28
2015.0,491646,SL,2,3
2015.0,491646,SL,1,24
2015.0,491696,CH,2,1
2015.0,491696,CH,1,8
2015.0,491696,CU,1,5
2015.0,491696,FF,2,1
2015.0,491696,FF,1,8
2015.0,491696,SI,1,5
2015.0,491696,SL,2,1
2015.0,491696,SL,1,3
2015.0,491703,CH,2,1
2015.0,491703,CH,1,28
2015.0,491703,CU,1,5
2015.0,491703,FF,2,2
2015.0,491703,FF,1,26
2015.0,491703,IN,1,15
2015.0,491703,SI,2,2
2015.0,491703,SI,1,21
2015.0,491703,SL,2,1
2015.0,491703,SL,1,28
2015.0,491708,FF,2,3
2015.0,491708,FF,1,29
2015.0,491708,FS,2,3
2015.0,491708,FS,1,29
2015.0,491708,IN,1,10
2015.0,491708,PO,2,1
2015.0,491708,PO,1,8
2015.0,491708,SI,2,3
2015.0,491708,SI,1,29
2015.0,491708,SL,2,5
2015.0,491708,SL,1,25
2015.0,493117,CH,1,5
2015.0,493117,CU,1,5
2015.0,493117,FF,1,5
2015.0,493157,FF,2,2
2015.0,493157,FF,1,21
2015.0,493157,FS,2,1
2015.0,493157,FS,1,23
2015.0,493157,IN,1,5
2015.0,493157,SI,2,1
2015.0,493157,SI,1,18
2015.0,493157,SL,2,2
2015.0,493157,SL,1,16
2015.0,493159,CH,1,15
2015.0,493159,CU,2,1
2015.0,493159,CU,1,13
2015.0,493159,FC,1,10
2015.0,493159,FF,1,15
2015.0,493159,IN,1,5
2015.0,493159,SI,2,1
2015.0,493159,SI,1,13
2015.0,493159,SL,2,2
2015.0,493159,SL,1,11
2015.0,493247,CH,1,5
2015.0,493247,SI,3,1
2015.0,493247,SI,2,1
2015.0,493247,SI,1,10
2015.0,493247,SL,2,1
2015.0,493247,SL,1,13
2015.0,493351,CH,3,1
2015.0,493351,CH,1,2
2015.0,493351,CU,1,5
2015.0,493351,FF,1,5
2015.0,493351,SL,1,5
2015.0,493603,FC,1,5
2015.0,493603,FF,1,5
2015.0,493603,SI,2,1
2015.0,493603,SI,1,3
2015.0,493603,SL,2,1
2015.0,493603,SL,1,3
2015.0,493603,ST,2,1
2015.0,493603,ST,1,3
2015.0,500610,CH,2,1
2015.0,500610,CH,1,8
2015.0,500610,CU,1,10
2015.0,500610,FF,2,2
2015.0,500610,FF,1,6
2015.0,500721,CH,3,1
2015.0,500721,CH,1,7
2015.0,500721,CU,2,4
2015.0,500721,CU,1,12
2015.0,500721,FF,2,2
2015.0,500721,FF,1,16
2015.0,500721,SI,2,1
2015.0,500721,SI,1,3
2015.0,500724,CH,2,2
2015.0,500724,CH,1,11
2015.0,500724,FF,2,3
2015.0,500724,FF,1,14
2015.0,500724,SI,2,1
2015.0,500724,SI,1,13
2015.0,500724,SL,2,2
2015.0,500724,SL,1,16
2015.0,500779,CH,2,1
2015.0,500779,CH,1,28
2015.0,500779,CU,2,1
2015.0,500779,CU,1,28
2015.0,500779,FA,1,5
2015.0,500779,FF,3,1
2015.0,500779,FF,2,2
2015.0,500779,FF,1,23
2015.0,500779,IN,1,15
2015.0,500779,PO,1,15
2015.0,500779,SI,2,1
2015.0,500779,SI,1,28
2015.0,500891,CH,2,1
2015.0,500891,CH,1,3
2015.0,500891,SI,2,1
2015.0,500891,SI,1,3
2015.0,500891,SL,2,1
2015.0,500891,SL,1,3
2015.0,501381,CH,3,1
2015.0,501381,CH,2,6
2015.0,501381,CH,1,20
2015.0,501381,FC,2,2
2015.0,501381,FC,1,31
2015.0,501381,FF,2,3
2015.0,501381,FF,1,29
2015.0,501381,SI,2,2
2015.0,501381,SI,1,21
2015.0,501381,SL,3,1
2015.0,501381,SL,2,2
2015.0,501381,SL,1,28
2015.0,501563,CH,1,5
2015.0,501563,CU,2,1
2015.0,501563,CU,1,13
2015.0,501563,FC,2,3
2015.0,501563,FC,1,9
2015.0,501563,FF,3,1
2015.0,501563,FF,2,2
2015.0,501563,FF,1,8
2015.0,501593,CH,2,2
2015.0,501593,CH,1,31
2015.0,501593,CU,1,35
2015.0,501593,FC,1,15
2015.0,501593,FF,2,5
2015.0,501593,FF,1,25
2015.0,501593,IN,1,10
2015.0,501593,SI,2,4
2015.0,501593,SI,1,27
2015.0,501625,CH,2,1
2015.0,501625,CH,1,33
2015.0,501625,CU,3,1
2015.0,501625,CU,2,2
2015.0,501625,CU,1,28
2015.0,501625,FF,2,1
2015.0,501625,FF,1,33
2015.0,501625,IN,2,1
2015.0,501625,IN,1,13
2015.0,501625,SI,2,1
2015.0,501625,SI,1,33
2015.0,501625,SL,2,2
2015.0,501625,SL,1,31
2015.0,501627,CH,1,5
2015.0,501627,SI,1,5
2015.0,501627,SL,1,5
2015.0,501789,CH,1,10
2015.0,501789,CU,3,2
2015.0,501789,CU,2,2
2015.0,501789,CU,1,25
2015.0,501789,FC,3,1
2015.0,501789,FC,2,4
2015.0,501789,FC,1,24
2015.0,501789,FF,2,2
2015.0,501789,FF,1,31
2015.0,501789,IN,1,5
2015.0,501822,FC,2,1
2015.0,501822,FC,1,23
2015.0,501822,FF,2,1
2015.0,501822,FF,1,28
2015.0,501822,FS,2,1
2015.0,501822,FS,1,28
2015.0,501822,IN,1,5
2015.0,501822,SI,1,20
2015.0,501822,SL,3,1
2015.0,501822,SL,2,1
2015.0,501822,SL,1,25
2015.0,501870,CH,2,1
2015.0,501870,CH,1,8
2015.0,501870,CU,1,10
2015.0,501870,FF,1,10
2015.0,501870,IN,1,5
2015.0,501870,SI,1,5
2015.0,501870,SL,1,10
2015.0,501925,CH,1,5
2015.0,501925,FF,4,1
2015.0,501925,FF,3,1
2015.0,501925,FF,2,4
2015.0,501925,FF,1,20
2015.0,501925,IN,1,15
2015.0,501925,PO,1,5
2015.0,501925,SI,2,2
2015.0,501925,SI,1,31
2015.0,501925,SL,2,5
2015.0,501925,SL,1,25
2015.0,501955,CH,1,20
2015.0,501955,CU,2,2
2015.0,501955,CU,1,21
2015.0,501955,FF,2,1
2015.0,501955,FF,1,23
2015.0,501955,SI,1,20
2015.0,501955,SL,2,2
2015.0,501955,SL,1,21
2015.0,501957,CH,2,3
2015.0,501957,CH,1,29
2015.0,501957,FC,2,2
2015.0,501957,FC,1,31
2015.0,501957,FF,2,2
2015.0,501957,FF,1,31
2015.0,501957,IN,1,10
2015.0,501957,KC,2,4
2015.0,501957,KC,1,27
2015.0,501957,SL,2,3
2015.0,501957,SL,1,29
2015.0,501992,CH,2,4
2015.0,501992,CH,1,22
2015.0,501992,FF,3,1
2015.0,501992,FF,2,2
2015.0,501992,FF,1,23
2015.0,501992,IN,1,5
2015.0,501992,KC,3,1
2015.0,501992,KC,2,2
2015.0,501992,KC,1,23
2015.0,501992,PO,1,5
2015.0,502004,CH,2,3
2015.0,502004,CH,1,24
2015.0,502004,CU,2,1
2015.0,502004,CU,1,28
2015.0,502004,FC,2,1
2015.0,502004,FC,1,33
2015.0,502004,FF,2,1
2015.0,502004,FF,1,33
2015.0,502004,IN,1,10
2015.0,502004,PO,1,5
2015.0,502004,SI,2,1
2015.0,502004,SI,1,33
2015.0,502004,SL,2,6
2015.0,502004,SL,1,23
2015.0,502009,CH,3,1
2015.0,502009,CH,2,4
2015.0,502009,CH,1,24
2015.0,502009,CU,2,1
2015.0,502009,CU,1,33
2015.0,502009,FC,2,1
2015.0,502009,FC,1,33
2015.0,502009,FF,2,2
2015.0,502009,FF,1,31
2015.0,502009,FS,2,1
2015.0,502009,FS,1,33
2015.0,502009,IN,1,5
2015.0,502009,PO,1,5
2015.0,502009,SI,2,2
2015.0,502009,SI,1,31
2015.0,502009,SL,2,1
2015.0,502009,SL,1,33
2015.0,502010,CH,1,15
2015.0,502010,CU,1,10
2015.0,502010,FF,2,2
2015.0,502010,FF,1,11
2015.0,502010,IN,1,5
2015.0,502010,SI,2,1
2015.0,502010,SI,1,13
2015.0,502010,SL,2,1
2015.0,502010,SL,1,13
2015.0,502026,CH,2,2
2015.0,502026,CH,1,16
2015.0,502026,FF,2,1
2015.0,502026,FF,1,33
2015.0,502026,IN,1,15
2015.0,502026,KC,2,4
2015.0,502026,KC,1,27
2015.0,502026,SI,3,1
2015.0,502026,SI,2,2
2015.0,502026,SI,1,28
2015.0,502032,CH,3,1
2015.0,502032,CH,2,1
2015.0,502032,CH,1,30
2015.0,502032,FC,1,15
2015.0,502032,FF,2,3
2015.0,502032,FF,1,29
2015.0,502032,SI,2,4
2015.0,502032,SI,1,27
2015.0,502032,SL,2,3
2015.0,502032,SL,1,29
2015.0,502042,CH,2,4
2015.0,502042,CH,1,27
2015.0,502042,FF,3,1
2015.0,502042,FF,2,3
2015.0,502042,FF,1,26
2015.0,502042,SL,3,1
2015.0,502042,SL,2,6
2015.0,502042,SL,1,20
2015.0,502043,CH,3,2
2015.0,502043,CH,2,2
2015.0,502043,CH,1,20
2015.0,502043,CU,1,30
2015.0,502043,FF,2,2
2015.0,502043,FF,1,26
2015.0,502043,IN,2,1
2015.0,502043,IN,1,18
2015.0,502043,PO,1,5
2015.0,502043,SI,2,4
2015.0,502043,SI,1,22
2015.0,502043,SL,2,1
2015.0,502043,SL,1,28
2015.0,502046,CH,2,1
2015.0,502046,CH,1,28
2015.0,502046,FF,2,1
2015.0,502046,FF,1,23
2015.0,502046,IN,1,20
2015.0,502046,KC,2,3
2015.0,502046,KC,1,24
2015.0,502046,SI,2,2
2015.0,502046,SI,1,26
2015.0,502051,CH,1,5
2015.0,502051,FF,2,2
2015.0,502051,FF,1,6
2015.0,502051,SI,2,1
2015.0,502051,SI,1,8
2015.0,502051,SL,2,1
2015.0,502051,SL,1,8
2015.0,502083,CH,2,1
2015.0,502083,CH,1,23
2015.0,502083,CU,2,3
2015.0,502083,CU,1,29
2015.0,502083,FC,1,35
2015.0,502083,FF,2,3
2015.0,502083,FF,1,29
2015.0,502083,IN,1,10
2015.0,502083,SI,1,30
2015.0,502083,SL,2,1
2015.0,502083,SL,1,28
2015.0,502085,CH,2,3
2015.0,502085,CH,1,24
2015.0,502085,FC,2,2
2015.0,502085,FC,1,31
2015.0,502085,FF,2,4
2015.0,502085,FF,1,27
2015.0,502085,IN,1,5
2015.0,502085,KC,2,2
2015.0,502085,KC,1,31
2015.0,502085,SI,2,1
2015.0,502085,SI,1,13
2015.0,502087,CH,1,5
2015.0,502087,SI,2,2
2015.0,502087,SI,1,6
2015.0,502087,SL,3,1
2015.0,502087,SL,2,2
2015.0,502087,SL,1,3
2015.0,502154,IN,1,5
2015.0,502154,SI,3,2
2015.0,502154,SI,2,4
2015.0,502154,SI,1,21
2015.0,502154,SL,3,1
2015.0,502154,SL,2,4
2015.0,502154,SL,1,24
2015.0,502162,CH,2,3
2015.0,502162,CH,1,4
2015.0,502162,CU,2,3
2015.0,502162,CU,1,4
2015.0,502162,FF,1,10
2015.0,502166,CH,1,5
2015.0,502166,CU,1,5
2015.0,502166,FF,2,2
2015.0,502166,FF,1,1
2015.0,502188,CU,1,30
2015.0,502188,FC,1,30
2015.0,502188,FF,2,3
2015.0,502188,FF,1,24
2015.0,502188,FS,1,30
2015.0,502188,PO,2,1
2015.0,502188,PO,1,13
2015.0,502188,SI,2,2
2015.0,502188,SI,1,26
2015.0,502188,SL,2,1
2015.0,502188,SL,1,28
2015.0,502190,CH,2,4
2015.0,502190,CH,1,22
2015.0,502190,FC,1,30
2015.0,502190,FF,3,1
2015.0,502190,FF,1,27
2015.0,502190,IN,1,15
2015.0,502190,KC,2,4
2015.0,502190,KC,1,22
2015.0,502190,SI,1,30
2015.0,502190,SL,2,5
2015.0,502190,SL,1,20
2015.0,502202,CH,2,2
2015.0,502202,CH,1,31
2015.0,502202,CU,1,20
2015.0,502202,FC,1,5
2015.0,502202,FF,2,3
2015.0,502202,FF,1,29
2015.0,502202,IN,1,20
2015.0,502202,SI,1,5
2015.0,502211,CH,2,2
2015.0,502211,CH,1,11
2015.0,502211,CU,2,2
2015.0,502211,CU,1,21
2015.0,502211,FC,2,1
2015.0,502211,FC,1,23
2015.0,502211,FF,2,3
2015.0,502211,FF,1,19
2015.0,502211,IN,1,10
2015.0,502211,SL,2,4
2015.0,502211,SL,1,17
2015.0,502239,CH,2,2
2015.0,502239,CH,1,21
2015.0,502239,FF,2,2
2015.0,502239,FF,1,21
2015.0,502239,IN,1,5
2015.0,502239,KC,2,1
2015.0,502239,KC,1,23
2015.0,502239,SI,3,1
2015.0,502239,SI,1,22
2015.0,502239,SL,2,3
2015.0,502239,SL,1,19
2015.0,502260,FF,2,1
2015.0,502260,FF,1,13
2015.0,502260,IN,1,10
2015.0,502260,SI,1,15
2015.0,502260,SL,1,15
2015.0,502264,CH,2,1
2015.0,502264,CH,1,8
2015.0,502264,FF,1,10
2015.0,502264,PO,1,5
2015.0,502264,SI,2,1
2015.0,502264,SI,1,8
2015.0,502264,SL,2,3
2015.0,502264,SL,1,4
2015.0,502272,CH,1,5
2015.0,502272,CU,3,1
2015.0,502272,CU,2,2
2015.0,502272,CU,1,23
2015.0,502272,FF,2,3
2015.0,502272,FF,1,24
2015.0,502272,SI,2,1
2015.0,502272,SI,1,28
2015.0,502272,SL,2,2
2015.0,502272,SL,1,26
2015.0,502281,FC,2,1
2015.0,502281,FC,1,8
2015.0,502281,SI,2,2
2015.0,502281,SI,1,6
2015.0,502281,SL,2,2
2015.0,502281,SL,1,6
2015.0,502304,CH,1,10
2015.0,502304,FF,3,1
2015.0,502304,FF,2,3
2015.0,502304,FF,1,11
2015.0,502304,PO,1,5
2015.0,502304,SL,3,2
2015.0,502304,SL,2,2
2015.0,502304,SL,1,10
2015.0,502327,CH,2,2
2015.0,502327,CH,1,31
2015.0,502327,CU,2,2
2015.0,502327,CU,1,31
2015.0,502327,FC,1,35
2015.0,502327,IN,1,15
2015.0,502327,SC,2,1
2015.0,502327,SC,1,23
2015.0,502327,SI,2,1
2015.0,502327,SI,1,33
2015.0,502327,SL,2,2
2015.0,502327,SL,1,31
2015.0,502381,CH,2,2
2015.0,502381,CH,1,21
2015.0,502381,CU,1,5
2015.0,502381,FC,2,1
2015.0,502381,FC,1,28
2015.0,502381,FF,2,3
2015.0,502381,FF,1,29
2015.0,502381,IN,1,10
2015.0,502381,SI,2,2
2015.0,502381,SI,1,31
2015.0,502381,SL,4,1
2015.0,502381,SL,2,2
2015.0,502381,SL,1,27
2015.0,502462,CU,1,10
2015.0,502462,FF,2,1
2015.0,502462,FF,1,18
2015.0,502462,SI,3,2
2015.0,502462,SI,2,2
2015.0,502462,SI,1,10
2015.0,502462,SL,2,4
2015.0,502462,SL,1,12
2015.0,502522,CH,2,1
2015.0,502522,CH,1,8
2015.0,502522,FF,2,2
2015.0,502522,FF,1,21
2015.0,502522,SI,1,5
2015.0,502522,SL,2,3
2015.0,502522,SL,1,19
2015.0,502578,CH,2,1
2015.0,502578,CH,1,18
2015.0,502578,FF,3,1
2015.0,502578,FF,2,1
2015.0,502578,FF,1,20
2015.0,502578,SI,2,2
2015.0,502578,SI,1,21
2015.0,502578,SL,3,1
2015.0,502578,SL,2,2
2015.0,502578,SL,1,18
2015.0,502593,CH,2,2
2015.0,502593,CH,1,31
2015.0,502593,IN,2,1
2015.0,502593,IN,1,13
2015.0,502593,PO,1,5
2015.0,502593,SI,2,4
2015.0,502593,SI,1,27
2015.0,502593,SL,2,3
2015.0,502593,SL,1,24
2015.0,502624,CH,3,1
2015.0,502624,CH,2,1
2015.0,502624,CH,1,25
2015.0,502624,CU,2,1
2015.0,502624,CU,1,28
2015.0,502624,FC,1,10
2015.0,502624,FF,2,2
2015.0,502624,FF,1,26
2015.0,502624,IN,1,10
2015.0,502624,PO,1,5
2015.0,502624,SI,2,2
2015.0,502624,SI,1,26
2015.0,502706,CH,3,2
2015.0,502706,CH,2,3
2015.0,502706,CH,1,8
2015.0,502706,FF,2,1
2015.0,502706,FF,1,13
2015.0,502706,IN,1,5
2015.0,502706,KC,2,1
2015.0,502706,KC,1,18
2015.0,502706,SI,2,2
2015.0,502706,SI,1,16
2015.0,502706,SL,1,15
2015.0,502748,CH,2,2
2015.0,502748,CH,1,1
2015.0,502748,FF,1,5
2015.0,502748,KC,1,5
2015.0,502748,ST,3,1
2015.0,502748,ST,1,2
2015.0,503285,CH,1,10
2015.0,503285,CU,1,5
2015.0,503285,FF,2,2
2015.0,503285,FF,1,31
2015.0,503285,IN,1,5
2015.0,503285,SI,3,1
2015.0,503285,SI,2,3
2015.0,503285,SI,1,26
2015.0,503285,SL,2,3
2015.0,503285,SL,1,29
2015.0,503449,CH,2,1
2015.0,503449,CH,1,23
2015.0,503449,FF,2,1
2015.0,503449,FF,1,23
2015.0,503449,FS,1,5
2015.0,503449,IN,1,10
2015.0,503449,SI,2,4
2015.0,503449,SI,1,17
2015.0,503449,SL,3,1
2015.0,503449,SL,2,1
2015.0,503449,SL,1,20
2015.0,504083,CH,2,2
2015.0,504083,CH,1,16
2015.0,504083,FF,3,1
2015.0,504083,FF,2,2
2015.0,504083,FF,1,13
2015.0,504083,SI,1,10
2015.0,504083,SL,2,2
2015.0,504083,SL,1,16
2015.0,504186,CH,1,20
2015.0,504186,CU,2,1
2015.0,504186,CU,1,28
2015.0,504186,FF,2,2
2015.0,504186,FF,1,26
2015.0,504186,IN,1,10
2015.0,504186,SL,2,1
2015.0,504186,SL,1,28
2015.0,504379,CH,2,1
2015.0,504379,CH,1,13
2015.0,504379,FF,3,1
2015.0,504379,FF,2,5
2015.0,504379,FF,1,22
2015.0,504379,IN,2,1
2015.0,504379,IN,1,18
2015.0,504379,PO,1,5
2015.0,504379,SI,1,25
2015.0,504379,SL,3,1
2015.0,504379,SL,2,1
2015.0,504379,SL,1,30
2015.0,506560,CU,3,1
2015.0,506560,CU,1,2
2015.0,506560,SL,1,5
2015.0,506693,CH,2,1
2015.0,506693,CH,1,8
2015.0,506693,CU,1,5
2015.0,506693,EP,1,5
2015.0,506693,FF,1,10
2015.0,506693,IN,1,5
2015.0,506693,SI,2,1
2015.0,506693,SI,1,8
2015.0,506693,SL,1,10
2015.0,514669,CH,2,2
2015.0,514669,CH,1,6
2015.0,514669,FF,2,2
2015.0,514669,FF,1,11
2015.0,514669,SI,1,5
2015.0,514669,SL,2,4
2015.0,514669,SL,1,7
2015.0,514981,CH,2,3
2015.0,514981,CH,1,9
2015.0,514981,FC,1,5
2015.0,514981,FF,3,1
2015.0,514981,FF,2,1
2015.0,514981,FF,1,10
2015.0,514981,SI,2,2
2015.0,514981,SI,1,11
2015.0,514981,SL,3,1
2015.0,514981,SL,1,12
2015.0,515052,CH,1,30
2015.0,515052,CU,1,10
2015.0,515052,FF,2,2
2015.0,515052,FF,1,26
2015.0,515052,IN,1,5
2015.0,515052,PO,2,2
2015.0,515052,PO,1,11
2015.0,515052,SI,2,1
2015.0,515052,SI,1,28
2015.0,515052,SL,2,2
2015.0,515052,SL,1,26
2015.0,516414,CH,1,10
2015.0,516414,FF,2,1
2015.0,516414,FF,1,8
2015.0,516414,IN,1,10
2015.0,516414,SI,2,1
2015.0,516414,SI,1,8
2015.0,516414,SL,1,10
2015.0,516589,CH,1,15
2015.0,516589,CU,2,1
2015.0,516589,CU,1,23
2015.0,516589,FC,2,3
2015.0,516589,FC,1,24
2015.0,516589,FF,2,4
2015.0,516589,FF,1,22
2015.0,516589,IN,1,5
2015.0,516589,SI,2,3
2015.0,516589,SI,1,24
2015.0,516589,SL,1,5
2015.0,516714,CU,3,1
2015.0,516714,CU,1,7
2015.0,516714,FF,2,1
2015.0,516714,FF,1,8
2015.0,516769,CH,1,5
2015.0,516769,CU,2,1
2015.0,516769,CU,1,3
2015.0,516769,FC,1,5
2015.0,516769,FF,1,5
2015.0,516769,SI,1,5
2015.0,516769,SL,2,1
2015.0,516769,SL,1,3
2015.0,516910,CH,1,20
2015.0,516910,CU,1,15
2015.0,516910,FC,2,1
2015.0,516910,FC,1,18
2015.0,516910,FF,2,3
2015.0,516910,FF,1,14
2015.0,516910,IN,1,5
2015.0,516910,SI,1,20
2015.0,516935,FF,2,1
2015.0,516935,FF,1,8
2015.0,516935,SI,2,1
2015.0,516935,SI,1,8
2015.0,516935,SL,2,1
2015.0,516935,SL,1,8
2015.0,516969,CH,1,40
2015.0,516969,CU,2,1
2015.0,516969,CU,1,33
2015.0,516969,FF,3,1
2015.0,516969,FF,2,3
2015.0,516969,FF,1,31
2015.0,516969,IN,1,5
2015.0,516969,SI,2,1
2015.0,516969,SI,1,38
2015.0,516969,SL,1,30
2015.0,516970,CH,3,1
2015.0,516970,CH,2,4
2015.0,516970,CH,1,9
2015.0,516970,CU,3,1
2015.0,516970,CU,2,1
2015.0,516970,CU,1,15
2015.0,516970,FF,2,2
2015.0,516970,FF,1,16
2015.0,516970,SI,3,1
2015.0,516970,SI,2,2
2015.0,516970,SI,1,13
2015.0,517008,CH,1,30
2015.0,517008,CU,2,2
2015.0,517008,CU,1,26
2015.0,517008,FC,3,1
2015.0,517008,FC,2,2
2015.0,517008,FC,1,28
2015.0,517008,FF,2,4
2015.0,517008,FF,1,27
2015.0,517008,IN,1,15
2015.0,517008,SI,2,2
2015.0,517008,SI,1,16
2015.0,517059,CH,1,5
2015.0,517059,CU,2,1
2015.0,517059,CU,1,3
2015.0,517059,SI,1,5
2015.0,517414,CH,2,4
2015.0,517414,CH,1,27
2015.0,517414,CU,1,5
2015.0,517414,FF,3,1
2015.0,517414,FF,2,2
2015.0,517414,FF,1,28
2015.0,517414,IN,1,10
2015.0,517414,SI,2,4
2015.0,517414,SI,1,27
2015.0,517414,SL,3,1
2015.0,517414,SL,2,3
2015.0,517414,SL,1,26
2015.0,517593,CH,2,2
2015.0,517593,CH,1,31
2015.0,517593,CU,2,3
2015.0,517593,CU,1,29
2015.0,517593,FF,2,3
2015.0,517593,FF,1,29
2015.0,517593,IN,1,5
2015.0,517593,SI,2,1
2015.0,517593,SI,1,33
2015.0,517593,SL,2,1
2015.0,517593,SL,1,33
2015.0,518397,CH,1,5
2015.0,518397,SI,1,5
2015.0,518397,SL,1,5
2015.0,518418,CU,1,5
2015.0,518418,FS,1,5
2015.0,518418,SI,2,1
2015.0,518418,SI,1,3
2015.0,518420,CH,2,2
2015.0,518420,CH,1,6
2015.0,518420,CU,2,1
2015.0,518420,CU,1,8
2015.0,518420,FF,1,10
2015.0,518420,IN,1,10
2015.0,518420,SI,1,10
2015.0,518420,SL,2,1
2015.0,518420,SL,1,8
2015.0,518452,CH,2,1
2015.0,518452,CH,1,23
2015.0,518452,CU,2,2
2015.0,518452,CU,1,21
2015.0,518452,FF,2,2
2015.0,518452,FF,1,21
2015.0,518452,IN,1,5
2015.0,518452,SI,2,2
2015.0,518452,SI,1,21
2015.0,518452,SL,2,1
2015.0,518452,SL,1,23
2015.0,518468,CH,1,5
2015.0,518468,CU,1,25
2015.0,518468,FF,2,2
2015.0,518468,FF,1,21
2015.0,518468,IN,1,5
2015.0,518468,SI,2,2
2015.0,518468,SI,1,21
2015.0,518468,SL,2,2
2015.0,518468,SL,1,21
2015.0,518516,CH,2,1
2015.0,518516,CH,1,23
2015.0,518516,CU,2,2
2015.0,518516,CU,1,26
2015.0,518516,FC,2,1
2015.0,518516,FC,1,28
2015.0,518516,FF,2,2
2015.0,518516,FF,1,26
2015.0,518516,IN,1,10
2015.0,518516,SI,2,2
2015.0,518516,SI,1,26
2015.0,518516,SL,1,30
2015.0,518526,FF,2,1
2015.0,518526,FF,1,3
2015.0,518526,SI,1,5
2015.0,518526,SL,1,5
2015.0,518553,CH,2,1
2015.0,518553,CH,1,28
2015.0,518553,FF,2,2
2015.0,518553,FF,1,6
2015.0,518553,IN,1,10
2015.0,518553,SI,3,1
2015.0,518553,SI,2,4
2015.0,518553,SI,1,24
2015.0,518553,SL,2,5
2015.0,518553,SL,1,25
2015.0,518567,CH,2,5
2015.0,518567,CH,1,25
2015.0,518567,CU,2,1
2015.0,518567,CU,1,33
2015.0,518567,FC,2,2
2015.0,518567,FC,1,31
2015.0,518567,FF,1,10
2015.0,518567,IN,1,5
2015.0,518567,PO,1,5
2015.0,518603,CH,2,5
2015.0,518603,CH,1,25
2015.0,518603,FF,2,4
2015.0,518603,FF,1,27
2015.0,518603,IN,1,5
2015.0,518603,SI,2,3
2015.0,518603,SI,1,29
2015.0,518603,SL,3,1
2015.0,518603,SL,2,2
2015.0,518603,SL,1,28
2015.0,518617,CH,2,1
2015.0,518617,CH,1,33
2015.0,518617,SI,2,3
2015.0,518617,SI,1,29
2015.0,518617,SL,2,4
2015.0,518617,SL,1,27
2015.0,518633,CH,2,5
2015.0,518633,CH,1,25
2015.0,518633,CU,2,2
2015.0,518633,CU,1,31
2015.0,518633,EP,1,20
2015.0,518633,FC,2,2
2015.0,518633,FC,1,26
2015.0,518633,FF,2,5
2015.0,518633,FF,1,25
2015.0,518633,SI,2,7
2015.0,518633,SI,1,21
2015.0,518653,CH,1,5
2015.0,518653,CU,2,1
2015.0,518653,CU,1,3
2015.0,518693,CU,1,15
2015.0,518693,FF,3,1
2015.0,518693,FF,1,27
2015.0,518693,FS,3,1
2015.0,518693,FS,2,2
2015.0,518693,FS,1,18
2015.0,518693,SI,2,2
2015.0,518693,SI,1,26
2015.0,518693,SL,2,1
2015.0,518693,SL,1,23
2015.0,518703,CH,1,5
2015.0,518703,CU,1,15
2015.0,518703,FF,2,3
2015.0,518703,FF,1,14
2015.0,518703,IN,1,10
2015.0,518703,SI,2,1
2015.0,518703,SI,1,18
2015.0,518703,SL,2,3
2015.0,518703,SL,1,14
2015.0,518715,CH,2,1
2015.0,518715,CH,1,3
2015.0,518715,SI,2,1
2015.0,518715,SI,1,8
2015.0,518715,SL,2,2
2015.0,518715,SL,1,6
2015.0,518716,CH,2,2
2015.0,518716,CH,1,11
2015.0,518716,FC,1,15
2015.0,518716,FF,1,15
2015.0,518716,IN,1,15
2015.0,518716,KC,1,15
2015.0,518716,SI,2,1
2015.0,518716,SI,1,13
2015.0,518716,SL,2,2
2015.0,518716,SL,1,11
2015.0,518748,CU,2,1
2015.0,518748,CU,1,28
2015.0,518748,FF,3,1
2015.0,518748,FF,2,3
2015.0,518748,FF,1,21
2015.0,518748,IN,1,5
2015.0,518748,SI,2,1
2015.0,518748,SI,1,18
2015.0,518748,SL,2,1
2015.0,518748,SL,1,23
2015.0,518764,CH,2,1
2015.0,518764,CH,1,3
2015.0,518764,CU,2,1
2015.0,518764,CU,1,3
2015.0,518764,FF,1,5
2015.0,518764,PO,1,5
2015.0,518764,SI,1,5
2015.0,518764,SL,1,5
2015.0,518771,CH,2,2
2015.0,518771,CH,1,16
2015.0,518771,CU,1,20
2015.0,518771,FC,2,3
2015.0,518771,FC,1,24
2015.0,518771,FF,3,1
2015.0,518771,FF,2,1
2015.0,518771,FF,1,25
2015.0,518771,SI,2,3
2015.0,518771,SI,1,4
2015.0,518774,CH,2,7
2015.0,518774,CH,1,26
2015.0,518774,CU,3,1
2015.0,518774,CU,2,1
2015.0,518774,CU,1,35
2015.0,518774,FF,2,2
2015.0,518774,FF,1,36
2015.0,518774,IN,1,15
2015.0,518774,SI,2,3
2015.0,518774,SI,1,34
2015.0,518774,SL,3,1
2015.0,518774,SL,2,2
2015.0,518774,SL,1,33
2015.0,518790,CH,2,4
2015.0,518790,CH,1,27
2015.0,518790,CU,2,1
2015.0,518790,CU,1,33
2015.0,518790,FF,2,3
2015.0,518790,FF,1,24
2015.0,518790,IN,1,10
2015.0,518790,PO,1,5
2015.0,518790,SI,2,1
2015.0,518790,SI,1,33
2015.0,518790,SL,2,3
2015.0,518790,SL,1,29
2015.0,518813,CU,2,1
2015.0,518813,CU,1,23
2015.0,518813,FF,2,2
2015.0,518813,FF,1,26
2015.0,518813,FS,2,4
2015.0,518813,FS,1,22
2015.0,518813,IN,1,5
2015.0,518813,SL,2,2
2015.0,518813,SL,1,26
2015.0,518833,CH,2,2
2015.0,518833,CH,1,1
2015.0,518833,FF,1,5
2015.0,518833,IN,1,5
2015.0,518833,SI,1,5
2015.0,518833,SL,1,5
2015.0,518858,CH,2,2
2015.0,518858,CH,1,6
2015.0,518858,CU,1,5
2015.0,518858,FF,1,5
2015.0,518858,SI,2,2
2015.0,518858,SI,1,11
2015.0,518858,SL,2,1
2015.0,518858,SL,1,8
2015.0,518863,CH,1,15
2015.0,518863,FF,2,1
2015.0,518863,FF,1,13
2015.0,518863,SI,2,2
2015.0,518863,SI,1,11
2015.0,518863,SL,2,2
2015.0,518863,SL,1,11
2015.0,518875,CH,2,1
2015.0,518875,CH,1,8
2015.0,518875,CU,2,1
2015.0,518875,CU,1,8
2015.0,518875,FF,2,1
2015.0,518875,FF,1,33
2015.0,518875,IN,1,5
2015.0,518875,SL,2,6
2015.0,518875,SL,1,23
2015.0,518886,FF,2,4
2015.0,518886,FF,1,27
2015.0,518886,IN,1,5
2015.0,518886,KC,2,5
2015.0,518886,KC,1,25
2015.0,518886,SL,2,1
2015.0,518886,SL,1,8
2015.0,518927,CH,2,3
2015.0,518927,CH,1,24
2015.0,518927,CU,2,1
2015.0,518927,CU,1,28
2015.0,518927,FF,2,1
2015.0,518927,FF,1,33
2015.0,518927,IN,1,5
2015.0,518927,SI,2,3
2015.0,518927,SI,1,29
2015.0,518927,SL,2,3
2015.0,518927,SL,1,29
2015.0,519008,CH,1,25
2015.0,519008,FF,1,25
2015.0,519008,IN,1,15
2015.0,519008,SI,2,3
2015.0,519008,SI,1,19
2015.0,519008,SL,3,1
2015.0,519008,SL,2,2
2015.0,519008,SL,1,18
2015.0,519043,CH,1,20
2015.0,519043,FC,2,1
2015.0,519043,FC,1,13
2015.0,519043,FF,2,1
2015.0,519043,FF,1,18
2015.0,519043,IN,1,5
2015.0,519043,KC,2,1
2015.0,519043,KC,1,18
2015.0,519043,SI,3,1
2015.0,519043,SI,2,3
2015.0,519043,SI,1,11
2015.0,519076,CH,2,1
2015.0,519076,CH,1,23
2015.0,519076,FF,2,3
2015.0,519076,FF,1,24
2015.0,519076,IN,1,20
2015.0,519076,KC,2,4
2015.0,519076,KC,1,22
2015.0,519076,PO,1,5
2015.0,519076,SI,2,2
2015.0,519076,SI,1,26
2015.0,519076,SL,2,4
2015.0,519076,SL,1,22
2015.0,519085,CH,3,1
2015.0,519085,CH,2,1
2015.0,519085,CH,1,10
2015.0,519085,FF,2,3
2015.0,519085,FF,1,9
2015.0,519085,KC,1,15
2015.0,519085,SI,2,1
2015.0,519085,SI,1,13
2015.0,519085,SL,1,15
2015.0,519096,CH,3,1
2015.0,519096,CH,2,2
2015.0,519096,CH,1,23
2015.0,519096,CU,1,20
2015.0,519096,FF,2,2
2015.0,519096,FF,1,26
2015.0,519096,IN,1,10
2015.0,519096,SI,2,1
2015.0,519096,SI,1,28
2015.0,519096,SL,2,2
2015.0,519096,SL,1,26
2015.0,519141,CH,1,15
2015.0,519141,CU,1,10
2015.0,519141,FC,1,5
2015.0,519141,FF,3,1
2015.0,519141,FF,1,27
2015.0,519141,IN,1,5
2015.0,519141,KC,2,2
2015.0,519141,KC,1,26
2015.0,519141,PO,2,1
2015.0,519141,PO,1,3
2015.0,519141,SI,1,10
2015.0,519144,CH,2,1
2015.0,519144,CH,1,33
2015.0,519144,CU,2,1
2015.0,519144,CU,1,33
2015.0,519144,FF,2,3
2015.0,519144,FF,1,29
2015.0,519144,SI,2,3
2015.0,519144,SI,1,29
2015.0,519144,SL,1,35
2015.0,519151,CH,2,2
2015.0,519151,CH,1,11
2015.0,519151,CU,1,10
2015.0,519151,FF,2,1
2015.0,519151,FF,1,13
2015.0,519151,IN,2,1
2015.0,519151,IN,1,3
2015.0,519151,SI,2,2
2015.0,519151,SI,1,11
2015.0,519151,SL,2,1
2015.0,519151,SL,1,13
2015.0,519166,CH,2,1
2015.0,519166,CH,1,3
2015.0,519166,CU,2,6
2015.0,519166,CU,1,8
2015.0,519166,FF,2,3
2015.0,519166,FF,1,19
2015.0,519166,SL,2,3
2015.0,519166,SL,1,14
2015.0,519168,CH,1,10
2015.0,519168,CU,2,1
2015.0,519168,CU,1,13
2015.0,519168,FF,1,15
2015.0,519168,SL,2,3
2015.0,519168,SL,1,9
2015.0,519169,CH,1,10
2015.0,519169,CU,2,1
2015.0,519169,CU,1,8
2015.0,519169,FF,2,2
2015.0,519169,FF,1,11
2015.0,519169,SL,2,1
2015.0,519169,SL,1,13
2015.0,519186,CH,2,2
2015.0,519186,CH,1,6
2015.0,519186,FF,2,3
2015.0,519186,FF,1,9
2015.0,519186,IN,2,1
2015.0,519186,IN,1,3
2015.0,519186,KC,2,1
2015.0,519186,KC,1,13
2015.0,519208,CH,1,5
2015.0,519208,CU,2,1
2015.0,519208,CU,1,3
2015.0,519229,CH,2,1
2015.0,519229,CH,1,3
2015.0,519229,FF,1,5
2015.0,519229,SI,2,1
2015.0,519229,SI,1,3
2015.0,519229,SL,1,5
2015.0,519240,CH,2,2
2015.0,519240,CH,1,21
2015.0,519240,FF,1,20
2015.0,519240,IN,2,1
2015.0,519240,IN,1,13
2015.0,519240,SI,2,2
2015.0,519240,SI,1,31
2015.0,519240,SL,3,1
2015.0,519240,SL,2,3
2015.0,519240,SL,1,26
2015.0,519242,CH,3,1
2015.0,519242,CH,2,5
2015.0,519242,CH,1,22
2015.0,519242,EP,1,5
2015.0,519242,FA,1,5
2015.0,519242,SI,2,2
2015.0,519242,SI,1,31
2015.0,519242,SL,2,5
2015.0,519242,SL,1,25
2015.0,519263,CH,2,2
2015.0,519263,CH,1,11
2015.0,519263,CU,1,15
2015.0,519263,FF,1,5
2015.0,519263,IN,1,5
2015.0,519263,SI,3,1
2015.0,519263,SI,2,4
2015.0,519263,SI,1,9
2015.0,519267,CU,2,1
2015.0,519267,CU,1,23
2015.0,519267,FC,3,1
2015.0,519267,FC,2,2
2015.0,519267,FC,1,18
2015.0,519267,FF,2,3
2015.0,519267,FF,1,19
2015.0,519267,SI,2,1
2015.0,519267,SI,1,3
2015.0,519293,CU,2,4
2015.0,519293,CU,1,27
2015.0,519293,FF,3,1
2015.0,519293,FF,2,2
2015.0,519293,FF,1,28
2015.0,519293,IN,1,5
2015.0,519293,SI,1,20
2015.0,519293,SL,2,1
2015.0,519293,SL,1,33
2015.0,519301,CH,2,4
2015.0,519301,CH,1,17
2015.0,519301,IN,1,10
2015.0,519301,KC,2,4
2015.0,519301,KC,1,17
2015.0,519301,SI,2,4
2015.0,519301,SI,1,17
2015.0,519301,SL,1,5
2015.0,519322,CH,1,30
2015.0,519322,FF,2,2
2015.0,519322,FF,1,26
2015.0,519322,IN,2,1
2015.0,519322,IN,1,13
2015.0,519322,SI,2,4
2015.0,519322,SI,1,22
2015.0,519322,SL,2,2
2015.0,519322,SL,1,26
2015.0,519326,CH,2,1
2015.0,519326,CH,1,23
2015.0,519326,CU,2,3
2015.0,519326,CU,1,19
2015.0,519326,FF,4,1
2015.0,519326,FF,2,1
2015.0,519326,FF,1,19
2015.0,519326,IN,1,5
2015.0,519326,SI,3,1
2015.0,519326,SI,2,2
2015.0,519326,SI,1,18
2015.0,519326,SL,1,5
2015.0,519381,CH,1,10
2015.0,519381,SI,2,2
2015.0,519381,SI,1,16
2015.0,519381,SL,3,1
2015.0,519381,SL,2,3
2015.0,519381,SL,1,11
2015.0,519411,CH,1,5
2015.0,519411,CU,2,1
2015.0,519411,CU,1,3
2015.0,519411,FF,1,5
2015.0,519411,SI,1,5
2015.0,519455,CH,2,1
2015.0,519455,CH,1,23
2015.0,519455,CU,2,1
2015.0,519455,CU,1,28
2015.0,519455,FF,2,1
2015.0,519455,FF,1,28
2015.0,519455,IN,1,10
2015.0,519455,SI,2,1
2015.0,519455,SI,1,28
2015.0,519455,SL,2,2
2015.0,519455,SL,1,26
2015.0,520980,CH,2,5
2015.0,520980,CH,1,25
2015.0,520980,FF,3,1
2015.0,520980,FF,2,2
2015.0,520980,FF,1,28
2015.0,520980,IN,1,5
2015.0,520980,SI,3,1
2015.0,520980,SI,2,3
2015.0,520980,SI,1,26
2015.0,520980,SL,3,1
2015.0,520980,SL,2,1
2015.0,520980,SL,1,30
2015.0,521230,CH,1,30
2015.0,521230,CU,2,1
2015.0,521230,CU,1,28
2015.0,521230,FF,4,1
2015.0,521230,FF,2,2
2015.0,521230,FF,1,27
2015.0,521230,IN,1,5
2015.0,521230,SI,3,1
2015.0,521230,SI,2,2
2015.0,521230,SI,1,28
2015.0,521230,SL,2,5
2015.0,521230,SL,1,25
2015.0,523260,CH,2,3
2015.0,523260,CH,1,24
2015.0,523260,CU,2,4
2015.0,523260,CU,1,22
2015.0,523260,FF,2,1
2015.0,523260,FF,1,28
2015.0,523260,SI,2,3
2015.0,523260,SI,1,24
2015.0,523260,SL,2,2
2015.0,523260,SL,1,26
2015.0,523848,FF,2,1
2015.0,523848,FF,1,3
2015.0,523848,SL,1,5
2015.0,523989,CH,2,3
2015.0,523989,CH,1,29
2015.0,523989,CU,2,1
2015.0,523989,CU,1,23
2015.0,523989,FF,3,1
2015.0,523989,FF,1,32
2015.0,523989,IN,2,1
2015.0,523989,IN,1,13
2015.0,523989,PO,1,5
2015.0,523989,SI,3,1
2015.0,523989,SI,2,2
2015.0,523989,SI,1,28
2015.0,523989,SL,2,1
2015.0,523989,SL,1,33
2015.0,527048,CH,2,1
2015.0,527048,CH,1,18
2015.0,527048,CU,1,20
2015.0,527048,FF,1,20
2015.0,527048,IN,1,10
2015.0,527048,SI,2,1
2015.0,527048,SI,1,18
2015.0,527048,SL,2,1
2015.0,527048,SL,1,18
2015.0,527054,CH,2,3
2015.0,527054,CH,1,29
2015.0,527054,CU,2,1
2015.0,527054,CU,1,33
2015.0,527054,FF,2,3
2015.0,527054,FF,1,29
2015.0,527054,IN,1,10
2015.0,527054,PO,1,5
2015.0,527054,SI,2,3
2015.0,527054,SI,1,29
2015.0,527054,SL,2,2
2015.0,527054,SL,1,31
2015.0,527055,CH,1,10
2015.0,527055,FF,3,1
2015.0,527055,FF,1,17
2015.0,527055,IN,1,5
2015.0,527055,SI,3,1
2015.0,527055,SI,1,17
2015.0,527055,SL,2,2
2015.0,527055,SL,1,16
2015.0,532077,CH,2,1
2015.0,532077,CH,1,33
2015.0,532077,FC,2,3
2015.0,532077,FC,1,24
2015.0,532077,FF,2,1
2015.0,532077,FF,1,33
2015.0,532077,IN,1,10
2015.0,532077,SI,2,1
2015.0,532077,SI,1,33
2015.0,532077,SL,2,3
2015.0,532077,SL,1,29
2015.0,533167,CH,2,2
2015.0,533167,CH,1,26
2015.0,533167,FF,2,2
2015.0,533167,FF,1,26
2015.0,533167,IN,1,10
2015.0,533167,KC,2,2
2015.0,533167,KC,1,26
2015.0,533167,PO,1,10
2015.0,533167,SI,3,1
2015.0,533167,SI,2,2
2015.0,533167,SI,1,23
2015.0,533167,SL,1,30
2015.0,534812,CH,2,3
2015.0,534812,CH,1,24
2015.0,534812,CU,2,2
2015.0,534812,CU,1,31
2015.0,534812,FF,3,1
2015.0,534812,FF,2,1
2015.0,534812,FF,1,30
2015.0,534812,IN,1,10
2015.0,534812,SL,1,10
2015.0,534910,CH,3,1
2015.0,534910,CH,2,1
2015.0,534910,CH,1,15
2015.0,534910,CU,2,1
2015.0,534910,CU,1,18
2015.0,534910,FF,3,1
2015.0,534910,FF,2,2
2015.0,534910,FF,1,13
2015.0,534910,IN,1,5
2015.0,534910,PO,2,2
2015.0,534910,PO,1,16
2015.0,534910,SI,1,20
2015.0,534910,SL,1,15
2015.0,538506,CH,1,5
2015.0,538506,CU,1,5
2015.0,538506,FF,1,5
2015.0,538506,SI,1,5
2015.0,538506,SL,1,5
2015.0,541640,CH,2,3
2015.0,541640,CH,1,29
2015.0,541640,CU,2,1
2015.0,541640,CU,1,33
2015.0,541640,FF,2,2
2015.0,541640,FF,1,31
2015.0,541640,SI,2,3
2015.0,541640,SI,1,29
2015.0,541640,SL,2,4
2015.0,541640,SL,1,27
2015.0,541652,CH,2,1
2015.0,541652,CH,1,18
2015.0,541652,FA,1,5
2015.0,541652,FF,2,1
2015.0,541652,FF,1,18
2015.0,541652,IN,1,5
2015.0,541652,SL,1,20
2015.0,542266,CH,3,1
2015.0,542266,CH,2,2
2015.0,542266,CH,1,23
2015.0,542266,CU,1,30
2015.0,542266,FF,1,30
2015.0,542266,PO,1,5
2015.0,542266,SI,4,1
2015.0,542266,SI,2,3
2015.0,542266,SI,1,20
2015.0,542432,CH,2,1
2015.0,542432,CH,1,13
2015.0,542432,FF,2,2
2015.0,542432,FF,1,11
2015.0,542432,IN,1,5
2015.0,542432,SL,2,2
2015.0,542432,SL,1,11
2015.0,542587,CH,2,2
2015.0,542587,CH,1,16
2015.0,542587,FF,2,1
2015.0,542587,FF,1,18
2015.0,542587,IN,1,5
2015.0,542587,SL,2,4
2015.0,542587,SL,1,12
2015.0,542609,FF,3,1
2015.0,542609,FF,2,3
2015.0,542609,FF,1,26
2015.0,542609,SL,3,1
2015.0,542609,SL,2,4
2015.0,542609,SL,1,24
2015.0,542669,CH,2,2
2015.0,542669,CH,1,16
2015.0,542669,FF,2,3
2015.0,542669,FF,1,14
2015.0,542669,FS,1,5
2015.0,542669,IN,1,5
2015.0,542669,SI,1,15
2015.0,542669,SL,2,3
2015.0,542669,SL,1,14
2015.0,542674,CH,2,1
2015.0,542674,CH,1,28
2015.0,542674,CU,1,5
2015.0,542674,FF,2,2
2015.0,542674,FF,1,26
2015.0,542674,IN,2,1
2015.0,542674,IN,1,13
2015.0,542674,PO,1,5
2015.0,542674,SI,2,3
2015.0,542674,SI,1,19
2015.0,542674,SL,2,3
2015.0,542674,SL,1,24
2015.0,542866,CH,2,3
2015.0,542866,CH,1,19
2015.0,542866,FF,2,4
2015.0,542866,FF,1,22
2015.0,542866,SL,2,3
2015.0,542866,SL,1,24
2015.0,542882,CH,2,1
2015.0,542882,CH,1,23
2015.0,542882,CU,2,3
2015.0,542882,CU,1,29
2015.0,542882,FC,2,1
2015.0,542882,FC,1,33
2015.0,542882,FF,2,2
2015.0,542882,FF,1,31
2015.0,542882,SI,2,2
2015.0,542882,SI,1,31
2015.0,542882,SL,2,1
2015.0,542882,SL,1,33
2015.0,542888,FC,2,2
2015.0,542888,FC,1,6
2015.0,542888,FF,2,1
2015.0,542888,FF,1,8
2015.0,542888,ST,2,1
2015.0,542888,ST,1,8
2015.0,542888,SV,2,1
2015.0,542888,SV,1,3
2015.0,542914,CH,2,2
2015.0,542914,CH,1,26
2015.0,542914,CU,1,5
2015.0,542914,FC,2,1
2015.0,542914,FC,1,28
2015.0,542914,FF,2,1
2015.0,542914,FF,1,28
2015.0,542914,IN,1,5
2015.0,542914,PO,1,5
2015.0,542914,SI,2,1
2015.0,542914,SI,1,28
2015.0,542914,SL,2,2
2015.0,542914,SL,1,26
2015.0,542923,CU,2,1
2015.0,542923,CU,1,3
2015.0,542923,FF,1,5
2015.0,542923,FS,2,1
2015.0,542923,FS,1,3
2015.0,542923,IN,1,5
2015.0,542923,SI,1,5
2015.0,542924,CH,1,5
2015.0,542924,CU,1,5
2015.0,542924,FC,1,5
2015.0,542924,FF,1,5
2015.0,542924,SI,1,5
2015.0,542924,SL,1,5
2015.0,542960,FF,4,1
2015.0,542960,FF,2,4
2015.0,542960,FF,1,23
2015.0,542960,FS,2,2
2015.0,542960,FS,1,31
2015.0,542960,IN,1,10
2015.0,542960,SI,2,3
2015.0,542960,SI,1,29
2015.0,542960,SL,2,1
2015.0,542960,SL,1,33
2015.0,543037,CH,2,1
2015.0,543037,CH,1,33
2015.0,543037,CU,1,20
2015.0,543037,FF,2,3
2015.0,543037,FF,1,29
2015.0,543037,IN,1,5
2015.0,543037,KC,2,4
2015.0,543037,KC,1,27
2015.0,543037,PO,1,10
2015.0,543037,SI,2,2
2015.0,543037,SI,1,31
2015.0,543037,SL,2,1
2015.0,543037,SL,1,33
2015.0,543045,CH,3,1
2015.0,543045,CH,2,2
2015.0,543045,CH,1,18
2015.0,543045,FF,2,2
2015.0,543045,FF,1,21
2015.0,543045,IN,1,5
2015.0,543045,SL,2,2
2015.0,543045,SL,1,21
2015.0,543054,CH,2,1
2015.0,543054,CH,1,23
2015.0,543054,FC,1,15
2015.0,543054,FF,2,3
2015.0,543054,FF,1,19
2015.0,543054,IN,1,5
2015.0,543054,KC,1,25
2015.0,543054,SI,2,1
2015.0,543054,SI,1,23
2015.0,543056,CH,2,2
2015.0,543056,CH,1,16
2015.0,543056,CU,1,5
2015.0,543056,FF,2,3
2015.0,543056,FF,1,19
2015.0,543056,KC,2,1
2015.0,543056,KC,1,23
2015.0,543056,SI,1,5
2015.0,543056,SL,3,1
2015.0,543056,SL,2,1
2015.0,543056,SL,1,20
2015.0,543094,CH,2,1
2015.0,543094,CH,1,3
2015.0,543101,CH,2,1
2015.0,543101,CH,1,28
2015.0,543101,FF,2,1
2015.0,543101,FF,1,28
2015.0,543101,IN,1,15
2015.0,543101,KC,2,2
2015.0,543101,KC,1,26
2015.0,543101,PO,1,20
2015.0,543101,SI,2,1
2015.0,543101,SI,1,28
2015.0,543101,SL,2,2
2015.0,543101,SL,1,26
2015.0,543118,FF,2,4
2015.0,543118,FF,1,17
2015.0,543118,FS,2,4
2015.0,543118,FS,1,17
2015.0,543118,SL,2,2
2015.0,543118,SL,1,11
2015.0,543135,CH,2,4
2015.0,543135,CH,1,22
2015.0,543135,CU,2,1
2015.0,543135,CU,1,28
2015.0,543135,FF,2,2
2015.0,543135,FF,1,26
2015.0,543135,FS,3,1
2015.0,543135,FS,1,27
2015.0,543135,PO,1,5
2015.0,543135,SI,2,2
2015.0,543135,SI,1,21
2015.0,543135,SL,2,2
2015.0,543135,SL,1,26
2015.0,543144,CH,2,5
2015.0,543144,CH,1,25
2015.0,543144,CU,2,2
2015.0,543144,CU,1,31
2015.0,543144,FC,2,4
2015.0,543144,FC,1,27
2015.0,543144,FF,2,2
2015.0,543144,FF,1,31
2015.0,543144,IN,1,10
2015.0,543144,PO,1,5
2015.0,543144,SI,2,1
2015.0,543144,SI,1,13
2015.0,543184,CH,2,1
2015.0,543184,CH,1,28
2015.0,543184,CU,2,3
2015.0,543184,CU,1,24
2015.0,543184,FF,1,30
2015.0,543184,IN,2,1
2015.0,543184,IN,1,13
2015.0,543184,SI,2,4
2015.0,543184,SI,1,22
2015.0,543184,SL,4,1
2015.0,543184,SL,2,2
2015.0,543184,SL,1,22
2015.0,543219,CH,1,35
2015.0,543219,CU,2,1
2015.0,543219,CU,1,33
2015.0,543219,FF,2,2
2015.0,543219,FF,1,31
2015.0,543219,IN,1,15
2015.0,543219,PO,1,5
2015.0,543219,SI,2,2
2015.0,543219,SI,1,31
2015.0,543219,SL,2,1
2015.0,543219,SL,1,33
2015.0,543242,CH,2,1
2015.0,543242,CH,1,23
2015.0,543242,FF,2,6
2015.0,543242,FF,1,23
2015.0,543242,SI,2,1
2015.0,543242,SI,1,33
2015.0,543242,SL,2,3
2015.0,543242,SL,1,29
2015.0,543243,CH,2,3
2015.0,543243,CH,1,24
2015.0,543243,CU,2,1
2015.0,543243,CU,1,28
2015.0,543243,FC,2,3
2015.0,543243,FC,1,24
2015.0,543243,FF,2,2
2015.0,543243,FF,1,26
2015.0,543243,SI,2,3
2015.0,543243,SI,1,24
2015.0,543243,SL,2,3
2015.0,543243,SL,1,24
2015.0,543258,FC,2,1
2015.0,543258,FC,1,13
2015.0,543258,FF,2,1
2015.0,543258,FF,1,18
2015.0,543258,SL,2,2
2015.0,543258,SL,1,16
2015.0,543261,CH,1,10
2015.0,543261,CU,2,2
2015.0,543261,CU,1,11
2015.0,543261,FF,1,15
2015.0,543261,SI,2,1
2015.0,543261,SI,1,13
2015.0,543261,SL,2,1
2015.0,543261,SL,1,8
2015.0,543272,CH,2,1
2015.0,543272,CH,1,28
2015.0,543272,CU,2,2
2015.0,543272,CU,1,26
2015.0,543272,FF,2,3
2015.0,543272,FF,1,24
2015.0,543272,IN,1,5
2015.0,543272,SI,1,30
2015.0,543272,SL,1,20
2015.0,543278,CH,2,6
2015.0,543278,CH,1,18
2015.0,543278,CU,1,30
2015.0,543278,FC,1,30
2015.0,543278,FF,3,1
2015.0,543278,FF,2,4
2015.0,543278,FF,1,19
2015.0,543278,IN,1,10
2015.0,543278,SL,1,5
2015.0,543294,CH,2,2
2015.0,543294,CH,1,31
2015.0,543294,CU,1,35
2015.0,543294,FC,2,1
2015.0,543294,FC,1,33
2015.0,543294,FF,3,1
2015.0,543294,FF,2,2
2015.0,543294,FF,1,23
2015.0,543294,IN,1,5
2015.0,543294,SI,2,4
2015.0,543294,SI,1,27
2015.0,543331,CH,4,1
2015.0,543331,CH,3,1
2015.0,543331,CH,2,4
2015.0,543331,CH,1,15
2015.0,543331,CU,3,1
2015.0,543331,CU,2,1
2015.0,543331,CU,1,25
2015.0,543331,FF,2,2
2015.0,543331,FF,1,26
2015.0,543331,IN,1,5
2015.0,543331,SL,2,2
2015.0,543331,SL,1,26
2015.0,543334,CH,1,5
2015.0,543334,CU,1,5
2015.0,543334,IN,1,5
2015.0,543334,SI,1,5
2015.0,543334,SL,1,5
2015.0,543339,CH,2,5
2015.0,543339,CH,1,25
2015.0,543339,FF,5,1
2015.0,543339,FF,2,1
2015.0,543339,FF,1,28
2015.0,543339,IN,1,10
2015.0,543339,SI,2,1
2015.0,543339,SI,1,33
2015.0,543339,SL,3,2
2015.0,543339,SL,2,2
2015.0,543339,SL,1,25
2015.0,543351,FF,2,1
2015.0,543351,FF,1,8
2015.0,543351,SL,1,10
2015.0,543359,FF,3,1
2015.0,543359,FF,2,5
2015.0,543359,FF,1,22
2015.0,543359,IN,2,1
2015.0,543359,IN,1,13
2015.0,543359,PO,1,5
2015.0,543359,SI,3,1
2015.0,543359,SI,2,2
2015.0,543359,SI,1,28
2015.0,543359,SL,2,1
2015.0,543359,SL,1,33
2015.0,543380,CH,2,6
2015.0,543380,CH,1,13
2015.0,543380,CU,2,2
2015.0,543380,CU,1,21
2015.0,543380,FF,2,1
2015.0,543380,FF,1,23
2015.0,543380,IN,1,5
2015.0,543380,PO,1,5
2015.0,543380,SI,5,1
2015.0,543380,SI,1,20
2015.0,543391,CH,3,1
2015.0,543391,CH,2,1
2015.0,543391,CH,1,5
2015.0,543391,CU,2,2
2015.0,543391,CU,1,6
2015.0,543391,FF,2,1
2015.0,543391,FF,1,8
2015.0,543391,SI,3,1
2015.0,543391,SI,2,1
2015.0,543391,SI,1,5
2015.0,543408,CH,2,2
2015.0,543408,CH,1,31
2015.0,543408,FF,2,1
2015.0,543408,FF,1,33
2015.0,543408,IN,1,10
2015.0,543408,KC,2,1
2015.0,543408,KC,1,33
2015.0,543408,SI,2,7
2015.0,543408,SI,1,21
2015.0,543408,SL,2,1
2015.0,543408,SL,1,33
2015.0,543409,FF,1,10
2015.0,543409,SI,4,1
2015.0,543409,SI,1,6
2015.0,543409,SL,1,10
2015.0,543424,CH,2,3
2015.0,543424,CH,1,9
2015.0,543424,CU,2,1
2015.0,543424,CU,1,13
2015.0,543424,FC,2,2
2015.0,543424,FC,1,11
2015.0,543424,FF,3,1
2015.0,543424,FF,2,1
2015.0,543424,FF,1,10
2015.0,543456,CH,2,4
2015.0,543456,CH,1,7
2015.0,543456,CU,1,15
2015.0,543456,FC,1,15
2015.0,543456,FF,1,15
2015.0,543456,IN,1,5
2015.0,543456,SI,2,2
2015.0,543456,SI,1,11
2015.0,543475,CH,2,1
2015.0,543475,CH,1,8
2015.0,543475,CU,1,10
2015.0,543475,FF,1,10
2015.0,543475,IN,1,5
2015.0,543475,SI,1,10
2015.0,543475,SL,1,10
2015.0,543506,CH,2,4
2015.0,543506,CH,1,17
2015.0,543506,FF,2,5
2015.0,543506,FF,1,15
2015.0,543506,IN,1,5
2015.0,543506,SI,2,2
2015.0,543506,SI,1,16
2015.0,543506,SL,2,3
2015.0,543506,SL,1,19
2015.0,543507,CH,4,1
2015.0,543507,CH,2,3
2015.0,543507,CH,1,25
2015.0,543507,CU,3,1
2015.0,543507,CU,2,1
2015.0,543507,CU,1,30
2015.0,543507,FF,3,2
2015.0,543507,FF,2,1
2015.0,543507,FF,1,27
2015.0,543507,IN,1,10
2015.0,543507,SI,2,4
2015.0,543507,SI,1,22
2015.0,543507,SL,2,4
2015.0,543507,SL,1,22
2015.0,543508,CH,2,3
2015.0,543508,CH,1,9
2015.0,543508,CU,2,2
2015.0,543508,CU,1,11
2015.0,543508,FC,1,5
2015.0,543508,FF,4,1
2015.0,543508,FF,2,1
2015.0,543508,FF,1,9
2015.0,543518,CH,1,10
2015.0,543518,CU,1,10
2015.0,543518,FF,1,10
2015.0,543518,SL,1,10
2015.0,543521,CH,2,1
2015.0,543521,CH,1,33
2015.0,543521,CU,2,2
2015.0,543521,CU,1,31
2015.0,543521,FC,2,1
2015.0,543521,FC,1,33
2015.0,543521,FF,2,2
2015.0,543521,FF,1,31
2015.0,543521,IN,1,10
2015.0,543521,PO,1,10
2015.0,543521,SI,2,3
2015.0,543521,SI,1,29
2015.0,543542,CU,1,5
2015.0,543542,FF,1,5
2015.0,543542,SI,1,5
2015.0,543548,CH,3,1
2015.0,543548,CH,2,5
2015.0,543548,CH,1,17
2015.0,543548,CU,2,1
2015.0,543548,CU,1,28
2015.0,543548,FC,2,3
2015.0,543548,FC,1,24
2015.0,543548,FF,2,4
2015.0,543548,FF,1,22
2015.0,543548,IN,1,5
2015.0,543548,SI,1,10
2015.0,543557,CH,3,1
2015.0,543557,CH,2,2
2015.0,543557,CH,1,8
2015.0,543557,CU,2,2
2015.0,543557,CU,1,11
2015.0,543557,FC,2,1
2015.0,543557,FC,1,13
2015.0,543557,FF,2,1
2015.0,543557,FF,1,13
2015.0,543557,IN,1,5
2015.0,543594,CH,1,10
2015.0,543594,CU,1,10
2015.0,543594,FC,1,10
2015.0,543594,FF,2,1
2015.0,543594,FF,1,8
2015.0,543594,SL,2,1
2015.0,543594,SL,1,8
2015.0,543606,CU,2,4
2015.0,543606,CU,1,27
2015.0,543606,FC,2,2
2015.0,543606,FC,1,31
2015.0,543606,FF,3,1
2015.0,543606,FF,2,1
2015.0,543606,FF,1,30
2015.0,543606,FS,1,35
2015.0,543606,SI,2,2
2015.0,543606,SI,1,31
2015.0,543606,SL,2,4
2015.0,543606,SL,1,17
2015.0,543607,CH,2,1
2015.0,543607,CH,1,8
2015.0,543607,CU,1,10
2015.0,543607,FF,1,10
2015.0,543607,IN,1,5
2015.0,543607,PO,1,5
2015.0,543607,SI,1,10
2015.0,543607,SL,1,5
2015.0,543698,CU,2,1
2015.0,543698,CU,1,3
2015.0,543698,FF,1,5
2015.0,543698,FS,1,5
2015.0,543698,SI,2,1
2015.0,543698,SI,1,3
2015.0,543699,CH,3,1
2015.0,543699,CH,2,3
2015.0,543699,CH,1,26
2015.0,543699,CU,3,1
2015.0,543699,CU,2,2
2015.0,543699,CU,1,28
2015.0,543699,FF,2,3
2015.0,543699,FF,1,24
2015.0,543699,IN,1,15
2015.0,543699,SI,2,2
2015.0,543699,SI,1,31
2015.0,543699,SL,3,1
2015.0,543699,SL,2,2
2015.0,543699,SL,1,28
2015.0,543716,CH,3,1
2015.0,543716,CH,2,1
2015.0,543716,CH,1,10
2015.0,543716,FF,1,15
2015.0,543716,IN,1,5
2015.0,543716,SI,1,5
2015.0,543716,SL,1,15
2015.0,543726,CU,2,3
2015.0,543726,CU,1,24
2015.0,543726,FC,2,2
2015.0,543726,FC,1,26
2015.0,543726,FF,2,1
2015.0,543726,FF,1,28
2015.0,543726,IN,1,15
2015.0,543726,SI,1,10
2015.0,543726,SL,3,1
2015.0,543726,SL,1,27
2015.0,543734,CH,3,1
2015.0,543734,CH,1,27
2015.0,543734,CU,2,2
2015.0,543734,CU,1,26
2015.0,543734,FC,2,1
2015.0,543734,FC,1,28
2015.0,543734,FF,2,5
2015.0,543734,FF,1,20
2015.0,543734,IN,2,2
2015.0,543734,IN,1,16
2015.0,543734,SI,2,3
2015.0,543734,SI,1,24
2015.0,543746,CH,2,3
2015.0,543746,CH,1,14
2015.0,543746,CU,2,1
2015.0,543746,CU,1,18
2015.0,543746,FF,1,20
2015.0,543746,IN,1,15
2015.0,543746,SI,1,20
2015.0,543746,SL,2,1
2015.0,543746,SL,1,18
2015.0,543766,CH,2,1
2015.0,543766,CH,1,18
2015.0,543766,FC,2,1
2015.0,543766,FC,1,33
2015.0,543766,IN,1,5
2015.0,543766,PO,1,5
2015.0,543766,ST,2,3
2015.0,543766,ST,1,29
2015.0,543779,CH,3,1
2015.0,543779,CH,2,4
2015.0,543779,CH,1,24
2015.0,543779,CU,3,1
2015.0,543779,CU,2,3
2015.0,543779,CU,1,26
2015.0,543779,FF,3,1
2015.0,543779,FF,2,1
2015.0,543779,FF,1,30
2015.0,543779,IN,1,5
2015.0,543779,SI,1,5
2015.0,543803,CH,1,5
2015.0,543803,CU,1,5
2015.0,543803,FC,1,5
2015.0,543803,FF,1,5
2015.0,543803,SI,1,5
2015.0,543859,CH,1,10
2015.0,543859,FF,3,2
2015.0,543859,FF,2,2
2015.0,543859,FF,1,20
2015.0,543859,IN,1,5
2015.0,543859,SI,1,15
2015.0,543859,SL,3,1
2015.0,543859,SL,2,2
2015.0,543859,SL,1,18
2015.0,543881,CH,2,3
2015.0,543881,CH,1,14
2015.0,543881,CU,2,2
2015.0,543881,CU,1,26
2015.0,543881,FF,1,25
2015.0,543881,IN,1,5
2015.0,543881,PO,2,1
2015.0,543881,PO,1,13
2015.0,543881,SI,2,1
2015.0,543881,SI,1,28
2015.0,543881,SL,3,1
2015.0,543881,SL,2,1
2015.0,543881,SL,1,25
2015.0,543883,CH,1,15
2015.0,543883,CU,1,5
2015.0,543883,FF,2,3
2015.0,543883,FF,1,24
2015.0,543883,IN,1,5
2015.0,543883,SI,2,2
2015.0,543883,SI,1,16
2015.0,543883,SL,2,1
2015.0,543883,SL,1,28
2015.0,543900,CH,3,1
2015.0,543900,CH,2,3
2015.0,543900,CH,1,21
2015.0,543900,FF,2,3
2015.0,543900,FF,1,24
2015.0,543900,IN,1,5
2015.0,543900,SI,2,1
2015.0,543900,SI,1,28
2015.0,543900,SL,2,4
2015.0,543900,SL,1,22
2015.0,543901,CH,1,10
2015.0,543901,CU,1,10
2015.0,543901,FF,1,5
2015.0,543901,SI,2,1
2015.0,543901,SI,1,8
2015.0,543901,SL,2,1
2015.0,543901,SL,1,8
2015.0,543903,CH,1,20
2015.0,543903,CU,1,5
2015.0,543903,FF,2,3
2015.0,543903,FF,1,14
2015.0,543903,IN,1,5
2015.0,543903,SI,2,2
2015.0,543903,SI,1,16
2015.0,543903,SL,2,1
2015.0,543903,SL,1,18
2015.0,543921,CH,2,1
2015.0,543921,CH,1,8
2015.0,543921,CU,1,10
2015.0,543921,FF,1,10
2015.0,543921,IN,1,5
2015.0,543935,CH,1,15
2015.0,543935,CU,2,2
2015.0,543935,CU,1,26
2015.0,543935,FC,1,20
2015.0,543935,FF,2,2
2015.0,543935,FF,1,26
2015.0,543935,IN,1,5
2015.0,543935,SI,2,1
2015.0,543935,SI,1,28
2015.0,543935,SL,2,3
2015.0,543935,SL,1,24
2015.0,543942,CU,2,2
2015.0,543942,CU,1,6
2015.0,543942,FF,1,5
2015.0,543942,FS,1,10
2015.0,543942,SI,1,10
2015.0,543942,SL,2,1
2015.0,543942,SL,1,8
2015.0,543964,CH,1,5
2015.0,543964,FF,2,2
2015.0,543964,FF,1,6
2015.0,543964,PO,1,5
2015.0,543964,SL,2,1
2015.0,543964,SL,1,8
2015.0,544365,CH,2,1
2015.0,544365,CH,1,13
2015.0,544365,CU,1,15
2015.0,544365,FF,2,2
2015.0,544365,FF,1,11
2015.0,544365,SI,1,5
2015.0,544365,SL,2,2
2015.0,544365,SL,1,11
2015.0,544725,CH,1,5
2015.0,544725,CU,1,5
2015.0,544725,FF,1,5
2015.0,544727,FF,2,5
2015.0,544727,FF,1,30
2015.0,544727,FS,2,1
2015.0,544727,FS,1,28
2015.0,544727,IN,1,10
2015.0,544727,SI,2,6
2015.0,544727,SI,1,28
2015.0,544727,SL,3,1
2015.0,544727,SL,2,2
2015.0,544727,SL,1,33
2015.0,544759,CH,2,1
2015.0,544759,CH,1,23
2015.0,544759,FC,1,25
2015.0,544759,FF,2,1
2015.0,544759,FF,1,23
2015.0,544759,SI,2,1
2015.0,544759,SI,1,13
2015.0,544759,SL,2,3
2015.0,544759,SL,1,19
2015.0,544836,CH,1,15
2015.0,544836,FC,2,1
2015.0,544836,FC,1,23
2015.0,544836,FF,2,1
2015.0,544836,FF,1,23
2015.0,544836,SI,1,10
2015.0,544836,SL,2,1
2015.0,544836,SL,1,23
2015.0,544928,CH,3,1
2015.0,544928,CH,2,2
2015.0,544928,CH,1,23
2015.0,544928,CU,1,20
2015.0,544928,FF,3,1
2015.0,544928,FF,2,2
2015.0,544928,FF,1,23
2015.0,544928,SI,2,2
2015.0,544928,SI,1,26
2015.0,544928,SL,2,2
2015.0,544928,SL,1,26
2015.0,544931,CH,2,2
2015.0,544931,CH,1,31
2015.0,544931,CU,2,4
2015.0,544931,CU,1,27
2015.0,544931,FF,2,3
2015.0,544931,FF,1,29
2015.0,544931,SI,4,1
2015.0,544931,SI,2,2
2015.0,544931,SI,1,27
2015.0,544931,SL,1,15
2015.0,544993,FF,2,3
2015.0,544993,FF,1,29
2015.0,544993,FS,2,3
2015.0,544993,FS,1,24
2015.0,544993,IN,2,2
2015.0,544993,IN,1,11
2015.0,544993,SL,2,5
2015.0,544993,SL,1,25
2015.0,545064,FF,2,1
2015.0,545064,FF,1,13
2015.0,545064,SI,2,4
2015.0,545064,SI,1,7
2015.0,545064,SL,2,1
2015.0,545064,SL,1,13
2015.0,545333,CH,2,4
2015.0,545333,CH,1,27
2015.0,545333,CU,2,2
2015.0,545333,CU,1,21
2015.0,545333,FC,2,4
2015.0,545333,FC,1,27
2015.0,545333,FF,1,35
2015.0,545333,IN,1,5
2015.0,545333,KC,2,1
2015.0,545333,KC,1,33
2015.0,545333,PO,1,5
2015.0,545333,SI,2,5
2015.0,545333,SI,1,25
2015.0,545333,SL,1,5
2015.0,545338,CH,1,5
2015.0,545338,CU,1,5
2015.0,545338,FF,1,5
2015.0,545338,SL,1,5
2015.0,545346,CH,1,5
2015.0,545346,CU,1,5
2015.0,545346,FF,1,5
2015.0,545346,SI,1,5
2015.0,545346,SL,2,1
2015.0,545346,SL,1,3
2015.0,545404,CH,1,5
2015.0,545404,CU,1,5
2015.0,545404,FF,1,5
2015.0,545404,IN,2,1
2015.0,545404,IN,1,3
2015.0,545404,SL,2,1
2015.0,545404,SL,1,3
2015.0,547179,CH,2,2
2015.0,547179,CH,1,26
2015.0,547179,CU,2,3
2015.0,547179,CU,1,29
2015.0,547179,FF,3,1
2015.0,547179,FF,2,2
2015.0,547179,FF,1,28
2015.0,547179,IN,2,1
2015.0,547179,IN,1,13
2015.0,547179,PO,1,5
2015.0,547179,SI,2,2
2015.0,547179,SI,1,31
2015.0,547179,SL,2,3
2015.0,547179,SL,1,29
2015.0,547348,CU,3,1
2015.0,547348,CU,1,7
2015.0,547348,FF,2,1
2015.0,547348,FF,1,3
2015.0,547348,SI,2,4
2015.0,547348,SI,1,2
2015.0,547749,CH,1,5
2015.0,547749,CU,2,1
2015.0,547749,CU,1,28
2015.0,547749,FF,2,3
2015.0,547749,FF,1,24
2015.0,547749,FO,2,3
2015.0,547749,FO,1,24
2015.0,547749,IN,1,5
2015.0,547749,SI,1,5
2015.0,547749,SL,2,2
2015.0,547749,SL,1,26
2015.0,547874,CU,2,2
2015.0,547874,CU,1,21
2015.0,547874,FC,2,1
2015.0,547874,FC,1,23
2015.0,547874,FF,2,1
2015.0,547874,FF,1,23
2015.0,547874,FS,3,1
2015.0,547874,FS,2,2
2015.0,547874,FS,1,18
2015.0,547874,PO,2,2
2015.0,547874,PO,1,16
2015.0,547874,SI,2,1
2015.0,547874,SI,1,23
2015.0,547874,SL,2,1
2015.0,547874,SL,1,23
2015.0,547888,CU,3,1
2015.0,547888,CU,2,1
2015.0,547888,CU,1,25
2015.0,547888,FC,2,3
2015.0,547888,FC,1,24
2015.0,547888,FF,2,2
2015.0,547888,FF,1,26
2015.0,547888,FS,1,30
2015.0,547888,PO,1,5
2015.0,547888,SI,2,3
2015.0,547888,SI,1,24
2015.0,547888,SL,2,3
2015.0,547888,SL,1,24
2015.0,547973,CH,2,3
2015.0,547973,CH,1,29
2015.0,547973,FF,2,1
2015.0,547973,FF,1,33
2015.0,547973,IN,1,5
2015.0,547973,SI,1,5
2015.0,547973,SL,3,1
2015.0,547973,SL,2,5
2015.0,547973,SL,1,22
2015.0,548337,CH,2,3
2015.0,548337,CH,1,19
2015.0,548337,CU,1,15
2015.0,548337,FF,2,2
2015.0,548337,FF,1,26
2015.0,548337,IN,1,20
2015.0,548337,SI,2,2
2015.0,548337,SI,1,26
2015.0,548337,SL,2,4
2015.0,548337,SL,1,22
2015.0,548357,CH,2,2
2015.0,548357,CH,1,26
2015.0,548357,CU,2,2
2015.0,548357,CU,1,26
2015.0,548357,FF,2,2
2015.0,548357,FF,1,26
2015.0,548357,IN,1,5
2015.0,548357,SI,2,1
2015.0,548357,SI,1,23
2015.0,548357,SL,2,3
2015.0,548357,SL,1,24
2015.0,553872,CH,2,2
2015.0,553872,CH,1,6
2015.0,553872,FF,1,10
2015.0,553872,SI,1,5
2015.0,553872,SL,2,1
2015.0,553872,SL,1,3
2015.0,553878,CH,2,1
2015.0,553878,CH,1,23
2015.0,553878,FF,1,30
2015.0,553878,IN,1,10
2015.0,553878,SI,2,2
2015.0,553878,SI,1,11
2015.0,553878,SL,2,3
2015.0,553878,SL,1,19
2015.0,553970,CH,3,1
2015.0,553970,CH,1,12
2015.0,553970,FC,2,1
2015.0,553970,FC,1,13
2015.0,553970,FF,1,15
2015.0,553970,IN,1,5
2015.0,553970,SI,2,1
2015.0,553970,SI,1,13
2015.0,553970,SL,1,15
2015.0,554234,CH,2,3
2015.0,554234,CH,1,19
2015.0,554234,CU,2,4
2015.0,554234,CU,1,17
2015.0,554234,FF,1,5
2015.0,554234,IN,3,1
2015.0,554234,IN,1,7
2015.0,554234,PO,1,5
2015.0,554234,SI,3,1
2015.0,554234,SI,2,3
2015.0,554234,SI,1,16
2015.0,554340,CH,2,2
2015.0,554340,CH,1,31
2015.0,554340,FC,2,1
2015.0,554340,FC,1,18
2015.0,554340,FF,2,4
2015.0,554340,FF,1,27
2015.0,554340,IN,1,5
2015.0,554340,SI,2,1
2015.0,554340,SI,1,18
2015.0,554340,SL,2,5
2015.0,554340,SL,1,25
2015.0,554431,CH,2,1
2015.0,554431,CH,1,8
2015.0,554431,CU,1,10
2015.0,554431,FF,2,1
2015.0,554431,FF,1,8
2015.0,554431,SL,2,1
2015.0,554431,SL,1,8
2015.0,554432,CH,1,5
2015.0,554432,FF,2,2
2015.0,554432,FF,1,11
2015.0,554432,SI,2,2
2015.0,554432,SI,1,11
2015.0,554432,SL,2,1
2015.0,554432,SL,1,13
2015.0,570632,CH,3,1
2015.0,570632,CH,1,27
2015.0,570632,CU,1,25
2015.0,570632,FF,2,1
2015.0,570632,FF,1,33
2015.0,570632,IN,1,10
2015.0,570632,SI,2,5
2015.0,570632,SI,1,25
2015.0,570632,SL,2,2
2015.0,570632,SL,1,31
2015.0,570649,CH,2,3
2015.0,570649,CH,1,29
2015.0,570649,CU,2,1
2015.0,570649,CU,1,33
2015.0,570649,FC,1,35
2015.0,570649,FF,2,3
2015.0,570649,FF,1,29
2015.0,570649,IN,1,5
2015.0,570649,SI,2,3
2015.0,570649,SI,1,29
2015.0,570663,AB,1,5
2015.0,570663,CH,1,15
2015.0,570663,FF,3,1
2015.0,570663,FF,2,3
2015.0,570663,FF,1,26
2015.0,570663,IN,1,5
2015.0,570663,SI,2,3
2015.0,570663,SI,1,19
2015.0,570663,SL,2,2
2015.0,570663,SL,1,31
2015.0,571057,CH,2,1
2015.0,571057,CH,1,33
2015.0,571057,CU,2,3
2015.0,571057,CU,1,29
2015.0,571057,FF,2,5
2015.0,571057,FF,1,25
2015.0,571057,IN,1,5
2015.0,571057,SI,2,2
2015.0,571057,SI,1,11
2015.0,571439,CH,1,20
2015.0,571439,FF,2,5
2015.0,571439,FF,1,15
2015.0,571439,IN,1,5
2015.0,571439,SL,2,2
2015.0,571439,SL,1,16
2015.0,571476,CH,2,1
2015.0,571476,CH,1,3
2015.0,571476,CU,2,1
2015.0,571476,CU,1,3
2015.0,571476,FF,1,5
2015.0,571476,SI,2,1
2015.0,571476,SI,1,3
2015.0,571476,SL,1,5
2015.0,571479,CH,2,2
2015.0,571479,CH,1,16
2015.0,571479,FF,2,3
2015.0,571479,FF,1,19
2015.0,571479,SL,2,2
2015.0,571479,SL,1,21
2015.0,571510,CH,2,2
2015.0,571510,CH,1,16
2015.0,571510,CU,2,2
2015.0,571510,CU,1,16
2015.0,571510,FF,1,20
2015.0,571510,SL,2,2
2015.0,571510,SL,1,16
2015.0,571521,CH,1,5
2015.0,571521,FF,4,1
2015.0,571521,FF,2,2
2015.0,571521,FF,1,12
2015.0,571521,SL,3,1
2015.0,571521,SL,2,3
2015.0,571521,SL,1,11
2015.0,571527,CH,2,3
2015.0,571527,CH,1,19
2015.0,571527,CU,2,1
2015.0,571527,CU,1,23
2015.0,571527,FC,2,3
2015.0,571527,FC,1,19
2015.0,571527,FF,2,1
2015.0,571527,FF,1,23
2015.0,571527,IN,1,5
2015.0,571527,SI,1,25
2015.0,571561,CH,1,15
2015.0,571561,FF,2,4
2015.0,571561,FF,1,22
2015.0,571561,IN,1,15
2015.0,571561,SI,1,5
2015.0,571561,SL,2,1
2015.0,571561,SL,1,28
2015.0,571577,CH,2,1
2015.0,571577,CH,1,8
2015.0,571577,CU,1,5
2015.0,571577,FF,2,1
2015.0,571577,FF,1,8
2015.0,571577,SI,1,10
2015.0,571577,SL,2,1
2015.0,571577,SL,1,8
2015.0,571578,CH,3,2
2015.0,571578,CH,2,1
2015.0,571578,CH,1,12
2015.0,571578,FF,2,2
2015.0,571578,FF,1,16
2015.0,571578,SI,3,1
2015.0,571578,SI,2,2
2015.0,571578,SI,1,13
2015.0,571578,SL,2,1
2015.0,571578,SL,1,18
2015.0,571584,CU,2,1
2015.0,571584,CU,1,13
2015.0,571584,FC,1,10
2015.0,571584,FF,1,20
2015.0,571584,PO,1,5
2015.0,571584,SL,3,1
2015.0,571584,SL,2,4
2015.0,571584,SL,1,9
2015.0,571656,CH,1,25
2015.0,571656,CU,2,1
2015.0,571656,CU,1,23
2015.0,571656,FC,1,5
2015.0,571656,FF,3,1
2015.0,571656,FF,2,2
2015.0,571656,FF,1,18
2015.0,571656,IN,2,1
2015.0,571656,IN,1,8
2015.0,571656,PO,1,10
2015.0,571656,SI,2,1
2015.0,571656,SI,1,18
2015.0,571666,CH,2,1
2015.0,571666,CH,1,33
2015.0,571666,CU,2,1
2015.0,571666,CU,1,33
2015.0,571666,FC,2,1
2015.0,571666,FC,1,28
2015.0,571666,FF,1,35
2015.0,571666,IN,1,10
2015.0,571666,SL,1,10
2015.0,571704,FF,2,3
2015.0,571704,FF,1,29
2015.0,571704,IN,1,10
2015.0,571704,SI,1,25
2015.0,571704,SL,3,3
2015.0,571704,SL,2,2
2015.0,571704,SL,1,22
2015.0,571710,CH,2,2
2015.0,571710,CH,1,16
2015.0,571710,FF,5,1
2015.0,571710,FF,2,2
2015.0,571710,FF,1,16
2015.0,571710,SL,2,5
2015.0,571710,SL,1,15
2015.0,571735,CH,2,2
2015.0,571735,CH,1,26
2015.0,571735,CU,2,2
2015.0,571735,CU,1,26
2015.0,571735,FC,1,10
2015.0,571735,FF,1,30
2015.0,571735,IN,2,1
2015.0,571735,IN,1,13
2015.0,571735,PO,1,5
2015.0,571735,SI,3,1
2015.0,571735,SI,2,2
2015.0,571735,SI,1,23
2015.0,571760,CH,2,1
2015.0,571760,CH,1,23
2015.0,571760,FF,1,5
2015.0,571760,IN,1,5
2015.0,571760,SI,2,4
2015.0,571760,SI,1,17
2015.0,571760,SL,2,2
2015.0,571760,SL,1,21
2015.0,571787,CH,2,1
2015.0,571787,CH,1,8
2015.0,571787,CU,2,1
2015.0,571787,CU,1,8
2015.0,571787,FF,1,10
2015.0,571787,SL,1,10
2015.0,571800,CH,3,1
2015.0,571800,CH,2,4
2015.0,571800,CH,1,24
2015.0,571800,CU,1,5
2015.0,571800,FF,2,3
2015.0,571800,FF,1,29
2015.0,571800,PO,1,10
2015.0,571800,SI,1,25
2015.0,571800,SL,2,2
2015.0,571800,SL,1,31
2015.0,571871,CH,3,1
2015.0,571871,CH,2,4
2015.0,571871,CH,1,14
2015.0,571871,CU,2,1
2015.0,571871,CU,1,28
2015.0,571871,FF,2,1
2015.0,571871,FF,1,28
2015.0,571871,IN,1,5
2015.0,571871,SI,2,4
2015.0,571871,SI,1,22
2015.0,571871,SL,1,25
2015.0,571893,CH,2,6
2015.0,571893,CH,1,13
2015.0,571893,FF,2,1
2015.0,571893,FF,1,23
2015.0,571893,IN,1,15
2015.0,571893,SI,2,1
2015.0,571893,SI,1,8
2015.0,571893,SL,2,2
2015.0,571893,SL,1,21
2015.0,571901,CH,2,3
2015.0,571901,CH,1,29
2015.0,571901,SI,2,3
2015.0,571901,SI,1,29
2015.0,571901,SL,2,2
2015.0,571901,SL,1,31
2015.0,571927,CH,2,1
2015.0,571927,CH,1,18
2015.0,571927,CU,2,4
2015.0,571927,CU,1,12
2015.0,571927,IN,1,5
2015.0,571927,SI,1,20
2015.0,571927,SL,1,5
2015.0,571946,CH,2,6
2015.0,571946,CH,1,23
2015.0,571946,CU,2,1
2015.0,571946,CU,1,33
2015.0,571946,FC,3,1
2015.0,571946,FC,2,1
2015.0,571946,FC,1,30
2015.0,571946,FF,2,2
2015.0,571946,FF,1,31
2015.0,571946,IN,2,1
2015.0,571946,IN,1,18
2015.0,571946,SI,2,3
2015.0,571946,SI,1,29
2015.0,571951,CH,3,1
2015.0,571951,CH,2,3
2015.0,571951,CH,1,11
2015.0,571951,CU,3,2
2015.0,571951,CU,2,1
2015.0,571951,CU,1,17
2015.0,571951,FC,2,2
2015.0,571951,FC,1,21
2015.0,571951,FF,2,5
2015.0,571951,FF,1,15
2015.0,571951,IN,1,5
2015.0,571951,SI,1,5
2015.0,572020,CH,1,15
2015.0,572020,FC,1,15
2015.0,572020,FF,2,1
2015.0,572020,FF,1,13
2015.0,572020,IN,1,5
2015.0,572020,KC,2,2
2015.0,572020,KC,1,11
2015.0,572020,SI,1,10
2015.0,572021,FF,1,5
2015.0,572021,SI,2,2
2015.0,572021,SI,1,6
2015.0,572021,SL,2,1
2015.0,572021,SL,1,8
2015.0,572038,FC,1,5
2015.0,572038,FF,2,7
2015.0,572038,FF,1,21
2015.0,572038,IN,1,5
2015.0,572038,SL,4,1
2015.0,572038,SL,2,2
2015.0,572038,SL,1,27
2015.0,572070,CU,2,3
2015.0,572070,CU,1,29
2015.0,572070,FC,2,3
2015.0,572070,FC,1,29
2015.0,572070,FF,1,35
2015.0,572070,IN,1,10
2015.0,572070,SI,2,3
2015.0,572070,SI,1,29
2015.0,572070,SL,2,4
2015.0,572070,SL,1,27
2015.0,572089,CH,3,1
2015.0,572089,CH,2,1
2015.0,572089,CH,1,5
2015.0,572089,CU,2,2
2015.0,572089,CU,1,6
2015.0,572089,FF,2,1
2015.0,572089,FF,1,8
2015.0,572089,SI,1,10
2015.0,572089,SL,2,2
2015.0,572089,SL,1,6
2015.0,572096,CH,2,3
2015.0,572096,CH,1,29
2015.0,572096,CU,3,1
2015.0,572096,CU,2,3
2015.0,572096,CU,1,16
2015.0,572096,FA,1,5
2015.0,572096,FF,3,1
2015.0,572096,FF,2,5
2015.0,572096,FF,1,22
2015.0,572096,IN,3,1
2015.0,572096,IN,1,12
2015.0,572096,SL,2,1
2015.0,572096,SL,1,33
2015.0,572102,CH,2,4
2015.0,572102,CH,1,12
2015.0,572102,CU,2,2
2015.0,572102,CU,1,16
2015.0,572102,FF,2,1
2015.0,572102,FF,1,18
2015.0,572102,PO,2,1
2015.0,572102,PO,1,3
2015.0,572102,SL,1,15
2015.0,572193,CH,2,1
2015.0,572193,CH,1,23
2015.0,572193,FC,2,2
2015.0,572193,FC,1,21
2015.0,572193,FF,2,3
2015.0,572193,FF,1,19
2015.0,572193,SL,3,1
2015.0,572193,SL,2,3
2015.0,572193,SL,1,16
2015.0,572308,CH,1,10
2015.0,572308,FF,1,10
2015.0,572308,SL,2,3
2015.0,572308,SL,1,4
2015.0,572309,CH,2,2
2015.0,572309,CH,1,6
2015.0,572309,CU,2,3
2015.0,572309,CU,1,4
2015.0,572309,FF,1,10
2015.0,572309,IN,1,5
2015.0,572309,SI,2,1
2015.0,572309,SI,1,8
2015.0,572309,SL,2,1
2015.0,572309,SL,1,8
2015.0,572362,CH,3,1
2015.0,572362,CH,2,1
2015.0,572362,CH,1,5
2015.0,572362,CU,2,2
2015.0,572362,CU,1,6
2015.0,572362,FF,2,1
2015.0,572362,FF,1,8
2015.0,572403,CH,1,15
2015.0,572403,CU,1,20
2015.0,572403,FF,2,3
2015.0,572403,FF,1,14
2015.0,572403,IN,1,10
2015.0,572403,SI,4,1
2015.0,572403,SI,2,1
2015.0,572403,SI,1,14
2015.0,572750,CH,2,5
2015.0,572750,CH,1,15
2015.0,572750,CU,1,20
2015.0,572750,FF,2,2
2015.0,572750,FF,1,21
2015.0,572750,IN,1,15
2015.0,572750,SI,1,25
2015.0,572750,SL,2,2
2015.0,572750,SL,1,21
2015.0,572788,CH,3,1
2015.0,572788,CH,2,1
2015.0,572788,CH,1,20
2015.0,572788,CU,2,3
2015.0,572788,CU,1,19
2015.0,572788,FF,2,3
2015.0,572788,FF,1,19
2015.0,572788,IN,1,5
2015.0,572788,SI,1,20
2015.0,572788,SL,2,2
2015.0,572788,SL,1,21
2015.0,572888,CH,3,1
2015.0,572888,CH,2,3
2015.0,572888,CH,1,11
2015.0,572888,CU,2,1
2015.0,572888,CU,1,18
2015.0,572888,FF,2,2
2015.0,572888,FF,1,21
2015.0,572888,IN,1,15
2015.0,572888,PO,1,5
2015.0,572888,SI,1,25
2015.0,572888,SL,2,2
2015.0,572888,SL,1,21
2015.0,572888,ST,1,5
2015.0,572889,CH,1,5
2015.0,572889,SI,2,1
2015.0,572889,SI,1,3
2015.0,572889,SL,1,5
2015.0,572971,CH,2,3
2015.0,572971,CH,1,29
2015.0,572971,FC,2,1
2015.0,572971,FC,1,33
2015.0,572971,FF,2,4
2015.0,572971,FF,1,27
2015.0,572971,IN,1,5
2015.0,572971,SI,2,2
2015.0,572971,SI,1,31
2015.0,572971,SL,2,1
2015.0,572971,SL,1,33
2015.0,573046,CH,2,3
2015.0,573046,CH,1,19
2015.0,573046,FF,2,3
2015.0,573046,FF,1,24
2015.0,573046,IN,1,10
2015.0,573046,SI,2,2
2015.0,573046,SI,1,16
2015.0,573046,SL,2,1
2015.0,573046,SL,1,23
2015.0,573064,CH,2,3
2015.0,573064,CH,1,24
2015.0,573064,CU,2,1
2015.0,573064,CU,1,28
2015.0,573064,FF,2,2
2015.0,573064,FF,1,26
2015.0,573064,IN,1,5
2015.0,573064,PO,1,10
2015.0,573064,SI,2,4
2015.0,573064,SI,1,22
2015.0,573064,SL,3,1
2015.0,573064,SL,2,2
2015.0,573064,SL,1,23
2015.0,573109,CH,2,2
2015.0,573109,CH,1,31
2015.0,573109,CU,2,1
2015.0,573109,CU,1,18
2015.0,573109,FC,2,2
2015.0,573109,FC,1,31
2015.0,573109,FF,2,3
2015.0,573109,FF,1,29
2015.0,573109,SI,2,2
2015.0,573109,SI,1,31
2015.0,573109,SL,2,4
2015.0,573109,SL,1,27
2015.0,573127,EP,1,5
2015.0,573127,FF,2,3
2015.0,573127,FF,1,19
2015.0,573127,SI,3,1
2015.0,573127,SI,1,22
2015.0,573127,SL,2,3
2015.0,573127,SL,1,19
2015.0,573185,CH,1,15
2015.0,573185,CU,1,5
2015.0,573185,FF,3,1
2015.0,573185,FF,2,1
2015.0,573185,FF,1,10
2015.0,573185,SI,1,10
2015.0,573185,SL,1,15
2015.0,573186,CH,1,10
2015.0,573186,CU,1,10
2015.0,573186,FC,1,10
2015.0,573186,FF,1,10
2015.0,573186,SI,1,10
2015.0,573186,SL,1,10
2015.0,573186,ST,1,5
2015.0,573186,SV,1,5
2015.0,573204,CH,2,1
2015.0,573204,CH,1,3
2015.0,573204,CU,2,1
2015.0,573204,CU,1,3
2015.0,573204,FF,2,1
2015.0,573204,FF,1,3
2015.0,573204,SI,3,1
2015.0,573204,SI,1,2
2015.0,573204,SL,1,5
2015.0,573244,CH,1,5
2015.0,573244,CU,1,5
2015.0,573244,FF,1,5
2015.0,573244,SI,2,1
2015.0,573244,SI,1,3
2015.0,573244,SL,1,5
2015.0,580792,CH,1,10
2015.0,580792,FF,4,1
2015.0,580792,FF,3,1
2015.0,580792,FF,1,13
2015.0,580792,SL,2,3
2015.0,580792,SL,1,14
2015.0,592091,CH,2,1
2015.0,592091,CH,1,13
2015.0,592091,FC,1,10
2015.0,592091,FF,2,1
2015.0,592091,FF,1,13
2015.0,592091,IN,1,5
2015.0,592091,PO,2,1
2015.0,592091,PO,1,3
2015.0,592091,SI,1,5
2015.0,592091,SL,1,10
2015.0,592102,CH,1,5
2015.0,592102,FF,3,1
2015.0,592102,FF,1,32
2015.0,592102,IN,1,10
2015.0,592102,KC,3,2
2015.0,592102,KC,2,4
2015.0,592102,KC,1,21
2015.0,592102,SI,1,5
2015.0,592102,SL,1,5
2015.0,592135,CH,2,2
2015.0,592135,CH,1,16
2015.0,592135,FC,2,2
2015.0,592135,FC,1,21
2015.0,592135,FF,3,1
2015.0,592135,FF,2,1
2015.0,592135,FF,1,25
2015.0,592135,IN,2,1
2015.0,592135,IN,1,8
2015.0,592135,SL,2,1
2015.0,592135,SL,1,28
2015.0,592181,FF,2,1
2015.0,592181,FF,1,8
2015.0,592181,SI,2,4
2015.0,592181,SI,1,12
2015.0,592181,SL,3,2
2015.0,592181,SL,2,2
2015.0,592181,SL,1,10
2015.0,592222,CH,2,1
2015.0,592222,CH,1,13
2015.0,592222,CU,2,1
2015.0,592222,CU,1,13
2015.0,592222,IN,1,5
2015.0,592222,SI,3,1
2015.0,592222,SI,1,12
2015.0,592222,SL,2,1
2015.0,592222,SL,1,13
2015.0,592314,CH,2,2
2015.0,592314,CH,1,16
2015.0,592314,CU,2,2
2015.0,592314,CU,1,21
2015.0,592314,FF,3,1
2015.0,592314,FF,2,3
2015.0,592314,FF,1,16
2015.0,592314,SI,1,25
2015.0,592314,SL,2,1
2015.0,592314,SL,1,23
2015.0,592329,CH,3,1
2015.0,592329,CH,2,1
2015.0,592329,CH,1,15
2015.0,592329,FF,2,3
2015.0,592329,FF,1,14
2015.0,592329,IN,1,5
2015.0,592329,SI,2,4
2015.0,592329,SI,1,12
2015.0,592329,SL,2,3
2015.0,592329,SL,1,14
2015.0,592332,CH,2,1
2015.0,592332,CH,1,18
2015.0,592332,FF,2,3
2015.0,592332,FF,1,24
2015.0,592332,FS,2,1
2015.0,592332,FS,1,28
2015.0,592332,IN,2,1
2015.0,592332,IN,1,3
2015.0,592332,PO,1,5
2015.0,592332,SI,2,2
2015.0,592332,SI,1,21
2015.0,592332,SL,1,30
2015.0,592340,CH,4,1
2015.0,592340,CH,3,1
2015.0,592340,CH,2,1
2015.0,592340,CH,1,21
2015.0,592340,CU,2,1
2015.0,592340,CU,1,28
2015.0,592340,FC,1,5
2015.0,592340,FF,3,1
2015.0,592340,FF,2,1
2015.0,592340,FF,1,25
2015.0,592340,IN,1,5
2015.0,592340,SL,1,10
2015.0,592341,CH,1,5
2015.0,592341,CU,1,5
2015.0,592341,FF,2,3
2015.0,592341,FF,1,19
2015.0,592341,IN,1,5
2015.0,592341,SI,2,3
2015.0,592341,SI,1,19
2015.0,592341,SL,2,3
2015.0,592341,SL,1,19
2015.0,592346,CH,2,3
2015.0,592346,CH,1,24
2015.0,592346,CU,2,1
2015.0,592346,CU,1,28
2015.0,592346,FC,1,5
2015.0,592346,FF,2,1
2015.0,592346,FF,1,28
2015.0,592346,IN,1,5
2015.0,592346,SI,3,1
2015.0,592346,SI,2,3
2015.0,592346,SI,1,21
2015.0,592346,SL,2,2
2015.0,592346,SL,1,26
2015.0,592351,CH,2,1
2015.0,592351,CH,1,8
2015.0,592351,FF,2,1
2015.0,592351,FF,1,8
2015.0,592351,IN,1,10
2015.0,592351,PO,1,5
2015.0,592351,SI,1,5
2015.0,592351,SL,2,1
2015.0,592351,SL,1,8
2015.0,592390,CH,2,3
2015.0,592390,CH,1,19
2015.0,592390,CU,1,10
2015.0,592390,FF,2,1
2015.0,592390,FF,1,28
2015.0,592390,IN,1,5
2015.0,592390,SL,2,2
2015.0,592390,SL,1,26
2015.0,592398,CH,2,1
2015.0,592398,CH,1,8
2015.0,592398,CU,1,5
2015.0,592398,FF,2,1
2015.0,592398,FF,1,8
2015.0,592398,SI,2,2
2015.0,592398,SI,1,6
2015.0,592398,SL,2,2
2015.0,592398,SL,1,6
2015.0,592426,CH,1,5
2015.0,592426,CU,1,5
2015.0,592426,FF,1,5
2015.0,592454,CH,3,1
2015.0,592454,CH,2,1
2015.0,592454,CH,1,15
2015.0,592454,CU,1,5
2015.0,592454,FC,1,5
2015.0,592454,FF,2,2
2015.0,592454,FF,1,16
2015.0,592454,IN,1,5
2015.0,592454,SI,2,1
2015.0,592454,SI,1,18
2015.0,592454,SL,1,10
2015.0,592527,CH,1,5
2015.0,592527,FF,1,10
2015.0,592527,SI,1,10
2015.0,592527,SL,1,10
2015.0,592533,CH,1,5
2015.0,592533,CU,2,1
2015.0,592533,CU,1,23
2015.0,592533,FC,2,1
2015.0,592533,FC,1,13
2015.0,592533,FF,3,1
2015.0,592533,FF,2,1
2015.0,592533,FF,1,20
2015.0,592533,SI,1,10
2015.0,592533,SL,2,2
2015.0,592533,SL,1,21
2015.0,592570,CH,2,1
2015.0,592570,CH,1,3
2015.0,592570,SL,2,1
2015.0,592570,SL,1,3
2015.0,592593,CH,3,1
2015.0,592593,CH,2,1
2015.0,592593,CH,1,15
2015.0,592593,CU,2,3
2015.0,592593,CU,1,14
2015.0,592593,FC,2,3
2015.0,592593,FC,1,14
2015.0,592593,FF,1,20
2015.0,592593,IN,2,1
2015.0,592593,IN,1,8
2015.0,592612,CH,1,20
2015.0,592612,FC,2,2
2015.0,592612,FC,1,16
2015.0,592612,FF,3,1
2015.0,592612,FF,1,17
2015.0,592612,SI,3,1
2015.0,592612,SI,1,17
2015.0,592662,CH,2,2
2015.0,592662,CH,1,26
2015.0,592662,CU,1,5
2015.0,592662,FF,2,4
2015.0,592662,FF,1,22
2015.0,592662,IN,1,10
2015.0,592662,SI,2,1
2015.0,592662,SI,1,28
2015.0,592662,SL,2,3
2015.0,592662,SL,1,24
2015.0,592665,CH,2,2
2015.0,592665,CH,1,21
2015.0,592665,FC,2,5
2015.0,592665,FC,1,30
2015.0,592665,FF,2,2
2015.0,592665,FF,1,36
2015.0,592665,IN,1,35
2015.0,592665,PO,1,5
2015.0,592665,SI,2,1
2015.0,592665,SI,1,23
2015.0,592665,SL,2,3
2015.0,592665,SL,1,34
2015.0,592677,CH,2,2
2015.0,592677,CH,1,21
2015.0,592677,FF,2,3
2015.0,592677,FF,1,19
2015.0,592677,SL,2,3
2015.0,592677,SL,1,19
2015.0,592705,CH,2,1
2015.0,592705,CH,1,18
2015.0,592705,CU,3,1
2015.0,592705,CU,2,3
2015.0,592705,CU,1,11
2015.0,592705,FF,2,1
2015.0,592705,FF,1,18
2015.0,592705,IN,1,5
2015.0,592705,PO,1,5
2015.0,592717,CH,2,1
2015.0,592717,CH,1,13
2015.0,592717,CU,2,2
2015.0,592717,CU,1,31
2015.0,592717,FA,1,5
2015.0,592717,FC,1,20
2015.0,592717,FF,2,3
2015.0,592717,FF,1,29
2015.0,592717,IN,1,10
2015.0,592717,SI,2,2
2015.0,592717,SI,1,31
2015.0,592717,SL,1,10
2015.0,592741,CH,2,3
2015.0,592741,CH,1,29
2015.0,592741,FF,2,2
2015.0,592741,FF,1,31
2015.0,592741,IN,1,10
2015.0,592741,SI,1,5
2015.0,592741,SL,1,35
2015.0,592767,CH,3,1
2015.0,592767,CH,2,1
2015.0,592767,CH,1,10
2015.0,592767,CU,2,4
2015.0,592767,CU,1,12
2015.0,592767,FC,2,2
2015.0,592767,FC,1,16
2015.0,592767,FF,3,1
2015.0,592767,FF,2,3
2015.0,592767,FF,1,11
2015.0,592781,CH,1,20
2015.0,592781,FF,2,3
2015.0,592781,FF,1,14
2015.0,592781,SL,2,2
2015.0,592781,SL,1,16
2015.0,592789,CH,3,1
2015.0,592789,CH,1,27
2015.0,592789,CU,2,3
2015.0,592789,CU,1,24
2015.0,592789,FF,2,1
2015.0,592789,FF,1,28
2015.0,592789,IN,1,15
2015.0,592789,SI,2,5
2015.0,592789,SI,1,20
2015.0,592789,SL,2,2
2015.0,592789,SL,1,21
2015.0,592804,CH,3,1
2015.0,592804,CH,2,2
2015.0,592804,CH,1,13
2015.0,592804,CU,2,2
2015.0,592804,CU,1,16
2015.0,592804,FC,1,5
2015.0,592804,FF,2,2
2015.0,592804,FF,1,16
2015.0,592804,IN,1,5
2015.0,592815,CU,2,1
2015.0,592815,CU,1,13
2015.0,592815,FF,3,1
2015.0,592815,FF,2,2
2015.0,592815,FF,1,13
2015.0,592815,SI,3,1
2015.0,592815,SI,1,7
2015.0,592815,SL,2,4
2015.0,592815,SL,1,12
2015.0,592826,CH,1,25
2015.0,592826,CU,2,2
2015.0,592826,CU,1,16
2015.0,592826,FF,2,3
2015.0,592826,FF,1,19
2015.0,592826,PO,1,5
2015.0,592826,SI,1,5
2015.0,592826,SL,2,2
2015.0,592826,SL,1,21
2015.0,592836,CU,2,1
2015.0,592836,CU,1,28
2015.0,592836,FC,2,1
2015.0,592836,FC,1,28
2015.0,592836,FF,2,1
2015.0,592836,FF,1,28
2015.0,592836,FS,2,1
2015.0,592836,FS,1,28
2015.0,592836,IN,1,5
2015.0,592836,PO,1,5
2015.0,592836,SI,2,3
2015.0,592836,SI,1,24
2015.0,592869,CH,2,1
2015.0,592869,CH,1,23
2015.0,592869,CU,2,2
2015.0,592869,CU,1,21
2015.0,592869,FF,2,3
2015.0,592869,FF,1,19
2015.0,592869,IN,1,5
2015.0,592869,SI,3,1
2015.0,592869,SI,2,5
2015.0,592869,SI,1,12
2015.0,592879,CH,1,5
2015.0,592879,FC,1,5
2015.0,592879,FF,2,2
2015.0,592879,FF,1,6
2015.0,592879,SL,2,1
2015.0,592879,SL,1,3
2015.0,593140,CH,2,1
2015.0,593140,CH,1,13
2015.0,593140,FF,1,15
2015.0,593140,SI,1,5
2015.0,593140,SL,3,1
2015.0,593140,SL,2,1
2015.0,593140,SL,1,10
2015.0,593372,CH,3,1
2015.0,593372,CH,2,5
2015.0,593372,CH,1,17
2015.0,593372,CU,2,1
2015.0,593372,CU,1,28
2015.0,593372,FF,2,2
2015.0,593372,FF,1,26
2015.0,593372,IN,2,2
2015.0,593372,IN,1,16
2015.0,593372,PO,1,5
2015.0,593372,SI,2,2
2015.0,593372,SI,1,26
2015.0,593423,CH,1,10
2015.0,593423,FC,1,5
2015.0,593423,FF,1,10
2015.0,593423,IN,2,1
2015.0,593423,IN,1,3
2015.0,593423,SL,2,3
2015.0,593423,SL,1,4
2015.0,593576,CH,1,5
2015.0,593576,FF,1,25
2015.0,593576,FS,2,2
2015.0,593576,FS,1,21
2015.0,593576,PO,1,5
2015.0,593576,SI,2,1
2015.0,593576,SI,1,23
2015.0,593576,SL,2,1
2015.0,593576,SL,1,23
2015.0,593582,CH,1,5
2015.0,593582,CU,1,5
2015.0,593582,FF,1,5
2015.0,593582,SI,2,1
2015.0,593582,SI,1,3
2015.0,593958,CH,2,1
2015.0,593958,CH,1,23
2015.0,593958,FF,2,1
2015.0,593958,FF,1,23
2015.0,593958,IN,1,5
2015.0,593958,SI,2,2
2015.0,593958,SI,1,21
2015.0,593958,SL,3,1
2015.0,593958,SL,1,22
2015.0,594736,CH,1,20
2015.0,594736,CU,1,20
2015.0,594736,FC,3,1
2015.0,594736,FC,2,1
2015.0,594736,FC,1,15
2015.0,594736,FF,3,1
2015.0,594736,FF,2,2
2015.0,594736,FF,1,13
2015.0,594736,IN,2,1
2015.0,594736,IN,1,3
2015.0,594742,CH,2,3
2015.0,594742,CH,1,9
2015.0,594742,CU,1,15
2015.0,594742,FF,2,1
2015.0,594742,FF,1,13
2015.0,594742,SI,2,3
2015.0,594742,SI,1,9
2015.0,594742,SL,2,1
2015.0,594742,SL,1,13
2015.0,594762,CU,2,1
2015.0,594762,CU,1,3
2015.0,594762,FC,3,1
2015.0,594762,FC,2,1
2015.0,594762,FC,1,5
2015.0,594762,FF,2,2
2015.0,594762,FF,1,6
2015.0,594772,CH,1,10
2015.0,594772,CU,1,10
2015.0,594772,FF,2,1
2015.0,594772,FF,1,3
2015.0,594772,SI,2,1
2015.0,594772,SI,1,8
2015.0,594772,SL,1,10
2015.0,594792,CH,3,1
2015.0,594792,CH,2,2
2015.0,594792,CH,1,18
2015.0,594792,FF,2,3
2015.0,594792,FF,1,19
2015.0,594792,IN,1,5
2015.0,594792,PO,1,5
2015.0,594792,SI,2,3
2015.0,594792,SI,1,19
2015.0,594792,SL,2,1
2015.0,594792,SL,1,23
2015.0,594798,CH,2,3
2015.0,594798,CH,1,29
2015.0,594798,CU,2,6
2015.0,594798,CU,1,23
2015.0,594798,FF,2,1
2015.0,594798,FF,1,33
2015.0,594798,IN,1,15
2015.0,594798,SI,2,2
2015.0,594798,SI,1,31
2015.0,594798,SL,2,6
2015.0,594798,SL,1,23
2015.0,594815,CH,1,10
2015.0,594815,CU,2,1
2015.0,594815,CU,1,8
2015.0,594815,FF,4,1
2015.0,594815,FF,1,11
2015.0,594815,SI,1,5
2015.0,594835,CH,2,1
2015.0,594835,CH,1,8
2015.0,594835,CU,3,1
2015.0,594835,CU,2,1
2015.0,594835,CU,1,5
2015.0,594835,FF,3,1
2015.0,594835,FF,1,7
2015.0,594840,CH,1,10
2015.0,594840,FF,2,1
2015.0,594840,FF,1,3
2015.0,594840,IN,1,5
2015.0,594840,SI,2,2
2015.0,594840,SI,1,16
2015.0,594840,SL,3,1
2015.0,594840,SL,2,1
2015.0,594840,SL,1,10
2015.0,594857,CH,1,10
2015.0,594857,FF,2,1
2015.0,594857,FF,1,13
2015.0,594857,IN,1,5
2015.0,594857,SL,2,2
2015.0,594857,SL,1,11
2015.0,594951,CH,3,1
2015.0,594951,CH,2,1
2015.0,594951,CH,1,15
2015.0,594951,CU,2,1
2015.0,594951,CU,1,8
2015.0,594951,FF,2,1
2015.0,594951,FF,1,18
2015.0,594951,IN,2,1
2015.0,594951,IN,1,3
2015.0,594951,SI,2,2
2015.0,594951,SI,1,11
2015.0,594951,SL,2,1
2015.0,594951,SL,1,18
2015.0,594977,CH,2,1
2015.0,594977,CH,1,13
2015.0,594977,CU,2,1
2015.0,594977,CU,1,13
2015.0,594977,FC,1,5
2015.0,594977,FF,2,2
2015.0,594977,FF,1,16
2015.0,594986,CH,2,3
2015.0,594986,CH,1,14
2015.0,594986,CU,2,1
2015.0,594986,CU,1,18
2015.0,594986,FC,2,3
2015.0,594986,FC,1,24
2015.0,594986,FF,3,1
2015.0,594986,FF,2,2
2015.0,594986,FF,1,23
2015.0,594986,SI,2,3
2015.0,594986,SI,1,19
2015.0,594987,CH,1,5
2015.0,594987,SI,2,1
2015.0,594987,SI,1,3
2015.0,594987,SL,1,5
2015.0,595001,CH,3,1
2015.0,595001,CH,2,1
2015.0,595001,CH,1,15
2015.0,595001,CU,2,3
2015.0,595001,CU,1,14
2015.0,595001,FF,2,1
2015.0,595001,FF,1,18
2015.0,595001,IN,1,10
2015.0,595001,PO,1,10
2015.0,595001,SI,1,20
2015.0,595001,SL,3,1
2015.0,595001,SL,1,17
2015.0,595014,CH,1,15
2015.0,595014,FF,2,1
2015.0,595014,FF,1,33
2015.0,595014,IN,2,3
2015.0,595014,IN,1,19
2015.0,595014,SI,2,2
2015.0,595014,SI,1,31
2015.0,595014,SL,3,1
2015.0,595014,SL,2,1
2015.0,595014,SL,1,30
2015.0,595032,CH,1,10
2015.0,595032,CU,3,1
2015.0,595032,CU,1,7
2015.0,595032,FF,2,1
2015.0,595032,FF,1,8
2015.0,595032,SI,1,10
2015.0,595032,SL,2,1
2015.0,595032,SL,1,8
2015.0,595191,CH,2,1
2015.0,595191,CH,1,13
2015.0,595191,CU,1,15
2015.0,595191,FF,2,1
2015.0,595191,FF,1,13
2015.0,595191,SI,1,15
2015.0,595191,SL,2,1
2015.0,595191,SL,1,13
2015.0,595235,CH,2,1
2015.0,595235,CH,1,8
2015.0,595235,FF,1,10
2015.0,595235,SL,1,10
2015.0,595307,CH,2,2
2015.0,595307,CH,1,31
2015.0,595307,CU,2,2
2015.0,595307,CU,1,16
2015.0,595307,FF,2,1
2015.0,595307,FF,1,33
2015.0,595307,IN,2,1
2015.0,595307,IN,1,18
2015.0,595307,SI,2,1
2015.0,595307,SI,1,33
2015.0,595307,SL,2,3
2015.0,595307,SL,1,29
2015.0,595371,FF,2,2
2015.0,595371,FF,1,1
2015.0,595371,SL,1,5
2015.0,595441,CH,2,1
2015.0,595441,CH,1,3
2015.0,595441,CU,2,1
2015.0,595441,CU,1,3
2015.0,595441,FF,1,5
2015.0,595441,SI,2,1
2015.0,595441,SI,1,3
2015.0,595441,SL,2,1
2015.0,595441,SL,1,3
2015.0,595465,CH,1,5
2015.0,595465,CU,1,5
2015.0,595465,FF,1,5
2015.0,595465,SI,2,1
2015.0,595465,SI,1,3
2015.0,595465,SL,2,1
2015.0,595465,SL,1,3
2015.0,595918,CH,2,1
2015.0,595918,CH,1,8
2015.0,595918,CU,3,1
2015.0,595918,CU,1,7
2015.0,595918,FF,1,10
2015.0,595918,IN,1,5
2015.0,595918,PO,1,5
2015.0,595918,SI,1,10
2015.0,595918,SL,1,5
2015.0,596057,CH,3,1
2015.0,596057,CH,2,2
2015.0,596057,CH,1,13
2015.0,596057,CU,2,1
2015.0,596057,CU,1,18
2015.0,596057,FF,2,2
2015.0,596057,FF,1,16
2015.0,596057,SL,2,1
2015.0,596057,SL,1,18
2015.0,596064,CH,2,4
2015.0,596064,CH,1,7
2015.0,596064,CU,1,15
2015.0,596064,FF,2,1
2015.0,596064,FF,1,13
2015.0,596064,SL,2,1
2015.0,596064,SL,1,8
2015.0,596331,CH,1,5
2015.0,596331,FF,3,2
2015.0,596331,FF,1,4
2015.0,596331,SI,1,5
2015.0,596331,SL,3,1
2015.0,596331,SL,2,1
2015.0,596331,SL,1,5
2015.0,598264,CH,3,2
2015.0,598264,CH,2,1
2015.0,598264,CH,1,22
2015.0,598264,CU,1,5
2015.0,598264,FF,4,1
2015.0,598264,FF,3,1
2015.0,598264,FF,2,2
2015.0,598264,FF,1,24
2015.0,598264,KC,3,1
2015.0,598264,KC,2,2
2015.0,598264,KC,1,28
2015.0,598264,SL,2,1
2015.0,598264,SL,1,13
2015.0,598271,CU,1,5
2015.0,598271,FF,1,5
2015.0,598271,SL,1,5
2015.0,598287,CH,2,4
2015.0,598287,CH,1,7
2015.0,598287,CU,2,1
2015.0,598287,CU,1,13
2015.0,598287,FF,1,5
2015.0,598287,SI,2,1
2015.0,598287,SI,1,13
2015.0,599998,FF,1,5
2015.0,599998,SL,2,2
2015.0,599998,SL,1,1
2015.0,602083,CH,2,1
2015.0,602083,CH,1,8
2015.0,602083,CU,2,2
2015.0,602083,CU,1,6
2015.0,602083,FF,1,10
2015.0,602083,SI,1,10
2015.0,605135,CH,2,5
2015.0,605135,CH,1,25
2015.0,605135,CU,2,3
2015.0,605135,CU,1,29
2015.0,605135,FF,3,1
2015.0,605135,FF,2,1
2015.0,605135,FF,1,30
2015.0,605135,PO,1,5
2015.0,605135,SI,2,2
2015.0,605135,SI,1,31
2015.0,605135,SL,3,2
2015.0,605135,SL,2,1
2015.0,605135,SL,1,27
2015.0,605151,CH,2,2
2015.0,605151,CH,1,11
2015.0,605151,FF,3,1
2015.0,605151,FF,2,2
2015.0,605151,FF,1,8
2015.0,605151,IN,1,10
2015.0,605151,KC,2,1
2015.0,605151,KC,1,13
2015.0,605156,CH,1,30
2015.0,605156,CU,2,1
2015.0,605156,CU,1,28
2015.0,605156,FF,2,3
2015.0,605156,FF,1,24
2015.0,605156,PO,1,5
2015.0,605156,SI,2,1
2015.0,605156,SI,1,23
2015.0,605156,SL,2,3
2015.0,605156,SL,1,24
2015.0,605169,FF,3,1
2015.0,605169,FF,1,22
2015.0,605169,KC,4,1
2015.0,605169,KC,2,2
2015.0,605169,KC,1,17
2015.0,605177,CH,2,5
2015.0,605177,CH,1,15
2015.0,605177,FF,2,1
2015.0,605177,FF,1,33
2015.0,605177,IN,2,1
2015.0,605177,IN,1,13
2015.0,605177,SI,3,1
2015.0,605177,SI,2,1
2015.0,605177,SI,1,30
2015.0,605177,SL,2,1
2015.0,605177,SL,1,28
2015.0,605200,CH,1,5
2015.0,605200,CU,1,5
2015.0,605200,FC,1,5
2015.0,605200,SI,2,1
2015.0,605200,SI,1,3
2015.0,605218,CH,1,5
2015.0,605218,CU,2,1
2015.0,605218,CU,1,8
2015.0,605218,FF,2,1
2015.0,605218,FF,1,8
2015.0,605226,CH,2,2
2015.0,605226,CH,1,11
2015.0,605226,CU,1,15
2015.0,605226,FF,2,2
2015.0,605226,FF,1,11
2015.0,605226,IN,1,5
2015.0,605228,CH,2,4
2015.0,605228,CH,1,12
2015.0,605228,CU,2,2
2015.0,605228,CU,1,16
2015.0,605228,FF,2,2
2015.0,605228,FF,1,16
2015.0,605228,SI,3,1
2015.0,605228,SI,1,17
2015.0,605232,CH,2,4
2015.0,605232,CH,1,22
2015.0,605232,FF,2,2
2015.0,605232,FF,1,16
2015.0,605232,SI,2,3
2015.0,605232,SI,1,24
2015.0,605232,SL,2,4
2015.0,605232,SL,1,22
2015.0,605288,CH,2,1
2015.0,605288,CH,1,8
2015.0,605288,CU,1,5
2015.0,605288,FF,1,5
2015.0,605288,SI,2,1
2015.0,605288,SI,1,8
2015.0,605304,CH,1,10
2015.0,605304,CU,2,1
2015.0,605304,CU,1,8
2015.0,605304,FF,2,1
2015.0,605304,FF,1,8
2015.0,605304,PO,1,5
2015.0,605304,SI,1,10
2015.0,605304,SL,3,1
2015.0,605304,SL,2,1
2015.0,605304,SL,1,5
2015.0,605309,CH,3,1
2015.0,605309,CH,2,3
2015.0,605309,CH,1,26
2015.0,605309,CU,2,1
2015.0,605309,CU,1,33
2015.0,605309,FF,4,1
2015.0,605309,FF,2,5
2015.0,605309,FF,1,21
2015.0,605309,PO,1,5
2015.0,605309,SI,2,2
2015.0,605309,SI,1,31
2015.0,605317,CH,2,1
2015.0,605317,CH,1,8
2015.0,605317,FF,1,10
2015.0,605317,IN,2,1
2015.0,605317,IN,1,3
2015.0,605317,SL,1,10
2015.0,605333,CH,2,1
2015.0,605333,CH,1,8
2015.0,605333,CU,2,1
2015.0,605333,CU,1,13
2015.0,605333,FF,2,1
2015.0,605333,FF,1,13
2015.0,605338,FF,2,1
2015.0,605338,FF,1,8
2015.0,605338,SI,1,10
2015.0,605338,SL,1,10
2015.0,605347,CH,2,1
2015.0,605347,CH,1,8
2015.0,605347,CU,2,2
2015.0,605347,CU,1,6
2015.0,605347,FF,2,2
2015.0,605347,FF,1,6
2015.0,605347,SI,2,1
2015.0,605347,SI,1,8
2015.0,605359,CH,2,1
2015.0,605359,CH,1,8
2015.0,605359,FF,1,10
2015.0,605359,IN,2,1
2015.0,605359,IN,1,3
2015.0,605359,SI,1,10
2015.0,605359,SL,1,10
2015.0,605374,FF,3,2
2015.0,605374,FF,2,1
2015.0,605374,FF,1,12
2015.0,605374,IN,1,5
2015.0,605374,SI,3,1
2015.0,605374,SI,2,1
2015.0,605374,SI,1,15
2015.0,605374,SL,4,1
2015.0,605374,SL,2,3
2015.0,605374,SL,1,10
2015.0,605388,CH,2,3
2015.0,605388,CH,1,14
2015.0,605388,CU,1,15
2015.0,605388,FF,2,4
2015.0,605388,FF,1,12
2015.0,605388,SL,2,1
2015.0,605388,SL,1,18
2015.0,605396,CH,2,1
2015.0,605396,CH,1,3
2015.0,605396,CU,2,1
2015.0,605396,CU,1,8
2015.0,605396,FF,4,1
2015.0,605396,FF,1,6
2015.0,605396,SL,1,5
2015.0,605400,CH,2,2
2015.0,605400,CH,1,11
2015.0,605400,CU,1,15
2015.0,605400,FF,1,15
2015.0,605400,IN,1,5
2015.0,605400,PO,1,10
2015.0,605400,SI,2,1
2015.0,605400,SI,1,13
2015.0,605452,CH,2,1
2015.0,605452,CH,1,18
2015.0,605452,FF,1,10
2015.0,605452,SI,2,1
2015.0,605452,SI,1,18
2015.0,605452,SL,4,1
2015.0,605452,SL,2,2
2015.0,605452,SL,1,12
2015.0,605476,CH,2,1
2015.0,605476,CH,1,23
2015.0,605476,FF,3,1
2015.0,605476,FF,2,1
2015.0,605476,FF,1,20
2015.0,605476,IN,1,15
2015.0,605476,PO,1,5
2015.0,605476,SI,2,4
2015.0,605476,SI,1,27
2015.0,605476,SL,4,1
2015.0,605476,SL,2,3
2015.0,605476,SL,1,25
2015.0,605477,AB,2,1
2015.0,605477,AB,1,3
2015.0,605477,FF,2,1
2015.0,605477,FF,1,3
2015.0,605477,SI,1,5
2015.0,605477,SL,1,5
2015.0,605538,CH,2,1
2015.0,605538,CH,1,23
2015.0,605538,CU,1,25
2015.0,605538,FF,2,2
2015.0,605538,FF,1,21
2015.0,605538,IN,1,10
2015.0,605538,SI,2,1
2015.0,605538,SI,1,23
2015.0,605538,SL,2,2
2015.0,605538,SL,1,21
2015.0,605541,CH,2,2
2015.0,605541,CH,1,16
2015.0,605541,CU,1,15
2015.0,605541,FF,2,3
2015.0,605541,FF,1,14
2015.0,605541,IN,1,10
2015.0,605541,SI,2,1
2015.0,605541,SI,1,18
2015.0,605541,SL,2,3
2015.0,605541,SL,1,14
2015.0,605894,CH,2,3
2015.0,605894,CH,1,14
2015.0,605894,CU,1,20
2015.0,605894,FC,1,5
2015.0,605894,FF,1,20
2015.0,605894,SI,2,4
2015.0,605894,SI,1,12
2015.0,606160,CH,1,5
2015.0,606160,FF,2,1
2015.0,606160,FF,1,3
2015.0,606160,IN,1,5
2015.0,606160,SI,1,5
2015.0,606160,SL,2,1
2015.0,606160,SL,1,3
2015.0,606273,CH,2,1
2015.0,606273,CH,1,33
2015.0,606273,CU,2,5
2015.0,606273,CU,1,25
2015.0,606273,FF,2,5
2015.0,606273,FF,1,25
2015.0,606273,IN,1,10
2015.0,606273,SI,3,2
2015.0,606273,SI,2,4
2015.0,606273,SI,1,21
2015.0,607067,CU,2,1
2015.0,607067,CU,1,8
2015.0,607067,FC,1,10
2015.0,607067,FF,2,1
2015.0,607067,FF,1,8
2015.0,607067,FS,1,5
2015.0,607067,SI,2,1
2015.0,607067,SI,1,8
2015.0,607068,CH,1,10
2015.0,607068,FF,1,5
2015.0,607068,SI,1,10
2015.0,607068,SL,2,2
2015.0,607068,SL,1,6
2015.0,607074,CH,2,3
2015.0,607074,CH,1,19
2015.0,607074,FF,2,1
2015.0,607074,FF,1,28
2015.0,607074,SI,2,5
2015.0,607074,SI,1,20
2015.0,607074,SL,2,5
2015.0,607074,SL,1,20
2015.0,607259,CH,2,1
2015.0,607259,CH,1,28
2015.0,607259,CU,2,2
2015.0,607259,CU,1,26
2015.0,607259,FF,2,1
2015.0,607259,FF,1,28
2015.0,607259,IN,2,1
2015.0,607259,IN,1,8
2015.0,607259,SI,2,1
2015.0,607259,SI,1,28
2015.0,607259,SL,2,2
2015.0,607259,SL,1,26
2015.0,607309,CH,2,2
2015.0,607309,CH,1,16
2015.0,607309,FF,2,2
2015.0,607309,FF,1,16
2015.0,607309,SI,2,2
2015.0,607309,SI,1,16
2015.0,607309,SL,2,5
2015.0,607309,SL,1,10
2015.0,607359,CH,3,1
2015.0,607359,CH,2,1
2015.0,607359,CH,1,15
2015.0,607359,FF,2,1
2015.0,607359,FF,1,18
2015.0,607359,PO,1,5
2015.0,607359,SI,2,1
2015.0,607359,SI,1,18
2015.0,607359,SL,2,3
2015.0,607359,SL,1,14
2015.0,607374,CH,2,1
2015.0,607374,CH,1,18
2015.0,607374,FF,2,2
2015.0,607374,FF,1,16
2015.0,607374,PO,1,10
2015.0,607374,SI,2,2
2015.0,607374,SI,1,16
2015.0,607374,SL,2,3
2015.0,607374,SL,1,14
2015.0,607405,CU,2,1
2015.0,607405,CU,1,3
2015.0,607405,FF,1,5
2015.0,607405,SL,1,5
2015.0,607457,CH,2,1
2015.0,607457,CH,1,8
2015.0,607457,FF,1,15
2015.0,607457,IN,1,10
2015.0,607457,SL,1,15
2015.0,607968,CH,2,1
2015.0,607968,CH,1,8
2015.0,607968,FF,2,1
2015.0,607968,FF,1,8
2015.0,607968,PO,1,5
2015.0,607968,SI,1,10
2015.0,607968,SL,2,1
2015.0,607968,SL,1,8
2015.0,608167,CH,2,3
2015.0,608167,CH,1,14
2015.0,608167,FF,1,20
2015.0,608167,SI,2,1
2015.0,608167,SI,1,18
2015.0,608167,SL,2,1
2015.0,608167,SL,1,18
2015.0,608349,CH,1,10
2015.0,608349,FF,3,2
2015.0,608349,FF,2,5
2015.0,608349,FF,1,9
2015.0,608349,IN,1,5
2015.0,608349,KC,2,2
2015.0,608349,KC,1,21
2015.0,608379,CH,2,1
2015.0,608379,CH,1,33
2015.0,608379,CU,3,1
2015.0,608379,CU,2,1
2015.0,608379,CU,1,30
2015.0,608379,FC,1,30
2015.0,608379,FF,2,2
2015.0,608379,FF,1,31
2015.0,608379,IN,1,20
2015.0,608379,PO,1,5
2015.0,608641,CH,2,1
2015.0,608641,CH,1,8
2015.0,608641,CU,2,1
2015.0,608641,CU,1,8
2015.0,608641,FF,1,10
2015.0,608641,IN,1,5
2015.0,608641,SI,1,5
2015.0,608641,SL,2,1
2015.0,608641,SL,1,8
2015.0,608648,CH,1,5
2015.0,608648,FC,1,15
2015.0,608648,FF,2,1
2015.0,608648,FF,1,13
2015.0,608648,KC,2,1
2015.0,608648,KC,1,13
2015.0,608648,SI,1,15
2015.0,608665,CH,2,2
2015.0,608665,CH,1,21
2015.0,608665,CU,1,5
2015.0,608665,FC,1,25
2015.0,608665,FF,2,1
2015.0,608665,FF,1,23
2015.0,608665,PO,1,5
2015.0,608665,SI,1,25
2015.0,608665,SL,2,2
2015.0,608665,SL,1,21
2015.0,608678,CH,2,1
2015.0,608678,CH,1,8
2015.0,608678,FC,2,1
2015.0,608678,FC,1,18
2015.0,608678,FF,2,1
2015.0,608678,FF,1,18
2015.0,608678,IN,2,1
2015.0,608678,IN,1,8
2015.0,608678,SI,2,1
2015.0,608678,SI,1,18
2015.0,608678,SL,2,1
2015.0,608678,SL,1,18
2015.0,611093,CH,4,1
2015.0,611093,CH,3,1
2015.0,611093,CH,1,8
2015.0,611093,FF,2,1
2015.0,611093,FF,1,13
2015.0,611093,IN,1,5
2015.0,611093,SI,1,5
2015.0,611093,SL,2,2
2015.0,611093,SL,1,11
2015.0,612272,CH,2,1
2015.0,612272,CH,1,8
2015.0,612272,FF,2,1
2015.0,612272,FF,1,8
2015.0,612272,SL,1,10
2015.0,612434,CH,3,1
2015.0,612434,CH,2,3
2015.0,612434,CH,1,11
2015.0,612434,FF,2,3
2015.0,612434,FF,1,14
2015.0,612434,IN,1,10
2015.0,612434,SL,3,1
2015.0,612434,SL,2,4
2015.0,612434,SL,1,9
2015.0,612672,CH,2,3
2015.0,612672,CH,1,29
2015.0,612672,CU,2,2
2015.0,612672,CU,1,31
2015.0,612672,FF,2,3
2015.0,612672,FF,1,29
2015.0,612672,SI,2,2
2015.0,612672,SI,1,31
2015.0,612672,SL,2,3
2015.0,612672,SL,1,29
2015.0,621121,CH,2,4
2015.0,621121,CH,1,22
2015.0,621121,FF,2,2
2015.0,621121,FF,1,26
2015.0,621121,IN,1,5
2015.0,621121,KC,2,2
2015.0,621121,KC,1,26
2015.0,621121,PO,1,5
2015.0,621121,SI,2,1
2015.0,621121,SI,1,18
2015.0,621209,CH,1,5
2015.0,621209,CU,1,5
2015.0,621209,FF,1,5
2015.0,621209,SI,1,5
2015.0,621209,SL,1,5
2015.0,621281,CH,1,15
2015.0,621281,CU,1,15
2015.0,621281,FC,2,2
2015.0,621281,FC,1,11
2015.0,621281,FF,2,3
2015.0,621281,FF,1,9
2015.0,621281,SI,1,5
2015.0,621397,CH,1,10
2015.0,621397,CU,1,10
2015.0,621397,FF,2,1
2015.0,621397,FF,1,8
2015.0,621397,IN,1,10
2015.0,621397,SI,2,1
2015.0,621397,SI,1,8
2015.0,621408,CH,1,10
2015.0,621408,CU,1,5
2015.0,621408,FF,2,1
2015.0,621408,FF,1,18
2015.0,621408,IN,1,5
2015.0,621408,SL,1,20
2015.0,621962,CH,2,3
2015.0,621962,CH,1,19
2015.0,621962,CU,3,1
2015.0,621962,CU,2,1
2015.0,621962,CU,1,20
2015.0,621962,EP,1,5
2015.0,621962,FC,2,3
2015.0,621962,FC,1,19
2015.0,621962,FF,2,2
2015.0,621962,FF,1,21
2015.0,622072,CH,2,5
2015.0,622072,CH,1,25
2015.0,622072,IN,2,1
2015.0,622072,IN,1,23
2015.0,622072,KC,1,35
2015.0,622072,SI,2,3
2015.0,622072,SI,1,29
2015.0,622663,CH,1,15
2015.0,622663,FC,1,15
2015.0,622663,FF,2,2
2015.0,622663,FF,1,11
2015.0,622663,SI,1,5
2015.0,622663,SL,1,15
2015.0,623184,CH,2,1
2015.0,623184,CH,1,23
2015.0,623184,CU,2,3
2015.0,623184,CU,1,29
2015.0,623184,FF,2,3
2015.0,623184,FF,1,29
2015.0,623184,IN,1,10
2015.0,623184,PO,1,5
2015.0,623184,SI,1,30
2015.0,623184,SL,2,2
2015.0,623184,SL,1,31
2015.0,623395,CH,2,1
2015.0,623395,CH,1,8
2015.0,623395,CU,2,3
2015.0,623395,CU,1,9
2015.0,623395,FF,2,2
2015.0,623395,FF,1,11
2015.0,623395,IN,1,5
2015.0,623395,SI,1,5
2015.0,623430,CH,2,1
2015.0,623430,CH,1,8
2015.0,623430,FF,2,1
2015.0,623430,FF,1,13
2015.0,623430,IN,1,5
2015.0,623430,SL,2,2
2015.0,623430,SL,1,11
2015.0,628333,CH,2,2
2015.0,628333,CH,1,26
2015.0,628333,CU,2,1
2015.0,628333,CU,1,28
2015.0,628333,EP,2,1
2015.0,628333,EP,1,28
2015.0,628333,FC,2,1
2015.0,628333,FC,1,28
2015.0,628333,FF,2,1
2015.0,628333,FF,1,28
2015.0,628333,IN,1,15
2015.0,628333,PO,1,5
2015.0,628333,SI,1,30
2015.0,628333,SL,2,1
2015.0,628333,SL,1,28
2015.0,628452,CH,2,1
2015.0,628452,CH,1,23
2015.0,628452,FF,2,2
2015.0,628452,FF,1,21
2015.0,628452,PO,1,5
2015.0,628452,SI,2,1
2015.0,628452,SI,1,23
2015.0,628452,SL,2,4
2015.0,628452,SL,1,17
2015.0,641490,CH,3,1
2015.0,641490,CH,2,2
2015.0,641490,CH,1,18
2015.0,641490,FF,2,4
2015.0,641490,FF,1,22
2015.0,641490,SI,1,5
2015.0,641490,SL,2,6
2015.0,641490,SL,1,18
2015.0,641627,CH,2,2
2015.0,641627,CH,1,16
2015.0,641627,CU,2,3
2015.0,641627,CU,1,14
2015.0,641627,FF,2,3
2015.0,641627,FF,1,9
2015.0,641627,IN,1,5
2015.0,641627,SI,2,4
2015.0,641627,SI,1,17
2015.0,643327,CH,1,15
2015.0,643327,CU,1,15
2015.0,643327,FC,1,15
2015.0,643327,FF,1,15
2015.0,643327,IN,1,5
2015.0,643327,SI,2,2
2015.0,643327,SI,1,11
2015.0,648737,CH,2,4
2015.0,648737,CH,1,12
2015.0,648737,FF,2,3
2015.0,648737,FF,1,19
2015.0,648737,IN,1,5
2015.0,648737,SI,3,1
2015.0,648737,SI,1,12
2015.0,648737,SL,2,1
2015.0,648737,SL,1,23
2015.0,,AB,2,1
2015.0,,AB,1,49
2015.0,,CH,19,1
2015.0,,CH,18,1
2015.0,,CH,16,2
2015.0,,CH,15,3
2015.0,,CH,14,1
2015.0,,CH,13,12
2015.0,,CH,12,8
2015.0,,CH,11,25
2015.0,,CH,10,28
2015.0,,CH,9,64
2015.0,,CH,8,566
2015.0,,CH,7,481
2015.0,,CH,6,555
2015.0,,CH,5,719
2015.0,,CH,4,2433
2015.0,,CH,3,1855
2015.0,,CH,2,4229
2015.0,,CH,1,80041
2015.0,,CS,3,2
2015.0,,CS,2,3
2015.0,,CS,1,23
2015.0,,CU,14,3
2015.0,,CU,13,1
2015.0,,CU,12,1
2015.0,,CU,10,2
2015.0,,CU,9,5
2015.0,,CU,8,1491
2015.0,,CU,7,1275
2015.0,,CU,6,1298
2015.0,,CU,5,963
2015.0,,CU,4,5362
2015.0,,CU,3,4050
2015.0,,CU,2,2605
2015.0,,CU,1,17462
2015.0,,EP,8,3
2015.0,,EP,7,4
2015.0,,EP,6,8
2015.0,,EP,5,7
2015.0,,EP,4,31
2015.0,,EP,3,53
2015.0,,EP,2,146
2015.0,,EP,1,1451
2015.0,,FA,3,1
2015.0,,FA,2,5
2015.0,,FA,1,132
2015.0,,FC,11,2
2015.0,,FC,9,3
2015.0,,FC,8,1397
2015.0,,FC,7,591
2015.0,,FC,6,333
2015.0,,FC,5,368
2015.0,,FC,4,3858
2015.0,,FC,3,1545
2015.0,,FC,2,1784
2015.0,,FC,1,12981
2015.0,,FF,29,1
2015.0,,FF,25,1
2015.0,,FF,24,2
2015.0,,FF,21,2
2015.0,,FF,20,2
2015.0,,FF,19,2
2015.0,,FF,18,2
2015.0,,FF,17,7
2015.0,,FF,16,70
2015.0,,FF,15,25
2015.0,,FF,14,20
2015.0,,FF,13,29
2015.0,,FF,12,56
2015.0,,FF,11,36
2015.0,,FF,10,52
2015.0,,FF,9,167
2015.0,,FF,8,5139
2015.0,,FF,7,1239
2015.0,,FF,6,793
2015.0,,FF,5,989
2015.0,,FF,4,7420
2015.0,,FF,3,1952
2015.0,,FF,2,3741
2015.0,,FF,1,75723
2015.0,,FO,8,1
2015.0,,FO,7,6
2015.0,,FO,6,4
2015.0,,FO,5,1
2015.0,,FO,4,13
2015.0,,FO,3,18
2015.0,,FO,2,92
2015.0,,FO,1,551
2015.0,,FS,8,93
2015.0,,FS,7,37
2015.0,,FS,6,41
2015.0,,FS,5,46
2015.0,,FS,4,331
2015.0,,FS,3,584
2015.0,,FS,2,798
2015.0,,FS,1,13681
2015.0,,IN,4,108
2015.0,,IN,3,109
2015.0,,IN,2,4175
2015.0,,IN,1,8586
2015.0,,KC,9,1
2015.0,,KC,8,328
2015.0,,KC,7,204
2015.0,,KC,6,217
2015.0,,KC,5,183
2015.0,,KC,4,989
2015.0,,KC,3,1008
2015.0,,KC,2,1077
2015.0,,KC,1,10843
2015.0,,KN,8,18
2015.0,,KN,7,4
2015.0,,KN,5,4
2015.0,,KN,4,135
2015.0,,KN,3,254
2015.0,,KN,2,337
2015.0,,KN,1,1747
2015.0,,PO,3,77
2015.0,,PO,2,139
2015.0,,PO,1,3006
2015.0,,SC,3,4
2015.0,,SC,2,10
2015.0,,SC,1,88
2015.0,,SI,16,12
2015.0,,SI,15,4
2015.0,,SI,14,5
2015.0,,SI,13,3
2015.0,,SI,12,6
2015.0,,SI,11,14
2015.0,,SI,10,18
2015.0,,SI,9,33
2015.0,,SI,8,2209
2015.0,,SI,7,660
2015.0,,SI,6,547
2015.0,,SI,5,635
2015.0,,SI,4,5714
2015.0,,SI,3,2640
2015.0,,SI,2,4470
2015.0,,SI,1,67598
2015.0,,SL,16,1
2015.0,,SL,15,2
2015.0,,SL,14,1
2015.0,,SL,13,1
2015.0,,SL,12,2
2015.0,,SL,11,3
2015.0,,SL,10,10
2015.0,,SL,9,42
2015.0,,SL,8,3296
2015.0,,SL,7,1827
2015.0,,SL,6,1441
2015.0,,SL,5,1440
2015.0,,SL,4,9233
2015.0,,SL,3,3083
2015.0,,SL,2,2503
2015.0,,SL,1,23422
2015.0,,ST,8,11
2015.0,,ST,7,11
2015.0,,ST,6,6
2015.0,,ST,5,4
2015.0,,ST,4,60
2015.0,,ST,3,33
2015.0,,ST,2,164
2015.0,,ST,1,1592
2015.0,,SV,8,3
2015.0,,SV,6,2
2015.0,,SV,5,1
2015.0,,SV,4,18
2015.0,,SV,3,21
2015.0,,SV,2,69
2015.0,,SV,1,571
2015.0,,UNK,31140,1
2015.0,,UNK,22462,1
2015.0,,UNK,16378,1
2015.0,,UNK,15304,1
2015.0,,UNK,14337,1
2015.0,,UNK,14336,9
2015.0,,UNK,14333,1
2015.0,,UNK,14331,1
2015.0,,UNK,12564,1
2015.0,,UNK,12482,1
2015.0,,UNK,12288,2
2015.0,,UNK,12287,1
2015.0,,UNK,12284,1
2015.0,,UNK,12282,4
2015.0,,UNK,12281,1
2015.0,,UNK,10329,1
2015.0,,UNK,10240,3
2015.0,,UNK,10237,1
2015.0,,UNK,10089,1
2015.0,,UNK,9915,1
2015.0,,UNK,9439,1
2015.0,,UNK,9432,1
2015.0,,UNK,9361,1
2015.0,,UNK,8325,1
2015.0,,UNK,8192,1
2015.0,,UNK,7920,1
2015.0,,UNK,7784,1
2015.0,,UNK,7721,1
2015.0,,UNK,7242,1
2015.0,,UNK,7073,1
2015.0,,UNK,6856,1
2015.0,,UNK,6566,1
2015.0,,UNK,6525,1
2015.0,,UNK,6403,1
2015.0,,UNK,6144,1
2015.0,,UNK,6136,1
2015.0,,UNK,6016,1
2015.0,,UNK,5565,1
2015.0,,UNK,5088,1
2015.0,,UNK,4421,1
2015.0,,UNK,4368,1
2015.0,,UNK,4097,1
2015.0,,UNK,4096,4
2015.0,,UNK,4095,1
2015.0,,UNK,4026,1
2015.0,,UNK,4020,1
2015.0,,UNK,4006,1
2015.0,,UNK,3966,1
2015.0,,UNK,3794,1
2015.0,,UNK,3659,1
2015.0,,UNK,3287,1
2015.0,,UNK,3223,1
2015.0,,UNK,2927,1
2015.0,,UNK,2884,1
2015.0,,UNK,2640,1
2015.0,,UNK,2505,1
2015.0,,UNK,2440,1
2015.0,,UNK,2049,6
2015.0,,UNK,2048,91
2015.0,,UNK,2047,5
2015.0,,UNK,2046,3
2015.0,,UNK,1934,1
2015.0,,UNK,1912,1
2015.0,,UNK,1856,1
2015.0,,UNK,1806,1
2015.0,,UNK,1733,1
2015.0,,UNK,1711,1
2015.0,,UNK,1655,1
2015.0,,UNK,1638,1
2015.0,,UNK,1619,1
2015.0,,UNK,1606,1
2015.0,,UNK,1601,1
2015.0,,UNK,1591,1
2015.0,,UNK,1540,1
2015.0,,UNK,1519,1
2015.0,,UNK,1516,1
2015.0,,UNK,1428,1
2015.0,,UNK,1384,1
2015.0,,UNK,1367,1
2015.0,,UNK,1356,1
2015.0,,UNK,1355,1
2015.0,,UNK,1339,1
2015.0,,UNK,1289,1
2015.0,,UNK,1212,2
2015.0,,UNK,1195,1
2015.0,,UNK,1170,1
2015.0,,UNK,1158,1
2015.0,,UNK,1127,1
2015.0,,UNK,1097,1
2015.0,,UNK,1078,1
2015.0,,UNK,1034,1
2015.0,,UNK,1009,1
2015.0,,UNK,985,1
2015.0,,UNK,971,1
2015.0,,UNK,960,1
2015.0,,UNK,957,1
2015.0,,UNK,956,1
2015.0,,UNK,930,1
2015.0,,UNK,903,1
2015.0,,UNK,886,1
2015.0,,UNK,881,2
2015.0,,UNK,879,1
2015.0,,UNK,871,1
2015.0,,UNK,867,1
2015.0,,UNK,866,1
2015.0,,UNK,864,1
2015.0,,UNK,860,1
2015.0,,UNK,839,1
2015.0,,UNK,835,1
2015.0,,UNK,791,1
2015.0,,UNK,767,1
2015.0,,UNK,762,1
2015.0,,UNK,760,1
2015.0,,UNK,758,1
2015.0,,UNK,741,1
2015.0,,UNK,739,1
2015.0,,UNK,711,1
2015.0,,UNK,700,1
2015.0,,UNK,697,2
2015.0,,UNK,694,1
2015.0,,UNK,692,1
2015.0,,UNK,679,1
2015.0,,UNK,654,1
2015.0,,UNK,647,1
2015.0,,UNK,631,1
2015.0,,UNK,625,2
2015.0,,UNK,621,2
2015.0,,UNK,601,1
2015.0,,UNK,599,2
2015.0,,UNK,578,1
2015.0,,UNK,575,1
2015.0,,UNK,568,1
2015.0,,UNK,565,1
2015.0,,UNK,557,1
2015.0,,UNK,553,1
2015.0,,UNK,548,1
2015.0,,UNK,543,1
2015.0,,UNK,540,2
2015.0,,UNK,538,2
2015.0,,UNK,536,1
2015.0,,UNK,514,1
2015.0,,UNK,513,1
2015.0,,UNK,512,1
2015.0,,UNK,496,3
2015.0,,UNK,493,1
2015.0,,UNK,489,2
2015.0,,UNK,488,1
2015.0,,UNK,487,1
2015.0,,UNK,478,2
2015.0,,UNK,477,1
2015.0,,UNK,469,1
2015.0,,UNK,464,1
2015.0,,UNK,461,1
2015.0,,UNK,458,1
2015.0,,UNK,454,2
2015.0,,UNK,449,1
2015.0,,UNK,448,3
2015.0,,UNK,445,1
2015.0,,UNK,443,1
2015.0,,UNK,442,1
2015.0,,UNK,433,1
2015.0,,UNK,429,1
2015.0,,UNK,420,1
2015.0,,UNK,415,1
2015.0,,UNK,413,1
2015.0,,UNK,403,1
2015.0,,UNK,402,1
2015.0,,UNK,400,1
2015.0,,UNK,391,1
2015.0,,UNK,388,1
2015.0,,UNK,386,1
2015.0,,UNK,385,1
2015.0,,UNK,384,1
2015.0,,UNK,382,2
2015.0,,UNK,381,3
2015.0,,UNK,364,1
2015.0,,UNK,360,2
2015.0,,UNK,359,1
2015.0,,UNK,355,2
2015.0,,UNK,347,2
2015.0,,UNK,338,2
2015.0,,UNK,337,1
2015.0,,UNK,334,1
2015.0,,UNK,331,1
2015.0,,UNK,328,1
2015.0,,UNK,324,1
2015.0,,UNK,321,1
2015.0,,UNK,319,1
2015.0,,UNK,318,2
2015.0,,UNK,317,2
2015.0,,UNK,314,1
2015.0,,UNK,305,1
2015.0,,UNK,304,1
2015.0,,UNK,301,1
2015.0,,UNK,300,1
2015.0,,UNK,295,1
2015.0,,UNK,294,1
2015.0,,UNK,293,1
2015.0,,UNK,292,3
2015.0,,UNK,291,1
2015.0,,UNK,289,1
2015.0,,UNK,288,1
2015.0,,UNK,287,1
2015.0,,UNK,286,1
2015.0,,UNK,285,1
2015.0,,UNK,282,2
2015.0,,UNK,278,3
2015.0,,UNK,277,2
2015.0,,UNK,274,1
2015.0,,UNK,269,1
2015.0,,UNK,268,1
2015.0,,UNK,261,1
2015.0,,UNK,258,1
2015.0,,UNK,255,1
2015.0,,UNK,254,1
2015.0,,UNK,253,1
2015.0,,UNK,250,1
2015.0,,UNK,249,2
2015.0,,UNK,245,1
2015.0,,UNK,243,2
2015.0,,UNK,242,1
2015.0,,UNK,241,1
2015.0,,UNK,240,2
2015.0,,UNK,232,1
2015.0,,UNK,230,2
2015.0,,UNK,229,3
2015.0,,UNK,228,1
2015.0,,UNK,225,1
2015.0,,UNK,224,1
2015.0,,UNK,221,1
2015.0,,UNK,219,2
2015.0,,UNK,218,1
2015.0,,UNK,217,1
2015.0,,UNK,216,1
2015.0,,UNK,215,2
2015.0,,UNK,214,2
2015.0,,UNK,208,1
2015.0,,UNK,203,3
2015.0,,UNK,202,1
2015.0,,UNK,201,1
2015.0,,UNK,197,1
2015.0,,UNK,196,3
2015.0,,UNK,193,1
2015.0,,UNK,192,3
2015.0,,UNK,191,2
2015.0,,UNK,190,1
2015.0,,UNK,183,1
2015.0,,UNK,182,1
2015.0,,UNK,181,2
2015.0,,UNK,179,1
2015.0,,UNK,178,2
2015.0,,UNK,175,2
2015.0,,UNK,174,1
2015.0,,UNK,168,1
2015.0,,UNK,167,2
2015.0,,UNK,164,3
2015.0,,UNK,162,1
2015.0,,UNK,161,1
2015.0,,UNK,160,3
2015.0,,UNK,159,1
2015.0,,UNK,158,2
2015.0,,UNK,155,2
2015.0,,UNK,154,1
2015.0,,UNK,153,1
2015.0,,UNK,152,1
2015.0,,UNK,151,1
2015.0,,UNK,150,1
2015.0,,UNK,147,2
2015.0,,UNK,146,1
2015.0,,UNK,145,1
2015.0,,UNK,141,1
2015.0,,UNK,139,1
2015.0,,UNK,138,2
2015.0,,UNK,137,2
2015.0,,UNK,133,1
2015.0,,UNK,131,1
2015.0,,UNK,130,1
2015.0,,UNK,129,2
2015.0,,UNK,128,3
2015.0,,UNK,126,1
2015.0,,UNK,125,1
2015.0,,UNK,124,1
2015.0,,UNK,123,2
2015.0,,UNK,122,4
2015.0,,UNK,119,1
2015.0,,UNK,118,1
2015.0,,UNK,117,2
2015.0,,UNK,116,1
2015.0,,UNK,113,3
2015.0,,UNK,107,1
2015.0,,UNK,106,1
2015.0,,UNK,105,2
2015.0,,UNK,103,4
2015.0,,UNK,102,2
2015.0,,UNK,101,1
2015.0,,UNK,100,4
2015.0,,UNK,99,1
2015.0,,UNK,98,2
2015.0,,UNK,97,2
2015.0,,UNK,96,3
2015.0,,UNK,95,2
2015.0,,UNK,94,2
2015.0,,UNK,92,2
2015.0,,UNK,90,2
2015.0,,UNK,89,2
2015.0,,UNK,87,3
2015.0,,UNK,86,6
2015.0,,UNK,85,1
2015.0,,UNK,84,3
2015.0,,UNK,83,2
2015.0,,UNK,82,1
2015.0,,UNK,81,1
2015.0,,UNK,80,4
2015.0,,UNK,79,1
2015.0,,UNK,78,1
2015.0,,UNK,77,4
2015.0,,UNK,76,1
2015.0,,UNK,75,3
2015.0,,UNK,74,1
2015.0,,UNK,73,2
2015.0,,UNK,72,3
2015.0,,UNK,71,1
2015.0,,UNK,68,3
2015.0,,UNK,67,1
2015.0,,UNK,66,1
2015.0,,UNK,65,3
2015.0,,UNK,64,3
2015.0,,UNK,62,3
2015.0,,UNK,61,3
2015.0,,UNK,60,4
2015.0,,UNK,59,5
2015.0,,UNK,57,2
2015.0,,UNK,56,2
2015.0,,UNK,55,1
2015.0,,UNK,54,2
2015.0,,UNK,53,1
2015.0,,UNK,52,3
2015.0,,UNK,51,2
2015.0,,UNK,50,2
2015.0,,UNK,48,3
2015.0,,UNK,46,1
2015.0,,UNK,45,5
2015.0,,UNK,44,3
2015.0,,UNK,43,2
2015.0,,UNK,42,2
2015.0,,UNK,41,4
2015.0,,UNK,40,2
2015.0,,UNK,39,1
2015.0,,UNK,38,10
2015.0,,UNK,37,1
2015.0,,UNK,36,3
2015.0,,UNK,35,1
2015.0,,UNK,34,5
2015.0,,UNK,33,4
2015.0,,UNK,32,3
2015.0,,UNK,31,2
2015.0,,UNK,30,1
2015.0,,UNK,29,3
2015.0,,UNK,28,4
2015.0,,UNK,27,4
2015.0,,UNK,26,6
2015.0,,UNK,25,1
2015.0,,UNK,24,6
2015.0,,UNK,23,8
2015.0,,UNK,22,3
2015.0,,UNK,21,3
2015.0,,UNK,20,4
2015.0,,UNK,19,3
2015.0,,UNK,18,5
2015.0,,UNK,17,3
2015.0,,UNK,16,2
2015.0,,UNK,15,4
2015.0,,UNK,14,4
2015.0,,UNK,13,2
2015.0,,UNK,12,3
2015.0,,UNK,11,4
2015.0,,UNK,10,3
2015.0,,UNK,9,5
2015.0,,UNK,8,5
2015.0,,UNK,7,9
2015.0,,UNK,6,3
2015.0,,UNK,5,5
2015.0,,UNK,4,6
2015.0,,UNK,3,118
2015.0,,UNK,2,3759
2015.0,,UNK,1,124167
2025.0,,CH,14,1
2025.0,,CH,13,1
2025.0,,CH,10,1
2025.0,,CH,9,2
2025.0,,CH,7,1
2025.0,,CH,6,7
2025.0,,CH,5,8
2025.0,,CH,4,23
2025.0,,CH,3,68
2025.0,,CH,2,698
2025.0,,CH,1,9344
2025.0,,CS,2,22
2025.0,,CS,1,1067
2025.0,,CU,4,4
2025.0,,CU,3,23
2025.0,,CU,2,322
2025.0,,CU,1,6610
2025.0,,EP,3,1
2025.0,,EP,2,21
2025.0,,EP,1,1815
2025.0,,FA,2,21
2025.0,,FA,1,1548
2025.0,,FC,10,1
2025.0,,FC,7,2
2025.0,,FC,5,1
2025.0,,FC,4,2
2025.0,,FC,3,33
2025.0,,FC,2,401
2025.0,,FC,1,6595
2025.0,,FF,8,1
2025.0,,FF,6,1
2025.0,,FF,5,3
2025.0,,FF,4,22
2025.0,,FF,3,89
2025.0,,FF,2,732
2025.0,,FF,1,9444
2025.0,,FO,2,5
2025.0,,FO,1,655
2025.0,,FS,3,4
2025.0,,FS,2,186
2025.0,,FS,1,4339
2025.0,,KC,2,90
2025.0,,KC,1,3390
2025.0,,KN,2,1
2025.0,,KN,1,258
2025.0,,PO,2,1
2025.0,,PO,1,513
2025.0,,SC,1,40
2025.0,,SI,6,1
2025.0,,SI,5,3
2025.0,,SI,4,16
2025.0,,SI,3,40
2025.0,,SI,2,423
2025.0,,SI,1,7976
2025.0,,SL,6,1
2025.0,,SL,4,5
2025.0,,SL,3,24
2025.0,,SL,2,392
2025.0,,SL,1,8479
2025.0,,ST,3,14
2025.0,,ST,2,317
2025.0,,ST,1,5684
2025.0,,SV,4,1
2025.0,,SV,3,4
2025.0,,SV,2,131
2025.0,,SV,1,2552
2025.0,,UNK,24,1
2025.0,,UNK,14,1
2025.0,,UNK,12,1
2025.0,,UNK,11,2
2025.0,,UNK,9,3
2025.0,,UNK,8,7
2025.0,,UNK,7,19
2025.0,,UNK,6,14
2025.0,,UNK,5,21
2025.0,,UNK,4,24
2025.0,,UNK,3,65
2025.0,,UNK,2,406
2025.0,,UNK,1,5528
,,AB,1,15
,,CH,4,5
,,CH,3,20
,,CH,2,390
,,CH,1,11030
,,CS,1,255
,,CU,4,3
,,CU,3,2
,,CU,2,66
,,CU,1,8965
,,EP,1,740
,,FA,2,6
,,FA,1,1038
,,FC,11,1
,,FC,4,3
,,FC,3,8
,,FC,2,68
,,FC,1,5837
,,FF,10,1
,,FF,8,2
,,FF,7,4
,,FF,6,2
,,FF,5,11
,,FF,4,27
,,FF,3,110
,,FF,2,695
,,FF,1,12675
,,FO,1,45
,,FS,3,7
,,FS,2,23
,,FS,1,1707
,,IN,2,21
,,IN,1,3008
,,KC,3,1
,,KC,2,5
,,KC,1,806
,,KN,1,130
,,PO,2,1
,,PO,1,2454
,,SC,1,20
,,SI,7,1
,,SI,6,1
,,SI,5,2
,,SI,4,5
,,SI,3,28
,,SI,2,280
,,SI,1,10565
,,SL,9,1
,,SL,8,1
,,SL,7,2
,,SL,6,6
,,SL,5,18
,,SL,4,34
,,SL,3,93
,,SL,2,314
,,SL,1,11177
,,ST,6,1
,,ST,5,2
,,ST,4,5
,,ST,3,8
,,ST,2,54
,,ST,1,2933
,,SV,3,3
,,SV,2,6
,,SV,1,218
,,UNK,2316,1
,,UNK,1777,1
,,UNK,1725,1
,,UNK,1152,1
,,UNK,1109,1
,,UNK,990,1
,,UNK,976,1
,,UNK,679,1
,,UNK,662,1
,,UNK,627,1
,,UNK,566,1
,,UNK,392,1
,,UNK,389,1
,,UNK,260,1
,,UNK,234,1
,,UNK,183,1
,,UNK,170,1
,,UNK,118,1
,,UNK,65,1
,,UNK,32,1
,,UNK,18,2
,,UNK,6,2
,,UNK,5,1
,,UNK,4,1
,,UNK,3,4
,,UNK,2,255
,,UNK,1,7764
