season,pitcher_id,dominant_pitch,dominant_usage,usage_entropy,repeat_rate
2025,450203,CH,0.25925925925925924,1.5991654107425068,0.23076923076923078
2025,502054,CH,0.1044776119402985,2.56010089119047,0.045454545454545456
2025,516782,CH,0.11290322580645161,2.4797076717021445,0.04918032786885246
2025,543243,CH,0.14893617021276595,2.190596802970671,0.06521739130434782
2025,543518,FF,0.3181818181818182,1.374545192908375,0.14285714285714285
2025,546991,CH,0.25925925925925924,1.5991654107425068,0.11538461538461539
2025,571948,CH,0.25925925925925924,1.5991654107425068,0.23076923076923078
2025,573186,CU,0.1891891891891892,1.9378230905790836,0.16666666666666666
2025,592206,CH,0.1044776119402985,2.5601008911904697,0.0
2025,592325,CH,0.21875,1.782694688604736,0.06451612903225806
2025,594798,CH,0.3181818181818182,1.374545192908375,0.14285714285714285
2025,595345,CH,0.25925925925925924,1.5991654107425068,0.11538461538461539
2025,596001,CH,0.3181818181818182,1.374545192908375,0.0
2025,596019,CH,0.11764705882352941,2.3009381253732895,0.297029702970297
2025,606160,FF,0.3181818181818182,1.374545192908375,0.2857142857142857
2025,606192,CH,0.11290322580645161,2.4797076717021445,0.01639344262295082
2025,606930,FC,0.3181818181818182,1.374545192908375,0.09523809523809523
2025,621016,CH,0.3181818181818182,1.374545192908375,0.09523809523809523
2025,640458,CH,0.21875,1.782694688604736,0.16129032258064516
2025,641427,CU,0.25925925925925924,1.5991654107425068,0.11538461538461539
2025,641680,CH,0.10714285714285714,2.4582674669088345,0.26126126126126126
2025,642239,CH,0.21875,1.782694688604736,0.12903225806451613
2025,643446,CH,0.12280701754385964,2.3922922035346867,0.05357142857142857
2025,644433,CH,0.14893617021276595,2.190596802970671,0.10869565217391304
2025,650402,CH,0.12280701754385964,2.3922922035346867,0.017857142857142856
2025,657649,CH,0.25925925925925924,1.5991654107425068,0.15384615384615385
2025,660688,CH,0.11764705882352941,2.3688937313105387,0.2376237623762376
2025,661563,CH,0.4117647058823529,1.0852280400722045,0.0625
2025,663432,CH,0.4117647058823529,1.0852280400722045,0.1875
2025,663623,CH,0.1891891891891892,1.9378230905790836,0.08333333333333333
2025,663853,CH,0.12280701754385964,2.3922922035346867,0.08928571428571429
2025,664351,CH,0.21875,1.7826946886047361,0.0967741935483871
2025,665152,CU,0.1891891891891892,1.9378230905790836,0.05555555555555555
2025,665161,CH,0.12280701754385964,2.3922922035346867,0.08928571428571429
2025,665489,CH,0.1044776119402985,2.56010089119047,0.06060606060606061
2025,665861,CH,0.12280701754385964,2.3922922035346867,0.07142857142857142
2025,666134,CH,0.1346153846153846,2.2965114666021638,0.0784313725490196
2025,669200,CH,0.14893617021276595,2.190596802970671,0.15217391304347827
2025,669256,CH,0.16666666666666666,2.0721529997457324,0.1951219512195122
2025,669742,FC,0.5833333333333334,0.6791932659915256,0.45454545454545453
2025,669854,CH,0.3181818181818182,1.374545192908375,0.19047619047619047
2025,672373,CH,0.16666666666666666,2.0721529997457324,0.07317073170731707
2025,672537,SI,1.0,-0.0,1.0
2025,672710,CH,0.21875,1.7826946886047361,0.1935483870967742
2025,676428,CH,0.3181818181818182,1.374545192908375,0.19047619047619047
2025,676466,CH,0.16666666666666666,2.0721529997457324,0.04878048780487805
2025,677049,FF,1.0,-0.0,1.0
2025,677588,CH,0.12280701754385964,2.3922922035346867,0.05357142857142857
2025,677594,CH,0.12280701754385964,2.3922922035346867,0.07142857142857142
2025,677651,CH,0.25925925925925924,1.5991654107425068,0.07692307692307693
2025,680574,CH,0.11290322580645161,2.4797076717021445,0.06557377049180328
2025,680730,CU,0.3181818181818182,1.374545192908375,0.14285714285714285
2025,681370,FF,0.3181818181818182,1.374545192908375,0.14285714285714285
2025,681962,EP,0.1791044776119403,2.43845433608751,0.045454545454545456
2025,682626,CH,0.12280701754385964,2.3922922035346867,0.05357142857142857
2025,682646,CH,0.5833333333333334,0.6791932659915256,0.36363636363636365
2025,683737,CH,0.11290322580645161,2.4797076717021445,0.09836065573770492
2025,684384,FF,0.4117647058823529,1.0852280400722045,0.25
2025,685133,CH,0.1891891891891892,1.9378230905790836,0.1111111111111111
2025,685321,CH,0.3181818181818182,1.374545192908375,0.23809523809523808
2025,686249,CH,0.3181818181818182,1.374545192908375,0.047619047619047616
2025,686555,CH,0.10714285714285714,2.520155608030258,0.25225225225225223
2025,686638,CH,0.3181818181818182,1.374545192908375,0.19047619047619047
2025,687071,CH,0.4117647058823529,1.0852280400722045,0.25
2025,687396,FF,0.3181818181818182,1.374545192908375,0.23809523809523808
2025,687589,CH,0.21875,1.782694688604736,0.16129032258064516
2025,688617,SI,0.5833333333333334,0.6791932659915256,0.45454545454545453
2025,689041,CH,0.14893617021276595,2.190596802970671,0.10869565217391304
2025,689750,CU,0.4117647058823529,1.0852280400722045,0.5
2025,690984,CH,0.1891891891891892,1.9378230905790836,0.05555555555555555
2025,690990,CH,0.21875,1.7826946886047361,0.0967741935483871
2025,691410,CU,0.3181818181818182,1.374545192908375,0.14285714285714285
2025,691441,CH,0.25925925925925924,1.5991654107425068,0.23076923076923078
2025,691718,CH,0.1044776119402985,2.56010089119047,0.06060606060606061
2025,692064,CH,0.3181818181818182,1.374545192908375,0.047619047619047616
2025,692230,CH,0.21875,1.782694688604736,0.3225806451612903
2025,694037,CU,0.25925925925925924,1.5991654107425068,0.07692307692307693
2025,694182,CH,0.4117647058823529,1.0852280400722045,0.125
2025,694214,FC,0.4117647058823529,1.0852280400722045,0.1875
2025,694851,CH,0.4117647058823529,1.0852280400722045,0.25
2025,694978,CH,0.4117647058823529,1.0852280400722045,0.25
2025,696285,CH,0.1044776119402985,2.5601008911904697,0.045454545454545456
2025,700337,CH,0.11214953271028037,2.4469666295694656,0.27358490566037735
2025,701158,FC,0.5833333333333334,0.6791932659915256,0.45454545454545453
2025,701656,CH,0.3181818181818182,1.374545192908375,0.14285714285714285
2025,702140,CU,0.25925925925925924,1.5991654107425068,0.23076923076923078
2025,702352,CH,0.1891891891891892,1.9378230905790836,0.1111111111111111
2025,802353,CU,0.5833333333333334,0.6791932659915256,0.2727272727272727
2025,806367,FF,0.4117647058823529,1.0852280400722045,0.3125
2025,807747,CH,0.21875,1.782694688604736,0.0967741935483871
2025,808975,CH,0.1044776119402985,2.56010089119047,0.045454545454545456
2025,814172,CH,0.4117647058823529,1.0852280400722045,0.1875
2025,814409,CH,0.21875,1.7826946886047361,0.12903225806451613
2025,815039,CH,0.1891891891891892,1.9378230905790836,0.05555555555555555
2025,455117,CH,0.09722222222222222,2.6345156280215596,0.014084507042253521
2025,543807,CH,0.12280701754385964,2.3922922035346867,0.05357142857142857
2025,545358,CU,0.25925925925925924,1.5991654107425068,0.038461538461538464
2025,592094,CH,0.25925925925925924,1.5991654107425068,0.2692307692307692
2025,592662,CH,0.25925925925925924,1.5991654107425068,0.038461538461538464
2025,596103,EP,0.16666666666666666,2.5213167503563056,0.056338028169014086
2025,605130,CU,0.21875,1.782694688604736,0.0
2025,605138,CH,0.3181818181818182,1.374545192908375,0.3333333333333333
2025,605452,CH,0.25925925925925924,1.5991654107425068,0.23076923076923078
2025,607536,CH,0.21875,1.7826946886047361,0.03225806451612903
2025,608360,CH,0.25925925925925924,1.5991654107425068,0.11538461538461539
2025,608379,CH,0.21875,1.782694688604736,0.0967741935483871
2025,621097,CH,0.3181818181818182,1.374545192908375,0.14285714285714285
2025,623993,CH,0.13043478260869565,2.270764496273168,0.32967032967032966
2025,625643,CH,0.3181818181818182,1.374545192908375,0.19047619047619047
2025,641487,CH,0.11290322580645161,2.4797076717021445,0.06557377049180328
2025,650671,CH,0.3181818181818182,1.374545192908375,0.19047619047619047
2025,650895,FF,0.4117647058823529,1.0852280400722045,0.3125
2025,656730,FF,0.5833333333333334,0.6791932659915256,0.45454545454545453
2025,656976,CH,0.12280701754385964,2.3922922035346867,0.03571428571428571
2025,657041,CH,0.1346153846153846,2.2965114666021638,0.0392156862745098
2025,657376,FC,0.21875,1.782694688604736,0.0967741935483871
2025,657510,FC,0.5833333333333334,0.6791932659915256,0.18181818181818182
2025,657757,CH,0.11290322580645161,2.4797076717021445,0.0
2025,663559,CU,0.25925925925925924,1.5991654107425068,0.19230769230769232
2025,665833,CH,0.11290322580645161,2.4797076717021445,0.06557377049180328
2025,665923,CH,0.16666666666666666,2.0721529997457324,0.07317073170731707
2025,665926,CH,0.1346153846153846,2.2965114666021638,0.0784313725490196
2025,666157,CH,0.3181818181818182,1.3745451929083752,0.23809523809523808
2025,666160,CH,0.12280701754385964,2.3922922035346867,0.03571428571428571
2025,666168,CH,0.25925925925925924,1.5991654107425068,0.19230769230769232
2025,666464,CH,0.12280701754385964,2.3922922035346867,0.05357142857142857
2025,666915,CH,0.14893617021276595,2.190596802970671,0.043478260869565216
2025,666971,CH,0.1044776119402985,2.5601008911904697,0.015151515151515152
2025,666974,CH,0.21875,1.7826946886047361,0.0967741935483871
2025,667356,CU,0.3181818181818182,1.374545192908375,0.09523809523809523
2025,668390,CU,0.21875,1.782694688604736,0.03225806451612903
2025,668731,CH,0.14893617021276595,2.190596802970671,0.15217391304347827
2025,669003,CH,0.12280701754385964,2.3922922035346867,0.07142857142857142
2025,669084,CH,0.21875,1.782694688604736,0.25806451612903225
2025,669276,CH,0.4117647058823529,1.0852280400722045,0.3125
2025,669357,CH,0.11290322580645161,2.4797076717021445,0.03278688524590164
2025,669923,CH,0.21875,1.782694688604736,0.1935483870967742
2025,670092,CH,0.14893617021276595,2.190596802970671,0.021739130434782608
2025,670224,CH,0.11290322580645161,2.4797076717021445,0.03278688524590164
2025,670232,FF,0.3181818181818182,1.374545192908375,0.19047619047619047
2025,671106,CH,0.25925925925925924,1.5991654107425068,0.07692307692307693
2025,672012,CH,0.14893617021276595,2.190596802970671,0.043478260869565216
2025,672284,CH,0.14893617021276595,2.190596802970671,0.021739130434782608
2025,672456,CH,0.21875,1.7826946886047361,0.03225806451612903
2025,676070,EP,0.1935483870967742,2.348250910542494,0.04918032786885246
2025,676480,CH,0.14893617021276595,2.190596802970671,0.043478260869565216
2025,676680,FF,0.4117647058823529,1.0852280400722045,0.25
2025,676969,FC,0.3181818181818182,1.374545192908375,0.19047619047619047
2025,677338,CH,0.4117647058823529,1.0852280400722045,0.375
2025,678493,FC,0.4117647058823529,1.0852280400722045,0.25
2025,678662,CH,0.12280701754385964,2.3922922035346867,0.03571428571428571
2025,679788,FC,0.5833333333333334,0.6791932659915256,0.45454545454545453
2025,680518,CH,0.1891891891891892,1.9378230905790834,0.05555555555555555
2025,680519,FC,0.4117647058823529,1.0852280400722045,0.375
2025,680552,CH,0.4117647058823529,1.0852280400722045,0.3125
2025,680636,CH,0.21875,1.782694688604736,0.0967741935483871
2025,680769,CH,0.14893617021276595,2.190596802970671,0.06521739130434782
2025,680885,CU,0.21875,1.782694688604736,0.16129032258064516
2025,680977,CH,0.12280701754385964,2.3922922035346867,0.0
2025,681293,CH,0.21875,1.7826946886047361,0.12903225806451613
2025,681343,CH,0.21875,1.7826946886047361,0.12903225806451613
2025,681895,CU,0.21875,1.782694688604736,0.03225806451612903
2025,682985,CH,0.11290322580645161,2.4797076717021445,0.01639344262295082
2025,683090,CH,0.1346153846153846,2.2965114666021638,0.058823529411764705
2025,683175,CU,0.4117647058823529,1.0852280400722045,0.25
2025,683357,CH,0.1891891891891892,1.9378230905790834,0.1111111111111111
2025,686981,FC,0.21875,1.782694688604736,0.0967741935483871
2025,687749,CH,0.25925925925925924,1.5991654107425068,0.2692307692307692
2025,687982,CH,0.3181818181818182,1.374545192908375,0.19047619047619047
2025,688138,CH,0.21875,1.7826946886047361,0.12903225806451613
2025,689520,CH,0.3181818181818182,1.374545192908375,0.047619047619047616
2025,689821,CU,0.4117647058823529,1.0852280400722045,0.3125
2025,690374,CU,0.25925925925925924,1.5991654107425068,0.23076923076923078
2025,691011,CH,0.21875,1.782694688604736,0.03225806451612903
2025,691645,CH,0.25925925925925924,1.5991654107425068,0.19230769230769232
2025,694212,CH,0.1346153846153846,2.2965114666021638,0.0392156862745098
2025,694224,FF,0.5833333333333334,0.6791932659915256,0.45454545454545453
2025,694977,CH,0.25925925925925924,1.5991654107425068,0.3076923076923077
2025,695336,CH,0.11290322580645161,2.4797076717021445,0.04918032786885246
2025,695342,FF,0.3181818181818182,1.374545192908375,0.23809523809523808
2025,695534,CH,0.25925925925925924,1.5991654107425068,0.11538461538461539
2025,698929,FS,0.4117647058823529,1.0852280400722045,0.25
2025,699615,CH,0.4117647058823529,1.0852280400722045,0.25
2025,700187,CH,0.4117647058823529,1.0852280400722045,0.125
2025,701481,CH,0.25925925925925924,1.5991654107425068,0.0
2025,703639,CH,0.4117647058823529,1.0852280400722045,0.1875
2025,801432,CH,0.4117647058823529,1.0852280400722045,0.25
2025,801802,CH,0.3181818181818182,1.374545192908375,0.23809523809523808
2025,802544,CU,0.3181818181818182,1.374545192908375,0.2857142857142857
2025,805123,CH,0.21875,1.782694688604736,0.03225806451612903
2025,808967,CU,0.1891891891891892,1.9378230905790836,0.027777777777777776
2025,810897,CH,0.3181818181818182,1.374545192908375,0.14285714285714285
2025,827744,CU,0.4117647058823529,1.0852280400722045,0.1875
2025,477132,CS,0.16666666666666666,2.0721529997457324,0.07317073170731707
2025,506433,CH,0.1346153846153846,2.2965114666021638,0.058823529411764705
2025,518489,FC,0.3181818181818182,1.374545192908375,0.19047619047619047
2025,518876,CH,0.21875,1.782694688604736,0.0967741935483871
2025,543101,FF,0.21875,1.782694688604736,0.06451612903225806
2025,543135,CU,0.21875,1.782694688604736,0.0967741935483871
2025,543592,EP,0.12280701754385964,2.3922922035346867,0.07142857142857142
2025,544150,CH,0.25925925925925924,1.5991654107425068,0.15384615384615385
2025,592791,CH,0.21875,1.7826946886047361,0.0967741935483871
2025,593428,CH,0.12280701754385964,2.3922922035346867,0.03571428571428571
2025,595453,CH,0.1891891891891892,1.9378230905790836,0.05555555555555555
2025,595897,CH,0.3181818181818182,1.374545192908375,0.09523809523809523
2025,600869,CH,0.13043478260869565,2.270764496273168,0.3076923076923077
2025,605154,CH,0.3181818181818182,1.374545192908375,0.09523809523809523
2025,605177,CH,0.3181818181818182,1.374545192908375,0.14285714285714285
2025,605483,CH,0.3181818181818182,1.374545192908375,0.09523809523809523
2025,608334,CH,0.21875,1.782694688604736,0.12903225806451613
2025,608717,CH,0.21875,1.7826946886047361,0.16129032258064516
2025,622569,FA,0.16129032258064516,2.367909739353766,0.08196721311475409
2025,641941,FC,0.4117647058823529,1.0852280400722045,0.25
2025,642020,CH,0.1891891891891892,1.9378230905790836,0.16666666666666666
2025,642180,EP,0.15584415584415584,2.5079117087202816,0.06578947368421052
2025,642216,CH,0.25925925925925924,1.5991654107425068,0.15384615384615385
2025,642851,CH,0.11290322580645161,2.4797076717021445,0.11475409836065574
2025,643376,CH,0.11290322580645161,2.4797076717021445,0.08196721311475409
2025,656354,SI,0.5833333333333334,0.6791932659915256,0.2727272727272727
2025,656811,CH,0.1044776119402985,2.56010089119047,0.015151515151515152
2025,656818,CH,0.21875,1.782694688604736,0.1935483870967742
2025,657756,CH,0.3181818181818182,1.374545192908375,0.2857142857142857
2025,663158,CH,0.3181818181818182,1.374545192908375,0.19047619047619047
2025,663647,CH,0.11290322580645161,2.4797076717021445,0.01639344262295082
2025,663671,CH,0.3181818181818182,1.374545192908375,0.14285714285714285
2025,663765,CH,0.25925925925925924,1.5991654107425068,0.15384615384615385
2025,663837,CH,0.1346153846153846,2.2965114666021638,0.058823529411764705
2025,663969,CU,0.25925925925925924,1.5991654107425068,0.11538461538461539
2025,664056,CH,0.09090909090909091,2.7037791242722005,0.02631578947368421
2025,664954,CH,0.1891891891891892,1.9378230905790836,0.08333333333333333
2025,665877,CH,0.14893617021276595,2.190596802970671,0.0
2025,665953,CH,0.1891891891891892,1.9378230905790836,0.1111111111111111
2025,665998,CH,0.16666666666666666,2.0721529997457324,0.12195121951219512
2025,666142,CH,0.25925925925925924,1.5991654107425068,0.15384615384615385
2025,666632,FF,0.2702702702702703,1.5631489389250592,0.2777777777777778
2025,666808,FA,0.3181818181818182,1.374545192908375,0.14285714285714285
2025,667690,CH,0.21875,1.7826946886047361,0.06451612903225806
2025,668751,CH,0.25925925925925924,1.5991654107425068,0.11538461538461539
2025,668970,FF,0.4117647058823529,1.0852280400722045,0.375
2025,669194,FF,0.2702702702702703,1.5631489389250592,0.027777777777777776
2025,669212,CH,0.4117647058823529,1.0852280400722045,0.3125
2025,669221,CH,0.1346153846153846,2.2965114666021638,0.09803921568627451
2025,670097,CH,0.1346153846153846,2.2965114666021638,0.0196078431372549
2025,671155,CH,0.4117647058823529,1.0852280400722045,0.125
2025,673357,CH,0.12280701754385964,2.3922922035346867,0.0
2025,674841,CH,0.25925925925925924,1.5991654107425068,0.07692307692307693
2025,675848,FF,0.5833333333333334,0.6791932659915256,0.2727272727272727
2025,676044,CH,0.1346153846153846,2.2965114666021638,0.058823529411764705
2025,676106,CH,0.25925925925925924,1.5991654107425068,0.23076923076923078
2025,676116,CH,0.1346153846153846,2.2965114666021638,0.058823529411764705
2025,676280,FF,0.4117647058823529,1.0852280400722045,0.125
2025,676442,CH,0.4117647058823529,1.0852280400722045,0.3125
2025,676571,CH,0.25925925925925924,1.5991654107425068,0.15384615384615385
2025,676742,CH,0.3181818181818182,1.374545192908375,0.3333333333333333
2025,678020,FF,0.4117647058823529,1.0852280400722045,0.3125
2025,678368,CH,0.21875,1.782694688604736,0.12903225806451613
2025,678894,CH,0.1346153846153846,2.2965114666021638,0.058823529411764705
2025,679885,FF,0.3181818181818182,1.374545192908375,0.047619047619047616
2025,680779,CH,0.11290322580645161,2.4797076717021445,0.0
2025,681051,CH,0.25925925925925924,1.5991654107425068,0.11538461538461539
2025,681184,CH,0.1891891891891892,1.9378230905790834,0.05555555555555555
2025,681857,CH,0.21875,1.7826946886047361,0.16129032258064516
2025,682796,FC,0.3181818181818182,1.374545192908375,0.14285714285714285
2025,682998,CH,0.11290322580645161,2.4797076717021445,0.08196721311475409
2025,683011,CH,0.1044776119402985,2.56010089119047,0.045454545454545456
2025,683510,CU,0.3181818181818182,1.374545192908375,0.23809523809523808
2025,683627,CH,0.25925925925925924,1.5991654107425068,0.19230769230769232
2025,686531,CH,0.21875,1.782694688604736,0.1935483870967742
2025,686611,CH,0.1346153846153846,2.2965114666021638,0.0392156862745098
2025,686613,CH,0.21875,1.782694688604736,0.0967741935483871
2025,687287,CH,0.21875,1.782694688604736,0.0967741935483871
2025,687352,CU,0.3181818181818182,1.374545192908375,0.09523809523809523
2025,687817,FF,0.5833333333333334,0.6791932659915256,0.36363636363636365
2025,687847,CH,0.4117647058823529,1.0852280400722045,0.25
2025,687922,CH,0.25925925925925924,1.5991654107425068,0.11538461538461539
2025,687956,CH,0.4117647058823529,1.0852280400722045,0.125
2025,690464,CH,0.4117647058823529,1.0852280400722045,0.375
2025,692446,CH,0.4117647058823529,1.0852280400722045,0.125
2025,693304,CH,0.11290322580645161,2.4797076717021445,0.03278688524590164
2025,694754,CH,0.3181818181818182,1.374545192908375,0.14285714285714285
2025,694900,CU,0.4117647058823529,1.0852280400722045,0.25
2025,694946,CH,0.25925925925925924,1.5991654107425068,0.11538461538461539
2025,695418,CH,0.25925925925925924,1.5991654107425068,0.15384615384615385
2025,696146,CH,0.4117647058823529,1.0852280400722045,0.1875
2025,696149,CH,0.3181818181818182,1.374545192908375,0.19047619047619047
2025,699166,FC,0.5833333333333334,0.6791932659915256,0.36363636363636365
2025,700363,CU,0.3181818181818182,1.374545192908375,0.19047619047619047
2025,700675,CH,0.25925925925925924,1.5991654107425068,0.23076923076923078
2025,701121,CH,0.25925925925925924,1.5991654107425068,0.11538461538461539
2025,702302,CH,0.21875,1.782694688604736,0.06451612903225806
2025,800765,FF,0.5833333333333334,0.6791932659915256,0.45454545454545453
2025,805234,CU,0.25925925925925924,1.5991654107425068,0.15384615384615385
2025,806077,FC,0.3181818181818182,1.374545192908375,0.14285714285714285
2025,806188,CH,0.21875,1.7826946886047361,0.06451612903225806
2025,807276,FF,0.5833333333333334,0.6791932659915256,0.36363636363636365
2025,810938,CH,0.1044776119402985,2.56010089119047,0.030303030303030304
2025,815318,CH,0.25925925925925924,1.5991654107425068,0.07692307692307693
2025,518595,CH,0.1346153846153846,2.2965114666021638,0.0196078431372549
2025,519242,CH,0.3181818181818182,1.374545192908375,0.047619047619047616
2025,553882,CH,0.16666666666666666,2.0721529997457324,0.07317073170731707
2025,553993,CH,0.1044776119402985,2.56010089119047,0.045454545454545456
2025,573262,CU,0.14634146341463414,2.5846338146612955,0.024691358024691357
2025,592155,CH,0.3181818181818182,1.374545192908375,0.19047619047619047
2025,602104,CH,0.11290322580645161,2.4797076717021445,0.09836065573770492
2025,605346,CH,0.1891891891891892,1.9378230905790836,0.1111111111111111
2025,605400,CH,0.25925925925925924,1.5991654107425068,0.15384615384615385
2025,608718,CH,0.3181818181818182,1.374545192908375,0.047619047619047616
2025,621383,CH,0.25925925925925924,1.5991654107425068,0.11538461538461539
2025,622503,CH,0.21875,1.782694688604736,0.03225806451612903
2025,641796,FF,0.3181818181818182,1.374545192908375,0.19047619047619047
2025,641927,CH,0.21875,1.7826946886047361,0.12903225806451613
2025,642201,CH,0.09722222222222222,2.6345156280215596,0.04225352112676056
2025,642528,CH,0.25925925925925924,1.5991654107425068,0.15384615384615385
2025,642731,CH,0.1044776119402985,2.56010089119047,0.030303030303030304
2025,656248,CH,0.16666666666666666,2.0721529997457324,0.024390243902439025
2025,656420,CH,0.3181818181818182,1.374545192908375,0.09523809523809523
2025,656896,CH,0.1791044776119403,2.43845433608751,0.06060606060606061
2025,657077,CH,0.12280701754385964,2.3922922035346867,0.10714285714285714
2025,657746,CU,0.21875,1.782694688604736,0.12903225806451613
2025,660825,FC,0.25925925925925924,1.5991654107425068,0.11538461538461539
2025,662253,CH,0.3181818181818182,1.374545192908375,0.14285714285714285
2025,663656,CH,0.12280701754385964,2.3922922035346867,0.05357142857142857
2025,663947,CH,0.21875,1.7826946886047361,0.1935483870967742
2025,663977,FF,0.5833333333333334,0.6791932659915256,0.45454545454545453
2025,664139,CH,0.21875,1.782694688604736,0.0967741935483871
2025,664353,CH,0.3181818181818182,1.374545192908375,0.14285714285714285
2025,665487,CH,0.12280701754385964,2.3922922035346867,0.03571428571428571
2025,665645,CU,0.25925925925925924,1.5991654107425068,0.07692307692307693
2025,666176,CH,0.11290322580645161,2.4797076717021445,0.0
2025,666703,CH,0.21875,1.782694688604736,0.16129032258064516
2025,668472,CH,0.1891891891891892,1.9378230905790836,0.08333333333333333
2025,669134,CH,0.1346153846153846,2.2965114666021638,0.058823529411764705
2025,669289,CH,0.1044776119402985,2.56010089119047,0.045454545454545456
2025,669620,CH,0.25925925925925924,1.5991654107425068,0.15384615384615385
2025,670623,CH,0.11290322580645161,2.4797076717021445,0.06557377049180328
2025,670868,CH,0.1346153846153846,2.2965114666021638,0.0784313725490196
2025,671277,CH,0.09722222222222222,2.6345156280215596,0.028169014084507043
2025,671737,CU,0.25925925925925924,1.5991654107425068,0.0
2025,671739,CH,0.1044776119402985,2.56010089119047,0.10606060606060606
2025,675659,CU,0.4117647058823529,1.0852280400722045,0.3125
2025,676391,CH,0.09722222222222222,2.6345156280215596,0.028169014084507043
2025,676395,CH,0.4117647058823529,1.0852280400722045,0.1875
2025,676467,CH,0.25925925925925924,1.5991654107425068,0.19230769230769232
2025,676475,CH,0.1791044776119403,2.43845433608751,0.06060606060606061
2025,676617,CH,0.3181818181818182,1.374545192908375,0.09523809523809523
2025,677943,CH,0.16666666666666666,2.0721529997457324,0.17073170731707318
2025,677951,CH,0.1044776119402985,2.5601008911904697,0.030303030303030304
2025,679200,CH,0.3181818181818182,1.374545192908375,0.3333333333333333
2025,679775,CH,0.4117647058823529,1.0852280400722045,0.0
2025,681402,CH,0.3181818181818182,1.374545192908375,0.19047619047619047
2025,681916,CU,0.25925925925925924,1.5991654107425068,0.038461538461538464
2025,682707,CH,0.5833333333333334,0.6791932659915256,0.8181818181818182
2025,683953,FC,0.25925925925925924,1.5991654107425068,0.11538461538461539
2025,684007,CU,0.21875,1.782694688604736,0.0967741935483871
2025,685001,CH,0.3181818181818182,1.374545192908375,0.14285714285714285
2025,685126,CH,0.3181818181818182,1.374545192908375,0.14285714285714285
2025,685301,CH,0.16666666666666666,2.0721529997457324,0.0975609756097561
2025,687625,CH,0.1891891891891892,1.9378230905790836,0.08333333333333333
2025,687798,CH,0.4117647058823529,1.0852280400722045,0.375
2025,687888,CH,0.25925925925925924,1.5991654107425068,0.11538461538461539
2025,688642,FC,0.25925925925925924,1.5991654107425068,0.07692307692307693
2025,689172,CH,0.12280701754385964,2.3922922035346867,0.05357142857142857
2025,689254,FC,0.4117647058823529,1.0852280400722045,0.25
2025,690382,FC,0.3181818181818182,1.3745451929083752,0.14285714285714285
2025,690976,CH,0.13043478260869565,2.2707644962731686,0.2857142857142857
2025,694185,FF,0.4117647058823529,1.0852280400722045,0.3125
2025,694186,CH,0.3181818181818182,1.374545192908375,0.09523809523809523
2025,694378,FF,0.5833333333333334,0.6791932659915256,0.2727272727272727
2025,694514,CH,0.25925925925925924,1.5991654107425068,0.15384615384615385
2025,694738,CH,0.25925925925925924,1.5991654107425068,0.15384615384615385
2025,694819,CH,0.3181818181818182,1.374545192908375,0.2857142857142857
2025,695299,FC,0.5833333333333334,0.6791932659915256,0.6363636363636364
2025,695391,CH,0.12280701754385964,2.3922922035346867,0.03571428571428571
2025,695505,CH,0.21875,1.782694688604736,0.0967741935483871
2025,695521,CH,0.16666666666666666,2.0721529997457324,0.07317073170731707
2025,699127,CH,0.21875,1.782694688604736,0.03225806451612903
2025,702315,CH,0.1891891891891892,1.9378230905790836,0.08333333333333333
2025,702616,CH,0.1044776119402985,2.56010089119047,0.015151515151515152
2025,800203,CH,0.4117647058823529,1.0852280400722045,0.3125
2025,800724,CU,0.25925925925925924,1.5991654107425068,0.2692307692307692
2025,805796,CU,0.3181818181818182,1.374545192908375,0.19047619047619047
2025,814280,SI,0.5833333333333334,0.6791932659915256,0.45454545454545453
2025,814291,CH,0.25925925925925924,1.5991654107425068,0.11538461538461539
2025,815464,FF,0.5833333333333334,0.6791932659915256,0.45454545454545453
2025,815793,CH,0.21875,1.782694688604736,0.1935483870967742
2025,592848,FC,0.4117647058823529,1.0852280400722045,0.125
2025,683344,FC,0.4117647058823529,1.0852280400722045,0.25
2025,695692,CU,0.5833333333333334,0.6791932659915256,0.2727272727272727
2025,806191,FF,0.5833333333333334,0.6791932659915256,0.45454545454545453
2025,605447,FF,0.5833333333333334,0.6791932659915256,0.36363636363636365
2025,656464,FF,0.4117647058823529,1.0852280400722045,0.0625
2025,657612,FF,0.4117647058823529,1.0852280400722045,0.4375
2025,691437,FC,0.5833333333333334,0.6791932659915256,0.2727272727272727
2025,700731,CU,0.5833333333333334,0.6791932659915256,0.5454545454545454
2025,702878,CU,0.4117647058823529,1.0852280400722045,0.1875
2025,643511,SI,0.5833333333333334,0.6791932659915256,0.36363636363636365
2025,681123,CU,0.3181818181818182,1.374545192908375,0.19047619047619047
2025,694829,FF,0.5833333333333334,0.6791932659915256,0.2727272727272727
2025,700032,FF,1.0,-0.0,1.0
2025,668860,SI,0.5833333333333334,0.6791932659915256,0.5454545454545454
2025,669993,CU,0.5833333333333334,0.6791932659915256,0.18181818181818182
2025,690448,CU,0.4117647058823529,1.0852280400722045,0.125
2025,690925,FF,0.5833333333333334,0.6791932659915256,0.5454545454545454
2025,814458,CH,0.5833333333333334,0.6791932659915256,0.5454545454545454
2025,660613,SI,0.5833333333333334,0.6791932659915256,0.36363636363636365
2025,691669,SI,1.0,-0.0,1.0
2025,676502,SI,1.0,-0.0,1.0
2025,656883,SI,1.0,-0.0,1.0
2025,702222,FC,1.0,-0.0,1.0
2025,622491,CH,0.3181818181818182,1.374545192908375,0.14285714285714285
2025,656945,CH,0.4117647058823529,1.0852280400722045,0.3125
2025,663568,CH,0.1891891891891892,1.9378230905790836,0.1111111111111111
2025,670541,CH,0.12280701754385964,2.3922922035346867,0.07142857142857142
2025,671289,CH,0.11290322580645161,2.4797076717021445,0.03278688524590164
2025,681146,FA,0.12195121951219512,2.6840279511478604,0.012345679012345678
2025,686810,CH,0.1891891891891892,1.9378230905790836,0.1388888888888889
2025,686830,CH,0.4117647058823529,1.0852280400722045,0.1875
2025,695501,FC,0.21875,1.782694688604736,0.0967741935483871
2025,699625,CH,0.16666666666666666,2.0721529997457324,0.12195121951219512
2025,806394,CH,0.4117647058823529,1.0852280400722045,0.3125
2025,814413,CH,0.21875,1.782694688604736,0.12903225806451613
2025,592696,CH,0.21875,1.782694688604736,0.0967741935483871
2025,641355,CH,0.11290322580645161,2.4797076717021445,0.03278688524590164
2025,642759,CH,0.5833333333333334,0.6791932659915256,0.45454545454545453
2025,663584,CH,0.14893617021276595,2.190596802970671,0.021739130434782608
2025,664199,CH,0.25925925925925924,1.5991654107425068,0.11538461538461539
2025,670231,CH,0.11290322580645161,2.4797076717021445,0.03278688524590164
2025,677960,CH,0.25925925925925924,1.5991654107425068,0.11538461538461539
2025,692150,CU,0.25925925925925924,1.5991654107425068,0.038461538461538464
2025,694193,FC,0.3181818181818182,1.374545192908375,0.23809523809523808
2025,694298,FC,0.4117647058823529,1.0852280400722045,0.4375
2025,700932,CH,0.12280701754385964,2.3922922035346867,0.03571428571428571
2025,815653,CU,0.4117647058823529,1.0852280400722045,0.25
2025,571466,EP,0.14893617021276595,2.190596802970671,0.06521739130434782
2025,642727,CH,0.23076923076923078,1.873179489619525,0.13725490196078433
2025,677008,CH,0.12280701754385964,2.3922922035346867,0.07142857142857142
2025,680996,CU,0.3181818181818182,1.374545192908375,0.23809523809523808
2025,691019,CH,0.1346153846153846,2.2965114666021638,0.0
2025,801406,FF,0.5833333333333334,0.6791932659915256,0.5454545454545454
2025,645302,CH,0.14893617021276595,2.190596802970671,0.06521739130434782
2025,663993,CH,0.09722222222222222,2.6345156280215596,0.028169014084507043
2025,669127,CH,0.11290322580645161,2.4797076717021445,0.09836065573770492
2025,671111,CH,0.25925925925925924,1.5991654107425068,0.23076923076923078
2025,691023,CH,0.1346153846153846,2.2965114666021638,0.0
2025,691182,CH,0.12371134020618557,2.285299877481216,0.25
2025,691406,CH,0.1044776119402985,2.56010089119047,0.045454545454545456
2025,800176,SI,0.5833333333333334,0.6791932659915256,0.09090909090909091
2025,703177,CU,0.5833333333333334,0.6791932659915256,0.6363636363636364
2025,815083,CH,0.4117647058823529,1.0852280400722045,0.25
2025,687282,FF,1.0,-0.0,1.0
2025,467793,CH,0.10714285714285714,2.4582674669088345,0.16216216216216217
2025,502043,CH,0.1891891891891892,1.9378230905790836,0.05555555555555555
2025,547179,CH,0.1891891891891892,1.9378230905790836,0.1111111111111111
2025,666159,CU,0.3181818181818182,1.374545192908375,0.14285714285714285
2025,669387,CU,0.1891891891891892,1.9378230905790836,0.08333333333333333
2025,678882,CH,0.09722222222222222,2.6345156280215596,0.04225352112676056
2025,679777,CH,0.3181818181818182,1.374545192908375,0.14285714285714285
2025,691442,CH,0.3181818181818182,1.374545192908375,0.23809523809523808
2025,694249,CH,0.21875,1.782694688604736,0.0967741935483871
2025,695481,FC,0.3181818181818182,1.374545192908375,0.14285714285714285
2025,804668,CH,0.16666666666666666,2.0721529997457324,0.12195121951219512
2025,548384,CH,0.3181818181818182,1.374545192908375,0.09523809523809523
2025,571946,FF,0.3181818181818182,1.374545192908375,0.2857142857142857
2025,608665,CH,0.25925925925925924,1.5991654107425068,0.15384615384615385
2025,621512,CU,0.21052631578947367,2.127699379017182,0.07142857142857142
2025,624503,FF,0.4117647058823529,1.0852280400722045,0.1875
2025,665052,CH,0.12280701754385964,2.3922922035346867,0.08928571428571429
2025,665804,CH,0.11290322580645161,2.4797076717021445,0.03278688524590164
2025,669004,CH,0.14893617021276595,2.190596802970671,0.08695652173913043
2025,676510,CH,0.3181818181818182,1.374545192908375,0.14285714285714285
2025,681481,CH,0.12280701754385964,2.3922922035346867,0.017857142857142856
2025,687830,CH,0.25925925925925924,1.5991654107425068,0.07692307692307693
2025,690544,FC,0.3181818181818182,1.3745451929083752,0.14285714285714285
2025,691094,CH,0.25925925925925924,1.5991654107425068,0.07692307692307693
2025,694689,CU,0.25925925925925924,1.5991654107425068,0.15384615384615385
2025,695491,CH,0.3181818181818182,1.374545192908375,0.2857142857142857
2025,571760,CH,0.21875,1.782694688604736,0.12903225806451613
2025,578428,CH,0.1346153846153846,2.2965114666021638,0.0392156862745098
2025,592332,FF,0.3181818181818182,1.374545192908375,0.14285714285714285
2025,595751,CH,0.16666666666666666,2.0721529997457324,0.04878048780487805
2025,641313,CH,0.14893617021276595,2.190596802970671,0.08695652173913043
2025,641584,CH,0.1044776119402985,2.56010089119047,0.09090909090909091
2025,662914,CH,0.3181818181818182,1.374545192908375,0.14285714285714285
2025,668723,CH,0.16666666666666666,2.0721529997457324,0.04878048780487805
2025,671913,FC,0.5833333333333334,0.6791932659915256,0.09090909090909091
2025,682144,FF,0.3181818181818182,1.374545192908375,0.23809523809523808
2025,685326,CH,0.25925925925925924,1.5991654107425068,0.23076923076923078
2025,690986,CH,0.25925925925925924,1.5991654107425068,0.23076923076923078
2025,701392,FF,0.5833333333333334,0.6791932659915256,0.36363636363636365
2025,471911,CH,0.21875,1.7826946886047361,0.16129032258064516
2025,472610,FF,0.25925925925925924,1.5991654107425068,0.038461538461538464
2025,534910,CU,0.4117647058823529,1.0852280400722045,0.25
2025,596146,CH,0.09722222222222222,2.6345156280215596,0.014084507042253521
2025,607680,CH,0.14893617021276595,2.190596802970671,0.10869565217391304
2025,607732,CH,0.1791044776119403,2.43845433608751,0.06060606060606061
2025,620443,CH,0.14634146341463414,2.500103670690571,0.037037037037037035
2025,621057,FC,0.3181818181818182,1.374545192908375,0.2857142857142857
2025,621242,CH,0.4117647058823529,1.0852280400722045,0.25
2025,641154,CH,0.21875,1.7826946886047361,0.16129032258064516
2025,656557,FF,0.3181818181818182,1.374545192908375,0.38095238095238093
2025,663474,CU,0.4117647058823529,1.0852280400722045,0.1875
2025,667463,CH,0.25925925925925924,1.5991654107425068,0.15384615384615385
2025,676440,CH,0.21875,1.7826946886047361,0.06451612903225806
2025,676812,CH,0.14893617021276595,2.190596802970671,0.08695652173913043
2025,677958,CH,0.21875,1.782694688604736,0.12903225806451613
2025,681172,FF,1.0,-0.0,1.0
2025,683227,CH,0.11290322580645161,2.4797076717021445,0.01639344262295082
2025,686894,CH,0.1346153846153846,2.2965114666021638,0.13725490196078433
2025,687166,CU,0.3181818181818182,1.374545192908375,0.09523809523809523
2025,689355,FF,0.4117647058823529,1.0852280400722045,0.3125
2025,691186,CH,0.4117647058823529,1.0852280400722045,0.1875
2025,694065,SI,0.5833333333333334,0.6791932659915256,0.45454545454545453
2025,694200,CH,0.4117647058823529,1.0852280400722045,0.4375
2025,694369,SI,0.5833333333333334,0.6791932659915256,0.45454545454545453
2025,695612,FC,0.3181818181818182,1.374545192908375,0.14285714285714285
2025,687248,SI,0.5833333333333334,0.6791932659915256,0.2727272727272727
2025,804645,SI,0.5833333333333334,0.6791932659915256,0.5454545454545454
2025,802531,CU,0.5833333333333334,0.6791932659915256,0.36363636363636365
2025,703725,CH,0.3181818181818182,1.374545192908375,0.19047619047619047
2025,518886,CH,0.3181818181818182,1.374545192908375,0.2857142857142857
2025,678011,FA,0.11290322580645161,2.4797076717021445,0.04918032786885246
2025,687202,CU,0.4117647058823529,1.0852280400722045,0.25
2025,700681,CH,0.21875,1.782694688604736,0.03225806451612903
2025,702273,CH,0.25925925925925924,1.5991654107425068,0.15384615384615385
2025,686930,CH,0.3181818181818182,1.374545192908375,0.047619047619047616
2025,656537,CH,0.11290322580645161,2.4797076717021445,0.03278688524590164
2025,663968,CH,0.10256410256410256,2.5297542181017594,0.19827586206896552
2025,669459,FC,0.4117647058823529,1.0852280400722045,0.375
2025,686958,FF,0.5833333333333334,0.6791932659915256,0.45454545454545453
2025,571510,CH,0.25925925925925924,1.5991654107425068,0.11538461538461539
2025,669137,CU,0.25925925925925924,1.5991654107425068,0.0
2025,701548,CH,0.25925925925925924,1.5991654107425068,0.11538461538461539
2025,800311,CU,0.3181818181818182,1.374545192908375,0.2857142857142857
2025,802504,CH,0.3181818181818182,1.374545192908375,0.09523809523809523
2025,669203,CH,0.21875,1.782694688604736,0.06451612903225806
2025,701860,CH,0.21875,1.782694688604736,0.06451612903225806
2025,804240,SI,1.0,-0.0,1.0
2025,570482,CH,0.11290322580645161,2.4797076717021445,0.04918032786885246
2025,642585,FC,0.25925925925925924,1.5991654107425068,0.15384615384615385
2025,677060,CH,0.1891891891891892,1.9378230905790836,0.08333333333333333
2025,693832,FC,0.3181818181818182,1.374545192908375,0.09523809523809523
2025,670059,FC,0.21875,1.782694688604736,0.1935483870967742
2025,685045,FF,0.3181818181818182,1.374545192908375,0.19047619047619047
2025,694497,CH,0.1044776119402985,2.5601008911904697,0.06060606060606061
2025,621458,CH,0.21875,1.782694688604736,0.06451612903225806
2025,660853,CH,0.4117647058823529,1.0852280400722045,0.25
2025,666711,FF,0.4117647058823529,1.0852280400722045,0.0
2025,670042,CH,0.09722222222222222,2.6345156280215596,0.04225352112676056
2025,671284,CH,0.12280701754385964,2.3922922035346867,0.05357142857142857
2025,663855,FF,0.25925925925925924,1.5991654107425068,0.15384615384615385
2025,676551,CH,0.4117647058823529,1.0852280400722045,0.0
2025,682877,FF,0.2127659574468085,1.8956405559238863,0.17391304347826086
2025,655889,FF,0.4117647058823529,1.0852280400722045,0.0625
2025,666148,CU,0.3181818181818182,1.374545192908375,0.19047619047619047
2025,677007,CH,0.21875,1.7826946886047361,0.12903225806451613
2025,686554,CH,0.1346153846153846,2.2965114666021638,0.09803921568627451
2025,663743,CH,0.12280701754385964,2.3922922035346867,0.0
2025,681867,CH,0.3181818181818182,1.374545192908375,0.047619047619047616
2025,592351,CH,0.3181818181818182,1.374545192908375,0.14285714285714285
2025,669707,EP,0.1044776119402985,2.56010089119047,0.0
2025,493329,CH,0.14893617021276595,2.190596802970671,0.043478260869565216
2025,457705,CH,0.12280701754385964,2.3922922035346867,0.03571428571428571
2025,669020,CH,0.3181818181818182,1.374545192908375,0.2857142857142857
2025,661395,FF,0.3181818181818182,1.374545192908375,0.14285714285714285
2025,669391,CH,0.1891891891891892,1.9378230905790836,0.027777777777777776
2025,689557,FC,0.4117647058823529,1.0852280400722045,0.1875
2025,669302,CU,0.25925925925925924,1.5991654107425068,0.07692307692307693
2025,801881,FC,0.4117647058823529,1.0852280400722045,0.25
2025,691785,CH,0.11290322580645161,2.4797076717021445,0.03278688524590164
2025,623167,CH,0.21875,1.782694688604736,0.03225806451612903
2025,680684,CH,0.25925925925925924,1.5991654107425068,0.11538461538461539
2025,694475,CH,0.3181818181818182,1.374545192908375,0.2857142857142857
2025,678391,CH,0.14893617021276595,2.190596802970671,0.021739130434782608
2025,702103,CH,0.25925925925925924,1.5991654107425068,0.038461538461538464
2025,676946,FF,0.3181818181818182,1.374545192908375,0.14285714285714285
2025,593958,CH,0.1891891891891892,1.9378230905790836,0.05555555555555555
2025,543294,CH,0.25925925925925924,1.5991654107425068,0.15384615384615385
2025,656484,CH,0.1346153846153846,2.2965114666021638,0.09803921568627451
2025,543309,CH,0.09090909090909091,2.7037791242722005,0.0
2025,543877,CH,0.11290322580645161,2.4797076717021445,0.03278688524590164
2025,621020,CH,0.1044776119402985,2.5601008911904697,0.015151515151515152
2025,621051,CH,0.3181818181818182,1.374545192908375,0.23809523809523808
2025,624424,CH,0.11290322580645161,2.4797076717021445,0.03278688524590164
2025,641302,FF,0.3125,1.566086194679753,0.1935483870967742
2025,641511,CH,0.25925925925925924,1.5991654107425068,0.07692307692307693
2025,641540,CH,0.21875,1.782694688604736,0.0
2025,641656,FF,0.4117647058823529,1.0852280400722045,0.375
2025,641943,CH,0.1346153846153846,2.2965114666021638,0.0784313725490196
2025,642016,CH,0.25925925925925924,1.5991654107425068,0.07692307692307693
2025,656986,FF,0.4117647058823529,1.0852280400722045,0.4375
2025,660757,CH,0.1346153846153846,2.2965114666021638,0.0392156862745098
2025,661403,FC,0.4117647058823529,1.0852280400722045,0.3125
2025,663457,CH,0.11290322580645161,2.4797076717021445,0.0
2025,663604,CH,0.1044776119402985,2.56010089119047,0.06060606060606061
2025,665648,FF,0.5833333333333334,0.6791932659915256,0.6363636363636364
2025,668820,CU,0.25925925925925924,1.5991654107425068,0.038461538461538464
2025,668885,CH,0.1346153846153846,2.2965114666021638,0.0196078431372549
2025,668930,CH,0.09090909090909091,2.7037791242722005,0.013157894736842105
2025,669065,CH,0.1044776119402985,2.56010089119047,0.030303030303030304
2025,669145,CU,0.21875,1.782694688604736,0.0967741935483871
2025,669224,CH,0.12280701754385964,2.3922922035346867,0.017857142857142856
2025,669364,CH,0.11214953271028037,2.38218651923676,0.2169811320754717
2025,669456,CH,0.25925925925925924,1.5991654107425068,0.038461538461538464
2025,670174,CH,0.25925925925925924,1.5991654107425068,0.038461538461538464
2025,670970,CH,0.21875,1.782694688604736,0.12903225806451613
2025,671096,CH,0.25925925925925924,1.5991654107425068,0.2692307692307692
2025,673995,CH,0.25925925925925924,1.5991654107425068,0.11538461538461539
2025,676059,CH,0.11290322580645161,2.4797076717021445,0.01639344262295082
2025,676113,CH,0.16666666666666666,2.0721529997457324,0.07317073170731707
2025,676879,CH,0.25925925925925924,1.5991654107425068,0.038461538461538464
2025,677605,CH,0.16666666666666666,2.0721529997457324,0.024390243902439025
2025,677673,CH,0.3181818181818182,1.374545192908375,0.19047619047619047
2025,677870,CH,0.14893617021276595,2.1905968029706706,0.021739130434782608
2025,677976,CH,0.3181818181818182,1.374545192908375,0.14285714285714285
2025,678010,CH,0.21875,1.7826946886047361,0.0
2025,678246,CH,0.1044776119402985,2.56010089119047,0.06060606060606061
2025,680732,CH,0.25925925925925924,1.5991654107425068,0.15384615384615385
2025,681415,SI,0.5833333333333334,0.6791932659915256,0.2727272727272727
2025,682171,CH,0.3181818181818182,1.374545192908375,0.14285714285714285
2025,682634,CH,0.21875,1.7826946886047361,0.03225806451612903
2025,682942,CH,0.25925925925925924,1.5991654107425068,0.11538461538461539
2025,683766,EP,0.14634146341463414,2.584633814661296,0.07407407407407407
2025,684712,CH,0.5833333333333334,0.6791932659915256,0.36363636363636365
2025,686463,CU,0.25925925925925924,1.5991654107425068,0.15384615384615385
2025,686563,CH,0.25925925925925924,1.5991654107425068,0.11538461538461539
2025,686826,CH,0.21875,1.782694688604736,0.22580645161290322
2025,687263,CH,0.11290322580645161,2.4797076717021445,0.01639344262295082
2025,687859,CH,0.12280701754385964,2.3922922035346867,0.10714285714285714
2025,688162,CH,0.4117647058823529,1.0852280400722045,0.375
2025,690914,CH,0.25925925925925924,1.5991654107425068,0.038461538461538464
2025,690928,CU,0.21875,1.782694688604736,0.0967741935483871
2025,692238,CU,0.3181818181818182,1.374545192908375,0.19047619047619047
2025,694381,FF,0.4117647058823529,1.0852280400722045,0.25
2025,694646,CU,0.21875,1.782694688604736,0.06451612903225806
2025,694660,FC,0.3181818181818182,1.374545192908375,0.19047619047619047
2025,695445,CH,0.3181818181818182,1.374545192908375,0.14285714285714285
2025,696270,FC,0.25925925925925924,1.5991654107425068,0.15384615384615385
2025,699073,CH,0.2553191489361702,1.7222295092877518,0.2391304347826087
2025,699229,CU,0.4117647058823529,1.0852280400722045,0.3125
2025,700669,CH,0.25925925925925924,1.5991654107425068,0.11538461538461539
2025,701581,CH,0.3181818181818182,1.374545192908375,0.19047619047619047
2025,701682,SI,0.5833333333333334,0.6791932659915256,0.2727272727272727
2025,702332,CH,0.09722222222222222,2.6345156280215596,0.014084507042253521
2025,703151,FC,0.4117647058823529,1.0852280400722045,0.125
2025,703159,SI,1.0,-0.0,1.0
2025,703715,CU,0.5833333333333334,0.6791932659915256,0.18181818181818182
2025,800051,FF,0.4117647058823529,1.0852280400722045,0.25
2025,801430,CH,0.3181818181818182,1.374545192908375,0.047619047619047616
2025,804858,CU,0.5833333333333334,0.6791932659915256,0.6363636363636364
2025,805808,CH,0.21875,1.7826946886047361,0.0967741935483871
2025,808767,FC,0.25925925925925924,1.5991654107425068,0.07692307692307693
2025,457759,CH,0.11290322580645161,2.4797076717021445,0.03278688524590164
2025,518585,FF,0.3181818181818182,1.374545192908375,0.14285714285714285
2025,518692,CH,0.11290322580645161,2.4797076717021445,0.03278688524590164
2025,521692,CH,0.09722222222222222,2.6345156280215596,0.056338028169014086
2025,547180,CH,0.11290322580645161,2.4797076717021445,0.04918032786885246
2025,571970,CH,0.09722222222222222,2.6345156280215596,0.014084507042253521
2025,572143,CU,0.3181818181818182,1.374545192908375,0.09523809523809523
2025,592192,CH,0.1346153846153846,2.2965114666021638,0.09803921568627451
2025,606992,CH,0.11290322580645161,2.4797076717021445,0.01639344262295082
2025,606996,CH,0.21875,1.782694688604736,0.06451612903225806
2025,608638,SI,0.5833333333333334,0.6791932659915256,0.2727272727272727
2025,612434,CH,0.4117647058823529,1.0852280400722045,0.375
2025,622534,CH,0.16666666666666666,2.0721529997457324,0.04878048780487805
2025,623474,CH,0.21875,1.782694688604736,0.03225806451612903
2025,640902,FF,0.16129032258064516,2.367909739353766,0.08196721311475409
2025,650556,CH,0.3181818181818182,1.374545192908375,0.2857142857142857
2025,650911,CH,0.4117647058823529,1.0852280400722045,0.375
2025,656180,CH,0.12280701754385964,2.3922922035346867,0.03571428571428571
2025,656786,CU,0.25925925925925924,1.5991654107425068,0.19230769230769232
2025,657656,CH,0.1044776119402985,2.56010089119047,0.045454545454545456
2025,662139,CH,0.1346153846153846,2.2965114666021638,0.0196078431372549
2025,663462,CU,0.25925925925925924,1.5991654107425068,0.07692307692307693
2025,663465,CH,0.25925925925925924,1.5991654107425068,0.15384615384615385
2025,663616,CH,0.1346153846153846,2.2965114666021638,0.058823529411764705
2025,663795,CH,0.3181818181818182,1.374545192908375,0.19047619047619047
2025,663804,CH,0.3181818181818182,1.374545192908375,0.3333333333333333
2025,665862,CH,0.11290322580645161,2.4797076717021445,0.08196721311475409
2025,666121,FC,0.4117647058823529,1.0852280400722045,0.375
2025,666183,FC,0.4117647058823529,1.0852280400722045,0.1875
2025,666198,CH,0.1891891891891892,1.9378230905790836,0.1388888888888889
2025,666659,CH,0.3181818181818182,1.374545192908375,0.14285714285714285
2025,668670,FA,0.1388888888888889,2.5382451862771225,0.028169014084507043
2025,668901,CH,0.11290322580645161,2.4797076717021445,0.08196721311475409
2025,668904,CH,0.1346153846153846,2.2965114666021638,0.058823529411764705
2025,669236,CH,0.1346153846153846,2.2965114666021638,0.058823529411764705
2025,669398,CH,0.14893617021276595,2.190596802970671,0.043478260869565216
2025,669467,FF,0.25925925925925924,1.5991654107425068,0.15384615384615385
2025,669724,CH,0.3181818181818182,1.374545192908375,0.2857142857142857
2025,670329,CH,0.3181818181818182,1.374545192908375,0.047619047619047616
2025,670950,CH,0.4117647058823529,1.0852280400722045,0.375
2025,672578,FF,0.21875,1.782694688604736,0.0967741935483871
2025,672782,CH,0.1891891891891892,1.9378230905790836,0.1111111111111111
2025,672851,CH,0.3181818181818182,1.374545192908375,0.047619047619047616
2025,675448,CH,0.1891891891891892,1.9378230905790836,0.1111111111111111
2025,676249,CH,0.3181818181818182,1.374545192908375,0.14285714285714285
2025,676263,CU,0.4117647058823529,1.0852280400722045,0.125
2025,676508,CU,0.25925925925925924,1.5991654107425068,0.19230769230769232
2025,676545,CU,0.4117647058823529,1.0852280400722045,0.125
2025,676609,CH,0.13793103448275862,2.5763717181808774,0.011627906976744186
2025,676701,CH,0.21052631578947367,2.2493041475364706,0.017857142857142856
2025,677956,CH,0.14893617021276595,2.190596802970671,0.021739130434782608
2025,678024,CH,0.21875,1.7826946886047361,0.1935483870967742
2025,679821,CH,0.4117647058823529,1.0852280400722045,0.375
2025,680474,CH,0.1044776119402985,2.56010089119047,0.015151515151515152
2025,680777,CH,0.11290322580645161,2.4797076717021445,0.03278688524590164
2025,680837,CU,0.1935483870967742,2.236452978194116,0.03278688524590164
2025,681134,CH,0.21875,1.782694688604736,0.16129032258064516
2025,682515,SL,0.23809523809523808,1.9071179567552692,0.07317073170731707
2025,682799,FF,0.5833333333333334,0.6791932659915256,0.45454545454545453
2025,686642,CH,0.25925925925925924,1.5991654107425068,0.15384615384615385
2025,686960,FC,0.5833333333333334,0.6791932659915256,0.2727272727272727
2025,687069,FC,0.21875,1.782694688604736,0.16129032258064516
2025,687075,CH,0.21875,1.7826946886047361,0.0967741935483871
2025,687473,CH,0.1891891891891892,1.9378230905790836,0.16666666666666666
2025,687985,CH,0.4117647058823529,1.0852280400722045,0.1875
2025,690443,FF,0.4117647058823529,1.0852280400722045,0.1875
2025,690993,CH,0.12280701754385964,2.3922922035346867,0.05357142857142857
2025,694217,FF,0.4117647058823529,1.0852280400722045,0.125
2025,694355,CU,0.3181818181818182,1.374545192908375,0.14285714285714285
2025,694477,CH,0.1891891891891892,1.9378230905790836,0.1388888888888889
2025,695578,CH,0.11290322580645161,2.4797076717021445,0.01639344262295082
2025,695603,CH,0.1891891891891892,1.9378230905790836,0.027777777777777776
2025,699232,CU,0.4117647058823529,1.0852280400722045,0.125
2025,702258,CH,0.16666666666666666,2.0721529997457324,0.1951219512195122
2025,801194,CU,0.25925925925925924,1.5991654107425068,0.19230769230769232
2025,801870,CH,0.4117647058823529,1.0852280400722045,0.1875
2025,801938,FF,0.5833333333333334,0.6791932659915256,0.45454545454545453
2025,803011,CH,0.21875,1.782694688604736,0.16129032258064516
2025,804446,CH,0.21875,1.7826946886047361,0.0
2025,805871,CH,0.3181818181818182,1.374545192908375,0.23809523809523808
2025,806146,FF,0.4117647058823529,1.0852280400722045,0.125
2025,806230,CU,0.25925925925925924,1.5991654107425068,0.11538461538461539
2025,806288,CH,0.21875,1.782694688604736,0.22580645161290322
2025,806585,FC,0.4117647058823529,1.0852280400722045,0.1875
2025,807957,CU,0.5833333333333334,0.6791932659915256,0.36363636363636365
2025,815043,FC,0.4117647058823529,1.0852280400722045,0.375
2025,815589,FF,0.5833333333333334,0.6791932659915256,0.2727272727272727
2025,455119,FC,0.25925925925925924,1.5991654107425068,0.11538461538461539
2025,502671,CH,0.1044776119402985,2.56010089119047,0.07575757575757576
2025,545361,CH,0.1044776119402985,2.5601008911904697,0.06060606060606061
2025,553869,CH,0.1044776119402985,2.56010089119047,0.06060606060606061
2025,554430,CU,0.21875,1.782694688604736,0.12903225806451613
2025,572204,CH,0.21875,1.7826946886047361,0.12903225806451613
2025,596271,CH,0.1891891891891892,1.9378230905790836,0.1388888888888889
2025,596295,CH,0.21875,1.782694688604736,0.0967741935483871
2025,605242,CH,0.21875,1.7826946886047361,0.0967741935483871
2025,606115,CH,0.14893617021276595,2.190596802970671,0.10869565217391304
2025,608070,CH,0.10256410256410256,2.5297542181017594,0.20689655172413793
2025,608371,CU,0.1891891891891892,1.9378230905790836,0.1388888888888889
2025,608566,CH,0.25925925925925924,1.5991654107425068,0.11538461538461539
2025,624133,CH,0.21875,1.782694688604736,0.03225806451612903
2025,640451,CU,0.3181818181818182,1.374545192908375,0.047619047619047616
2025,641598,CH,0.11290322580645161,2.4797076717021445,0.04918032786885246
2025,641745,CH,0.25925925925925924,1.5991654107425068,0.19230769230769232
2025,642133,EP,0.14634146341463414,2.5846338146612955,0.037037037037037035
2025,642215,EP,0.16666666666666666,2.5213167503563056,0.028169014084507043
2025,642232,CH,0.25925925925925924,1.5991654107425068,0.15384615384615385
2025,642701,CH,0.25925925925925924,1.5991654107425068,0.19230769230769232
2025,643377,CH,0.21875,1.7826946886047361,0.12903225806451613
2025,645261,CH,0.25925925925925924,1.5991654107425068,0.15384615384615385
2025,656629,CH,0.3181818181818182,1.374545192908375,0.23809523809523808
2025,657277,CH,0.25925925925925924,1.5991654107425068,0.2692307692307692
2025,660162,CH,0.11214953271028037,2.4469666295694656,0.2358490566037736
2025,660271,CU,0.12371134020618557,2.428216821926566,0.0625
2025,660761,CH,0.25925925925925924,1.5991654107425068,0.23076923076923078
2025,660821,CH,0.09722222222222222,2.6345156280215596,0.014084507042253521
2025,660896,CH,0.25925925925925924,1.5991654107425068,0.2692307692307692
2025,663423,CH,0.16666666666666666,2.0721529997457324,0.17073170731707318
2025,663586,CH,0.12280701754385964,2.3922922035346867,0.08928571428571429
2025,663658,CH,0.21875,1.7826946886047361,0.16129032258064516
2025,663697,CH,0.1044776119402985,2.56010089119047,0.015151515151515152
2025,663773,FF,0.3181818181818182,1.374545192908375,0.23809523809523808
2025,666200,CH,0.25925925925925924,1.5991654107425068,0.11538461538461539
2025,666364,CH,0.3181818181818182,1.374545192908375,0.0
2025,666969,CH,0.1044776119402985,2.56010089119047,0.09090909090909091
2025,668678,CH,0.1891891891891892,1.9378230905790836,0.08333333333333333
2025,669461,CH,0.1891891891891892,1.9378230905790836,0.1388888888888889
2025,670167,CH,0.25925925925925924,1.5991654107425068,0.038461538461538464
2025,670280,CU,0.4117647058823529,1.0852280400722045,0.3125
2025,670764,CH,0.11214953271028037,2.38218651923676,0.14150943396226415
2025,671212,FF,0.3181818181818182,1.374545192908375,0.09523809523809523
2025,671305,FF,0.4117647058823529,1.0852280400722045,0.1875
2025,672515,CH,0.1346153846153846,2.2965114666021638,0.058823529411764705
2025,672761,CH,0.10256410256410256,2.529754218101759,0.28448275862068967
2025,675961,CH,0.1891891891891892,1.9378230905790836,0.08333333333333333
2025,676356,CH,0.1346153846153846,2.2965114666021638,0.0784313725490196
2025,676604,CH,0.21875,1.782694688604736,0.03225806451612903
2025,676684,CH,0.3181818181818182,1.374545192908375,0.09523809523809523
2025,676881,CH,0.4117647058823529,1.0852280400722045,0.25
2025,676961,CH,0.1891891891891892,1.9378230905790836,0.08333333333333333
2025,678022,CH,0.25925925925925924,1.5991654107425068,0.15384615384615385
2025,680911,CH,0.1346153846153846,2.2965114666021638,0.0392156862745098
2025,681098,FF,0.5833333333333334,0.6791932659915256,0.45454545454545453
2025,681168,CH,0.3181818181818182,1.374545192908375,0.047619047619047616
2025,681198,CH,0.16666666666666666,2.0721529997457324,0.07317073170731707
2025,681909,FC,0.3181818181818182,1.374545192908375,0.14285714285714285
2025,682265,FF,0.4117647058823529,1.0852280400722045,0.3125
2025,682840,CH,0.3181818181818182,1.374545192908375,0.047619047619047616
2025,683384,CH,0.3181818181818182,1.374545192908375,0.23809523809523808
2025,683454,CH,0.3181818181818182,1.374545192908375,0.09523809523809523
2025,686639,FC,0.5833333333333334,0.6791932659915256,0.5454545454545454
2025,687431,CH,0.21875,1.7826946886047361,0.06451612903225806
2025,690985,CH,0.25925925925925924,1.5991654107425068,0.3076923076923077
2025,691783,CH,0.12280701754385964,2.3922922035346867,0.10714285714285714
2025,694025,CH,0.21875,1.782694688604736,0.06451612903225806
2025,694208,CH,0.1346153846153846,2.2965114666021638,0.0784313725490196
2025,694271,CH,0.25925925925925924,1.5991654107425068,0.15384615384615385
2025,694304,CU,0.25925925925925924,1.5991654107425068,0.15384615384615385
2025,694377,CH,0.14893617021276595,2.1905968029706706,0.043478260869565216
2025,695462,CH,0.25925925925925924,1.5991654107425068,0.07692307692307693
2025,695549,CH,0.21875,1.7826946886047361,0.0967741935483871
2025,700246,CH,0.12280701754385964,2.3922922035346867,0.07142857142857142
2025,701689,FC,0.5833333333333334,0.6791932659915256,0.5454545454545454
2025,702070,CH,0.25925925925925924,1.5991654107425068,0.15384615384615385
2025,703607,CU,0.5833333333333334,0.6791932659915256,0.36363636363636365
2025,800440,CU,0.25925925925925924,1.5991654107425068,0.038461538461538464
2025,801403,CH,0.21875,1.782694688604736,0.0967741935483871
2025,803475,FF,0.4117647058823529,1.0852280400722045,0.1875
2025,806960,CH,0.3181818181818182,1.374545192908375,0.09523809523809523
2025,806983,CH,0.21875,1.782694688604736,0.0967741935483871
2025,811289,SI,0.4117647058823529,1.0852280400722045,0.3125
2025,812470,FF,0.4117647058823529,1.0852280400722045,0.3125
2025,815154,CH,0.21875,1.782694688604736,0.06451612903225806
2025,821270,FF,0.4117647058823529,1.0852280400722045,0.25
2025,458677,FC,0.3181818181818182,1.374545192908375,0.14285714285714285
2025,514888,CH,0.1346153846153846,2.2965114666021638,0.058823529411764705
2025,542932,EP,0.16666666666666666,2.4250463086118685,0.0
2025,571912,FA,0.1791044776119403,2.43845433608751,0.06060606060606061
2025,571927,CH,0.25925925925925924,1.5991654107425068,0.07692307692307693
2025,593833,CH,0.4117647058823529,1.0852280400722045,0.375
2025,605137,CH,0.10256410256410256,2.529754218101759,0.21551724137931033
2025,605540,CH,0.21875,1.7826946886047361,0.12903225806451613
2025,607179,CU,0.3181818181818182,1.374545192908375,0.14285714285714285
2025,621121,CH,0.21875,1.782694688604736,0.03225806451612903
2025,621345,CH,0.4117647058823529,1.0852280400722045,0.0625
2025,621438,CH,0.11290322580645161,2.4797076717021445,0.04918032786885246
2025,621466,CH,0.16666666666666666,2.0721529997457324,0.14634146341463414
2025,621529,CH,0.21875,1.7826946886047361,0.12903225806451613
2025,623149,FF,0.5833333333333334,0.6791932659915256,0.8181818181818182
2025,640459,CH,0.16666666666666666,2.0721529997457324,0.12195121951219512
2025,640462,FF,0.3181818181818182,1.374545192908375,0.14285714285714285
2025,641585,CH,0.21875,1.7826946886047361,0.06451612903225806
2025,642137,FC,0.4117647058823529,1.0852280400722045,0.3125
2025,643410,CU,0.21875,1.782694688604736,0.0967741935483871
2025,643565,CH,0.11290322580645161,2.4797076717021445,0.04918032786885246
2025,650633,CH,0.25925925925925924,1.5991654107425068,0.11538461538461539
2025,650968,CH,0.11290322580645161,2.4797076717021445,0.04918032786885246
2025,656240,FF,0.3181818181818182,1.374545192908375,0.14285714285714285
2025,661527,CH,0.25925925925925924,1.5991654107425068,0.23076923076923078
2025,663609,CH,0.14893617021276595,2.1905968029706706,0.15217391304347827
2025,663624,CH,0.12280701754385964,2.3922922035346867,0.10714285714285714
2025,663883,CU,0.4117647058823529,1.0852280400722045,0.25
2025,663897,EP,0.1346153846153846,2.2965114666021638,0.09803921568627451
2025,664731,CH,0.25925925925925924,1.5991654107425068,0.11538461538461539
2025,664770,CH,0.1044776119402985,2.56010089119047,0.030303030303030304
2025,666126,CH,0.12280701754385964,2.3922922035346867,0.03571428571428571
2025,666208,FC,0.4117647058823529,1.0852280400722045,0.1875
2025,666624,CH,0.12280701754385964,2.3922922035346867,0.08928571428571429
2025,669270,CH,0.25925925925925924,1.5991654107425068,0.19230769230769232
2025,669369,CH,0.13043478260869565,2.270764496273168,0.27472527472527475
2025,670156,EP,0.16666666666666666,2.4250463086118685,0.11267605633802817
2025,671131,FC,0.25925925925925924,1.5991654107425068,0.15384615384615385
2025,672820,CH,0.11290322580645161,2.4797076717021445,0.01639344262295082
2025,676454,FC,0.5833333333333334,0.6791932659915256,0.36363636363636365
2025,676702,FC,0.25925925925925924,1.5991654107425068,0.07692307692307693
2025,677312,SI,0.5833333333333334,0.6791932659915256,0.36363636363636365
2025,677916,CH,0.25925925925925924,1.5991654107425068,0.19230769230769232
2025,678226,FF,0.4117647058823529,1.0852280400722045,0.25
2025,678323,FF,0.3181818181818182,1.374545192908375,0.09523809523809523
2025,678489,CH,0.13043478260869565,2.270764496273168,0.18681318681318682
2025,678606,CH,0.4117647058823529,1.0852280400722045,0.1875
2025,679358,FF,0.3181818181818182,1.374545192908375,0.09523809523809523
2025,679702,FC,0.4117647058823529,1.0852280400722045,0.1875
2025,679883,CH,0.3181818181818182,1.3745451929083752,0.14285714285714285
2025,680742,CH,0.25925925925925924,1.5991654107425068,0.07692307692307693
2025,682679,CU,0.3181818181818182,1.374545192908375,0.19047619047619047
2025,682825,FF,0.4117647058823529,1.0852280400722045,0.375
2025,682988,CH,0.1346153846153846,2.2965114666021638,0.0392156862745098
2025,682990,CH,0.25925925925925924,1.5991654107425068,0.038461538461538464
2025,682999,FC,0.5833333333333334,0.6791932659915256,0.5454545454545454
2025,683233,CU,0.3181818181818182,1.374545192908375,0.09523809523809523
2025,683618,FC,0.3181818181818182,1.374545192908375,0.19047619047619047
2025,684320,FF,0.25925925925925924,1.5991654107425068,0.23076923076923078
2025,684974,CH,0.3181818181818182,1.374545192908375,0.14285714285714285
2025,685329,CH,0.25925925925925924,1.5991654107425068,0.038461538461538464
2025,686676,FF,0.14925373134328357,2.353191285053173,0.045454545454545456
2025,686780,CH,0.12280701754385964,2.3922922035346867,0.05357142857142857
2025,690953,CH,0.21875,1.7826946886047361,0.12903225806451613
2025,691176,CH,0.10714285714285714,2.4582674669088345,0.25225225225225223
2025,691285,FC,0.3181818181818182,1.374545192908375,0.19047619047619047
2025,691292,CH,0.3181818181818182,1.374545192908375,0.09523809523809523
2025,691398,FF,0.5833333333333334,0.6791932659915256,0.6363636363636364
2025,694359,EP,0.1346153846153846,2.2965114666021638,0.0784313725490196
2025,694673,CH,0.5833333333333334,0.6791932659915256,0.45454545454545453
2025,695378,CH,0.4117647058823529,1.0852280400722045,0.1875
2025,695734,CH,0.11290322580645161,2.4797076717021445,0.01639344262295082
2025,701328,CU,0.3181818181818182,1.374545192908375,0.14285714285714285
2025,800266,FC,0.5833333333333334,0.6791932659915256,0.09090909090909091
2025,801139,CH,0.21875,1.782694688604736,0.06451612903225806
2025,802686,FF,0.25925925925925924,1.5991654107425068,0.07692307692307693
2025,806005,CU,0.3181818181818182,1.374545192908375,0.23809523809523808
2025,808865,CH,0.21875,1.782694688604736,0.0967741935483871
2025,813896,FF,0.4117647058823529,1.0852280400722045,0.4375
2025,814299,FF,0.5833333333333334,0.6791932659915256,0.2727272727272727
2025,827628,CH,0.3181818181818182,1.374545192908375,0.19047619047619047
2025,680918,FF,0.5833333333333334,0.6791932659915256,0.2727272727272727
2025,682192,FF,0.5833333333333334,0.6791932659915256,0.5454545454545454
2025,543859,FF,0.3181818181818182,1.374545192908375,0.09523809523809523
2025,669735,CH,0.25925925925925924,1.5991654107425068,0.15384615384615385
2025,681408,CH,0.4117647058823529,1.0852280400722045,0.125
2025,687424,FF,0.5833333333333334,0.6791932659915256,0.2727272727272727
2025,687730,FC,1.0,-0.0,1.0
2025,699305,SL,1.0,-0.0,1.0
2025,803172,FF,0.5833333333333334,0.6791932659915256,0.36363636363636365
2025,828496,FC,0.4117647058823529,1.0852280400722045,0.1875
2025,689688,SI,0.5833333333333334,0.6791932659915256,0.6363636363636364
2025,691116,FF,0.5833333333333334,0.6791932659915256,0.5454545454545454
2025,694749,FC,0.5833333333333334,0.6791932659915256,0.09090909090909091
2025,815734,CU,0.4117647058823529,1.0852280400722045,0.3125
2025,702550,FC,0.4117647058823529,1.0852280400722045,0.25
2025,686747,CH,0.3181818181818182,1.374545192908375,0.047619047619047616
2025,664874,FC,1.0,-0.0,1.0
2025,702331,CH,0.5833333333333334,0.6791932659915256,0.45454545454545453
2025,702467,FC,1.0,-0.0,1.0
2025,687210,FF,1.0,-0.0,1.0
2025,815066,CU,0.5833333333333334,0.6791932659915256,0.5454545454545454
2025,813860,SI,1.0,-0.0,1.0
2025,595928,CH,0.3181818181818182,1.374545192908375,0.09523809523809523
2025,643265,CH,0.25925925925925924,1.5991654107425068,0.07692307692307693
2025,650893,CU,0.25925925925925924,1.5991654107425068,0.11538461538461539
2025,666171,FC,0.3181818181818182,1.374545192908375,0.047619047619047616
2025,677944,CH,0.1891891891891892,1.9378230905790836,0.08333333333333333
2025,683021,EP,0.1935483870967742,2.348250910542494,0.03278688524590164
2025,687223,CH,0.25925925925925924,1.5991654107425068,0.11538461538461539
2025,687280,CH,0.25925925925925924,1.5991654107425068,0.11538461538461539
2025,687849,CU,0.3181818181818182,1.374545192908375,0.19047619047619047
2025,687926,FC,0.3181818181818182,1.374545192908375,0.14285714285714285
2025,687952,CH,0.12280701754385964,2.3922922035346867,0.017857142857142856
2025,688158,CH,0.25925925925925924,1.5991654107425068,0.038461538461538464
2025,689200,CH,0.14893617021276595,2.190596802970671,0.043478260869565216
2025,690829,CH,0.3181818181818182,1.374545192908375,0.19047619047619047
2025,691728,CH,0.16666666666666666,2.0721529997457324,0.07317073170731707
2025,692371,SI,0.5833333333333334,0.6791932659915256,0.2727272727272727
2025,695238,CH,0.11290322580645161,2.4797076717021445,0.01639344262295082
2025,664332,CU,0.3181818181818182,1.374545192908375,0.14285714285714285
2025,686701,CH,0.21875,1.7826946886047361,0.12903225806451613
2025,687310,FC,0.3181818181818182,1.374545192908375,0.19047619047619047
2025,687783,FF,0.25925925925925924,1.5991654107425068,0.11538461538461539
2025,691720,CH,0.12280701754385964,2.3922922035346867,0.03571428571428571
2025,808236,SI,0.2702702702702703,1.7504860147520716,0.16666666666666666
2025,605361,CH,0.14893617021276595,2.190596802970671,0.08695652173913043
2025,669288,CH,0.12280701754385964,2.3922922035346867,0.03571428571428571
2025,671162,CH,0.25925925925925924,1.5991654107425068,0.15384615384615385
2025,672078,FF,0.4117647058823529,1.0852280400722045,0.3125
2025,672391,CH,0.3181818181818182,1.374545192908375,0.09523809523809523
2025,686790,CH,0.3181818181818182,1.374545192908375,0.14285714285714285
2025,687206,CU,0.4117647058823529,1.0852280400722045,0.1875
2025,824028,CH,0.1891891891891892,1.9378230905790836,0.1388888888888889
2025,621043,CH,0.12280701754385964,2.3922922035346867,0.05357142857142857
2025,660670,CH,0.12280701754385964,2.3922922035346867,0.08928571428571429
2025,679845,CH,0.1044776119402985,2.56010089119047,0.045454545454545456
2025,681879,FC,0.25925925925925924,1.5991654107425068,0.23076923076923078
2025,685314,CU,0.4117647058823529,1.0852280400722045,0.1875
2025,686730,CH,0.25925925925925924,1.5991654107425068,0.15384615384615385
2025,693645,CH,0.21875,1.7826946886047361,0.12903225806451613
2025,811310,FC,0.3181818181818182,1.374545192908375,0.2857142857142857
2025,679922,FF,0.4117647058823529,1.0852280400722045,0.25
2025,803174,SL,1.0,-0.0,1.0
2025,434378,CH,0.21875,1.7826946886047361,0.03225806451612903
2025,641386,CH,0.3181818181818182,1.374545192908375,0.047619047619047616
2025,650907,CS,0.16666666666666666,2.0721529997457324,0.0975609756097561
2025,656413,CH,0.16666666666666666,2.0721529997457324,0.04878048780487805
2025,665155,CH,0.14893617021276595,2.190596802970671,0.06521739130434782
2025,665561,CH,0.12371134020618557,2.285299877481216,0.19791666666666666
2025,681624,CH,0.1044776119402985,2.56010089119047,0.015151515151515152
2025,686438,CU,0.3181818181818182,1.374545192908375,0.19047619047619047
2025,687272,FF,0.3181818181818182,1.374545192908375,0.047619047619047616
2025,807742,CH,0.1891891891891892,1.9378230905790836,0.08333333333333333
2025,814806,SI,0.5833333333333334,0.6791932659915256,0.6363636363636364
2025,592779,CH,0.25925925925925924,1.5991654107425068,0.11538461538461539
2025,605612,CH,0.14893617021276595,2.190596802970671,0.10869565217391304
2025,624585,CH,0.1346153846153846,2.2965114666021638,0.0784313725490196
2025,624641,CH,0.11290322580645161,2.4797076717021445,0.0
2025,641468,CH,0.4117647058823529,1.0852280400722045,0.4375
2025,641820,CH,0.1891891891891892,1.9378230905790836,0.027777777777777776
2025,656577,EP,0.15584415584415584,2.5079117087202816,0.0
2025,666194,FF,0.4117647058823529,1.0852280400722045,0.25
2025,672018,CH,0.3181818181818182,1.374545192908375,0.14285714285714285
2025,679066,FF,0.5833333333333334,0.6791932659915256,0.45454545454545453
2025,680642,CH,0.3181818181818182,1.374545192908375,0.14285714285714285
2025,682848,CH,0.13043478260869565,2.1954224114296963,0.31868131868131866
2025,685112,CU,0.3181818181818182,1.374545192908375,0.19047619047619047
2025,691001,CH,0.23076923076923078,1.6065844201733923,0.27450980392156865
2025,691021,FF,0.5833333333333334,0.6791932659915256,0.36363636363636365
2025,700081,CU,0.3181818181818182,1.374545192908375,0.09523809523809523
2025,605155,CU,0.3181818181818182,1.374545192908375,0.38095238095238093
2025,621112,CH,0.21875,1.7826946886047361,0.16129032258064516
2025,647304,CH,0.12280701754385964,2.3922922035346867,0.08928571428571429
2025,657424,CH,0.21875,1.7826946886047361,0.0967741935483871
2025,669001,CH,0.4117647058823529,1.0852280400722045,0.25
2025,669413,FF,0.5833333333333334,0.6791932659915256,0.2727272727272727
2025,678742,CH,0.1891891891891892,1.9378230905790836,0.1111111111111111
2025,679928,CH,0.21875,1.7826946886047361,0.22580645161290322
2025,685005,CH,0.3181818181818182,1.374545192908375,0.14285714285714285
2025,685332,CH,0.4117647058823529,1.0852280400722045,0.25
2025,690997,CH,0.1891891891891892,1.9378230905790836,0.1111111111111111
2025,800048,CH,0.25925925925925924,1.5991654107425068,0.15384615384615385
2025,571578,CH,0.21875,1.782694688604736,0.0967741935483871
2025,594580,CH,0.3181818181818182,1.374545192908375,0.14285714285714285
2025,628317,CU,0.1891891891891892,1.9378230905790836,0.1111111111111111
2025,656849,CH,0.25925925925925924,1.5991654107425068,0.15384615384615385
2025,663731,CH,0.14893617021276595,2.190596802970671,0.043478260869565216
2025,663757,CH,0.11290322580645161,2.4797076717021445,0.08196721311475409
2025,674285,CH,0.3181818181818182,1.374545192908375,0.23809523809523808
2025,686218,CH,0.25925925925925924,1.5991654107425068,0.15384615384615385
2025,691172,CH,0.3181818181818182,1.374545192908375,0.19047619047619047
2025,694203,CH,0.14893617021276595,2.190596802970671,0.06521739130434782
2025,694848,CH,0.25925925925925924,1.5991654107425068,0.19230769230769232
2025,702112,CH,0.25925925925925924,1.5991654107425068,0.0
2025,702284,CH,0.11290322580645161,2.4797076717021445,0.04918032786885246
2025,815697,FF,0.4117647058823529,1.0852280400722045,0.25
2025,699475,FF,0.5833333333333334,0.6791932659915256,0.45454545454545453
2025,807746,SL,1.0,-0.0,1.0
2025,685298,FF,0.4117647058823529,1.0852280400722045,0.1875
2025,803015,FF,1.0,-0.0,1.0
2025,694559,FF,0.4117647058823529,1.0852280400722045,0.3125
2025,664129,FC,0.3181818181818182,1.374545192908375,0.14285714285714285
2025,605244,CH,0.1891891891891892,1.9378230905790836,0.1111111111111111
2025,665846,FF,0.4117647058823529,1.0852280400722045,0.25
2025,672696,FC,0.25925925925925924,1.5991654107425068,0.038461538461538464
2025,676664,CH,0.1891891891891892,1.9378230905790836,0.027777777777777776
2025,677941,FF,0.5833333333333334,0.6791932659915256,0.6363636363636364
2025,664141,CH,0.25925925925925924,1.5991654107425068,0.038461538461538464
2025,702488,FF,0.37037037037037035,1.342444232757342,0.23076923076923078
2025,624413,CH,0.11290322580645161,2.4797076717021445,0.01639344262295082
2025,671109,CH,0.3181818181818182,1.374545192908375,0.2857142857142857
2025,676760,CH,0.3181818181818182,1.374545192908375,0.14285714285714285
2025,814716,CU,0.4117647058823529,1.0852280400722045,0.1875
2025,621199,FC,0.25925925925925924,1.5991654107425068,0.11538461538461539
2025,664294,CH,0.4117647058823529,1.0852280400722045,0.4375
2025,681715,CH,0.1044776119402985,2.56010089119047,0.045454545454545456
2025,676939,FF,0.5833333333333334,0.6791932659915256,0.2727272727272727
2025,663893,FC,0.3181818181818182,1.3745451929083752,0.09523809523809523
2025,669160,CH,0.25925925925925924,1.5991654107425068,0.11538461538461539
2025,675910,FC,0.4117647058823529,1.0852280400722045,0.1875
2025,687377,CH,0.3181818181818182,1.374545192908375,0.047619047619047616
2025,642207,CH,0.4117647058823529,1.0852280400722045,0.125
2025,651016,FF,0.5833333333333334,0.6791932659915256,0.2727272727272727
2025,680577,CH,0.11290322580645161,2.4797076717021445,0.01639344262295082
2025,681882,FF,0.3181818181818182,1.374545192908375,0.23809523809523808
2025,667452,CH,0.14893617021276595,2.190596802970671,0.06521739130434782
2025,686654,FC,0.25925925925925924,1.5991654107425068,0.19230769230769232
2025,622338,CH,0.4117647058823529,1.0852280400722045,0.375
2025,664761,CH,0.09090909090909091,2.7037791242722005,0.02631578947368421
2025,681347,CH,0.25925925925925924,1.5991654107425068,0.07692307692307693
2025,681488,CH,0.3181818181818182,1.374545192908375,0.23809523809523808
2025,681869,CH,0.21875,1.7826946886047361,0.12903225806451613
2025,687841,FF,0.5833333333333334,0.6791932659915256,0.45454545454545453
2025,806210,CU,0.25925925925925924,1.5991654107425068,0.19230769230769232
2025,643338,FF,0.3181818181818182,1.374545192908375,0.23809523809523808
2025,643361,CH,0.3181818181818182,1.374545192908375,0.19047619047619047
2025,657240,CH,0.3181818181818182,1.374545192908375,0.23809523809523808
2025,681004,CH,0.25925925925925924,1.5991654107425068,0.07692307692307693
2025,800959,CH,0.4117647058823529,1.0852280400722045,0.1875
2025,805300,CH,0.11290322580645161,2.4797076717021445,0.06557377049180328
2025,805437,CH,0.3181818181818182,1.374545192908375,0.09523809523809523
2025,621366,FS,0.3181818181818182,1.374545192908375,0.23809523809523808
2025,666018,CH,0.11290322580645161,2.4797076717021445,0.06557377049180328
2025,681351,CH,0.12280701754385964,2.3922922035346867,0.017857142857142856
2025,681508,CH,0.13043478260869565,2.1954224114296963,0.43956043956043955
2025,805268,CH,0.5833333333333334,0.6791932659915256,0.6363636363636364
2025,806956,FC,0.4117647058823529,1.0852280400722045,0.125
2025,814439,CH,0.16666666666666666,2.0721529997457324,0.07317073170731707
2025,646240,CH,0.09722222222222222,2.6345156280215596,0.09859154929577464
2025,666661,CH,0.3181818181818182,1.374545192908375,0.19047619047619047
2025,674370,CH,0.21875,1.782694688604736,0.0967741935483871
2025,687198,FC,0.4117647058823529,1.0852280400722045,0.3125
2025,807799,CH,0.12280701754385964,2.3922922035346867,0.08928571428571429
2025,656820,CU,0.3181818181818182,1.374545192908375,0.2857142857142857
2025,691032,FC,0.25925925925925924,1.5991654107425068,0.07692307692307693
2025,686751,CU,0.3181818181818182,1.374545192908375,0.19047619047619047
2025,547184,CH,0.21875,1.782694688604736,0.03225806451612903
2025,676596,CH,0.4117647058823529,1.0852280400722045,0.25
2025,670208,FF,1.0,-0.0,1.0
2025,669618,FF,0.5833333333333334,0.6791932659915256,0.5454545454545454
2025,687273,CH,0.25925925925925924,1.5991654107425068,0.15384615384615385
2025,681987,EP,0.11290322580645161,2.4797076717021445,0.03278688524590164
2025,687401,CH,0.09090909090909091,2.7037791242722005,0.039473684210526314
2025,691799,CU,0.3181818181818182,1.374545192908375,0.09523809523809523
2025,687916,FC,0.4117647058823529,1.0852280400722045,0.1875
2025,656186,CH,0.3181818181818182,1.374545192908375,0.2857142857142857
2025,668715,CH,0.1044776119402985,2.56010089119047,0.0
2025,640492,CH,0.14893617021276595,2.190596802970671,0.08695652173913043
2025,815089,CU,0.25925925925925924,1.5991654107425068,0.15384615384615385
2025,682818,CU,0.3181818181818182,1.374545192908375,0.19047619047619047
2025,801629,CH,0.3181818181818182,1.374545192908375,0.2857142857142857
2025,666023,CH,0.1346153846153846,2.2965114666021638,0.0392156862745098
2025,800106,CH,0.5833333333333334,0.6791932659915256,0.2727272727272727
2025,687606,CH,0.25925925925925924,1.5991654107425068,0.11538461538461539
2025,701519,CH,0.21875,1.782694688604736,0.0967741935483871
2025,687628,SI,1.0,-0.0,1.0
2025,822416,CH,0.25925925925925924,1.5991654107425068,0.15384615384615385
2025,518397,CH,0.4117647058823529,1.0852280400722045,0.25
2025,500743,EP,0.16666666666666666,2.4250463086118685,0.07042253521126761
2025,814194,FF,0.5833333333333334,0.6791932659915256,0.36363636363636365
2025,805367,CH,0.1044776119402985,2.5601008911904697,0.030303030303030304
2025,681982,CH,0.3181818181818182,1.374545192908375,0.23809523809523808
2025,687724,FC,0.25925925925925924,1.5991654107425068,0.11538461538461539
2025,806965,CH,0.3181818181818182,1.374545192908375,0.19047619047619047
2025,668674,CH,0.3181818181818182,1.374545192908375,0.09523809523809523
2025,680701,FF,0.4117647058823529,1.0852280400722045,0.125
2025,669016,CH,0.1044776119402985,2.56010089119047,0.015151515151515152
2025,682967,CH,0.4117647058823529,1.0852280400722045,0.125
2025,694661,FC,0.21875,1.782694688604736,0.12903225806451613
2025,669111,FF,0.5833333333333334,0.6791932659915256,0.2727272727272727
2025,801434,FC,0.4117647058823529,1.0852280400722045,0.375
2025,607259,CH,0.1891891891891892,1.9378230905790834,0.05555555555555555
2025,666785,CH,0.3181818181818182,1.3745451929083752,0.14285714285714285
2025,672569,CH,0.13043478260869565,2.270764496273168,0.23076923076923078
2025,657557,CH,0.12280701754385964,2.3922922035346867,0.05357142857142857
2025,684126,SI,0.5833333333333334,0.6791932659915256,0.5454545454545454
2025,595879,CU,0.14925373134328357,2.4566460881218215,0.045454545454545456
2025,696141,CH,0.3181818181818182,1.374545192908375,0.19047619047619047
2025,595777,CH,0.10714285714285714,2.4582674669088345,0.32432432432432434
2025,542194,FF,0.4117647058823529,1.0852280400722045,0.25
2025,682663,CH,0.09722222222222222,2.6345156280215596,0.028169014084507043
2025,657044,FF,0.3181818181818182,1.374545192908375,0.19047619047619047
2025,640455,CH,0.3181818181818182,1.374545192908375,0.0
2025,688363,CH,0.11290322580645161,2.4797076717021445,0.06557377049180328
2025,527048,CH,0.25925925925925924,1.5991654107425068,0.15384615384615385
2025,675662,CH,0.25925925925925924,1.5991654107425068,0.038461538461538464
2025,667280,CH,0.4117647058823529,1.0852280400722045,0.25
2025,669208,CH,0.14893617021276595,2.190596802970671,0.06521739130434782
2025,687911,CH,0.21875,1.7826946886047361,0.06451612903225806
2025,453286,CH,0.25925925925925924,1.5991654107425068,0.15384615384615385
2025,502085,CH,0.25925925925925924,1.5991654107425068,0.038461538461538464
2025,542963,CH,0.1891891891891892,1.9378230905790836,0.08333333333333333
2025,543760,CH,0.12280701754385964,2.3922922035346867,0.07142857142857142
2025,554340,CH,0.21875,1.7826946886047361,0.06451612903225806
2025,571945,CH,0.16666666666666666,2.0721529997457324,0.04878048780487805
2025,605182,CH,0.21875,1.7826946886047361,0.12903225806451613
2025,605463,FF,0.25925925925925924,1.5991654107425068,0.07692307692307693
2025,608324,CH,0.09722222222222222,2.6345156280215596,0.04225352112676056
2025,608369,CH,0.12280701754385964,2.3922922035346867,0.03571428571428571
2025,621107,CH,0.21875,1.7826946886047361,0.0967741935483871
2025,621114,FF,0.5833333333333334,0.6791932659915256,0.2727272727272727
2025,621139,FC,0.3181818181818182,1.374545192908375,0.14285714285714285
2025,621493,CH,0.1044776119402985,2.5601008911904697,0.030303030303030304
2025,621566,CH,0.11290322580645161,2.4797076717021445,0.03278688524590164
2025,622253,CH,0.3181818181818182,1.374545192908375,0.09523809523809523
2025,622608,CH,0.25925925925925924,1.5991654107425068,0.11538461538461539
2025,623168,EP,0.09836065573770492,2.483502683857838,0.256198347107438
2025,624428,CH,0.09722222222222222,2.6345156280215596,0.028169014084507043
2025,641755,CH,0.3181818181818182,1.374545192908375,0.14285714285714285
2025,641778,CH,0.21875,1.782694688604736,0.12903225806451613
2025,643396,EP,0.09722222222222222,2.6345156280215596,0.056338028169014086
2025,650859,CH,0.10714285714285714,2.4582674669088345,0.21621621621621623
2025,655316,CH,0.11290322580645161,2.4797076717021445,0.04918032786885246
2025,656427,CH,0.25925925925925924,1.5991654107425068,0.11538461538461539
2025,656731,CH,0.25925925925925924,1.5991654107425068,0.11538461538461539
2025,656941,CH,0.09090909090909091,2.7037791242722005,0.06578947368421052
2025,657024,FF,0.4117647058823529,1.0852280400722045,0.125
2025,660604,CH,0.3181818181818182,1.374545192908375,0.09523809523809523
2025,663362,FF,0.3181818181818182,1.374545192908375,0.23809523809523808
2025,663455,CH,0.3181818181818182,1.374545192908375,0.09523809523809523
2025,665871,CH,0.1891891891891892,1.9378230905790836,0.027777777777777776
2025,666150,CH,0.14893617021276595,2.190596802970671,0.15217391304347827
2025,666181,FF,0.14925373134328357,2.4566460881218215,0.10606060606060606
2025,666214,CH,0.25925925925925924,1.5991654107425068,0.11538461538461539
2025,667670,CH,0.09722222222222222,2.6345156280215596,0.04225352112676056
2025,668831,CH,0.21875,1.782694688604736,0.03225806451612903
2025,668941,CH,0.21875,1.782694688604736,0.06451612903225806
2025,668974,CH,0.16666666666666666,2.0721529997457324,0.04878048780487805
2025,669022,CH,0.25925925925925924,1.5991654107425068,0.07692307692307693
2025,669188,FC,0.4117647058823529,1.0852280400722045,0.125
2025,669199,FF,0.3181818181818182,1.374545192908375,0.14285714285714285
2025,669261,CH,0.12280701754385964,2.3922922035346867,0.07142857142857142
2025,669326,CH,0.1346153846153846,2.2965114666021638,0.0784313725490196
2025,669450,KC,0.09803921568627451,2.4487988214271894,0.2871287128712871
2025,669674,CU,0.21875,1.782694688604736,0.03225806451612903
2025,669713,CH,0.21875,1.7826946886047361,0.0967741935483871
2025,670102,CU,0.25925925925925924,1.5991654107425068,0.15384615384615385
2025,671083,CH,0.14893617021276595,2.190596802970671,0.043478260869565216
2025,671286,CH,0.1346153846153846,2.2965114666021638,0.0784313725490196
2025,671382,CU,0.3181818181818182,1.374545192908375,0.19047619047619047
2025,671976,CH,0.16666666666666666,2.0721529997457324,0.07317073170731707
2025,672016,CH,0.1044776119402985,2.56010089119047,0.0
2025,672359,CH,0.16666666666666666,2.0721529997457324,0.0
2025,674944,FF,0.3181818181818182,1.374545192908375,0.047619047619047616
2025,675916,CU,0.5833333333333334,0.6791932659915256,0.36363636363636365
2025,676333,CH,0.4117647058823529,1.0852280400722045,0.25
2025,676661,FC,0.3181818181818182,1.374545192908375,0.19047619047619047
2025,676801,EP,0.12280701754385964,2.3922922035346867,0.017857142857142856
2025,676974,CH,0.25925925925925924,1.5991654107425068,0.11538461538461539
2025,677592,CH,0.14893617021276595,2.190596802970671,0.043478260869565216
2025,677952,CH,0.25925925925925924,1.5991654107425068,0.07692307692307693
2025,678215,FF,0.4117647058823529,1.0852280400722045,0.125
2025,679734,CU,0.25925925925925924,1.5991654107425068,0.15384615384615385
2025,680770,CH,0.4117647058823529,1.0852280400722045,0.25
2025,680776,CH,0.09722222222222222,2.6345156280215596,0.014084507042253521
2025,680869,CH,0.1346153846153846,2.2965114666021638,0.058823529411764705
2025,681082,CH,0.09722222222222222,2.6345156280215596,0.014084507042253521
2025,681623,CU,0.4117647058823529,1.0852280400722045,0.1875
2025,681799,FC,0.4117647058823529,1.0852280400722045,0.25
2025,681891,CU,0.5833333333333334,0.6791932659915256,0.36363636363636365
2025,681911,CH,0.4117647058823529,1.0852280400722045,0.1875
2025,682120,CU,0.3181818181818182,1.374545192908375,0.14285714285714285
2025,682927,CH,0.13043478260869565,2.1954224114296963,0.2857142857142857
2025,683094,CU,0.3181818181818182,1.374545192908375,0.19047619047619047
2025,683104,CH,0.4117647058823529,1.0852280400722045,0.125
2025,686294,CH,0.3181818181818182,1.374545192908375,0.14285714285714285
2025,686452,CH,0.12371134020618557,2.356758349703891,0.3333333333333333
2025,686823,CH,0.14893617021276595,2.190596802970671,0.06521739130434782
2025,687765,CH,0.21875,1.782694688604736,0.0967741935483871
2025,688107,CH,0.25925925925925924,1.5991654107425068,0.07692307692307693
2025,688875,CU,0.21875,1.782694688604736,0.03225806451612903
2025,690294,CH,0.3181818181818182,1.374545192908375,0.19047619047619047
2025,691016,CH,0.11290322580645161,2.4797076717021445,0.01639344262295082
2025,691185,CH,0.1346153846153846,2.2965114666021638,0.058823529411764705
2025,691373,CH,0.1891891891891892,1.9378230905790836,0.1111111111111111
2025,691594,CS,0.14634146341463414,2.5001036706905704,0.037037037037037035
2025,693307,CH,0.1044776119402985,2.56010089119047,0.030303030303030304
2025,694376,CH,0.14893617021276595,2.1905968029706706,0.021739130434782608
2025,694425,CU,0.25925925925925924,1.5991654107425068,0.07692307692307693
2025,694815,CU,0.25925925925925924,1.5991654107425068,0.07692307692307693
2025,695257,CH,0.25925925925925924,1.5991654107425068,0.15384615384615385
2025,695506,CH,0.11290322580645161,2.4797076717021445,0.01639344262295082
2025,695735,CH,0.3181818181818182,1.374545192908375,0.2857142857142857
2025,696136,CH,0.21875,1.7826946886047361,0.0
2025,696522,CH,0.3181818181818182,1.374545192908375,0.2857142857142857
2025,700241,CH,0.1891891891891892,1.9378230905790836,0.05555555555555555
2025,700242,CH,0.12280701754385964,2.3922922035346867,0.07142857142857142
2025,700321,SI,1.0,-0.0,1.0
2025,701162,CH,0.3181818181818182,1.374545192908375,0.19047619047619047
2025,701350,CH,0.11290322580645161,2.4797076717021445,0.03278688524590164
2025,702056,FF,0.4117647058823529,1.0852280400722045,0.125
2025,703601,CH,0.25925925925925924,1.5991654107425068,0.15384615384615385
2025,800345,CU,0.4117647058823529,1.0852280400722045,0.3125
2025,803745,CU,0.5833333333333334,0.6791932659915256,0.36363636363636365
2025,805299,CH,0.3181818181818182,1.374545192908375,0.14285714285714285
2025,805319,CH,0.21875,1.782694688604736,0.1935483870967742
2025,805704,CH,0.21875,1.782694688604736,0.0967741935483871
2025,806198,CU,0.25925925925925924,1.5991654107425068,0.11538461538461539
2025,808267,CU,0.5833333333333334,0.6791932659915256,0.2727272727272727
2025,808963,FF,0.4117647058823529,1.0852280400722045,0.0625
2025,813636,CH,0.3181818181818182,1.374545192908375,0.047619047619047616
2025,814451,CH,0.4117647058823529,1.0852280400722045,0.25
2025,821262,SI,0.4117647058823529,1.0852280400722045,0.3125
2025,821657,FC,0.5833333333333334,0.6791932659915256,0.36363636363636365
2025,519151,CH,0.25925925925925924,1.5991654107425068,0.07692307692307693
2025,519317,CH,0.1346153846153846,2.2965114666021638,0.058823529411764705
2025,527038,CH,0.11290322580645161,2.4797076717021445,0.03278688524590164
2025,543391,CH,0.25925925925925924,1.5991654107425068,0.15384615384615385
2025,543766,CU,0.4117647058823529,1.0852280400722045,0.3125
2025,547001,CH,0.25925925925925924,1.5991654107425068,0.23076923076923078
2025,547973,FF,0.3181818181818182,1.374545192908375,0.09523809523809523
2025,571657,EP,0.11290322580645161,2.4797076717021445,0.0
2025,573009,CH,0.3181818181818182,1.3745451929083752,0.23809523809523808
2025,592450,CH,0.11290322580645161,2.4797076717021445,0.01639344262295082
2025,592518,CH,0.11290322580645161,2.4797076717021445,0.01639344262295082
2025,592866,CH,0.25925925925925924,1.5991654107425068,0.15384615384615385
2025,594902,CH,0.1891891891891892,1.9378230905790836,0.027777777777777776
2025,596142,EP,0.1791044776119403,2.3349995330188618,0.07575757575757576
2025,607067,FF,0.19230769230769232,2.1632139318790973,0.0784313725490196
2025,608032,CH,0.4117647058823529,1.0852280400722045,0.3125
2025,608337,CH,0.25925925925925924,1.5991654107425068,0.11538461538461539
2025,621008,FF,0.5833333333333334,0.6791932659915256,0.36363636363636365
2025,621237,CU,0.3181818181818182,1.374545192908375,0.19047619047619047
2025,622379,CH,0.3181818181818182,1.374545192908375,0.14285714285714285
2025,623433,CH,0.3181818181818182,1.3745451929083752,0.14285714285714285
2025,641857,CH,0.09722222222222222,2.6345156280215596,0.028169014084507043
2025,656546,FF,0.25925925925925924,1.5991654107425068,0.11538461538461539
2025,656756,CH,0.3181818181818182,1.374545192908375,0.23809523809523808
2025,657006,CH,0.25925925925925924,1.5991654107425068,0.15384615384615385
2025,660730,CH,0.25925925925925924,1.5991654107425068,0.038461538461538464
2025,663538,CH,0.1044776119402985,2.56010089119047,0.06060606060606061
2025,663574,CH,0.3181818181818182,1.374545192908375,0.2857142857142857
2025,663992,FF,0.3181818181818182,1.374545192908375,0.14285714285714285
2025,664062,CU,0.3181818181818182,1.374545192908375,0.09523809523809523
2025,664076,FC,0.25925925925925924,1.5991654107425068,0.11538461538461539
2025,664126,CH,0.3181818181818182,1.374545192908375,0.09523809523809523
2025,664728,CH,0.1044776119402985,2.56010089119047,0.06060606060606061
2025,664849,FC,0.4117647058823529,1.0852280400722045,0.125
2025,664875,FF,0.4117647058823529,1.0852280400722045,0.25
2025,664913,CH,0.1346153846153846,2.2965114666021638,0.058823529411764705
2025,665839,CH,0.14893617021276595,2.190596802970671,0.08695652173913043
2025,666158,CH,0.11290322580645161,2.4797076717021445,0.03278688524590164
2025,666165,CH,0.16666666666666666,2.0721529997457324,0.04878048780487805
2025,666310,CH,0.11290322580645161,2.4797076717021445,0.04918032786885246
2025,668716,CH,0.21875,1.782694688604736,0.0967741935483871
2025,668752,CH,0.1891891891891892,1.9378230905790836,0.05555555555555555
2025,668843,CH,0.3181818181818182,1.374545192908375,0.23809523809523808
2025,668881,CU,0.3181818181818182,1.374545192908375,0.14285714285714285
2025,669308,CH,0.3181818181818182,1.374545192908375,0.14285714285714285
2025,669358,CH,0.25925925925925924,1.5991654107425068,0.038461538461538464
2025,669372,CH,0.25925925925925924,1.5991654107425068,0.038461538461538464
2025,669374,CH,0.1346153846153846,2.2965114666021638,0.0196078431372549
2025,669717,CH,0.1791044776119403,2.231544729950213,0.06060606060606061
2025,669720,CH,0.09722222222222222,2.6345156280215596,0.04225352112676056
2025,669721,FF,0.3181818181818182,1.374545192908375,0.23809523809523808
2025,669947,FF,0.3181818181818182,1.374545192908375,0.19047619047619047
2025,670036,FC,0.3181818181818182,1.3745451929083752,0.09523809523809523
2025,670276,CH,0.14893617021276595,2.190596802970671,0.06521739130434782
2025,670389,CU,0.3181818181818182,1.374545192908375,0.19047619047619047
2025,670712,ST,0.23809523809523808,1.742082913764806,0.17073170731707318
2025,670770,CH,0.1044776119402985,2.56010089119047,0.0
2025,670869,CH,0.1891891891891892,1.9378230905790836,0.08333333333333333
2025,670871,CH,0.3181818181818182,1.374545192908375,0.09523809523809523
2025,672275,CH,0.10714285714285714,2.4582674669088345,0.27927927927927926
2025,672282,CH,0.21875,1.782694688604736,0.03225806451612903
2025,672724,CU,0.16666666666666666,2.4250463086118685,0.11267605633802817
2025,673540,CU,0.14893617021276595,2.190596802970671,0.0
2025,673962,CH,0.1044776119402985,2.56010089119047,0.015151515151515152
2025,674441,CH,0.14893617021276595,2.190596802970671,0.10869565217391304
2025,675911,CH,0.3181818181818182,1.374545192908375,0.09523809523809523
2025,676755,CH,0.3181818181818182,1.374545192908375,0.14285714285714285
2025,676882,FC,0.5833333333333334,0.6791932659915256,0.36363636363636365
2025,677020,CU,0.4117647058823529,1.0852280400722045,0.4375
2025,677334,CH,0.4117647058823529,1.0852280400722045,0.375
2025,677587,CH,0.11214953271028037,2.38218651923676,0.24528301886792453
2025,677942,CH,0.12280701754385964,2.3922922035346867,0.08928571428571429
2025,677955,CH,0.25925925925925924,1.5991654107425068,0.11538461538461539
2025,678099,FF,0.5833333333333334,0.6791932659915256,0.5454545454545454
2025,678316,CH,0.3181818181818182,1.374545192908375,0.23809523809523808
2025,678576,CU,0.4117647058823529,1.0852280400722045,0.375
2025,678837,CU,0.3181818181818182,1.374545192908375,0.14285714285714285
2025,678877,CH,0.12280701754385964,2.3922922035346867,0.017857142857142856
2025,678906,CH,0.25925925925925924,1.5991654107425068,0.19230769230769232
2025,679529,CH,0.1044776119402985,2.56010089119047,0.030303030303030304
2025,680397,FC,0.3181818181818182,1.374545192908375,0.0
2025,680604,CH,0.25925925925925924,1.5991654107425068,0.07692307692307693
2025,680702,CH,0.4117647058823529,1.0852280400722045,0.25
2025,681584,CH,0.14893617021276595,2.190596802970671,0.021739130434782608
2025,681751,CU,0.3181818181818182,1.374545192908375,0.047619047619047616
2025,682183,CH,0.16666666666666666,2.0721529997457324,0.12195121951219512
2025,682254,FF,0.5833333333333334,0.6791932659915256,0.36363636363636365
2025,682842,FF,0.4117647058823529,1.0852280400722045,0.1875
2025,682928,CH,0.11290322580645161,2.4797076717021445,0.01639344262295082
2025,682989,CH,0.3181818181818182,1.374545192908375,0.19047619047619047
2025,683004,SI,0.23809523809523808,1.742082913764806,0.12195121951219512
2025,683155,CH,0.25925925925925924,1.5991654107425068,0.07692307692307693
2025,683232,CU,0.4117647058823529,1.0852280400722045,0.375
2025,683409,CH,0.4117647058823529,1.0852280400722045,0.25
2025,685299,CH,0.3181818181818182,1.374545192908375,0.19047619047619047
2025,686799,CH,0.21875,1.782694688604736,0.12903225806451613
2025,687208,CU,0.21875,1.782694688604736,0.06451612903225806
2025,687515,CH,0.12280701754385964,2.3922922035346867,0.05357142857142857
2025,687521,CU,0.4117647058823529,1.0852280400722045,0.1875
2025,687866,FC,0.4117647058823529,1.0852280400722045,0.375
2025,687918,CH,0.4117647058823529,1.0852280400722045,0.375
2025,687957,CH,0.1346153846153846,2.2965114666021638,0.0392156862745098
2025,689233,FF,1.0,-0.0,1.0
2025,689337,CU,0.3181818181818182,1.374545192908375,0.09523809523809523
2025,689958,FF,0.4117647058823529,1.0852280400722045,0.25
2025,690022,CH,0.12280701754385964,2.3922922035346867,0.03571428571428571
2025,690924,CH,0.1346153846153846,2.2965114666021638,0.0392156862745098
2025,691587,CH,0.21875,1.7826946886047361,0.06451612903225806
2025,691621,FF,0.3181818181818182,1.374545192908375,0.2857142857142857
2025,691897,FF,0.4117647058823529,1.0852280400722045,0.125
2025,692564,FF,0.5833333333333334,0.6791932659915256,0.36363636363636365
2025,692838,FC,0.3181818181818182,1.374545192908375,0.14285714285714285
2025,694192,CH,0.11290322580645161,2.4797076717021445,0.04918032786885246
2025,694361,CU,0.3181818181818182,1.374545192908375,0.14285714285714285
2025,694795,FF,0.4117647058823529,1.0852280400722045,0.4375
2025,694876,CH,0.21875,1.782694688604736,0.0967741935483871
2025,694974,FF,0.3181818181818182,1.374545192908375,0.047619047619047616
2025,695490,FC,0.19230769230769232,1.8966188624329645,0.21568627450980393
2025,695670,CH,0.21875,1.782694688604736,0.0967741935483871
2025,699024,CH,0.4117647058823529,1.0852280400722045,0.25
2025,699228,FC,0.3181818181818182,1.374545192908375,0.14285714285714285
2025,700712,FC,0.3181818181818182,1.374545192908375,0.19047619047619047
2025,702328,CH,0.25925925925925924,1.5991654107425068,0.15384615384615385
2025,702391,SI,0.5833333333333334,0.6791932659915256,0.36363636363636365
2025,800522,CU,0.4117647058823529,1.0852280400722045,0.3125
2025,800957,CH,0.21875,1.782694688604736,0.12903225806451613
2025,801276,CH,0.23076923076923078,1.7398819548964586,0.2549019607843137
2025,802506,CH,0.4117647058823529,1.0852280400722045,0.25
2025,805126,FC,0.5833333333333334,0.6791932659915256,0.5454545454545454
2025,805673,CH,0.21875,1.782694688604736,0.0967741935483871
2025,805804,SI,0.5833333333333334,0.6791932659915256,0.45454545454545453
2025,806988,CH,0.4117647058823529,1.0852280400722045,0.3125
2025,807728,CH,0.4117647058823529,1.0852280400722045,0.0625
2025,809244,SI,0.5833333333333334,0.6791932659915256,0.45454545454545453
2025,809950,FF,0.5833333333333334,0.6791932659915256,0.36363636363636365
2025,814388,CH,0.3181818181818182,1.374545192908375,0.14285714285714285
2025,815888,FC,0.4117647058823529,1.0852280400722045,0.125
2025,445276,FC,0.3181818181818182,1.374545192908375,0.19047619047619047
2025,456781,CH,0.11290322580645161,2.4797076717021445,0.04918032786885246
2025,518792,CH,0.1346153846153846,2.2965114666021638,0.09803921568627451
2025,543510,CH,0.12280701754385964,2.3922922035346867,0.05357142857142857
2025,572138,CH,0.1891891891891892,1.9378230905790836,0.08333333333333333
2025,592836,CU,0.21875,1.782694688604736,0.12903225806451613
2025,593974,CH,0.3181818181818182,1.374545192908375,0.2857142857142857
2025,596115,CH,0.09090909090909091,2.7037791242722005,0.02631578947368421
2025,605131,CH,0.1346153846153846,2.2965114666021638,0.11764705882352941
2025,605141,CH,0.1346153846153846,2.2965114666021638,0.09803921568627451
2025,605507,CH,0.25925925925925924,1.5991654107425068,0.038461538461538464
2025,607043,CH,0.11290322580645161,2.4797076717021445,0.04918032786885246
2025,608385,CH,0.12280701754385964,2.3922922035346867,0.07142857142857142
2025,614179,CH,0.21875,1.7826946886047361,0.0967741935483871
2025,615698,CH,0.1891891891891892,1.9378230905790834,0.027777777777777776
2025,621035,CH,0.11290322580645161,2.4797076717021445,0.04918032786885246
2025,621111,CH,0.1891891891891892,1.9378230905790836,0.027777777777777776
2025,622268,CH,0.16666666666666666,2.0721529997457324,0.04878048780487805
2025,623437,CH,0.25925925925925924,1.5991654107425068,0.11538461538461539
2025,624431,EP,0.14634146341463414,2.584633814661296,0.06172839506172839
2025,628451,CH,0.11290322580645161,2.4797076717021445,0.0
2025,641329,CH,0.4117647058823529,1.0852280400722045,0.25
2025,641907,CH,0.25925925925925924,1.5991654107425068,0.038461538461538464
2025,642086,CH,0.1044776119402985,2.5601008911904697,0.015151515151515152
2025,642121,CH,0.3181818181818182,1.374545192908375,0.19047619047619047
2025,642520,CH,0.25925925925925924,1.5991654107425068,0.15384615384615385
2025,642547,CH,0.3181818181818182,1.374545192908375,0.23809523809523808
2025,649966,CH,0.11290322580645161,2.4797076717021445,0.03278688524590164
2025,650333,CH,0.1044776119402985,2.56010089119047,0.06060606060606061
2025,650559,CH,0.14893617021276595,2.190596802970671,0.021739130434782608
2025,656457,FC,0.21875,1.782694688604736,0.0967741935483871
2025,656582,CH,0.12280701754385964,2.3922922035346867,0.07142857142857142
2025,656641,CH,0.3181818181818182,1.374545192908375,0.14285714285714285
2025,656775,CH,0.1044776119402985,2.56010089119047,0.06060606060606061
2025,657136,CH,0.12280701754385964,2.3922922035346867,0.03571428571428571
2025,663368,CH,0.11764705882352941,2.368893731310539,0.2871287128712871
2025,663399,CH,0.25925925925925924,1.5991654107425068,0.15384615384615385
2025,663460,CH,0.25925925925925924,1.5991654107425068,0.11538461538461539
2025,663698,CH,0.12280701754385964,2.3922922035346867,0.03571428571428571
2025,663886,CH,0.11290322580645161,2.4797076717021445,0.04918032786885246
2025,663898,CH,0.14893617021276595,2.190596802970671,0.021739130434782608
2025,663978,CH,0.21875,1.782694688604736,0.0967741935483871
2025,664040,CH,0.11290322580645161,2.4797076717021445,0.11475409836065574
2025,666215,CH,0.21875,1.7826946886047361,0.22580645161290322
2025,667240,FF,0.4117647058823529,1.0852280400722045,0.1875
2025,668804,CH,0.11764705882352941,2.3688937313105387,0.25742574257425743
2025,668942,CH,0.12280701754385964,2.3922922035346867,0.07142857142857142
2025,668964,CH,0.21875,1.782694688604736,0.0967741935483871
2025,669234,CH,0.1346153846153846,2.2965114666021638,0.09803921568627451
2025,669304,CH,0.1346153846153846,2.2965114666021638,0.11764705882352941
2025,669373,CH,0.21875,1.782694688604736,0.0967741935483871
2025,669422,CU,0.21875,1.782694688604736,0.12903225806451613
2025,669434,CU,0.4117647058823529,1.0852280400722045,0.0625
2025,669438,CH,0.16666666666666666,2.0721529997457324,0.04878048780487805
2025,669701,CH,0.09722222222222222,2.6345156280215596,0.056338028169014086
2025,669722,FC,0.10309278350515463,2.440782258898719,0.20833333333333334
2025,670990,CU,0.21875,1.782694688604736,0.1935483870967742
2025,671655,CH,0.14893617021276595,2.190596802970671,0.06521739130434782
2025,671732,CH,0.1044776119402985,2.5601008911904697,0.0
2025,672013,FC,0.5833333333333334,0.6791932659915256,0.45454545454545453
2025,673237,CH,0.11290322580645161,2.4797076717021445,0.01639344262295082
2025,673929,FF,0.4117647058823529,1.0852280400722045,0.1875
2025,676083,CH,0.25925925925925924,1.5991654107425068,0.07692307692307693
2025,676092,FC,0.25925925925925924,1.5991654107425068,0.11538461538461539
2025,676477,CH,0.3181818181818182,1.374545192908375,0.09523809523809523
2025,676775,FF,0.3181818181818182,1.374545192908375,0.09523809523809523
2025,676917,CH,0.21875,1.782694688604736,0.0967741935483871
2025,677800,CH,0.1044776119402985,2.56010089119047,0.015151515151515152
2025,677950,CH,0.11290322580645161,2.4797076717021445,0.01639344262295082
2025,678009,CH,0.12280701754385964,2.3922922035346867,0.03571428571428571
2025,678495,FF,0.4117647058823529,1.0852280400722045,0.125
2025,678692,CH,0.25925925925925924,1.5991654107425068,0.15384615384615385
2025,678821,CH,0.4117647058823529,1.0852280400722045,0.125
2025,679712,CU,0.3181818181818182,1.374545192908375,0.14285714285714285
2025,679758,CU,0.3181818181818182,1.374545192908375,0.14285714285714285
2025,680700,CH,0.14893617021276595,2.190596802970671,0.043478260869565216
2025,680753,CH,0.25925925925925924,1.5991654107425068,0.19230769230769232
2025,680951,CH,0.25925925925925924,1.5991654107425068,0.23076923076923078
2025,681097,CU,0.3181818181818182,1.374545192908375,0.14285714285714285
2025,681151,CH,0.21875,1.7826946886047361,0.12903225806451613
2025,681393,CH,0.1044776119402985,2.56010089119047,0.030303030303030304
2025,681517,CH,0.21875,1.7826946886047361,0.16129032258064516
2025,681581,CH,0.21875,1.782694688604736,0.0967741935483871
2025,682266,FF,0.3181818181818182,1.374545192908375,0.2857142857142857
2025,682769,CH,0.3181818181818182,1.374545192908375,0.2857142857142857
2025,682793,CH,0.25925925925925924,1.5991654107425068,0.11538461538461539
2025,682995,FS,0.4117647058823529,1.0852280400722045,0.25
2025,683679,CU,0.3181818181818182,1.374545192908375,0.09523809523809523
2025,683734,CH,0.1044776119402985,2.56010089119047,0.045454545454545456
2025,685382,FC,0.25925925925925924,1.5991654107425068,0.038461538461538464
2025,686475,CH,0.12280701754385964,2.3922922035346867,0.05357142857142857
2025,686551,FC,0.4117647058823529,1.0852280400722045,0.0
2025,686668,CH,0.1044776119402985,2.56010089119047,0.06060606060606061
2025,686700,CH,0.3181818181818182,1.374545192908375,0.14285714285714285
2025,687093,FC,0.25925925925925924,1.5991654107425068,0.3076923076923077
2025,687201,FC,0.25925925925925924,1.5991654107425068,0.07692307692307693
2025,687394,CH,0.21875,1.7826946886047361,0.1935483870967742
2025,687462,CH,0.12280701754385964,2.3922922035346867,0.10714285714285714
2025,687478,CH,0.16666666666666666,2.0721529997457324,0.04878048780487805
2025,687529,CH,0.1346153846153846,2.2965114666021638,0.058823529411764705
2025,687714,CH,0.21875,1.7826946886047361,0.16129032258064516
2025,688297,FC,0.3181818181818182,1.3745451929083752,0.14285714285714285
2025,688394,CH,0.25925925925925924,1.5991654107425068,0.19230769230769232
2025,689414,CH,0.09722222222222222,2.6345156280215596,0.028169014084507043
2025,690987,CH,0.12280701754385964,2.3922922035346867,0.07142857142857142
2025,691196,SL,1.0,-0.0,1.0
2025,691582,CU,0.3181818181818182,1.374545192908375,0.19047619047619047
2025,691775,CH,0.4117647058823529,1.0852280400722045,0.25
2025,692039,CH,0.25925925925925924,1.5991654107425068,0.07692307692307693
2025,692046,CH,0.3181818181818182,1.374545192908375,0.19047619047619047
2025,692216,CH,0.1346153846153846,2.2965114666021638,0.0784313725490196
2025,693313,CU,0.25925925925925924,1.5991654107425068,0.07692307692307693
2025,693821,CH,0.3181818181818182,1.374545192908375,0.14285714285714285
2025,694462,CU,0.21875,1.782694688604736,0.03225806451612903
2025,694674,FC,0.4117647058823529,1.0852280400722045,0.3125
2025,694680,FC,0.5833333333333334,0.6791932659915256,0.18181818181818182
2025,694973,CH,0.1891891891891892,1.9378230905790836,0.16666666666666666
2025,695524,CH,0.3181818181818182,1.374545192908375,0.09523809523809523
2025,695835,CH,0.4117647058823529,1.0852280400722045,0.25
2025,699013,CH,0.25925925925925924,1.5991654107425068,0.15384615384615385
2025,699911,FF,0.4117647058823529,1.0852280400722045,0.25
2025,701538,CH,0.11290322580645161,2.4797076717021445,0.08196721311475409
2025,702129,CU,0.3181818181818182,1.374545192908375,0.3333333333333333
2025,703155,CH,0.21875,1.782694688604736,0.12903225806451613
2025,800050,CH,0.16666666666666666,2.0721529997457324,0.0975609756097561
2025,801216,CH,0.3181818181818182,1.374545192908375,0.19047619047619047
2025,804241,FF,0.25925925925925924,1.5991654107425068,0.15384615384615385
2025,805075,CH,0.25925925925925924,1.5991654107425068,0.038461538461538464
2025,805249,CH,0.1346153846153846,2.2965114666021638,0.0392156862745098
2025,805427,CH,0.3181818181818182,1.374545192908375,0.19047619047619047
2025,805672,SI,0.5833333333333334,0.6791932659915256,0.36363636363636365
2025,805811,CH,0.14893617021276595,2.190596802970671,0.06521739130434782
2025,805865,CH,0.1891891891891892,1.9378230905790836,0.027777777777777776
2025,805904,CH,0.16666666666666666,2.0721529997457324,0.04878048780487805
2025,807713,CH,0.1044776119402985,2.56010089119047,0.015151515151515152
2025,814440,FF,0.4117647058823529,1.0852280400722045,0.375
2025,489119,CH,0.1891891891891892,1.9378230905790836,0.0
2025,542303,CH,0.11290322580645161,2.4797076717021445,0.04918032786885246
2025,554431,FF,0.4117647058823529,1.0852280400722045,0.25
2025,572233,CH,0.1044776119402985,2.56010089119047,0.06060606060606061
2025,573204,CU,0.3181818181818182,1.374545192908375,0.14285714285714285
2025,592773,FF,0.25925925925925924,1.5991654107425068,0.19230769230769232
2025,596133,CH,0.3181818181818182,1.374545192908375,0.14285714285714285
2025,605280,CH,0.21875,1.782694688604736,0.16129032258064516
2025,605513,CH,0.21875,1.7826946886047361,0.0967741935483871
2025,607192,CU,0.3181818181818182,1.374545192908375,0.09523809523809523
2025,607208,CH,0.09722222222222222,2.6345156280215596,0.056338028169014086
2025,608671,CU,0.1935483870967742,2.348250910542494,0.06557377049180328
2025,608841,CH,0.1891891891891892,1.9378230905790836,0.08333333333333333
2025,614173,CH,0.25925925925925924,1.5991654107425068,0.0
2025,620449,CH,0.21875,1.7826946886047361,0.06451612903225806
2025,620454,CH,0.3181818181818182,1.374545192908375,0.14285714285714285
2025,622554,CU,0.21875,1.782694688604736,0.06451612903225806
2025,624414,CU,0.1891891891891892,1.9378230905790836,0.05555555555555555
2025,624415,CH,0.1346153846153846,2.2965114666021638,0.0196078431372549
2025,624523,CH,0.1891891891891892,1.9378230905790836,0.027777777777777776
2025,641482,CH,0.21875,1.782694688604736,0.06451612903225806
2025,641555,CH,0.1346153846153846,2.2965114666021638,0.0392156862745098
2025,641816,FC,0.3181818181818182,1.374545192908375,0.19047619047619047
2025,641856,CH,0.16666666666666666,2.0721529997457324,0.04878048780487805
2025,642048,CH,0.25925925925925924,1.5991654107425068,0.23076923076923078
2025,642708,EP,0.1044776119402985,2.56010089119047,0.030303030303030304
2025,645444,EP,0.09836065573770492,2.540318026526686,0.256198347107438
2025,647336,CH,0.25925925925925924,1.5991654107425068,0.15384615384615385
2025,656185,CH,0.1891891891891892,1.9378230905790836,0.16666666666666666
2025,656550,CH,0.21875,1.782694688604736,0.0967741935483871
2025,656848,CH,0.3181818181818182,1.374545192908375,0.2857142857142857
2025,657247,CH,0.1891891891891892,1.9378230905790836,0.0
2025,658431,CH,0.4117647058823529,1.0852280400722045,0.25
2025,663321,FF,0.4117647058823529,1.0852280400722045,0.3125
2025,663541,SI,0.5833333333333334,0.6791932659915256,0.36363636363636365
2025,663542,CH,0.25925925925925924,1.5991654107425068,0.11538461538461539
2025,663558,CH,0.25925925925925924,1.5991654107425068,0.07692307692307693
2025,663662,CH,0.1346153846153846,2.2965114666021638,0.09803921568627451
2025,664068,EP,0.14893617021276595,2.190596802970671,0.06521739130434782
2025,664123,CH,0.3181818181818182,1.374545192908375,0.09523809523809523
2025,664948,CH,0.3181818181818182,1.374545192908375,0.09523809523809523
2025,665019,EP,0.15584415584415584,2.5079117087202816,0.039473684210526314
2025,665625,CH,0.4117647058823529,1.0852280400722045,0.1875
2025,665660,CH,0.3181818181818182,1.374545192908375,0.19047619047619047
2025,665750,CH,0.12371134020618557,2.285299877481216,0.3020833333333333
2025,665795,CH,0.25925925925925924,1.5991654107425068,0.11538461538461539
2025,666149,CH,0.11290322580645161,2.4797076717021445,0.04918032786885246
2025,666163,CH,0.1346153846153846,2.2965114666021638,0.0392156862745098
2025,666177,CH,0.21875,1.782694688604736,0.16129032258064516
2025,666374,CH,0.25925925925925924,1.5991654107425068,0.11538461538461539
2025,666818,FC,0.4117647058823529,1.0852280400722045,0.3125
2025,667434,CU,0.4117647058823529,1.0852280400722045,0.375
2025,668709,CH,0.12280701754385964,2.3922922035346867,0.08928571428571429
2025,668800,CH,0.11290322580645161,2.4797076717021445,0.0
2025,669060,CH,0.25925925925925924,1.5991654107425068,0.19230769230769232
2025,669093,FF,0.4117647058823529,1.0852280400722045,0.3125
2025,669392,CH,0.14893617021276595,2.190596802970671,0.06521739130434782
2025,669704,CU,0.25925925925925924,1.5991654107425068,0.11538461538461539
2025,670148,SI,0.5833333333333334,0.6791932659915256,0.6363636363636364
2025,670183,CH,0.5833333333333334,0.6791932659915256,0.18181818181818182
2025,672356,CH,0.1346153846153846,2.2965114666021638,0.058823529411764705
2025,672642,CH,0.1791044776119403,2.1280899268815645,0.18181818181818182
2025,672695,CH,0.10256410256410256,2.529754218101759,0.27586206896551724
2025,672744,CH,0.1044776119402985,2.56010089119047,0.0
2025,674444,FC,0.4117647058823529,1.0852280400722045,0.125
2025,676724,EP,0.12280701754385964,2.3922922035346867,0.07142857142857142
2025,677565,FF,0.5833333333333334,0.6791932659915256,0.45454545454545453
2025,678225,CH,0.12280701754385964,2.3922922035346867,0.05357142857142857
2025,678232,FC,0.25925925925925924,1.5991654107425068,0.19230769230769232
2025,680868,CH,0.25925925925925924,1.5991654107425068,0.15384615384615385
2025,681142,CH,0.5833333333333334,0.6791932659915256,0.2727272727272727
2025,681375,FC,0.3181818181818182,1.374545192908375,0.14285714285714285
2025,681460,CH,0.09836065573770492,2.597133369195534,0.30578512396694213
2025,681676,CH,0.3181818181818182,1.374545192908375,0.14285714285714285
2025,681807,SI,0.17543859649122806,2.270687435015398,0.14285714285714285
2025,682607,FF,0.4117647058823529,1.0852280400722045,0.1875
2025,682619,CU,0.3181818181818182,1.374545192908375,0.23809523809523808
2025,682648,CH,0.4117647058823529,1.0852280400722045,0.25
2025,682653,CH,0.12280701754385964,2.3922922035346867,0.03571428571428571
2025,682829,CH,0.10256410256410256,2.529754218101759,0.20689655172413793
2025,682868,CH,0.14893617021276595,2.190596802970671,0.021739130434782608
2025,683083,CH,0.13793103448275862,2.2576833593027423,0.23255813953488372
2025,683769,CH,0.4117647058823529,1.0852280400722045,0.1875
2025,683770,CH,0.14893617021276595,2.190596802970671,0.043478260869565216
2025,684222,FF,0.5833333333333334,0.6791932659915256,0.18181818181818182
2025,685067,CH,0.3181818181818182,1.374545192908375,0.047619047619047616
2025,686196,CH,0.4117647058823529,1.0852280400722045,0.375
2025,686445,FF,0.4117647058823529,1.0852280400722045,0.125
2025,686678,CH,0.25925925925925924,1.5991654107425068,0.038461538461538464
2025,686765,CH,0.10256410256410256,2.5297542181017594,0.22413793103448276
2025,686982,CH,0.4117647058823529,1.0852280400722045,0.3125
2025,686984,FC,0.25925925925925924,1.5991654107425068,0.07692307692307693
2025,687095,SI,0.5833333333333334,0.6791932659915256,0.2727272727272727
2025,687330,FC,0.3181818181818182,1.3745451929083752,0.14285714285714285
2025,687363,CH,0.11290322580645161,2.4797076717021445,0.04918032786885246
2025,687551,CH,0.1346153846153846,2.2965114666021638,0.13725490196078433
2025,688497,CH,0.25925925925925924,1.5991654107425068,0.11538461538461539
2025,691251,CH,0.25925925925925924,1.5991654107425068,0.11538461538461539
2025,691939,FF,0.3181818181818182,1.374545192908375,0.19047619047619047
2025,692390,FC,0.4117647058823529,1.0852280400722045,0.25
2025,694384,FF,0.16129032258064516,2.367909739353766,0.08196721311475409
2025,695071,CU,0.25925925925925924,1.5991654107425068,0.15384615384615385
2025,695657,CH,0.1346153846153846,2.2965114666021638,0.0196078431372549
2025,698933,CH,0.25925925925925924,1.5991654107425068,0.07692307692307693
2025,699134,CH,0.3181818181818182,1.374545192908375,0.09523809523809523
2025,700327,FF,0.4117647058823529,1.0852280400722045,0.125
2025,700652,CU,0.21875,1.782694688604736,0.06451612903225806
2025,701305,CH,0.12280701754385964,2.3922922035346867,0.07142857142857142
2025,701587,CH,0.4117647058823529,1.0852280400722045,0.4375
2025,701831,FC,0.3181818181818182,1.374545192908375,0.3333333333333333
2025,702176,CH,0.11290322580645161,2.4797076717021445,0.03278688524590164
2025,702472,CH,0.4117647058823529,1.0852280400722045,0.1875
2025,702674,CH,0.3181818181818182,1.374545192908375,0.14285714285714285
2025,702690,CH,0.3181818181818182,1.374545192908375,0.23809523809523808
2025,702906,CH,0.21875,1.7826946886047361,0.06451612903225806
2025,800325,CH,0.21875,1.782694688604736,0.12903225806451613
2025,800448,FC,0.4117647058823529,1.0852280400722045,0.25
2025,800478,CH,0.4117647058823529,1.0852280400722045,0.125
2025,802117,CH,0.25925925925925924,1.5991654107425068,0.23076923076923078
2025,806368,FS,0.3181818181818182,1.374545192908375,0.09523809523809523
2025,806957,CU,0.25925925925925924,1.5991654107425068,0.15384615384615385
2025,808326,FF,0.4117647058823529,1.0852280400722045,0.25
2025,808768,CH,0.4117647058823529,1.0852280400722045,0.3125
2025,808982,CH,0.09722222222222222,2.6345156280215596,0.028169014084507043
2025,814431,CU,0.25925925925925924,1.5991654107425068,0.07692307692307693
2025,823703,FC,0.5833333333333334,0.6791932659915256,0.45454545454545453
2025,681870,CU,0.4117647058823529,1.0852280400722045,0.1875
2025,688311,FC,0.4117647058823529,1.0852280400722045,0.3125
2025,690107,FF,0.5833333333333334,0.6791932659915256,0.2727272727272727
2025,691634,FC,0.4117647058823529,1.0852280400722045,0.1875
2025,691789,FC,0.5833333333333334,0.6791932659915256,0.09090909090909091
2025,808291,FF,0.5833333333333334,0.6791932659915256,0.18181818181818182
2025,810891,FF,0.5833333333333334,0.6791932659915256,0.36363636363636365
2025,813852,FC,0.3181818181818182,1.374545192908375,0.14285714285714285
2025,683085,FF,0.4117647058823529,1.0852280400722045,0.4375
2025,701240,FC,0.5833333333333334,0.6791932659915256,0.45454545454545453
2025,807759,CU,0.3181818181818182,1.374545192908375,0.09523809523809523
2025,660623,FF,0.5833333333333334,0.6791932659915256,0.45454545454545453
2025,682276,FC,0.5833333333333334,0.6791932659915256,0.09090909090909091
2025,691605,FF,1.0,-0.0,1.0
2025,667297,CU,0.4117647058823529,1.0852280400722045,0.25
2025,676063,FC,0.5833333333333334,0.6791932659915256,0.2727272727272727
2025,686643,CU,0.4117647058823529,1.0852280400722045,0.0625
2025,687144,FF,0.5833333333333334,0.6791932659915256,0.45454545454545453
2025,519141,FF,0.5833333333333334,0.6791932659915256,0.18181818181818182
2025,682801,SI,0.5833333333333334,0.6791932659915256,0.2727272727272727
2025,689147,FF,0.4117647058823529,1.0852280400722045,0.25
2025,695031,FF,1.0,-0.0,1.0
2025,669219,CH,0.5833333333333334,0.6791932659915256,0.45454545454545453
2025,670766,CH,0.3181818181818182,1.374545192908375,0.19047619047619047
2025,688449,FF,0.5833333333333334,0.6791932659915256,0.2727272727272727
2025,694070,FF,0.5833333333333334,0.6791932659915256,0.36363636363636365
2025,694930,CU,0.5833333333333334,0.6791932659915256,0.5454545454545454
2025,680864,CU,0.5833333333333334,0.6791932659915256,0.45454545454545453
2025,800683,SI,1.0,-0.0,1.0
2025,800508,FC,1.0,-0.0,1.0
2025,681890,CH,0.25925925925925924,1.5991654107425068,0.038461538461538464
2025,701398,CH,0.1346153846153846,2.2965114666021638,0.0392156862745098
2025,656716,EP,0.1935483870967742,2.348250910542494,0.11475409836065574
2025,672841,CH,0.25925925925925924,1.5991654107425068,0.07692307692307693
2025,682641,CH,0.12280701754385964,2.3922922035346867,0.10714285714285714
2025,683146,CH,0.1044776119402985,2.56010089119047,0.030303030303030304
2025,690291,CH,0.1346153846153846,2.2965114666021638,0.09803921568627451
2025,691951,CH,0.3181818181818182,1.374545192908375,0.19047619047619047
2025,808516,CH,0.25925925925925924,1.5991654107425068,0.07692307692307693
2025,645305,FA,0.14925373134328357,2.353191285053173,0.015151515151515152
2025,681810,CH,0.25925925925925924,1.5991654107425068,0.19230769230769232
2025,695020,CU,0.25925925925925924,1.5991654107425068,0.23076923076923078
2025,696135,CH,0.3181818181818182,1.374545192908375,0.19047619047619047
2025,702358,FF,0.25925925925925924,1.5991654107425068,0.23076923076923078
2025,691922,SL,1.0,-0.0,1.0
2025,678554,CH,0.1346153846153846,2.2965114666021638,0.11764705882352941
2025,693312,CH,0.25925925925925924,1.5991654107425068,0.07692307692307693
2025,663989,CU,0.3181818181818182,1.374545192908375,0.19047619047619047
2025,476594,CH,0.25925925925925924,1.5991654107425068,0.2692307692307692
2025,552640,FF,0.3181818181818182,1.374545192908375,0.19047619047619047
2025,641672,CH,0.1891891891891892,1.9378230905790836,0.1388888888888889
2025,663536,CH,0.1346153846153846,2.2965114666021638,0.0392156862745098
2025,669330,CH,0.25925925925925924,1.5991654107425068,0.15384615384615385
2025,670032,FA,0.1346153846153846,2.2965114666021638,0.058823529411764705
2025,673394,CH,0.4117647058823529,1.0852280400722045,0.5
2025,678394,CH,0.25925925925925924,1.5991654107425068,0.19230769230769232
2025,669298,CH,0.25925925925925924,1.5991654107425068,0.11538461538461539
2025,676632,CH,0.21875,1.782694688604736,0.06451612903225806
2025,680451,CH,0.4117647058823529,1.0852280400722045,0.375
2025,694206,FF,0.5833333333333334,0.6791932659915256,0.2727272727272727
2025,701542,CH,0.25925925925925924,1.5991654107425068,0.07692307692307693
2025,686797,CH,0.10256410256410256,2.4705108693359517,0.25
2025,669743,CH,0.12280701754385964,2.3922922035346867,0.08928571428571429
2025,695681,CH,0.1346153846153846,2.2965114666021638,0.0392156862745098
2025,656232,CH,0.25925925925925924,1.5991654107425068,0.11538461538461539
2025,489446,FF,0.5833333333333334,0.6791932659915256,0.36363636363636365
2025,500779,CH,0.25925925925925924,1.5991654107425068,0.11538461538461539
2025,506702,CH,0.1791044776119403,2.1280899268815645,0.19696969696969696
2025,521230,CU,0.4117647058823529,1.0852280400722045,0.25
2025,545121,CH,0.11214953271028037,2.446966629569465,0.27358490566037735
2025,572191,CH,0.1044776119402985,2.56010089119047,0.030303030303030304
2025,572955,CU,0.4117647058823529,1.0852280400722045,0.3125
2025,592426,CH,0.25925925925925924,1.5991654107425068,0.11538461538461539
2025,592663,CH,0.09722222222222222,2.6345156280215596,0.04225352112676056
2025,596112,FC,0.3181818181818182,1.374545192908375,0.23809523809523808
2025,605113,CH,0.14893617021276595,2.1905968029706715,0.021739130434782608
2025,605121,FC,0.3181818181818182,1.374545192908375,0.09523809523809523
2025,605218,CH,0.4117647058823529,1.0852280400722045,0.25
2025,605288,CH,0.25925925925925924,1.5991654107425068,0.07692307692307693
2025,605347,CH,0.21875,1.782694688604736,0.12903225806451613
2025,605353,CH,0.14893617021276595,2.190596802970671,0.043478260869565216
2025,608372,CU,0.21875,1.782694688604736,0.06451612903225806
2025,622663,CH,0.21875,1.782694688604736,0.0967741935483871
2025,628452,CH,0.3181818181818182,1.374545192908375,0.19047619047619047
2025,641312,CH,0.25925925925925924,1.5991654107425068,0.038461538461538464
2025,642546,CH,0.4117647058823529,1.0852280400722045,0.125
2025,647351,EP,0.09836065573770492,2.483502683857838,0.2809917355371901
2025,650489,KC,0.08547008547008547,2.480928368364147,0.3103448275862069
2025,656271,CH,0.3181818181818182,1.374545192908375,0.19047619047619047
2025,657088,CH,0.25925925925925924,1.5991654107425068,0.11538461538461539
2025,657571,FC,0.3181818181818182,1.3745451929083752,0.09523809523809523
2025,660261,FC,0.3181818181818182,1.374545192908375,0.19047619047619047
2025,660844,EP,0.12371134020618557,2.2852998774812163,0.2604166666666667
2025,663330,CH,0.11290322580645161,2.4797076717021445,0.01639344262295082
2025,663562,CU,0.21875,1.782694688604736,0.0967741935483871
2025,663687,CH,0.21875,1.7826946886047361,0.03225806451612903
2025,663878,CU,0.3181818181818182,1.374545192908375,0.14285714285714285
2025,664299,CH,0.25925925925925924,1.5991654107425068,0.11538461538461539
2025,664774,CH,0.12280701754385964,2.3922922035346867,0.03571428571428571
2025,665742,CH,0.12280701754385964,2.3922922035346867,0.16071428571428573
2025,665828,CH,0.11764705882352941,2.3688937313105387,0.21782178217821782
2025,665856,FC,0.3181818181818182,1.374545192908375,0.047619047619047616
2025,667755,CH,0.21875,1.782694688604736,0.1935483870967742
2025,668227,CH,0.11290322580645161,2.4797076717021445,0.03278688524590164
2025,668933,FC,0.5833333333333334,0.6791932659915256,0.45454545454545453
2025,668984,CH,0.25925925925925924,1.5991654107425068,0.15384615384615385
2025,669211,CH,0.4117647058823529,1.0852280400722045,0.3125
2025,669371,CH,0.25925925925925924,1.5991654107425068,0.11538461538461539
2025,669684,CH,0.1891891891891892,1.9378230905790836,0.0
2025,670810,CH,0.1891891891891892,1.9378230905790836,0.0
2025,671056,CH,0.1346153846153846,2.2965114666021638,0.058823529411764705
2025,671922,FF,0.4117647058823529,1.0852280400722045,0.4375
2025,672277,FC,0.3181818181818182,1.374545192908375,0.23809523809523808
2025,672386,CH,0.11290322580645161,2.4797076717021445,0.03278688524590164
2025,673380,CH,0.3181818181818182,1.374545192908375,0.09523809523809523
2025,677161,CH,0.1891891891891892,1.9378230905790836,0.0
2025,677347,CH,0.1346153846153846,2.2965114666021638,0.0
2025,677595,CH,0.11214953271028037,2.4469666295694656,0.24528301886792453
2025,678746,CH,0.25925925925925924,1.5991654107425068,0.07692307692307693
2025,678868,FF,0.4117647058823529,1.0852280400722045,0.3125
2025,679631,FC,0.4117647058823529,1.0852280400722045,0.1875
2025,680118,CH,0.16666666666666666,2.0721529997457324,0.024390243902439025
2025,680689,CH,0.25925925925925924,1.5991654107425068,0.038461538461538464
2025,680690,CH,0.3181818181818182,1.3745451929083752,0.14285714285714285
2025,680694,CU,0.3181818181818182,1.374545192908375,0.09523809523809523
2025,680704,FF,0.25925925925925924,1.5991654107425068,0.07692307692307693
2025,680757,CH,0.1346153846153846,2.2965114666021638,0.0
2025,682202,FC,0.3181818181818182,1.374545192908375,0.14285714285714285
2025,682729,CH,0.11764705882352941,2.3688937313105387,0.25742574257425743
2025,682987,CH,0.1891891891891892,1.9378230905790834,0.08333333333333333
2025,683490,CH,0.4117647058823529,1.0852280400722045,0.125
2025,683748,CH,0.14893617021276595,2.190596802970671,0.043478260869565216
2025,685274,FF,0.5833333333333334,0.6791932659915256,0.2727272727272727
2025,686527,CH,0.12280701754385964,2.3922922035346867,0.017857142857142856
2025,686580,CU,0.3181818181818182,1.374545192908375,0.2857142857142857
2025,686681,CH,0.11290322580645161,2.4797076717021445,0.06557377049180328
2025,686753,CH,0.3181818181818182,1.374545192908375,0.09523809523809523
2025,686993,FC,0.3181818181818182,1.374545192908375,0.2857142857142857
2025,687074,FC,0.3181818181818182,1.374545192908375,0.14285714285714285
2025,687134,CU,0.25925925925925924,1.5991654107425068,0.07692307692307693
2025,687192,CH,0.1891891891891892,1.9378230905790836,0.027777777777777776
2025,687637,CH,0.12280701754385964,2.3922922035346867,0.017857142857142856
2025,687863,FF,0.3181818181818182,1.374545192908375,0.047619047619047616
2025,687867,CH,0.21875,1.782694688604736,0.06451612903225806
2025,688005,CH,0.3181818181818182,1.374545192908375,0.14285714285714285
2025,689266,CH,0.3181818181818182,1.374545192908375,0.38095238095238093
2025,689531,CH,0.25925925925925924,1.5991654107425068,0.11538461538461539
2025,689690,CH,0.3181818181818182,1.374545192908375,0.047619047619047616
2025,690916,CH,0.21875,1.7826946886047361,0.0967741935483871
2025,691008,CH,0.3181818181818182,1.374545192908375,0.23809523809523808
2025,691026,CH,0.11290322580645161,2.4797076717021445,0.08196721311475409
2025,691601,CU,0.4117647058823529,1.0852280400722045,0.1875
2025,691740,FF,0.5833333333333334,0.6791932659915256,0.5454545454545454
2025,691907,CH,0.1891891891891892,1.9378230905790836,0.08333333333333333
2025,693725,CH,0.3181818181818182,1.374545192908375,0.09523809523809523
2025,694211,CH,0.5833333333333334,0.6791932659915256,0.45454545454545453
2025,694335,FC,0.3181818181818182,1.3745451929083752,0.19047619047619047
2025,694385,CH,0.3181818181818182,1.374545192908375,0.14285714285714285
2025,694410,CU,0.25925925925925924,1.5991654107425068,0.15384615384615385
2025,694496,CH,0.25925925925925924,1.5991654107425068,0.11538461538461539
2025,694806,CH,0.3181818181818182,1.374545192908375,0.09523809523809523
2025,694838,FC,0.25925925925925924,1.5991654107425068,0.11538461538461539
2025,696030,CH,0.12280701754385964,2.3922922035346867,0.017857142857142856
2025,696100,CH,0.1044776119402985,2.56010089119047,0.015151515151515152
2025,696147,CH,0.25925925925925924,1.5991654107425068,0.11538461538461539
2025,697812,CH,0.3181818181818182,1.374545192908375,0.19047619047619047
2025,699823,CU,0.4117647058823529,1.0852280400722045,0.375
2025,700249,CH,0.21875,1.7826946886047361,0.06451612903225806
2025,700250,CH,0.11290322580645161,2.4797076717021445,0.04918032786885246
2025,702068,CH,0.21875,1.782694688604736,0.06451612903225806
2025,702463,CH,0.5833333333333334,0.6791932659915256,0.45454545454545453
2025,702574,CH,0.21052631578947367,1.8844898419786047,0.25
2025,702752,CH,0.4117647058823529,1.0852280400722045,0.0625
2025,703804,CH,0.3181818181818182,1.374545192908375,0.23809523809523808
2025,804606,FF,0.25925925925925924,1.5991654107425068,0.11538461538461539
2025,804636,CH,0.3181818181818182,1.374545192908375,0.09523809523809523
2025,805347,FC,0.4117647058823529,1.0852280400722045,0.1875
2025,813882,FC,0.4117647058823529,1.0852280400722045,0.25
2025,814091,FF,0.5833333333333334,0.6791932659915256,0.45454545454545453
2025,814791,CH,0.1891891891891892,1.9378230905790836,0.08333333333333333
2025,815067,CU,0.5833333333333334,0.6791932659915256,0.36363636363636365
2025,828353,CH,0.3181818181818182,1.374545192908375,0.23809523809523808
2025,493603,FC,0.3181818181818182,1.3745451929083752,0.14285714285714285
2025,516853,CU,0.4117647058823529,1.0852280400722045,0.1875
2025,541640,CH,0.25925925925925924,1.5991654107425068,0.19230769230769232
2025,542881,CH,0.21875,1.782694688604736,0.0967741935483871
2025,575929,CH,0.1346153846153846,2.2965114666021638,0.0
2025,592178,CH,0.16666666666666666,2.0721529997457324,0.024390243902439025
2025,592348,CH,0.32432432432432434,1.5302071176737386,0.25
2025,592454,CH,0.4117647058823529,1.0852280400722045,0.375
2025,596117,CH,0.21875,1.782694688604736,0.06451612903225806
2025,606466,CH,0.09836065573770492,2.540318026526686,0.2892561983471074
2025,607200,CH,0.3181818181818182,1.374545192908375,0.14285714285714285
2025,607625,CH,0.1346153846153846,2.2965114666021638,0.0196078431372549
2025,609280,CH,0.1044776119402985,2.56010089119047,0.015151515151515152
2025,621028,EP,0.1044776119402985,2.5601008911904697,0.015151515151515152
2025,621381,CH,0.25925925925925924,1.5991654107425068,0.038461538461538464
2025,622761,EP,0.1791044776119403,2.43845433608751,0.030303030303030304
2025,622786,CH,0.3181818181818182,1.374545192908375,0.19047619047619047
2025,623211,CH,0.3181818181818182,1.374545192908375,0.23809523809523808
2025,623352,CH,0.4117647058823529,1.0852280400722045,0.1875
2025,623465,FC,0.3181818181818182,1.3745451929083752,0.14285714285714285
2025,641682,CH,0.3181818181818182,1.374545192908375,0.14285714285714285
2025,641933,CH,0.1346153846153846,2.2965114666021638,0.0
2025,642152,CH,0.21875,1.7826946886047361,0.12903225806451613
2025,642397,FF,0.25925925925925924,1.5991654107425068,0.07692307692307693
2025,656638,CH,0.3181818181818182,1.374545192908375,0.09523809523809523
2025,656686,CH,0.25925925925925924,1.5991654107425068,0.19230769230769232
2025,656876,CH,0.21875,1.7826946886047361,0.06451612903225806
2025,657265,CH,0.25925925925925924,1.5991654107425068,0.07692307692307693
2025,660766,CH,0.16666666666666666,2.0721529997457324,0.0975609756097561
2025,661388,CH,0.11290322580645161,2.4797076717021445,0.0
2025,663302,CU,0.4117647058823529,1.0852280400722045,0.125
2025,663372,CH,0.21875,1.7826946886047361,0.06451612903225806
2025,663767,CH,0.25925925925925924,1.5991654107425068,0.19230769230769232
2025,663941,CU,0.25925925925925924,1.5991654107425068,0.0
2025,664034,CH,0.1044776119402985,2.56010089119047,0.030303030303030304
2025,664208,CU,0.3181818181818182,1.374545192908375,0.09523809523809523
2025,664238,CH,0.12280701754385964,2.3922922035346867,0.03571428571428571
2025,664983,CH,0.1346153846153846,2.2965114666021638,0.0
2025,665782,FC,0.25925925925925924,1.5991654107425068,0.038461538461538464
2025,666185,CH,0.10256410256410256,2.5297542181017594,0.21551724137931033
2025,666211,CH,0.1346153846153846,2.2965114666021638,0.0392156862745098
2025,666619,CH,0.3181818181818182,1.374545192908375,0.19047619047619047
2025,668721,CH,0.25925925925925924,1.5991654107425068,0.19230769230769232
2025,669002,CH,0.4117647058823529,1.0852280400722045,0.25
2025,669062,CH,0.3181818181818182,1.374545192908375,0.09523809523809523
2025,669911,CH,0.12371134020618557,2.285299877481216,0.19791666666666666
2025,671345,CH,0.3181818181818182,1.374545192908375,0.09523809523809523
2025,672640,CH,0.1044776119402985,2.56010089119047,0.015151515151515152
2025,673513,CU,0.21875,1.782694688604736,0.03225806451612903
2025,674384,CU,0.3181818181818182,1.374545192908375,0.23809523809523808
2025,674951,CH,0.4117647058823529,1.0852280400722045,0.1875
2025,675512,CU,0.21875,1.782694688604736,0.06451612903225806
2025,675915,CU,0.3181818181818182,1.374545192908375,0.19047619047619047
2025,675994,FF,0.21875,1.782694688604736,0.03225806451612903
2025,676272,CH,0.25925925925925924,1.5991654107425068,0.038461538461538464
2025,676282,CH,0.3181818181818182,1.374545192908375,0.09523809523809523
2025,676679,EP,0.1346153846153846,2.2965114666021638,0.0196078431372549
2025,677342,CH,0.4117647058823529,1.0852280400722045,0.25
2025,677865,FC,0.4117647058823529,1.0852280400722045,0.25
2025,677961,SI,0.4117647058823529,1.0852280400722045,0.3125
2025,678218,CU,0.4117647058823529,1.0852280400722045,0.1875
2025,679032,CH,0.1044776119402985,2.5601008911904697,0.015151515151515152
2025,680755,CU,0.25925925925925924,1.5991654107425068,0.11538461538461539
2025,681114,CH,0.4117647058823529,1.0852280400722045,0.1875
2025,681739,CH,0.3181818181818182,1.374545192908375,0.14285714285714285
2025,682073,CU,0.16666666666666666,2.0721529997457324,0.04878048780487805
2025,682243,FC,0.16666666666666666,2.0721529997457324,0.04878048780487805
2025,682610,CH,0.25925925925925924,1.5991654107425068,0.07692307692307693
2025,682657,CH,0.10714285714285714,2.4582674669088345,0.2702702702702703
2025,682668,CH,0.12280701754385964,2.3922922035346867,0.0
2025,682732,CH,0.25925925925925924,1.5991654107425068,0.07692307692307693
2025,683169,CH,0.3181818181818182,1.374545192908375,0.047619047619047616
2025,683353,FF,0.5833333333333334,0.6791932659915256,0.45454545454545453
2025,684081,CH,0.3181818181818182,1.374545192908375,0.09523809523809523
2025,684483,CH,0.4117647058823529,1.0852280400722045,0.3125
2025,685068,CU,0.25925925925925924,1.5991654107425068,0.11538461538461539
2025,686217,CH,0.09722222222222222,2.6345156280215596,0.014084507042253521
2025,686228,CH,0.25925925925925924,1.5991654107425068,0.19230769230769232
2025,686539,FF,0.3181818181818182,1.374545192908375,0.09523809523809523
2025,686798,CH,0.3181818181818182,1.374545192908375,0.047619047619047616
2025,687003,CH,0.25925925925925924,1.5991654107425068,0.07692307692307693
2025,687064,CH,0.1891891891891892,1.9378230905790836,0.08333333333333333
2025,687362,CH,0.25925925925925924,1.5991654107425068,0.11538461538461539
2025,687605,CH,0.3181818181818182,1.374545192908375,0.09523809523809523
2025,689070,CU,0.21875,1.782694688604736,0.06451612903225806
2025,691548,CH,0.3181818181818182,1.374545192908375,0.14285714285714285
2025,692030,CH,0.3181818181818182,1.374545192908375,0.23809523809523808
2025,692225,CH,0.11290322580645161,2.4797076717021445,0.01639344262295082
2025,693855,CH,0.21875,1.7826946886047361,0.12903225806451613
2025,694671,CH,0.09722222222222222,2.6345156280215596,0.0
2025,694918,CH,0.21875,1.782694688604736,0.0967741935483871
2025,695600,CH,0.12280701754385964,2.3922922035346867,0.0
2025,696131,CH,0.25925925925925924,1.5991654107425068,0.07692307692307693
2025,700720,FC,0.4117647058823529,1.0852280400722045,0.25
2025,700786,CH,0.3181818181818182,1.374545192908375,0.14285714285714285
2025,701552,CH,0.3181818181818182,1.374545192908375,0.14285714285714285
2025,702679,CH,0.25925925925925924,1.5991654107425068,0.11538461538461539
2025,702693,SL,0.2127659574468085,1.895640555923886,0.17391304347826086
2025,800195,CH,0.4117647058823529,1.0852280400722045,0.1875
2025,801075,CH,0.4117647058823529,1.0852280400722045,0.125
2025,801128,CU,0.3181818181818182,1.374545192908375,0.14285714285714285
2025,801619,SI,0.5833333333333334,0.6791932659915256,0.36363636363636365
2025,802355,FC,0.3181818181818182,1.374545192908375,0.047619047619047616
2025,802415,CH,0.11290322580645161,2.4797076717021445,0.01639344262295082
2025,802959,FF,0.5833333333333334,0.6791932659915256,0.2727272727272727
2025,805779,CH,0.1044776119402985,2.5601008911904697,0.09090909090909091
2025,805951,CH,0.3181818181818182,1.374545192908375,0.19047619047619047
2025,806263,FF,0.4117647058823529,1.0852280400722045,0.1875
2025,806534,CH,0.3181818181818182,1.374545192908375,0.14285714285714285
2025,808083,CH,0.25925925925925924,1.5991654107425068,0.11538461538461539
2025,813894,FF,0.4117647058823529,1.0852280400722045,0.1875
2025,814307,FC,0.3181818181818182,1.374545192908375,0.047619047619047616
2025,814351,CH,0.21875,1.782694688604736,0.06451612903225806
2025,814527,CU,0.25925925925925924,1.5991654107425068,0.038461538461538464
2025,823996,SI,0.5833333333333334,0.6791932659915256,0.45454545454545453
2025,445926,CH,0.25925925925925924,1.5991654107425068,0.19230769230769232
2025,448179,CH,0.21875,1.7826946886047361,0.12903225806451613
2025,518934,CH,0.12280701754385964,2.3922922035346867,0.017857142857142856
2025,519008,CH,0.3181818181818182,1.374545192908375,0.19047619047619047
2025,592254,CH,0.3181818181818182,1.374545192908375,0.09523809523809523
2025,592273,CU,0.21875,1.782694688604736,0.06451612903225806
2025,592626,CH,0.1044776119402985,2.56010089119047,0.030303030303030304
2025,600917,CH,0.21875,1.782694688604736,0.0967741935483871
2025,605135,CH,0.16666666666666666,2.0721529997457324,0.024390243902439025
2025,605488,CH,0.25925925925925924,1.5991654107425068,0.11538461538461539
2025,607455,CH,0.3181818181818182,1.374545192908375,0.23809523809523808
2025,608650,CH,0.25925925925925924,1.5991654107425068,0.11538461538461539
2025,621053,CH,0.25925925925925924,1.5991654107425068,0.15384615384615385
2025,621244,CH,0.21875,1.782694688604736,0.0967741935483871
2025,621363,FF,0.5833333333333334,0.6791932659915256,0.36363636363636365
2025,621439,CH,0.12280701754385964,2.3922922035346867,0.08928571428571429
2025,624512,CU,0.1935483870967742,2.236452978194116,0.11475409836065574
2025,624513,CU,0.1891891891891892,1.9378230905790836,0.1111111111111111
2025,641401,CH,0.4117647058823529,1.0852280400722045,0.3125
2025,641645,CH,0.1346153846153846,2.2965114666021638,0.0392156862745098
2025,641658,CU,0.16666666666666666,2.4250463086118685,0.04225352112676056
2025,641835,FC,0.3181818181818182,1.374545192908375,0.14285714285714285
2025,643217,CH,0.11290322580645161,2.4797076717021445,0.01639344262295082
2025,643289,CH,0.12280701754385964,2.3922922035346867,0.05357142857142857
2025,645801,CH,0.16666666666666666,2.0721529997457324,0.07317073170731707
2025,656257,FC,0.4117647058823529,1.0852280400722045,0.125
2025,656541,CH,0.12280701754385964,2.3922922035346867,0.017857142857142856
2025,657097,CH,0.4117647058823529,1.0852280400722045,0.125
2025,657585,FC,0.25925925925925924,1.5991654107425068,0.11538461538461539
2025,660710,FC,0.4117647058823529,1.0852280400722045,0.1875
2025,660787,CH,0.3181818181818182,1.374545192908375,0.14285714285714285
2025,663796,CH,0.25925925925925924,1.5991654107425068,0.07692307692307693
2025,663903,FC,0.25925925925925924,1.5991654107425068,0.19230769230769232
2025,664285,CH,0.25925925925925924,1.5991654107425068,0.07692307692307693
2025,664744,FF,0.4117647058823529,1.0852280400722045,0.125
2025,664747,FF,0.5833333333333334,0.6791932659915256,0.2727272727272727
2025,665966,CH,0.09722222222222222,2.6345156280215596,0.028169014084507043
2025,666139,CH,0.12280701754385964,2.3922922035346867,0.017857142857142856
2025,666152,CH,0.12280701754385964,2.3922922035346867,0.07142857142857142
2025,666801,SL,1.0,-0.0,1.0
2025,668845,CH,0.14893617021276595,2.190596802970671,0.043478260869565216
2025,668909,CH,0.21875,1.7826946886047361,0.06451612903225806
2025,668939,CH,0.10256410256410256,2.529754218101759,0.28448275862068967
2025,669087,CH,0.1346153846153846,2.2965114666021638,0.0
2025,669257,CH,0.12280701754385964,2.3922922035346867,0.017857142857142856
2025,669394,CH,0.1044776119402985,2.56010089119047,0.015151515151515152
2025,669432,SI,0.23809523809523808,1.742082913764806,0.12195121951219512
2025,670223,CH,0.12280701754385964,2.3922922035346867,0.03571428571428571
2025,670912,CH,0.25925925925925924,1.5991654107425068,0.23076923076923078
2025,672279,CH,0.14893617021276595,2.190596802970671,0.043478260869565216
2025,676206,CH,0.25925925925925924,1.5991654107425068,0.07692307692307693
2025,676534,CH,0.21875,1.7826946886047361,0.06451612903225806
2025,676694,CH,0.11290322580645161,2.4797076717021445,0.03278688524590164
2025,676914,CH,0.12280701754385964,2.3922922035346867,0.07142857142857142
2025,680735,CU,0.21875,1.782694688604736,0.0967741935483871
2025,680737,CH,0.14893617021276595,2.190596802970671,0.043478260869565216
2025,680862,EP,0.1044776119402985,2.56010089119047,0.06060606060606061
2025,680880,FF,0.25925925925925924,1.5991654107425068,0.11538461538461539
2025,681006,CH,0.21875,1.7826946886047361,0.1935483870967742
2025,682052,CH,0.25925925925925924,1.5991654107425068,0.15384615384615385
2025,682177,CH,0.1346153846153846,2.2965114666021638,0.09803921568627451
2025,682274,CH,0.4117647058823529,1.0852280400722045,0.25
2025,682622,CH,0.1044776119402985,2.56010089119047,0.015151515151515152
2025,682775,FF,0.4117647058823529,1.0852280400722045,0.25
2025,682790,CH,0.3181818181818182,1.374545192908375,0.14285714285714285
2025,683079,FF,0.4117647058823529,1.0852280400722045,0.4375
2025,683493,CH,0.21875,1.782694688604736,0.03225806451612903
2025,685107,CH,0.25925925925925924,1.5991654107425068,0.11538461538461539
2025,685744,CH,0.3181818181818182,1.374545192908375,0.19047619047619047
2025,686469,CH,0.1346153846153846,2.2965114666021638,0.0784313725490196
2025,686608,FC,0.5833333333333334,0.6791932659915256,0.45454545454545453
2025,686752,CH,0.1891891891891892,1.9378230905790836,0.1111111111111111
2025,687231,CH,0.11290322580645161,2.4797076717021445,0.01639344262295082
2025,687597,CH,0.11290322580645161,2.4797076717021445,0.04918032786885246
2025,687931,CH,0.3181818181818182,1.374545192908375,0.19047619047619047
2025,689017,CH,0.3181818181818182,1.374545192908375,0.047619047619047616
2025,691723,CH,0.11290322580645161,2.4797076717021445,0.04918032786885246
2025,691781,SI,0.14925373134328357,2.456646088121821,0.06060606060606061
2025,693459,CH,0.3181818181818182,1.374545192908375,0.14285714285714285
2025,694297,CH,0.1891891891891892,1.9378230905790836,0.05555555555555555
2025,694350,CH,0.4117647058823529,1.0852280400722045,0.25
2025,694371,CH,0.21875,1.782694688604736,0.06451612903225806
2025,694728,CH,0.16666666666666666,2.0721529997457324,0.07317073170731707
2025,694953,FF,0.5833333333333334,0.6791932659915256,0.18181818181818182
2025,695023,FF,0.5833333333333334,0.6791932659915256,0.18181818181818182
2025,695243,CH,0.4117647058823529,1.0852280400722045,0.3125
2025,700283,CU,0.5833333333333334,0.6791932659915256,0.2727272727272727
2025,701643,CH,0.25925925925925924,1.5991654107425068,0.07692307692307693
2025,701762,CH,0.11290322580645161,2.4797076717021445,0.03278688524590164
2025,702460,CU,0.5833333333333334,0.6791932659915256,0.7272727272727273
2025,702685,CH,0.4117647058823529,1.0852280400722045,0.25
2025,702795,CH,0.25925925925925924,1.5991654107425068,0.11538461538461539
2025,703154,CH,0.3181818181818182,1.374545192908375,0.19047619047619047
2025,800049,CH,0.21875,1.7826946886047361,0.12903225806451613
2025,800056,CH,0.21875,1.782694688604736,0.1935483870967742
2025,800194,SI,0.37037037037037035,1.3424442327573418,0.2692307692307692
2025,800198,CH,0.21875,1.782694688604736,0.0967741935483871
2025,800306,FF,0.5833333333333334,0.6791932659915256,0.18181818181818182
2025,801822,FC,0.4117647058823529,1.0852280400722045,0.1875
2025,805373,CH,0.12280701754385964,2.3922922035346867,0.05357142857142857
2025,806185,CH,0.25925925925925924,1.5991654107425068,0.19230769230769232
2025,806953,SL,1.0,-0.0,1.0
2025,807267,CH,0.5833333333333334,0.6791932659915256,0.45454545454545453
2025,815874,CH,0.25925925925925924,1.5991654107425068,0.038461538461538464
2025,824615,FC,0.4117647058823529,1.0852280400722045,0.3125
2025,829272,CH,0.16666666666666666,2.0721529997457324,0.14634146341463414
2025,543056,FC,0.25925925925925924,1.5991654107425068,0.15384615384615385
2025,570632,CH,0.25925925925925924,1.5991654107425068,0.19230769230769232
2025,571448,CH,0.12280701754385964,2.3922922035346867,0.05357142857142857
2025,571771,EP,0.12987012987012986,2.5237408955553318,0.02631578947368421
2025,571875,CH,0.1891891891891892,1.9378230905790836,0.1388888888888889
2025,592885,CH,0.1044776119402985,2.56010089119047,0.015151515151515152
2025,593576,CH,0.25925925925925924,1.5991654107425068,0.07692307692307693
2025,593871,CH,0.10714285714285714,2.4582674669088345,0.2702702702702703
2025,595014,FC,0.3181818181818182,1.3745451929083752,0.19047619047619047
2025,601713,CU,0.1891891891891892,1.9378230905790836,0.1111111111111111
2025,605170,CH,0.12371134020618557,2.2852998774812163,0.25
2025,606965,CH,0.21875,1.782694688604736,0.03225806451612903
2025,607074,CH,0.21875,1.782694688604736,0.0967741935483871
2025,607481,CU,0.3181818181818182,1.374545192908375,0.09523809523809523
2025,608701,CH,0.12280701754385964,2.3922922035346867,0.10714285714285714
2025,623205,FC,0.2127659574468085,2.0431186794472787,0.10869565217391304
2025,630105,CH,0.1044776119402985,2.56010089119047,0.0
2025,640448,FF,0.4117647058823529,1.0852280400722045,0.25
2025,640454,CH,0.3181818181818182,1.374545192908375,0.19047619047619047
2025,641343,EP,0.14634146341463414,2.500103670690571,0.037037037037037035
2025,641793,FF,0.25925925925925924,1.5991654107425068,0.15384615384615385
2025,642136,CH,0.12280701754385964,2.3922922035346867,0.07142857142857142
2025,642350,CH,0.1346153846153846,2.2965114666021638,0.0784313725490196
2025,642715,CH,0.1044776119402985,2.56010089119047,0.015151515151515152
2025,646242,CH,0.25925925925925924,1.5991654107425068,0.15384615384615385
2025,656234,CU,0.25925925925925924,1.5991654107425068,0.15384615384615385
2025,656305,CH,0.09722222222222222,2.6345156280215596,0.014084507042253521
2025,657514,CH,0.25925925925925924,1.5991654107425068,0.15384615384615385
2025,663436,CH,0.1891891891891892,1.9378230905790836,0.1111111111111111
2025,663485,CU,0.25925925925925924,1.5991654107425068,0.07692307692307693
2025,664192,CU,0.25925925925925924,1.5991654107425068,0.07692307692307693
2025,665665,CH,0.3181818181818182,1.374545192908375,0.047619047619047616
2025,666120,CH,0.4117647058823529,1.0852280400722045,0.3125
2025,666151,FC,0.3181818181818182,1.374545192908375,0.09523809523809523
2025,666277,CH,0.3181818181818182,1.374545192908375,0.23809523809523808
2025,668834,CH,0.21875,1.7826946886047361,0.06451612903225806
2025,668952,CH,0.1346153846153846,2.2965114666021638,0.09803921568627451
2025,669193,FF,0.4117647058823529,1.0852280400722045,0.125
2025,669242,CH,0.10714285714285714,2.520155608030258,0.26126126126126126
2025,669397,CH,0.11290322580645161,2.4797076717021445,0.01639344262295082
2025,669449,CH,0.3181818181818182,1.374545192908375,0.047619047619047616
2025,669477,CH,0.1044776119402985,2.56010089119047,0.030303030303030304
2025,669622,CH,0.25925925925925924,1.5991654107425068,0.07692307692307693
2025,670242,CH,0.1044776119402985,2.56010089119047,0.045454545454545456
2025,671221,CH,0.11764705882352941,2.3688937313105387,0.3465346534653465
2025,672335,FC,0.25925925925925924,1.5991654107425068,0.15384615384615385
2025,672580,CH,0.09722222222222222,2.6345156280215596,0.0
2025,672582,CH,0.3181818181818182,1.374545192908375,0.19047619047619047
2025,673490,CH,0.12280701754385964,2.3922922035346867,0.05357142857142857
2025,673820,FF,0.3181818181818182,1.374545192908375,0.19047619047619047
2025,674072,CH,0.25925925925925924,1.5991654107425068,0.07692307692307693
2025,675540,CU,0.25925925925925924,1.5991654107425068,0.15384615384615385
2025,675650,CH,0.25925925925925924,1.5991654107425068,0.0
2025,676130,CH,0.25925925925925924,1.5991654107425068,0.11538461538461539
2025,676203,SI,0.5833333333333334,0.6791932659915256,0.36363636363636365
2025,676439,CH,0.12280701754385964,2.3922922035346867,0.03571428571428571
2025,676572,CH,0.12280701754385964,2.3922922035346867,0.07142857142857142
2025,677649,FA,0.10869565217391304,2.58538117680248,0.054945054945054944
2025,680273,CH,0.4117647058823529,1.0852280400722045,0.125
2025,680573,CH,0.25925925925925924,1.5991654107425068,0.038461538461538464
2025,680716,CH,0.1891891891891892,1.9378230905790836,0.16666666666666666
2025,680728,CH,0.14893617021276595,2.190596802970671,0.10869565217391304
2025,680736,CH,0.21875,1.782694688604736,0.16129032258064516
2025,681297,CH,0.11290322580645161,2.4797076717021445,0.06557377049180328
2025,681450,CH,0.4117647058823529,1.0852280400722045,0.3125
2025,681546,CH,0.12280701754385964,2.3922922035346867,0.05357142857142857
2025,682847,CH,0.25925925925925924,1.5991654107425068,0.11538461538461539
2025,683610,CH,0.25925925925925924,1.5991654107425068,0.038461538461538464
2025,685801,CU,0.25925925925925924,1.5991654107425068,0.15384615384615385
2025,686744,FC,0.25925925925925924,1.5991654107425068,0.19230769230769232
2025,686948,CH,0.11290322580645161,2.4797076717021445,0.0
2025,686973,CH,0.25925925925925924,1.5991654107425068,0.15384615384615385
2025,688457,CH,0.3181818181818182,1.374545192908375,0.14285714285714285
2025,688883,CH,0.4117647058823529,1.0852280400722045,0.1875
2025,690988,CH,0.3181818181818182,1.374545192908375,0.047619047619047616
2025,691777,CH,0.11290322580645161,2.4797076717021445,0.04918032786885246
2025,694222,FF,0.5833333333333334,0.6791932659915256,0.2727272727272727
2025,694320,FC,0.25925925925925924,1.5991654107425068,0.0
2025,694362,CH,0.1044776119402985,2.56010089119047,0.030303030303030304
2025,694363,CH,0.25925925925925924,1.5991654107425068,0.15384615384615385
2025,694374,CH,0.12280701754385964,2.3922922035346867,0.017857142857142856
2025,694834,FF,0.4117647058823529,1.0852280400722045,0.25
2025,694855,CH,0.4117647058823529,1.0852280400722045,0.125
2025,699130,FF,0.25925925925925924,1.5991654107425068,0.11538461538461539
2025,699302,CH,0.3181818181818182,1.374545192908375,0.09523809523809523
2025,699912,FC,0.25925925925925924,1.5991654107425068,0.15384615384615385
2025,700658,CH,0.5833333333333334,0.6791932659915256,0.45454545454545453
2025,701177,CU,0.16666666666666666,2.0721529997457324,0.14634146341463414
2025,701675,CH,0.14893617021276595,2.190596802970671,0.06521739130434782
2025,701678,CH,0.21875,1.7826946886047361,0.12903225806451613
2025,701696,CH,0.4117647058823529,1.0852280400722045,0.25
2025,702920,FF,0.5833333333333334,0.6791932659915256,0.5454545454545454
2025,801442,CH,0.16666666666666666,2.0721529997457324,0.07317073170731707
2025,802419,CU,0.25925925925925924,1.5991654107425068,0.23076923076923078
2025,806212,CH,0.1891891891891892,1.9378230905790836,0.027777777777777776
2025,813349,CH,0.21875,1.7826946886047361,0.0967741935483871
2025,820862,CH,0.3181818181818182,1.374545192908375,0.14285714285714285
2025,656222,CH,0.4117647058823529,1.0852280400722045,0.0
2025,687209,FC,0.4117647058823529,1.0852280400722045,0.0625
2025,690961,FF,0.5833333333333334,0.6791932659915256,0.45454545454545453
2025,691408,FF,0.5833333333333334,0.6791932659915256,0.45454545454545453
2025,695930,CH,0.4117647058823529,1.0852280400722045,0.1875
2025,606303,CH,0.25925925925925924,1.5991654107425068,0.15384615384615385
2025,678255,FF,0.5833333333333334,0.6791932659915256,0.45454545454545453
2025,680729,CU,0.4117647058823529,1.0852280400722045,0.125
2025,694580,FF,0.5833333333333334,0.6791932659915256,0.2727272727272727
2025,698785,FF,0.5833333333333334,0.6791932659915256,0.5454545454545454
2025,701549,FF,0.4117647058823529,1.0852280400722045,0.125
2025,684541,FF,0.5833333333333334,0.6791932659915256,0.18181818181818182
2025,691769,FF,0.5833333333333334,0.6791932659915256,0.2727272727272727
2025,811287,FF,0.5833333333333334,0.6791932659915256,0.18181818181818182
2025,671217,SI,0.5833333333333334,0.6791932659915256,0.36363636363636365
2025,676697,FC,0.4117647058823529,1.0852280400722045,0.1875
2025,678173,FF,1.0,-0.0,1.0
2025,686523,FF,1.0,-0.0,1.0
2025,687862,CH,0.5833333333333334,0.6791932659915256,0.18181818181818182
2025,815904,SI,1.0,-0.0,1.0
2025,676024,CH,0.5833333333333334,0.6791932659915256,0.5454545454545454
2025,681432,FF,0.5833333333333334,0.6791932659915256,0.45454545454545453
2025,678577,FF,1.0,-0.0,1.0
2025,683569,FF,1.0,-0.0,1.0
2025,802541,SI,1.0,-0.0,1.0
2025,691726,SI,1.0,-0.0,1.0
2025,519326,CH,0.25925925925925924,1.5991654107425068,0.19230769230769232
2025,656288,CH,0.21875,1.782694688604736,0.0967741935483871
2025,675919,CH,0.3181818181818182,1.374545192908375,0.2857142857142857
2025,701487,CH,0.21875,1.7826946886047361,0.1935483870967742
2025,593423,FC,0.21875,1.782694688604736,0.0967741935483871
2025,595978,EP,0.12280701754385964,2.3922922035346867,0.05357142857142857
2025,647315,FC,0.3181818181818182,1.374545192908375,0.23809523809523808
2025,650490,CH,0.1044776119402985,2.56010089119047,0.015151515151515152
2025,677954,CU,0.25925925925925924,1.5991654107425068,0.07692307692307693
2025,682119,CU,0.3181818181818182,1.374545192908375,0.09523809523809523
2025,689959,CH,0.21875,1.782694688604736,0.12903225806451613
2025,692024,FF,0.4117647058823529,1.0852280400722045,0.3125
2025,814528,CH,0.3181818181818182,1.374545192908375,0.09523809523809523
2025,642197,CH,0.4117647058823529,1.0852280400722045,0.3125
2025,669920,CH,0.21875,1.782694688604736,0.06451612903225806
2025,681217,CU,0.21875,1.782694688604736,0.0967741935483871
2025,687221,CH,0.1044776119402985,2.56010089119047,0.030303030303030304
2025,688760,CH,0.14893617021276595,2.190596802970671,0.043478260869565216
2025,692285,CH,0.25925925925925924,1.5991654107425068,0.23076923076923078
2025,700270,FF,0.4117647058823529,1.0852280400722045,0.1875
2025,808864,FF,0.4117647058823529,1.0852280400722045,0.125
2025,545341,CH,0.11290322580645161,2.4797076717021445,0.06557377049180328
2025,622780,CH,0.4117647058823529,1.0852280400722045,0.1875
2025,642100,FF,0.4117647058823529,1.0852280400722045,0.25
2025,663554,FF,0.21875,1.782694688604736,0.03225806451612903
2025,664991,CU,0.21875,1.782694688604736,0.12903225806451613
2025,670955,CH,0.25925925925925924,1.5991654107425068,0.15384615384615385
2025,671213,CH,0.1346153846153846,2.2965114666021638,0.0392156862745098
2025,675989,FC,0.3181818181818182,1.3745451929083752,0.19047619047619047
2025,676254,SI,0.5833333333333334,0.6791932659915256,0.45454545454545453
2025,800253,SI,1.0,-0.0,1.0
2025,688328,CU,0.4117647058823529,1.0852280400722045,0.375
2025,687036,SI,0.5833333333333334,0.6791932659915256,0.45454545454545453
2025,827665,FF,0.5833333333333334,0.6791932659915256,0.45454545454545453
2025,656794,CH,0.21875,1.7826946886047361,0.1935483870967742
2025,660644,FA,0.13392857142857142,2.507678881847009,0.23423423423423423
2025,663738,CH,0.21875,1.782694688604736,0.0967741935483871
2025,664023,CH,0.09836065573770492,2.597133369195534,0.2644628099173554
2025,664702,CH,0.11290322580645161,2.4797076717021445,0.01639344262295082
2025,669699,CH,0.16666666666666666,2.0721529997457324,0.024390243902439025
2025,673965,CU,0.4117647058823529,1.0852280400722045,0.4375
2025,676962,CH,0.4117647058823529,1.0852280400722045,0.1875
2025,679822,CH,0.21875,1.782694688604736,0.0967741935483871
2025,682997,CH,0.21875,1.782694688604736,0.06451612903225806
2025,683002,CH,0.11290322580645161,2.4797076717021445,0.01639344262295082
2025,683494,CH,0.4117647058823529,1.0852280400722045,0.3125
2025,690841,CH,0.21875,1.782694688604736,0.03225806451612903
2025,696501,FF,0.5833333333333334,0.6791932659915256,0.09090909090909091
2025,701805,FF,0.5833333333333334,0.6791932659915256,0.36363636363636365
2025,807727,FF,0.4117647058823529,1.0852280400722045,0.125
2025,666397,CH,0.12280701754385964,2.3922922035346867,0.05357142857142857
2025,667472,CH,0.09722222222222222,2.6345156280215596,0.028169014084507043
2025,669711,CH,0.21875,1.7826946886047361,0.16129032258064516
2025,673548,CH,0.1044776119402985,2.56010089119047,0.030303030303030304
2025,680711,SI,0.5833333333333334,0.6791932659915256,0.5454545454545454
2025,680740,FC,0.5833333333333334,0.6791932659915256,0.45454545454545453
2025,689288,FC,0.5833333333333334,0.6791932659915256,0.18181818181818182
2025,700936,CU,0.5833333333333334,0.6791932659915256,0.18181818181818182
2025,807643,CU,0.25925925925925924,1.5991654107425068,0.11538461538461539
2025,542888,FC,0.25925925925925924,1.5991654107425068,0.11538461538461539
2025,573124,FF,0.4117647058823529,1.0852280400722045,0.25
2025,592826,CH,0.25925925925925924,1.5991654107425068,0.07692307692307693
2025,656605,CH,0.1891891891891892,1.9378230905790836,0.05555555555555555
2025,664854,CU,0.3181818181818182,1.374545192908375,0.19047619047619047
2025,670076,CH,0.4117647058823529,1.0852280400722045,0.1875
2025,680767,CH,0.3181818181818182,1.374545192908375,0.23809523809523808
2025,681190,CH,0.1891891891891892,1.9378230905790836,0.1111111111111111
2025,693409,CH,0.14893617021276595,2.190596802970671,0.08695652173913043
2025,592669,CH,0.1346153846153846,2.2965114666021638,0.0392156862745098
2025,605204,CU,0.1891891891891892,1.9378230905790836,0.1111111111111111
2025,650644,CU,0.1891891891891892,1.9378230905790836,0.05555555555555555
2025,656458,FF,0.4117647058823529,1.0852280400722045,0.375
2025,656555,CH,0.12280701754385964,2.3922922035346867,0.07142857142857142
2025,663728,CH,0.10714285714285714,2.4582674669088345,0.24324324324324326
2025,663967,EP,0.1935483870967742,2.348250910542494,0.11475409836065574
2025,676979,CH,0.25925925925925924,1.5991654107425068,0.0
2025,691392,CH,0.5833333333333334,0.6791932659915256,0.2727272727272727
2025,805795,FF,0.5833333333333334,0.6791932659915256,0.5454545454545454
2025,806252,CH,0.21875,1.7826946886047361,0.03225806451612903
2025,807712,CH,0.12280701754385964,2.3922922035346867,0.05357142857142857
2025,811601,CH,0.5833333333333334,0.6791932659915256,0.2727272727272727
2025,681892,CH,0.25925925925925924,1.5991654107425068,0.11538461538461539
2025,663546,FC,0.4117647058823529,1.0852280400722045,0.1875
2025,670109,FF,0.5833333333333334,0.6791932659915256,0.36363636363636365
2025,657053,CU,0.4117647058823529,1.0852280400722045,0.125
2025,608348,CH,0.09722222222222222,2.6345156280215596,0.014084507042253521
2025,692157,CH,0.3181818181818182,1.374545192908375,0.14285714285714285
2025,579328,CH,0.21875,1.7826946886047361,0.0967741935483871
2025,676051,CH,0.4117647058823529,1.0852280400722045,0.25
2025,689225,CH,0.3181818181818182,1.374545192908375,0.19047619047619047
2025,680718,CH,0.1044776119402985,2.56010089119047,0.015151515151515152
2025,694388,CH,0.12280701754385964,2.3922922035346867,0.05357142857142857
2025,670867,SL,1.0,-0.0,1.0
2025,666182,CH,0.11290322580645161,2.4797076717021445,0.01639344262295082
2025,664059,CH,0.11214953271028037,2.5117467399021702,0.24528301886792453
2025,608331,CH,0.1891891891891892,1.9378230905790836,0.1111111111111111
2025,699114,CH,0.5833333333333334,0.6791932659915256,0.18181818181818182
2025,676369,CU,0.25925925925925924,1.5991654107425068,0.07692307692307693
2025,686924,FC,0.3181818181818182,1.374545192908375,0.14285714285714285
2025,691284,CU,0.4117647058823529,1.0852280400722045,0.25
2025,692585,CH,0.1346153846153846,2.2965114666021638,0.0196078431372549
2025,694187,CU,0.3181818181818182,1.374545192908375,0.14285714285714285
2025,668853,CH,0.1891891891891892,1.9378230905790836,0.05555555555555555
2025,671218,CH,0.1044776119402985,2.5601008911904697,0.030303030303030304
2025,656302,CH,0.21875,1.7826946886047361,0.0967741935483871
2025,693433,CH,0.25925925925925924,1.5991654107425068,0.11538461538461539
2025,645277,CH,0.09836065573770492,2.540318026526686,0.2809917355371901
2025,701358,CH,0.12280701754385964,2.3922922035346867,0.05357142857142857
